CUDA available? True
GPU device: NVIDIA A100-SXM4-40GB
CUDA_VISIBLE_DEVICES=0,1,2,3
SLURM_JOB_GPUS=0,1,2,3

 Running config: {'task': 'train', 'model_type': 'tropical', 'dataset_name': 'FloydWarshallDataset', 'input_dim': 3, 'd_model': 64, 'n_heads': 4, 'num_layers': 4, 'num_epochs': 20000, 'dropout': 0.05, 'lr': 0.0001, 'seed': 999, 'n_samples': 50000, 'batch_size': 1000, 'target_range': 'na', 'weight_range': 'na', 'adversarial_range': '(10,20)', 'length_range': '(8,8)', 'noise_prob': 0, 'value_range': '(1,15)'}
FloydWarshallDataset_tropical_0.0001_20000_20260319_223140_relu
...setting dataloader...20260319_223140
...setting model object...20260319_223154
...training model...20260319_223154
At epoch 0, test loss = 401.0599
...model saved to 15_exp/models/FloydWarshallDataset_tropical_0.0001_20000_20260319_223140_relu_best.pth...20260319_223213
At epoch 1, test loss = 369.4004
...model saved to 15_exp/models/FloydWarshallDataset_tropical_0.0001_20000_20260319_223140_relu_best.pth...20260319_223214
At epoch 2, test loss = 310.9301
...model saved to 15_exp/models/FloydWarshallDataset_tropical_0.0001_20000_20260319_223140_relu_best.pth...20260319_223214
At epoch 3, test loss = 221.1803
...model saved to 15_exp/models/FloydWarshallDataset_tropical_0.0001_20000_20260319_223140_relu_best.pth...20260319_223215
At epoch 4, test loss = 140.6186
...model saved to 15_exp/models/FloydWarshallDataset_tropical_0.0001_20000_20260319_223140_relu_best.pth...20260319_223216
At epoch 5, test loss = 113.2587
...model saved to 15_exp/models/FloydWarshallDataset_tropical_0.0001_20000_20260319_223140_relu_best.pth...20260319_223217
At epoch 6, test loss = 103.8813
...model saved to 15_exp/models/FloydWarshallDataset_tropical_0.0001_20000_20260319_223140_relu_best.pth...20260319_223217
At epoch 7, test loss = 100.2471
...model saved to 15_exp/models/FloydWarshallDataset_tropical_0.0001_20000_20260319_223140_relu_best.pth...20260319_223218
At epoch 8, test loss = 98.7095
...model saved to 15_exp/models/FloydWarshallDataset_tropical_0.0001_20000_20260319_223140_relu_best.pth...20260319_223219
At epoch 9, test loss = 97.5481
...model saved to 15_exp/models/FloydWarshallDataset_tropical_0.0001_20000_20260319_223140_relu_best.pth...20260319_223219
At epoch 10, test loss = 96.2133
...model saved to 15_exp/models/FloydWarshallDataset_tropical_0.0001_20000_20260319_223140_relu_best.pth...20260319_223220
At epoch 11, test loss = 95.4504
...model saved to 15_exp/models/FloydWarshallDataset_tropical_0.0001_20000_20260319_223140_relu_best.pth...20260319_223221
At epoch 12, test loss = 94.8788
...model saved to 15_exp/models/FloydWarshallDataset_tropical_0.0001_20000_20260319_223140_relu_best.pth...20260319_223222
At epoch 13, test loss = 94.3842
...model saved to 15_exp/models/FloydWarshallDataset_tropical_0.0001_20000_20260319_223140_relu_best.pth...20260319_223222
At epoch 14, test loss = 94.0493
...model saved to 15_exp/models/FloydWarshallDataset_tropical_0.0001_20000_20260319_223140_relu_best.pth...20260319_223223
At epoch 15, test loss = 93.7781
...model saved to 15_exp/models/FloydWarshallDataset_tropical_0.0001_20000_20260319_223140_relu_best.pth...20260319_223224
At epoch 16, test loss = 93.5300
...model saved to 15_exp/models/FloydWarshallDataset_tropical_0.0001_20000_20260319_223140_relu_best.pth...20260319_223224
At epoch 17, test loss = 93.3180
...model saved to 15_exp/models/FloydWarshallDataset_tropical_0.0001_20000_20260319_223140_relu_best.pth...20260319_223225
At epoch 18, test loss = 93.0885
...model saved to 15_exp/models/FloydWarshallDataset_tropical_0.0001_20000_20260319_223140_relu_best.pth...20260319_223226
At epoch 19, test loss = 92.8794
...model saved to 15_exp/models/FloydWarshallDataset_tropical_0.0001_20000_20260319_223140_relu_best.pth...20260319_223227
At epoch 20, test loss = 92.6356
...model saved to 15_exp/models/FloydWarshallDataset_tropical_0.0001_20000_20260319_223140_relu_best.pth...20260319_223227
At epoch 21, test loss = 92.4328
...model saved to 15_exp/models/FloydWarshallDataset_tropical_0.0001_20000_20260319_223140_relu_best.pth...20260319_223228
At epoch 22, test loss = 92.2301
...model saved to 15_exp/models/FloydWarshallDataset_tropical_0.0001_20000_20260319_223140_relu_best.pth...20260319_223229
At epoch 23, test loss = 92.0004
...model saved to 15_exp/models/FloydWarshallDataset_tropical_0.0001_20000_20260319_223140_relu_best.pth...20260319_223229
At epoch 24, test loss = 91.7847
...model saved to 15_exp/models/FloydWarshallDataset_tropical_0.0001_20000_20260319_223140_relu_best.pth...20260319_223230
At epoch 25, test loss = 91.5670
...model saved to 15_exp/models/FloydWarshallDataset_tropical_0.0001_20000_20260319_223140_relu_best.pth...20260319_223231
At epoch 26, test loss = 91.3329
...model saved to 15_exp/models/FloydWarshallDataset_tropical_0.0001_20000_20260319_223140_relu_best.pth...20260319_223232
At epoch 27, test loss = 91.0862
...model saved to 15_exp/models/FloydWarshallDataset_tropical_0.0001_20000_20260319_223140_relu_best.pth...20260319_223232
At epoch 28, test loss = 90.8045
...model saved to 15_exp/models/FloydWarshallDataset_tropical_0.0001_20000_20260319_223140_relu_best.pth...20260319_223233
At epoch 29, test loss = 90.5242
...model saved to 15_exp/models/FloydWarshallDataset_tropical_0.0001_20000_20260319_223140_relu_best.pth...20260319_223234
At epoch 30, test loss = 90.2190
...model saved to 15_exp/models/FloydWarshallDataset_tropical_0.0001_20000_20260319_223140_relu_best.pth...20260319_223235
At epoch 31, test loss = 89.9064
...model saved to 15_exp/models/FloydWarshallDataset_tropical_0.0001_20000_20260319_223140_relu_best.pth...20260319_223235
At epoch 32, test loss = 89.5619
...model saved to 15_exp/models/FloydWarshallDataset_tropical_0.0001_20000_20260319_223140_relu_best.pth...20260319_223236
At epoch 33, test loss = 89.2278
...model saved to 15_exp/models/FloydWarshallDataset_tropical_0.0001_20000_20260319_223140_relu_best.pth...20260319_223237
At epoch 34, test loss = 88.8097
...model saved to 15_exp/models/FloydWarshallDataset_tropical_0.0001_20000_20260319_223140_relu_best.pth...20260319_223237
At epoch 35, test loss = 88.3801
...model saved to 15_exp/models/FloydWarshallDataset_tropical_0.0001_20000_20260319_223140_relu_best.pth...20260319_223238
At epoch 36, test loss = 87.9179
...model saved to 15_exp/models/FloydWarshallDataset_tropical_0.0001_20000_20260319_223140_relu_best.pth...20260319_223239
At epoch 37, test loss = 87.4426
...model saved to 15_exp/models/FloydWarshallDataset_tropical_0.0001_20000_20260319_223140_relu_best.pth...20260319_223240
At epoch 38, test loss = 86.9409
...model saved to 15_exp/models/FloydWarshallDataset_tropical_0.0001_20000_20260319_223140_relu_best.pth...20260319_223240
At epoch 39, test loss = 86.4227
...model saved to 15_exp/models/FloydWarshallDataset_tropical_0.0001_20000_20260319_223140_relu_best.pth...20260319_223241
At epoch 40, test loss = 85.8440
...model saved to 15_exp/models/FloydWarshallDataset_tropical_0.0001_20000_20260319_223140_relu_best.pth...20260319_223242
At epoch 41, test loss = 85.2839
...model saved to 15_exp/models/FloydWarshallDataset_tropical_0.0001_20000_20260319_223140_relu_best.pth...20260319_223243
At epoch 42, test loss = 84.7043
...model saved to 15_exp/models/FloydWarshallDataset_tropical_0.0001_20000_20260319_223140_relu_best.pth...20260319_223243
At epoch 43, test loss = 84.0711
...model saved to 15_exp/models/FloydWarshallDataset_tropical_0.0001_20000_20260319_223140_relu_best.pth...20260319_223244
At epoch 44, test loss = 83.3520
...model saved to 15_exp/models/FloydWarshallDataset_tropical_0.0001_20000_20260319_223140_relu_best.pth...20260319_223245
At epoch 45, test loss = 82.6924
...model saved to 15_exp/models/FloydWarshallDataset_tropical_0.0001_20000_20260319_223140_relu_best.pth...20260319_223245
At epoch 46, test loss = 81.9677
...model saved to 15_exp/models/FloydWarshallDataset_tropical_0.0001_20000_20260319_223140_relu_best.pth...20260319_223246
At epoch 47, test loss = 81.3092
...model saved to 15_exp/models/FloydWarshallDataset_tropical_0.0001_20000_20260319_223140_relu_best.pth...20260319_223247
At epoch 48, test loss = 80.5663
...model saved to 15_exp/models/FloydWarshallDataset_tropical_0.0001_20000_20260319_223140_relu_best.pth...20260319_223248
At epoch 49, test loss = 79.8881
...model saved to 15_exp/models/FloydWarshallDataset_tropical_0.0001_20000_20260319_223140_relu_best.pth...20260319_223248
At epoch 50, test loss = 79.2869
...model saved to 15_exp/models/FloydWarshallDataset_tropical_0.0001_20000_20260319_223140_relu_best.pth...20260319_223249
At epoch 51, test loss = 78.5075
...model saved to 15_exp/models/FloydWarshallDataset_tropical_0.0001_20000_20260319_223140_relu_best.pth...20260319_223250
At epoch 52, test loss = 77.8437
...model saved to 15_exp/models/FloydWarshallDataset_tropical_0.0001_20000_20260319_223140_relu_best.pth...20260319_223250
At epoch 53, test loss = 77.1823
...model saved to 15_exp/models/FloydWarshallDataset_tropical_0.0001_20000_20260319_223140_relu_best.pth...20260319_223251
At epoch 54, test loss = 76.4685
...model saved to 15_exp/models/FloydWarshallDataset_tropical_0.0001_20000_20260319_223140_relu_best.pth...20260319_223252
At epoch 55, test loss = 75.8063
...model saved to 15_exp/models/FloydWarshallDataset_tropical_0.0001_20000_20260319_223140_relu_best.pth...20260319_223252
At epoch 56, test loss = 75.1451
...model saved to 15_exp/models/FloydWarshallDataset_tropical_0.0001_20000_20260319_223140_relu_best.pth...20260319_223253
At epoch 57, test loss = 74.4518
...model saved to 15_exp/models/FloydWarshallDataset_tropical_0.0001_20000_20260319_223140_relu_best.pth...20260319_223254
At epoch 58, test loss = 73.8514
...model saved to 15_exp/models/FloydWarshallDataset_tropical_0.0001_20000_20260319_223140_relu_best.pth...20260319_223255
At epoch 59, test loss = 73.2205
...model saved to 15_exp/models/FloydWarshallDataset_tropical_0.0001_20000_20260319_223140_relu_best.pth...20260319_223255
At epoch 60, test loss = 72.4577
...model saved to 15_exp/models/FloydWarshallDataset_tropical_0.0001_20000_20260319_223140_relu_best.pth...20260319_223256
At epoch 61, test loss = 71.7765
...model saved to 15_exp/models/FloydWarshallDataset_tropical_0.0001_20000_20260319_223140_relu_best.pth...20260319_223257
At epoch 62, test loss = 71.0463
...model saved to 15_exp/models/FloydWarshallDataset_tropical_0.0001_20000_20260319_223140_relu_best.pth...20260319_223258
At epoch 63, test loss = 70.3628
...model saved to 15_exp/models/FloydWarshallDataset_tropical_0.0001_20000_20260319_223140_relu_best.pth...20260319_223258
At epoch 64, test loss = 69.6914
...model saved to 15_exp/models/FloydWarshallDataset_tropical_0.0001_20000_20260319_223140_relu_best.pth...20260319_223259
At epoch 65, test loss = 68.9762
...model saved to 15_exp/models/FloydWarshallDataset_tropical_0.0001_20000_20260319_223140_relu_best.pth...20260319_223300
At epoch 66, test loss = 68.2502
...model saved to 15_exp/models/FloydWarshallDataset_tropical_0.0001_20000_20260319_223140_relu_best.pth...20260319_223300
At epoch 67, test loss = 67.5569
...model saved to 15_exp/models/FloydWarshallDataset_tropical_0.0001_20000_20260319_223140_relu_best.pth...20260319_223301
At epoch 68, test loss = 66.8990
...model saved to 15_exp/models/FloydWarshallDataset_tropical_0.0001_20000_20260319_223140_relu_best.pth...20260319_223302
At epoch 69, test loss = 66.1687
...model saved to 15_exp/models/FloydWarshallDataset_tropical_0.0001_20000_20260319_223140_relu_best.pth...20260319_223303
At epoch 70, test loss = 65.4556
...model saved to 15_exp/models/FloydWarshallDataset_tropical_0.0001_20000_20260319_223140_relu_best.pth...20260319_223303
At epoch 71, test loss = 64.7528
...model saved to 15_exp/models/FloydWarshallDataset_tropical_0.0001_20000_20260319_223140_relu_best.pth...20260319_223304
At epoch 72, test loss = 64.0420
...model saved to 15_exp/models/FloydWarshallDataset_tropical_0.0001_20000_20260319_223140_relu_best.pth...20260319_223305
At epoch 73, test loss = 63.4056
...model saved to 15_exp/models/FloydWarshallDataset_tropical_0.0001_20000_20260319_223140_relu_best.pth...20260319_223305
At epoch 74, test loss = 62.6604
...model saved to 15_exp/models/FloydWarshallDataset_tropical_0.0001_20000_20260319_223140_relu_best.pth...20260319_223306
At epoch 75, test loss = 61.9906
...model saved to 15_exp/models/FloydWarshallDataset_tropical_0.0001_20000_20260319_223140_relu_best.pth...20260319_223307
At epoch 76, test loss = 61.2003
...model saved to 15_exp/models/FloydWarshallDataset_tropical_0.0001_20000_20260319_223140_relu_best.pth...20260319_223308
At epoch 77, test loss = 60.5264
...model saved to 15_exp/models/FloydWarshallDataset_tropical_0.0001_20000_20260319_223140_relu_best.pth...20260319_223308
At epoch 78, test loss = 59.8074
...model saved to 15_exp/models/FloydWarshallDataset_tropical_0.0001_20000_20260319_223140_relu_best.pth...20260319_223309
At epoch 79, test loss = 59.1486
...model saved to 15_exp/models/FloydWarshallDataset_tropical_0.0001_20000_20260319_223140_relu_best.pth...20260319_223310
At epoch 80, test loss = 58.4491
...model saved to 15_exp/models/FloydWarshallDataset_tropical_0.0001_20000_20260319_223140_relu_best.pth...20260319_223310
At epoch 81, test loss = 57.7973
...model saved to 15_exp/models/FloydWarshallDataset_tropical_0.0001_20000_20260319_223140_relu_best.pth...20260319_223311
At epoch 82, test loss = 57.1094
...model saved to 15_exp/models/FloydWarshallDataset_tropical_0.0001_20000_20260319_223140_relu_best.pth...20260319_223312
At epoch 83, test loss = 56.5212
...model saved to 15_exp/models/FloydWarshallDataset_tropical_0.0001_20000_20260319_223140_relu_best.pth...20260319_223313
At epoch 84, test loss = 55.8857
...model saved to 15_exp/models/FloydWarshallDataset_tropical_0.0001_20000_20260319_223140_relu_best.pth...20260319_223313
At epoch 85, test loss = 55.2404
...model saved to 15_exp/models/FloydWarshallDataset_tropical_0.0001_20000_20260319_223140_relu_best.pth...20260319_223314
At epoch 86, test loss = 54.6802
...model saved to 15_exp/models/FloydWarshallDataset_tropical_0.0001_20000_20260319_223140_relu_best.pth...20260319_223315
At epoch 87, test loss = 54.1254
...model saved to 15_exp/models/FloydWarshallDataset_tropical_0.0001_20000_20260319_223140_relu_best.pth...20260319_223316
At epoch 88, test loss = 53.5236
...model saved to 15_exp/models/FloydWarshallDataset_tropical_0.0001_20000_20260319_223140_relu_best.pth...20260319_223316
At epoch 89, test loss = 52.9780
...model saved to 15_exp/models/FloydWarshallDataset_tropical_0.0001_20000_20260319_223140_relu_best.pth...20260319_223317
At epoch 90, test loss = 52.4501
...model saved to 15_exp/models/FloydWarshallDataset_tropical_0.0001_20000_20260319_223140_relu_best.pth...20260319_223318
At epoch 91, test loss = 51.9224
...model saved to 15_exp/models/FloydWarshallDataset_tropical_0.0001_20000_20260319_223140_relu_best.pth...20260319_223318
At epoch 92, test loss = 51.3832
...model saved to 15_exp/models/FloydWarshallDataset_tropical_0.0001_20000_20260319_223140_relu_best.pth...20260319_223319
At epoch 93, test loss = 50.7946
...model saved to 15_exp/models/FloydWarshallDataset_tropical_0.0001_20000_20260319_223140_relu_best.pth...20260319_223320
At epoch 94, test loss = 50.2400
...model saved to 15_exp/models/FloydWarshallDataset_tropical_0.0001_20000_20260319_223140_relu_best.pth...20260319_223321
At epoch 95, test loss = 49.7487
...model saved to 15_exp/models/FloydWarshallDataset_tropical_0.0001_20000_20260319_223140_relu_best.pth...20260319_223321
At epoch 96, test loss = 49.1278
...model saved to 15_exp/models/FloydWarshallDataset_tropical_0.0001_20000_20260319_223140_relu_best.pth...20260319_223322
At epoch 97, test loss = 48.6435
...model saved to 15_exp/models/FloydWarshallDataset_tropical_0.0001_20000_20260319_223140_relu_best.pth...20260319_223323
At epoch 98, test loss = 48.0190
...model saved to 15_exp/models/FloydWarshallDataset_tropical_0.0001_20000_20260319_223140_relu_best.pth...20260319_223323
At epoch 99, test loss = 47.4933
...model saved to 15_exp/models/FloydWarshallDataset_tropical_0.0001_20000_20260319_223140_relu_best.pth...20260319_223324
At epoch 100, test loss = 46.9241
...model saved to 15_exp/models/FloydWarshallDataset_tropical_0.0001_20000_20260319_223140_relu_best.pth...20260319_223325
At epoch 101, test loss = 46.3643
...model saved to 15_exp/models/FloydWarshallDataset_tropical_0.0001_20000_20260319_223140_relu_best.pth...20260319_223326
At epoch 102, test loss = 45.7635
...model saved to 15_exp/models/FloydWarshallDataset_tropical_0.0001_20000_20260319_223140_relu_best.pth...20260319_223326
At epoch 103, test loss = 45.1802
...model saved to 15_exp/models/FloydWarshallDataset_tropical_0.0001_20000_20260319_223140_relu_best.pth...20260319_223327
At epoch 104, test loss = 44.6097
...model saved to 15_exp/models/FloydWarshallDataset_tropical_0.0001_20000_20260319_223140_relu_best.pth...20260319_223328
At epoch 105, test loss = 44.0317
...model saved to 15_exp/models/FloydWarshallDataset_tropical_0.0001_20000_20260319_223140_relu_best.pth...20260319_223328
At epoch 106, test loss = 43.4626
...model saved to 15_exp/models/FloydWarshallDataset_tropical_0.0001_20000_20260319_223140_relu_best.pth...20260319_223329
At epoch 107, test loss = 42.9384
...model saved to 15_exp/models/FloydWarshallDataset_tropical_0.0001_20000_20260319_223140_relu_best.pth...20260319_223330
At epoch 108, test loss = 42.4857
...model saved to 15_exp/models/FloydWarshallDataset_tropical_0.0001_20000_20260319_223140_relu_best.pth...20260319_223331
At epoch 109, test loss = 42.0540
...model saved to 15_exp/models/FloydWarshallDataset_tropical_0.0001_20000_20260319_223140_relu_best.pth...20260319_223331
At epoch 110, test loss = 41.5822
...model saved to 15_exp/models/FloydWarshallDataset_tropical_0.0001_20000_20260319_223140_relu_best.pth...20260319_223332
At epoch 111, test loss = 41.2021
...model saved to 15_exp/models/FloydWarshallDataset_tropical_0.0001_20000_20260319_223140_relu_best.pth...20260319_223333
At epoch 112, test loss = 40.7278
...model saved to 15_exp/models/FloydWarshallDataset_tropical_0.0001_20000_20260319_223140_relu_best.pth...20260319_223333
At epoch 113, test loss = 40.3588
...model saved to 15_exp/models/FloydWarshallDataset_tropical_0.0001_20000_20260319_223140_relu_best.pth...20260319_223334
At epoch 114, test loss = 39.9597
...model saved to 15_exp/models/FloydWarshallDataset_tropical_0.0001_20000_20260319_223140_relu_best.pth...20260319_223335
At epoch 115, test loss = 39.6090
...model saved to 15_exp/models/FloydWarshallDataset_tropical_0.0001_20000_20260319_223140_relu_best.pth...20260319_223336
At epoch 116, test loss = 39.4370
...model saved to 15_exp/models/FloydWarshallDataset_tropical_0.0001_20000_20260319_223140_relu_best.pth...20260319_223336
At epoch 117, test loss = 38.9936
...model saved to 15_exp/models/FloydWarshallDataset_tropical_0.0001_20000_20260319_223140_relu_best.pth...20260319_223337
At epoch 118, test loss = 38.6155
...model saved to 15_exp/models/FloydWarshallDataset_tropical_0.0001_20000_20260319_223140_relu_best.pth...20260319_223338
At epoch 119, test loss = 38.3537
...model saved to 15_exp/models/FloydWarshallDataset_tropical_0.0001_20000_20260319_223140_relu_best.pth...20260319_223338
At epoch 120, test loss = 38.0797
...model saved to 15_exp/models/FloydWarshallDataset_tropical_0.0001_20000_20260319_223140_relu_best.pth...20260319_223339
At epoch 121, test loss = 37.7415
...model saved to 15_exp/models/FloydWarshallDataset_tropical_0.0001_20000_20260319_223140_relu_best.pth...20260319_223340
At epoch 122, test loss = 37.4897
...model saved to 15_exp/models/FloydWarshallDataset_tropical_0.0001_20000_20260319_223140_relu_best.pth...20260319_223341
At epoch 123, test loss = 37.2165
...model saved to 15_exp/models/FloydWarshallDataset_tropical_0.0001_20000_20260319_223140_relu_best.pth...20260319_223341
At epoch 124, test loss = 37.0239
...model saved to 15_exp/models/FloydWarshallDataset_tropical_0.0001_20000_20260319_223140_relu_best.pth...20260319_223342
At epoch 125, test loss = 36.7786
...model saved to 15_exp/models/FloydWarshallDataset_tropical_0.0001_20000_20260319_223140_relu_best.pth...20260319_223343
At epoch 126, test loss = 36.5168
...model saved to 15_exp/models/FloydWarshallDataset_tropical_0.0001_20000_20260319_223140_relu_best.pth...20260319_223344
At epoch 127, test loss = 36.2975
...model saved to 15_exp/models/FloydWarshallDataset_tropical_0.0001_20000_20260319_223140_relu_best.pth...20260319_223344
At epoch 128, test loss = 36.0750
...model saved to 15_exp/models/FloydWarshallDataset_tropical_0.0001_20000_20260319_223140_relu_best.pth...20260319_223345
At epoch 129, test loss = 35.8900
...model saved to 15_exp/models/FloydWarshallDataset_tropical_0.0001_20000_20260319_223140_relu_best.pth...20260319_223346
At epoch 130, test loss = 35.6486
...model saved to 15_exp/models/FloydWarshallDataset_tropical_0.0001_20000_20260319_223140_relu_best.pth...20260319_223346
At epoch 131, test loss = 35.4761
...model saved to 15_exp/models/FloydWarshallDataset_tropical_0.0001_20000_20260319_223140_relu_best.pth...20260319_223347
At epoch 132, test loss = 35.2556
...model saved to 15_exp/models/FloydWarshallDataset_tropical_0.0001_20000_20260319_223140_relu_best.pth...20260319_223348
At epoch 133, test loss = 35.1104
...model saved to 15_exp/models/FloydWarshallDataset_tropical_0.0001_20000_20260319_223140_relu_best.pth...20260319_223349
At epoch 134, test loss = 34.8691
...model saved to 15_exp/models/FloydWarshallDataset_tropical_0.0001_20000_20260319_223140_relu_best.pth...20260319_223349
At epoch 135, test loss = 34.7306
...model saved to 15_exp/models/FloydWarshallDataset_tropical_0.0001_20000_20260319_223140_relu_best.pth...20260319_223350
At epoch 136, test loss = 34.4814
...model saved to 15_exp/models/FloydWarshallDataset_tropical_0.0001_20000_20260319_223140_relu_best.pth...20260319_223351
At epoch 137, test loss = 34.3374
...model saved to 15_exp/models/FloydWarshallDataset_tropical_0.0001_20000_20260319_223140_relu_best.pth...20260319_223351
At epoch 138, test loss = 34.1965
...model saved to 15_exp/models/FloydWarshallDataset_tropical_0.0001_20000_20260319_223140_relu_best.pth...20260319_223352
At epoch 139, test loss = 33.9876
...model saved to 15_exp/models/FloydWarshallDataset_tropical_0.0001_20000_20260319_223140_relu_best.pth...20260319_223353
At epoch 140, test loss = 33.8112
...model saved to 15_exp/models/FloydWarshallDataset_tropical_0.0001_20000_20260319_223140_relu_best.pth...20260319_223354
At epoch 141, test loss = 33.6490
...model saved to 15_exp/models/FloydWarshallDataset_tropical_0.0001_20000_20260319_223140_relu_best.pth...20260319_223354
At epoch 142, test loss = 33.4326
...model saved to 15_exp/models/FloydWarshallDataset_tropical_0.0001_20000_20260319_223140_relu_best.pth...20260319_223355
At epoch 143, test loss = 33.2706
...model saved to 15_exp/models/FloydWarshallDataset_tropical_0.0001_20000_20260319_223140_relu_best.pth...20260319_223356
At epoch 144, test loss = 33.1334
...model saved to 15_exp/models/FloydWarshallDataset_tropical_0.0001_20000_20260319_223140_relu_best.pth...20260319_223356
At epoch 145, test loss = 32.9421
...model saved to 15_exp/models/FloydWarshallDataset_tropical_0.0001_20000_20260319_223140_relu_best.pth...20260319_223357
At epoch 146, test loss = 32.6933
...model saved to 15_exp/models/FloydWarshallDataset_tropical_0.0001_20000_20260319_223140_relu_best.pth...20260319_223358
At epoch 147, test loss = 32.5772
...model saved to 15_exp/models/FloydWarshallDataset_tropical_0.0001_20000_20260319_223140_relu_best.pth...20260319_223359
At epoch 148, test loss = 32.3749
...model saved to 15_exp/models/FloydWarshallDataset_tropical_0.0001_20000_20260319_223140_relu_best.pth...20260319_223359
At epoch 149, test loss = 32.2012
...model saved to 15_exp/models/FloydWarshallDataset_tropical_0.0001_20000_20260319_223140_relu_best.pth...20260319_223400
At epoch 150, test loss = 32.0378
...model saved to 15_exp/models/FloydWarshallDataset_tropical_0.0001_20000_20260319_223140_relu_best.pth...20260319_223401
At epoch 151, test loss = 31.8982
...model saved to 15_exp/models/FloydWarshallDataset_tropical_0.0001_20000_20260319_223140_relu_best.pth...20260319_223401
At epoch 152, test loss = 31.6851
...model saved to 15_exp/models/FloydWarshallDataset_tropical_0.0001_20000_20260319_223140_relu_best.pth...20260319_223402
At epoch 153, test loss = 31.5748
...model saved to 15_exp/models/FloydWarshallDataset_tropical_0.0001_20000_20260319_223140_relu_best.pth...20260319_223403
At epoch 154, test loss = 31.3911
...model saved to 15_exp/models/FloydWarshallDataset_tropical_0.0001_20000_20260319_223140_relu_best.pth...20260319_223404
At epoch 155, test loss = 31.2126
...model saved to 15_exp/models/FloydWarshallDataset_tropical_0.0001_20000_20260319_223140_relu_best.pth...20260319_223404
At epoch 156, test loss = 31.0521
...model saved to 15_exp/models/FloydWarshallDataset_tropical_0.0001_20000_20260319_223140_relu_best.pth...20260319_223405
At epoch 157, test loss = 30.8494
...model saved to 15_exp/models/FloydWarshallDataset_tropical_0.0001_20000_20260319_223140_relu_best.pth...20260319_223406
At epoch 158, test loss = 30.6834
...model saved to 15_exp/models/FloydWarshallDataset_tropical_0.0001_20000_20260319_223140_relu_best.pth...20260319_223406
At epoch 159, test loss = 30.5258
...model saved to 15_exp/models/FloydWarshallDataset_tropical_0.0001_20000_20260319_223140_relu_best.pth...20260319_223407
At epoch 160, test loss = 30.3704
...model saved to 15_exp/models/FloydWarshallDataset_tropical_0.0001_20000_20260319_223140_relu_best.pth...20260319_223408
At epoch 161, test loss = 30.1968
...model saved to 15_exp/models/FloydWarshallDataset_tropical_0.0001_20000_20260319_223140_relu_best.pth...20260319_223409
At epoch 162, test loss = 29.9952
...model saved to 15_exp/models/FloydWarshallDataset_tropical_0.0001_20000_20260319_223140_relu_best.pth...20260319_223409
At epoch 163, test loss = 29.8324
...model saved to 15_exp/models/FloydWarshallDataset_tropical_0.0001_20000_20260319_223140_relu_best.pth...20260319_223410
At epoch 164, test loss = 29.7210
...model saved to 15_exp/models/FloydWarshallDataset_tropical_0.0001_20000_20260319_223140_relu_best.pth...20260319_223411
At epoch 165, test loss = 29.5295
...model saved to 15_exp/models/FloydWarshallDataset_tropical_0.0001_20000_20260319_223140_relu_best.pth...20260319_223411
At epoch 166, test loss = 29.3712
...model saved to 15_exp/models/FloydWarshallDataset_tropical_0.0001_20000_20260319_223140_relu_best.pth...20260319_223412
At epoch 167, test loss = 29.2026
...model saved to 15_exp/models/FloydWarshallDataset_tropical_0.0001_20000_20260319_223140_relu_best.pth...20260319_223413
At epoch 168, test loss = 29.0536
...model saved to 15_exp/models/FloydWarshallDataset_tropical_0.0001_20000_20260319_223140_relu_best.pth...20260319_223414
At epoch 169, test loss = 28.8828
...model saved to 15_exp/models/FloydWarshallDataset_tropical_0.0001_20000_20260319_223140_relu_best.pth...20260319_223414
At epoch 170, test loss = 28.6521
...model saved to 15_exp/models/FloydWarshallDataset_tropical_0.0001_20000_20260319_223140_relu_best.pth...20260319_223415
At epoch 171, test loss = 28.5222
...model saved to 15_exp/models/FloydWarshallDataset_tropical_0.0001_20000_20260319_223140_relu_best.pth...20260319_223416
At epoch 172, test loss = 28.3870
...model saved to 15_exp/models/FloydWarshallDataset_tropical_0.0001_20000_20260319_223140_relu_best.pth...20260319_223417
At epoch 173, test loss = 28.2013
...model saved to 15_exp/models/FloydWarshallDataset_tropical_0.0001_20000_20260319_223140_relu_best.pth...20260319_223417
At epoch 174, test loss = 28.0524
...model saved to 15_exp/models/FloydWarshallDataset_tropical_0.0001_20000_20260319_223140_relu_best.pth...20260319_223418
At epoch 175, test loss = 27.8688
...model saved to 15_exp/models/FloydWarshallDataset_tropical_0.0001_20000_20260319_223140_relu_best.pth...20260319_223419
At epoch 176, test loss = 27.6847
...model saved to 15_exp/models/FloydWarshallDataset_tropical_0.0001_20000_20260319_223140_relu_best.pth...20260319_223419
At epoch 177, test loss = 27.5076
...model saved to 15_exp/models/FloydWarshallDataset_tropical_0.0001_20000_20260319_223140_relu_best.pth...20260319_223420
At epoch 178, test loss = 27.3295
...model saved to 15_exp/models/FloydWarshallDataset_tropical_0.0001_20000_20260319_223140_relu_best.pth...20260319_223421
At epoch 179, test loss = 27.1594
...model saved to 15_exp/models/FloydWarshallDataset_tropical_0.0001_20000_20260319_223140_relu_best.pth...20260319_223422
At epoch 180, test loss = 26.9941
...model saved to 15_exp/models/FloydWarshallDataset_tropical_0.0001_20000_20260319_223140_relu_best.pth...20260319_223422
At epoch 181, test loss = 26.7941
...model saved to 15_exp/models/FloydWarshallDataset_tropical_0.0001_20000_20260319_223140_relu_best.pth...20260319_223423
At epoch 182, test loss = 26.6173
...model saved to 15_exp/models/FloydWarshallDataset_tropical_0.0001_20000_20260319_223140_relu_best.pth...20260319_223424
At epoch 183, test loss = 26.5636
...model saved to 15_exp/models/FloydWarshallDataset_tropical_0.0001_20000_20260319_223140_relu_best.pth...20260319_223424
At epoch 184, test loss = 26.2626
...model saved to 15_exp/models/FloydWarshallDataset_tropical_0.0001_20000_20260319_223140_relu_best.pth...20260319_223425
At epoch 185, test loss = 26.1289
...model saved to 15_exp/models/FloydWarshallDataset_tropical_0.0001_20000_20260319_223140_relu_best.pth...20260319_223426
At epoch 186, test loss = 25.9471
...model saved to 15_exp/models/FloydWarshallDataset_tropical_0.0001_20000_20260319_223140_relu_best.pth...20260319_223427
At epoch 187, test loss = 25.7925
...model saved to 15_exp/models/FloydWarshallDataset_tropical_0.0001_20000_20260319_223140_relu_best.pth...20260319_223427
At epoch 188, test loss = 25.6367
...model saved to 15_exp/models/FloydWarshallDataset_tropical_0.0001_20000_20260319_223140_relu_best.pth...20260319_223428
At epoch 189, test loss = 25.4389
...model saved to 15_exp/models/FloydWarshallDataset_tropical_0.0001_20000_20260319_223140_relu_best.pth...20260319_223429
At epoch 190, test loss = 25.2800
...model saved to 15_exp/models/FloydWarshallDataset_tropical_0.0001_20000_20260319_223140_relu_best.pth...20260319_223429
At epoch 191, test loss = 25.0845
...model saved to 15_exp/models/FloydWarshallDataset_tropical_0.0001_20000_20260319_223140_relu_best.pth...20260319_223430
At epoch 192, test loss = 25.0241
...model saved to 15_exp/models/FloydWarshallDataset_tropical_0.0001_20000_20260319_223140_relu_best.pth...20260319_223431
At epoch 193, test loss = 24.7820
...model saved to 15_exp/models/FloydWarshallDataset_tropical_0.0001_20000_20260319_223140_relu_best.pth...20260319_223432
At epoch 194, test loss = 24.6177
...model saved to 15_exp/models/FloydWarshallDataset_tropical_0.0001_20000_20260319_223140_relu_best.pth...20260319_223432
At epoch 195, test loss = 24.4985
...model saved to 15_exp/models/FloydWarshallDataset_tropical_0.0001_20000_20260319_223140_relu_best.pth...20260319_223433
At epoch 196, test loss = 24.3012
...model saved to 15_exp/models/FloydWarshallDataset_tropical_0.0001_20000_20260319_223140_relu_best.pth...20260319_223434
At epoch 197, test loss = 24.0972
...model saved to 15_exp/models/FloydWarshallDataset_tropical_0.0001_20000_20260319_223140_relu_best.pth...20260319_223435
At epoch 198, test loss = 24.0100
...model saved to 15_exp/models/FloydWarshallDataset_tropical_0.0001_20000_20260319_223140_relu_best.pth...20260319_223435
At epoch 199, test loss = 23.7968
...model saved to 15_exp/models/FloydWarshallDataset_tropical_0.0001_20000_20260319_223140_relu_best.pth...20260319_223436
At epoch 200, test loss = 23.7011
...model saved to 15_exp/models/FloydWarshallDataset_tropical_0.0001_20000_20260319_223140_relu_best.pth...20260319_223437
At epoch 201, test loss = 23.5642
...model saved to 15_exp/models/FloydWarshallDataset_tropical_0.0001_20000_20260319_223140_relu_best.pth...20260319_223437
At epoch 202, test loss = 23.3206
...model saved to 15_exp/models/FloydWarshallDataset_tropical_0.0001_20000_20260319_223140_relu_best.pth...20260319_223438
At epoch 203, test loss = 23.1608
...model saved to 15_exp/models/FloydWarshallDataset_tropical_0.0001_20000_20260319_223140_relu_best.pth...20260319_223439
At epoch 204, test loss = 23.0409
...model saved to 15_exp/models/FloydWarshallDataset_tropical_0.0001_20000_20260319_223140_relu_best.pth...20260319_223440
At epoch 205, test loss = 22.8954
...model saved to 15_exp/models/FloydWarshallDataset_tropical_0.0001_20000_20260319_223140_relu_best.pth...20260319_223440
At epoch 206, test loss = 22.7369
...model saved to 15_exp/models/FloydWarshallDataset_tropical_0.0001_20000_20260319_223140_relu_best.pth...20260319_223441
At epoch 207, test loss = 22.5873
...model saved to 15_exp/models/FloydWarshallDataset_tropical_0.0001_20000_20260319_223140_relu_best.pth...20260319_223442
At epoch 208, test loss = 22.4406
...model saved to 15_exp/models/FloydWarshallDataset_tropical_0.0001_20000_20260319_223140_relu_best.pth...20260319_223443
At epoch 209, test loss = 22.2627
...model saved to 15_exp/models/FloydWarshallDataset_tropical_0.0001_20000_20260319_223140_relu_best.pth...20260319_223443
At epoch 210, test loss = 22.1157
...model saved to 15_exp/models/FloydWarshallDataset_tropical_0.0001_20000_20260319_223140_relu_best.pth...20260319_223444
At epoch 211, test loss = 21.9612
...model saved to 15_exp/models/FloydWarshallDataset_tropical_0.0001_20000_20260319_223140_relu_best.pth...20260319_223445
At epoch 212, test loss = 21.8015
...model saved to 15_exp/models/FloydWarshallDataset_tropical_0.0001_20000_20260319_223140_relu_best.pth...20260319_223446
At epoch 213, test loss = 21.6288
...model saved to 15_exp/models/FloydWarshallDataset_tropical_0.0001_20000_20260319_223140_relu_best.pth...20260319_223446
At epoch 214, test loss = 21.5092
...model saved to 15_exp/models/FloydWarshallDataset_tropical_0.0001_20000_20260319_223140_relu_best.pth...20260319_223447
At epoch 215, test loss = 21.3629
...model saved to 15_exp/models/FloydWarshallDataset_tropical_0.0001_20000_20260319_223140_relu_best.pth...20260319_223448
At epoch 216, test loss = 21.2078
...model saved to 15_exp/models/FloydWarshallDataset_tropical_0.0001_20000_20260319_223140_relu_best.pth...20260319_223448
At epoch 217, test loss = 21.0620
...model saved to 15_exp/models/FloydWarshallDataset_tropical_0.0001_20000_20260319_223140_relu_best.pth...20260319_223449
At epoch 218, test loss = 20.8829
...model saved to 15_exp/models/FloydWarshallDataset_tropical_0.0001_20000_20260319_223140_relu_best.pth...20260319_223450
At epoch 219, test loss = 20.7934
...model saved to 15_exp/models/FloydWarshallDataset_tropical_0.0001_20000_20260319_223140_relu_best.pth...20260319_223450
At epoch 220, test loss = 20.6768
...model saved to 15_exp/models/FloydWarshallDataset_tropical_0.0001_20000_20260319_223140_relu_best.pth...20260319_223451
At epoch 221, test loss = 20.4670
...model saved to 15_exp/models/FloydWarshallDataset_tropical_0.0001_20000_20260319_223140_relu_best.pth...20260319_223452
At epoch 222, test loss = 20.3457
...model saved to 15_exp/models/FloydWarshallDataset_tropical_0.0001_20000_20260319_223140_relu_best.pth...20260319_223453
At epoch 223, test loss = 20.2087
...model saved to 15_exp/models/FloydWarshallDataset_tropical_0.0001_20000_20260319_223140_relu_best.pth...20260319_223453
At epoch 224, test loss = 20.0382
...model saved to 15_exp/models/FloydWarshallDataset_tropical_0.0001_20000_20260319_223140_relu_best.pth...20260319_223454
At epoch 225, test loss = 19.9039
...model saved to 15_exp/models/FloydWarshallDataset_tropical_0.0001_20000_20260319_223140_relu_best.pth...20260319_223455
At epoch 226, test loss = 19.7654
...model saved to 15_exp/models/FloydWarshallDataset_tropical_0.0001_20000_20260319_223140_relu_best.pth...20260319_223456
At epoch 227, test loss = 19.6134
...model saved to 15_exp/models/FloydWarshallDataset_tropical_0.0001_20000_20260319_223140_relu_best.pth...20260319_223456
At epoch 228, test loss = 19.4861
...model saved to 15_exp/models/FloydWarshallDataset_tropical_0.0001_20000_20260319_223140_relu_best.pth...20260319_223457
At epoch 229, test loss = 19.3368
...model saved to 15_exp/models/FloydWarshallDataset_tropical_0.0001_20000_20260319_223140_relu_best.pth...20260319_223458
At epoch 230, test loss = 19.2534
...model saved to 15_exp/models/FloydWarshallDataset_tropical_0.0001_20000_20260319_223140_relu_best.pth...20260319_223459
At epoch 231, test loss = 19.0452
...model saved to 15_exp/models/FloydWarshallDataset_tropical_0.0001_20000_20260319_223140_relu_best.pth...20260319_223459
At epoch 232, test loss = 18.9586
...model saved to 15_exp/models/FloydWarshallDataset_tropical_0.0001_20000_20260319_223140_relu_best.pth...20260319_223500
At epoch 233, test loss = 18.7771
...model saved to 15_exp/models/FloydWarshallDataset_tropical_0.0001_20000_20260319_223140_relu_best.pth...20260319_223501
At epoch 234, test loss = 18.6554
...model saved to 15_exp/models/FloydWarshallDataset_tropical_0.0001_20000_20260319_223140_relu_best.pth...20260319_223501
At epoch 235, test loss = 18.5146
...model saved to 15_exp/models/FloydWarshallDataset_tropical_0.0001_20000_20260319_223140_relu_best.pth...20260319_223502
At epoch 236, test loss = 18.3850
...model saved to 15_exp/models/FloydWarshallDataset_tropical_0.0001_20000_20260319_223140_relu_best.pth...20260319_223503
At epoch 237, test loss = 18.2645
...model saved to 15_exp/models/FloydWarshallDataset_tropical_0.0001_20000_20260319_223140_relu_best.pth...20260319_223504
At epoch 238, test loss = 18.0866
...model saved to 15_exp/models/FloydWarshallDataset_tropical_0.0001_20000_20260319_223140_relu_best.pth...20260319_223504
At epoch 239, test loss = 17.9986
...model saved to 15_exp/models/FloydWarshallDataset_tropical_0.0001_20000_20260319_223140_relu_best.pth...20260319_223505
At epoch 240, test loss = 17.8477
...model saved to 15_exp/models/FloydWarshallDataset_tropical_0.0001_20000_20260319_223140_relu_best.pth...20260319_223506
At epoch 241, test loss = 17.7082
...model saved to 15_exp/models/FloydWarshallDataset_tropical_0.0001_20000_20260319_223140_relu_best.pth...20260319_223506
At epoch 242, test loss = 17.6275
...model saved to 15_exp/models/FloydWarshallDataset_tropical_0.0001_20000_20260319_223140_relu_best.pth...20260319_223507
At epoch 243, test loss = 17.4357
...model saved to 15_exp/models/FloydWarshallDataset_tropical_0.0001_20000_20260319_223140_relu_best.pth...20260319_223508
At epoch 244, test loss = 17.3034
...model saved to 15_exp/models/FloydWarshallDataset_tropical_0.0001_20000_20260319_223140_relu_best.pth...20260319_223509
At epoch 245, test loss = 17.2155
...model saved to 15_exp/models/FloydWarshallDataset_tropical_0.0001_20000_20260319_223140_relu_best.pth...20260319_223509
At epoch 246, test loss = 17.0230
...model saved to 15_exp/models/FloydWarshallDataset_tropical_0.0001_20000_20260319_223140_relu_best.pth...20260319_223510
At epoch 247, test loss = 16.9266
...model saved to 15_exp/models/FloydWarshallDataset_tropical_0.0001_20000_20260319_223140_relu_best.pth...20260319_223511
At epoch 248, test loss = 16.7458
...model saved to 15_exp/models/FloydWarshallDataset_tropical_0.0001_20000_20260319_223140_relu_best.pth...20260319_223511
At epoch 249, test loss = 16.6616
...model saved to 15_exp/models/FloydWarshallDataset_tropical_0.0001_20000_20260319_223140_relu_best.pth...20260319_223512
At epoch 250, test loss = 16.5097
...model saved to 15_exp/models/FloydWarshallDataset_tropical_0.0001_20000_20260319_223140_relu_best.pth...20260319_223513
At epoch 251, test loss = 16.3893
...model saved to 15_exp/models/FloydWarshallDataset_tropical_0.0001_20000_20260319_223140_relu_best.pth...20260319_223514
At epoch 252, test loss = 16.2791
...model saved to 15_exp/models/FloydWarshallDataset_tropical_0.0001_20000_20260319_223140_relu_best.pth...20260319_223514
At epoch 253, test loss = 16.1113
...model saved to 15_exp/models/FloydWarshallDataset_tropical_0.0001_20000_20260319_223140_relu_best.pth...20260319_223515
At epoch 254, test loss = 16.0646
...model saved to 15_exp/models/FloydWarshallDataset_tropical_0.0001_20000_20260319_223140_relu_best.pth...20260319_223516
At epoch 255, test loss = 15.9010
...model saved to 15_exp/models/FloydWarshallDataset_tropical_0.0001_20000_20260319_223140_relu_best.pth...20260319_223517
At epoch 256, test loss = 15.7341
...model saved to 15_exp/models/FloydWarshallDataset_tropical_0.0001_20000_20260319_223140_relu_best.pth...20260319_223517
At epoch 257, test loss = 15.6399
...model saved to 15_exp/models/FloydWarshallDataset_tropical_0.0001_20000_20260319_223140_relu_best.pth...20260319_223518
At epoch 258, test loss = 15.5454
...model saved to 15_exp/models/FloydWarshallDataset_tropical_0.0001_20000_20260319_223140_relu_best.pth...20260319_223519
At epoch 259, test loss = 15.3657
...model saved to 15_exp/models/FloydWarshallDataset_tropical_0.0001_20000_20260319_223140_relu_best.pth...20260319_223519
At epoch 260, test loss = 15.2337
...model saved to 15_exp/models/FloydWarshallDataset_tropical_0.0001_20000_20260319_223140_relu_best.pth...20260319_223520
At epoch 261, test loss = 15.0644
...model saved to 15_exp/models/FloydWarshallDataset_tropical_0.0001_20000_20260319_223140_relu_best.pth...20260319_223521
At epoch 262, test loss = 14.9539
...model saved to 15_exp/models/FloydWarshallDataset_tropical_0.0001_20000_20260319_223140_relu_best.pth...20260319_223522
At epoch 263, test loss = 14.8400
...model saved to 15_exp/models/FloydWarshallDataset_tropical_0.0001_20000_20260319_223140_relu_best.pth...20260319_223522
At epoch 264, test loss = 14.6580
...model saved to 15_exp/models/FloydWarshallDataset_tropical_0.0001_20000_20260319_223140_relu_best.pth...20260319_223523
At epoch 265, test loss = 14.6431
...model saved to 15_exp/models/FloydWarshallDataset_tropical_0.0001_20000_20260319_223140_relu_best.pth...20260319_223524
At epoch 266, test loss = 14.4521
...model saved to 15_exp/models/FloydWarshallDataset_tropical_0.0001_20000_20260319_223140_relu_best.pth...20260319_223525
At epoch 267, test loss = 14.2640
...model saved to 15_exp/models/FloydWarshallDataset_tropical_0.0001_20000_20260319_223140_relu_best.pth...20260319_223525
At epoch 268, test loss = 14.1748
...model saved to 15_exp/models/FloydWarshallDataset_tropical_0.0001_20000_20260319_223140_relu_best.pth...20260319_223526
At epoch 269, test loss = 14.0417
...model saved to 15_exp/models/FloydWarshallDataset_tropical_0.0001_20000_20260319_223140_relu_best.pth...20260319_223527
At epoch 270, test loss = 13.8752
...model saved to 15_exp/models/FloydWarshallDataset_tropical_0.0001_20000_20260319_223140_relu_best.pth...20260319_223527
At epoch 271, test loss = 13.7717
...model saved to 15_exp/models/FloydWarshallDataset_tropical_0.0001_20000_20260319_223140_relu_best.pth...20260319_223528
At epoch 272, test loss = 13.6901
...model saved to 15_exp/models/FloydWarshallDataset_tropical_0.0001_20000_20260319_223140_relu_best.pth...20260319_223529
At epoch 273, test loss = 13.4678
...model saved to 15_exp/models/FloydWarshallDataset_tropical_0.0001_20000_20260319_223140_relu_best.pth...20260319_223530
At epoch 274, test loss = 13.3086
...model saved to 15_exp/models/FloydWarshallDataset_tropical_0.0001_20000_20260319_223140_relu_best.pth...20260319_223530
At epoch 275, test loss = 13.2111
...model saved to 15_exp/models/FloydWarshallDataset_tropical_0.0001_20000_20260319_223140_relu_best.pth...20260319_223531
At epoch 276, test loss = 13.1269
...model saved to 15_exp/models/FloydWarshallDataset_tropical_0.0001_20000_20260319_223140_relu_best.pth...20260319_223532
At epoch 277, test loss = 12.9349
...model saved to 15_exp/models/FloydWarshallDataset_tropical_0.0001_20000_20260319_223140_relu_best.pth...20260319_223532
At epoch 278, test loss = 12.8950
...model saved to 15_exp/models/FloydWarshallDataset_tropical_0.0001_20000_20260319_223140_relu_best.pth...20260319_223533
At epoch 279, test loss = 12.7283
...model saved to 15_exp/models/FloydWarshallDataset_tropical_0.0001_20000_20260319_223140_relu_best.pth...20260319_223534
At epoch 280, test loss = 12.5779
...model saved to 15_exp/models/FloydWarshallDataset_tropical_0.0001_20000_20260319_223140_relu_best.pth...20260319_223535
At epoch 281, test loss = 12.4391
...model saved to 15_exp/models/FloydWarshallDataset_tropical_0.0001_20000_20260319_223140_relu_best.pth...20260319_223535
At epoch 282, test loss = 12.3118
...model saved to 15_exp/models/FloydWarshallDataset_tropical_0.0001_20000_20260319_223140_relu_best.pth...20260319_223536
At epoch 283, test loss = 12.1588
...model saved to 15_exp/models/FloydWarshallDataset_tropical_0.0001_20000_20260319_223140_relu_best.pth...20260319_223537
At epoch 284, test loss = 12.0291
...model saved to 15_exp/models/FloydWarshallDataset_tropical_0.0001_20000_20260319_223140_relu_best.pth...20260319_223537
At epoch 285, test loss = 12.0150
...model saved to 15_exp/models/FloydWarshallDataset_tropical_0.0001_20000_20260319_223140_relu_best.pth...20260319_223538
At epoch 286, test loss = 11.7689
...model saved to 15_exp/models/FloydWarshallDataset_tropical_0.0001_20000_20260319_223140_relu_best.pth...20260319_223539
At epoch 287, test loss = 11.7050
...model saved to 15_exp/models/FloydWarshallDataset_tropical_0.0001_20000_20260319_223140_relu_best.pth...20260319_223540
At epoch 288, test loss = 11.6059
...model saved to 15_exp/models/FloydWarshallDataset_tropical_0.0001_20000_20260319_223140_relu_best.pth...20260319_223540
At epoch 289, test loss = 11.4492
...model saved to 15_exp/models/FloydWarshallDataset_tropical_0.0001_20000_20260319_223140_relu_best.pth...20260319_223541
At epoch 290, test loss = 11.3456
...model saved to 15_exp/models/FloydWarshallDataset_tropical_0.0001_20000_20260319_223140_relu_best.pth...20260319_223542
At epoch 291, test loss = 11.2077
...model saved to 15_exp/models/FloydWarshallDataset_tropical_0.0001_20000_20260319_223140_relu_best.pth...20260319_223543
At epoch 292, test loss = 11.1285
...model saved to 15_exp/models/FloydWarshallDataset_tropical_0.0001_20000_20260319_223140_relu_best.pth...20260319_223543
At epoch 293, test loss = 11.0415
...model saved to 15_exp/models/FloydWarshallDataset_tropical_0.0001_20000_20260319_223140_relu_best.pth...20260319_223544
At epoch 294, test loss = 10.8452
...model saved to 15_exp/models/FloydWarshallDataset_tropical_0.0001_20000_20260319_223140_relu_best.pth...20260319_223545
At epoch 295, test loss = 10.7799
...model saved to 15_exp/models/FloydWarshallDataset_tropical_0.0001_20000_20260319_223140_relu_best.pth...20260319_223545
At epoch 296, test loss = 10.6284
...model saved to 15_exp/models/FloydWarshallDataset_tropical_0.0001_20000_20260319_223140_relu_best.pth...20260319_223546
At epoch 297, test loss = 10.5407
...model saved to 15_exp/models/FloydWarshallDataset_tropical_0.0001_20000_20260319_223140_relu_best.pth...20260319_223547
At epoch 298, test loss = 10.3957
...model saved to 15_exp/models/FloydWarshallDataset_tropical_0.0001_20000_20260319_223140_relu_best.pth...20260319_223548
At epoch 299, test loss = 10.2908
...model saved to 15_exp/models/FloydWarshallDataset_tropical_0.0001_20000_20260319_223140_relu_best.pth...20260319_223548
At epoch 300, test loss = 10.2041
...model saved to 15_exp/models/FloydWarshallDataset_tropical_0.0001_20000_20260319_223140_relu_best.pth...20260319_223549
At epoch 301, test loss = 10.0637
...model saved to 15_exp/models/FloydWarshallDataset_tropical_0.0001_20000_20260319_223140_relu_best.pth...20260319_223550
At epoch 302, test loss = 9.9797
...model saved to 15_exp/models/FloydWarshallDataset_tropical_0.0001_20000_20260319_223140_relu_best.pth...20260319_223550
At epoch 303, test loss = 9.8537
...model saved to 15_exp/models/FloydWarshallDataset_tropical_0.0001_20000_20260319_223140_relu_best.pth...20260319_223551
At epoch 304, test loss = 9.7818
...model saved to 15_exp/models/FloydWarshallDataset_tropical_0.0001_20000_20260319_223140_relu_best.pth...20260319_223552
At epoch 305, test loss = 9.6698
...model saved to 15_exp/models/FloydWarshallDataset_tropical_0.0001_20000_20260319_223140_relu_best.pth...20260319_223553
At epoch 306, test loss = 9.6185
...model saved to 15_exp/models/FloydWarshallDataset_tropical_0.0001_20000_20260319_223140_relu_best.pth...20260319_223553
At epoch 307, test loss = 9.4613
...model saved to 15_exp/models/FloydWarshallDataset_tropical_0.0001_20000_20260319_223140_relu_best.pth...20260319_223554
At epoch 308, test loss = 9.4108
...model saved to 15_exp/models/FloydWarshallDataset_tropical_0.0001_20000_20260319_223140_relu_best.pth...20260319_223555
At epoch 309, test loss = 9.3456
...model saved to 15_exp/models/FloydWarshallDataset_tropical_0.0001_20000_20260319_223140_relu_best.pth...20260319_223555
At epoch 310, test loss = 9.1908
...model saved to 15_exp/models/FloydWarshallDataset_tropical_0.0001_20000_20260319_223140_relu_best.pth...20260319_223556
At epoch 311, test loss = 9.1457
...model saved to 15_exp/models/FloydWarshallDataset_tropical_0.0001_20000_20260319_223140_relu_best.pth...20260319_223557
At epoch 312, test loss = 9.0116
...model saved to 15_exp/models/FloydWarshallDataset_tropical_0.0001_20000_20260319_223140_relu_best.pth...20260319_223558
At epoch 313, test loss = 8.8879
...model saved to 15_exp/models/FloydWarshallDataset_tropical_0.0001_20000_20260319_223140_relu_best.pth...20260319_223558
At epoch 315, test loss = 8.7540
...model saved to 15_exp/models/FloydWarshallDataset_tropical_0.0001_20000_20260319_223140_relu_best.pth...20260319_223600
At epoch 316, test loss = 8.6872
...model saved to 15_exp/models/FloydWarshallDataset_tropical_0.0001_20000_20260319_223140_relu_best.pth...20260319_223601
At epoch 317, test loss = 8.5992
...model saved to 15_exp/models/FloydWarshallDataset_tropical_0.0001_20000_20260319_223140_relu_best.pth...20260319_223601
At epoch 318, test loss = 8.4494
...model saved to 15_exp/models/FloydWarshallDataset_tropical_0.0001_20000_20260319_223140_relu_best.pth...20260319_223602
At epoch 319, test loss = 8.3864
...model saved to 15_exp/models/FloydWarshallDataset_tropical_0.0001_20000_20260319_223140_relu_best.pth...20260319_223603
At epoch 320, test loss = 8.3179
...model saved to 15_exp/models/FloydWarshallDataset_tropical_0.0001_20000_20260319_223140_relu_best.pth...20260319_223603
At epoch 321, test loss = 8.2664
...model saved to 15_exp/models/FloydWarshallDataset_tropical_0.0001_20000_20260319_223140_relu_best.pth...20260319_223604
At epoch 322, test loss = 8.1534
...model saved to 15_exp/models/FloydWarshallDataset_tropical_0.0001_20000_20260319_223140_relu_best.pth...20260319_223605
At epoch 323, test loss = 8.1043
...model saved to 15_exp/models/FloydWarshallDataset_tropical_0.0001_20000_20260319_223140_relu_best.pth...20260319_223606
At epoch 324, test loss = 7.9794
...model saved to 15_exp/models/FloydWarshallDataset_tropical_0.0001_20000_20260319_223140_relu_best.pth...20260319_223606
At epoch 325, test loss = 7.9280
...model saved to 15_exp/models/FloydWarshallDataset_tropical_0.0001_20000_20260319_223140_relu_best.pth...20260319_223607
At epoch 326, test loss = 7.8349
...model saved to 15_exp/models/FloydWarshallDataset_tropical_0.0001_20000_20260319_223140_relu_best.pth...20260319_223608
At epoch 327, test loss = 7.7476
...model saved to 15_exp/models/FloydWarshallDataset_tropical_0.0001_20000_20260319_223140_relu_best.pth...20260319_223608
At epoch 328, test loss = 7.6621
...model saved to 15_exp/models/FloydWarshallDataset_tropical_0.0001_20000_20260319_223140_relu_best.pth...20260319_223609
At epoch 329, test loss = 7.5816
...model saved to 15_exp/models/FloydWarshallDataset_tropical_0.0001_20000_20260319_223140_relu_best.pth...20260319_223610
At epoch 330, test loss = 7.5362
...model saved to 15_exp/models/FloydWarshallDataset_tropical_0.0001_20000_20260319_223140_relu_best.pth...20260319_223611
At epoch 331, test loss = 7.4589
...model saved to 15_exp/models/FloydWarshallDataset_tropical_0.0001_20000_20260319_223140_relu_best.pth...20260319_223611
At epoch 333, test loss = 7.3366
...model saved to 15_exp/models/FloydWarshallDataset_tropical_0.0001_20000_20260319_223140_relu_best.pth...20260319_223613
At epoch 334, test loss = 7.2620
...model saved to 15_exp/models/FloydWarshallDataset_tropical_0.0001_20000_20260319_223140_relu_best.pth...20260319_223613
At epoch 335, test loss = 7.2120
...model saved to 15_exp/models/FloydWarshallDataset_tropical_0.0001_20000_20260319_223140_relu_best.pth...20260319_223614
At epoch 336, test loss = 7.1213
...model saved to 15_exp/models/FloydWarshallDataset_tropical_0.0001_20000_20260319_223140_relu_best.pth...20260319_223615
At epoch 337, test loss = 7.0481
...model saved to 15_exp/models/FloydWarshallDataset_tropical_0.0001_20000_20260319_223140_relu_best.pth...20260319_223616
At epoch 338, test loss = 6.9877
...model saved to 15_exp/models/FloydWarshallDataset_tropical_0.0001_20000_20260319_223140_relu_best.pth...20260319_223616
At epoch 339, test loss = 6.9177
...model saved to 15_exp/models/FloydWarshallDataset_tropical_0.0001_20000_20260319_223140_relu_best.pth...20260319_223617
At epoch 340, test loss = 6.8561
...model saved to 15_exp/models/FloydWarshallDataset_tropical_0.0001_20000_20260319_223140_relu_best.pth...20260319_223618
At epoch 341, test loss = 6.8503
...model saved to 15_exp/models/FloydWarshallDataset_tropical_0.0001_20000_20260319_223140_relu_best.pth...20260319_223619
At epoch 342, test loss = 6.7171
...model saved to 15_exp/models/FloydWarshallDataset_tropical_0.0001_20000_20260319_223140_relu_best.pth...20260319_223619
At epoch 344, test loss = 6.6530
...model saved to 15_exp/models/FloydWarshallDataset_tropical_0.0001_20000_20260319_223140_relu_best.pth...20260319_223621
At epoch 345, test loss = 6.5689
...model saved to 15_exp/models/FloydWarshallDataset_tropical_0.0001_20000_20260319_223140_relu_best.pth...20260319_223621
At epoch 346, test loss = 6.4890
...model saved to 15_exp/models/FloydWarshallDataset_tropical_0.0001_20000_20260319_223140_relu_best.pth...20260319_223622
At epoch 347, test loss = 6.4263
...model saved to 15_exp/models/FloydWarshallDataset_tropical_0.0001_20000_20260319_223140_relu_best.pth...20260319_223623
At epoch 348, test loss = 6.3645
...model saved to 15_exp/models/FloydWarshallDataset_tropical_0.0001_20000_20260319_223140_relu_best.pth...20260319_223624
At epoch 350, test loss = 6.2341
...model saved to 15_exp/models/FloydWarshallDataset_tropical_0.0001_20000_20260319_223140_relu_best.pth...20260319_223625
At epoch 351, test loss = 6.1969
...model saved to 15_exp/models/FloydWarshallDataset_tropical_0.0001_20000_20260319_223140_relu_best.pth...20260319_223626
At epoch 352, test loss = 6.1526
...model saved to 15_exp/models/FloydWarshallDataset_tropical_0.0001_20000_20260319_223140_relu_best.pth...20260319_223626
At epoch 353, test loss = 6.1024
...model saved to 15_exp/models/FloydWarshallDataset_tropical_0.0001_20000_20260319_223140_relu_best.pth...20260319_223627
At epoch 354, test loss = 6.0820
...model saved to 15_exp/models/FloydWarshallDataset_tropical_0.0001_20000_20260319_223140_relu_best.pth...20260319_223628
At epoch 355, test loss = 6.0289
...model saved to 15_exp/models/FloydWarshallDataset_tropical_0.0001_20000_20260319_223140_relu_best.pth...20260319_223629
At epoch 356, test loss = 5.9769
...model saved to 15_exp/models/FloydWarshallDataset_tropical_0.0001_20000_20260319_223140_relu_best.pth...20260319_223629
At epoch 357, test loss = 5.9347
...model saved to 15_exp/models/FloydWarshallDataset_tropical_0.0001_20000_20260319_223140_relu_best.pth...20260319_223630
At epoch 358, test loss = 5.8349
...model saved to 15_exp/models/FloydWarshallDataset_tropical_0.0001_20000_20260319_223140_relu_best.pth...20260319_223631
At epoch 359, test loss = 5.7731
...model saved to 15_exp/models/FloydWarshallDataset_tropical_0.0001_20000_20260319_223140_relu_best.pth...20260319_223631
At epoch 360, test loss = 5.7517
...model saved to 15_exp/models/FloydWarshallDataset_tropical_0.0001_20000_20260319_223140_relu_best.pth...20260319_223632
At epoch 362, test loss = 5.6619
...model saved to 15_exp/models/FloydWarshallDataset_tropical_0.0001_20000_20260319_223140_relu_best.pth...20260319_223634
At epoch 364, test loss = 5.5629
...model saved to 15_exp/models/FloydWarshallDataset_tropical_0.0001_20000_20260319_223140_relu_best.pth...20260319_223635
At epoch 365, test loss = 5.5379
...model saved to 15_exp/models/FloydWarshallDataset_tropical_0.0001_20000_20260319_223140_relu_best.pth...20260319_223636
At epoch 366, test loss = 5.4937
...model saved to 15_exp/models/FloydWarshallDataset_tropical_0.0001_20000_20260319_223140_relu_best.pth...20260319_223636
At epoch 367, test loss = 5.4714
...model saved to 15_exp/models/FloydWarshallDataset_tropical_0.0001_20000_20260319_223140_relu_best.pth...20260319_223637
At epoch 368, test loss = 5.3670
...model saved to 15_exp/models/FloydWarshallDataset_tropical_0.0001_20000_20260319_223140_relu_best.pth...20260319_223638
At epoch 369, test loss = 5.3135
...model saved to 15_exp/models/FloydWarshallDataset_tropical_0.0001_20000_20260319_223140_relu_best.pth...20260319_223639
At epoch 370, test loss = 5.2852
...model saved to 15_exp/models/FloydWarshallDataset_tropical_0.0001_20000_20260319_223140_relu_best.pth...20260319_223639
At epoch 371, test loss = 5.2833
...model saved to 15_exp/models/FloydWarshallDataset_tropical_0.0001_20000_20260319_223140_relu_best.pth...20260319_223640
At epoch 372, test loss = 5.2158
...model saved to 15_exp/models/FloydWarshallDataset_tropical_0.0001_20000_20260319_223140_relu_best.pth...20260319_223641
At epoch 373, test loss = 5.1523
...model saved to 15_exp/models/FloydWarshallDataset_tropical_0.0001_20000_20260319_223140_relu_best.pth...20260319_223641
At epoch 374, test loss = 5.1004
...model saved to 15_exp/models/FloydWarshallDataset_tropical_0.0001_20000_20260319_223140_relu_best.pth...20260319_223642
At epoch 375, test loss = 5.0613
...model saved to 15_exp/models/FloydWarshallDataset_tropical_0.0001_20000_20260319_223140_relu_best.pth...20260319_223643
At epoch 377, test loss = 5.0272
...model saved to 15_exp/models/FloydWarshallDataset_tropical_0.0001_20000_20260319_223140_relu_best.pth...20260319_223644
At epoch 378, test loss = 5.0150
...model saved to 15_exp/models/FloydWarshallDataset_tropical_0.0001_20000_20260319_223140_relu_best.pth...20260319_223645
At epoch 380, test loss = 4.9463
...model saved to 15_exp/models/FloydWarshallDataset_tropical_0.0001_20000_20260319_223140_relu_best.pth...20260319_223646
At epoch 381, test loss = 4.8729
...model saved to 15_exp/models/FloydWarshallDataset_tropical_0.0001_20000_20260319_223140_relu_best.pth...20260319_223647
At epoch 382, test loss = 4.8253
...model saved to 15_exp/models/FloydWarshallDataset_tropical_0.0001_20000_20260319_223140_relu_best.pth...20260319_223647
At epoch 383, test loss = 4.7694
...model saved to 15_exp/models/FloydWarshallDataset_tropical_0.0001_20000_20260319_223140_relu_best.pth...20260319_223648
At epoch 384, test loss = 4.7391
...model saved to 15_exp/models/FloydWarshallDataset_tropical_0.0001_20000_20260319_223140_relu_best.pth...20260319_223649
At epoch 385, test loss = 4.7220
...model saved to 15_exp/models/FloydWarshallDataset_tropical_0.0001_20000_20260319_223140_relu_best.pth...20260319_223650
At epoch 386, test loss = 4.6594
...model saved to 15_exp/models/FloydWarshallDataset_tropical_0.0001_20000_20260319_223140_relu_best.pth...20260319_223650
At epoch 387, test loss = 4.6362
...model saved to 15_exp/models/FloydWarshallDataset_tropical_0.0001_20000_20260319_223140_relu_best.pth...20260319_223651
At epoch 388, test loss = 4.6196
...model saved to 15_exp/models/FloydWarshallDataset_tropical_0.0001_20000_20260319_223140_relu_best.pth...20260319_223652
At epoch 390, test loss = 4.5429
...model saved to 15_exp/models/FloydWarshallDataset_tropical_0.0001_20000_20260319_223140_relu_best.pth...20260319_223653
At epoch 392, test loss = 4.4991
...model saved to 15_exp/models/FloydWarshallDataset_tropical_0.0001_20000_20260319_223140_relu_best.pth...20260319_223654
At epoch 393, test loss = 4.4833
...model saved to 15_exp/models/FloydWarshallDataset_tropical_0.0001_20000_20260319_223140_relu_best.pth...20260319_223655
At epoch 394, test loss = 4.4562
...model saved to 15_exp/models/FloydWarshallDataset_tropical_0.0001_20000_20260319_223140_relu_best.pth...20260319_223656
At epoch 395, test loss = 4.3547
...model saved to 15_exp/models/FloydWarshallDataset_tropical_0.0001_20000_20260319_223140_relu_best.pth...20260319_223656
At epoch 396, test loss = 4.3343
...model saved to 15_exp/models/FloydWarshallDataset_tropical_0.0001_20000_20260319_223140_relu_best.pth...20260319_223657
At epoch 397, test loss = 4.3296
...model saved to 15_exp/models/FloydWarshallDataset_tropical_0.0001_20000_20260319_223140_relu_best.pth...20260319_223658
At epoch 399, test loss = 4.3122
...model saved to 15_exp/models/FloydWarshallDataset_tropical_0.0001_20000_20260319_223140_relu_best.pth...20260319_223659
At epoch 400, test loss = 4.2611
...model saved to 15_exp/models/FloydWarshallDataset_tropical_0.0001_20000_20260319_223140_relu_best.pth...20260319_223700
At epoch 401, test loss = 4.2311
...model saved to 15_exp/models/FloydWarshallDataset_tropical_0.0001_20000_20260319_223140_relu_best.pth...20260319_223701
At epoch 402, test loss = 4.1796
...model saved to 15_exp/models/FloydWarshallDataset_tropical_0.0001_20000_20260319_223140_relu_best.pth...20260319_223701
At epoch 404, test loss = 4.1329
...model saved to 15_exp/models/FloydWarshallDataset_tropical_0.0001_20000_20260319_223140_relu_best.pth...20260319_223703
At epoch 406, test loss = 4.0487
...model saved to 15_exp/models/FloydWarshallDataset_tropical_0.0001_20000_20260319_223140_relu_best.pth...20260319_223704
At epoch 407, test loss = 4.0361
...model saved to 15_exp/models/FloydWarshallDataset_tropical_0.0001_20000_20260319_223140_relu_best.pth...20260319_223705
At epoch 408, test loss = 4.0321
...model saved to 15_exp/models/FloydWarshallDataset_tropical_0.0001_20000_20260319_223140_relu_best.pth...20260319_223705
At epoch 409, test loss = 3.9896
...model saved to 15_exp/models/FloydWarshallDataset_tropical_0.0001_20000_20260319_223140_relu_best.pth...20260319_223706
At epoch 410, test loss = 3.9538
...model saved to 15_exp/models/FloydWarshallDataset_tropical_0.0001_20000_20260319_223140_relu_best.pth...20260319_223707
At epoch 411, test loss = 3.9296
...model saved to 15_exp/models/FloydWarshallDataset_tropical_0.0001_20000_20260319_223140_relu_best.pth...20260319_223707
At epoch 412, test loss = 3.9284
...model saved to 15_exp/models/FloydWarshallDataset_tropical_0.0001_20000_20260319_223140_relu_best.pth...20260319_223708
At epoch 413, test loss = 3.8821
...model saved to 15_exp/models/FloydWarshallDataset_tropical_0.0001_20000_20260319_223140_relu_best.pth...20260319_223709
At epoch 414, test loss = 3.8612
...model saved to 15_exp/models/FloydWarshallDataset_tropical_0.0001_20000_20260319_223140_relu_best.pth...20260319_223709
At epoch 415, test loss = 3.8137
...model saved to 15_exp/models/FloydWarshallDataset_tropical_0.0001_20000_20260319_223140_relu_best.pth...20260319_223710
At epoch 416, test loss = 3.8020
...model saved to 15_exp/models/FloydWarshallDataset_tropical_0.0001_20000_20260319_223140_relu_best.pth...20260319_223711
At epoch 417, test loss = 3.7853
...model saved to 15_exp/models/FloydWarshallDataset_tropical_0.0001_20000_20260319_223140_relu_best.pth...20260319_223711
At epoch 418, test loss = 3.7694
...model saved to 15_exp/models/FloydWarshallDataset_tropical_0.0001_20000_20260319_223140_relu_best.pth...20260319_223712
At epoch 419, test loss = 3.7356
...model saved to 15_exp/models/FloydWarshallDataset_tropical_0.0001_20000_20260319_223140_relu_best.pth...20260319_223713
At epoch 421, test loss = 3.7164
...model saved to 15_exp/models/FloydWarshallDataset_tropical_0.0001_20000_20260319_223140_relu_best.pth...20260319_223714
At epoch 422, test loss = 3.6340
...model saved to 15_exp/models/FloydWarshallDataset_tropical_0.0001_20000_20260319_223140_relu_best.pth...20260319_223715
At epoch 425, test loss = 3.5905
...model saved to 15_exp/models/FloydWarshallDataset_tropical_0.0001_20000_20260319_223140_relu_best.pth...20260319_223717
At epoch 427, test loss = 3.5294
...model saved to 15_exp/models/FloydWarshallDataset_tropical_0.0001_20000_20260319_223140_relu_best.pth...20260319_223718
At epoch 428, test loss = 3.5247
...model saved to 15_exp/models/FloydWarshallDataset_tropical_0.0001_20000_20260319_223140_relu_best.pth...20260319_223719
At epoch 430, test loss = 3.4863
...model saved to 15_exp/models/FloydWarshallDataset_tropical_0.0001_20000_20260319_223140_relu_best.pth...20260319_223720
At epoch 432, test loss = 3.4415
...model saved to 15_exp/models/FloydWarshallDataset_tropical_0.0001_20000_20260319_223140_relu_best.pth...20260319_223722
At epoch 434, test loss = 3.4237
...model saved to 15_exp/models/FloydWarshallDataset_tropical_0.0001_20000_20260319_223140_relu_best.pth...20260319_223723
At epoch 435, test loss = 3.3753
...model saved to 15_exp/models/FloydWarshallDataset_tropical_0.0001_20000_20260319_223140_relu_best.pth...20260319_223724
At epoch 437, test loss = 3.3574
...model saved to 15_exp/models/FloydWarshallDataset_tropical_0.0001_20000_20260319_223140_relu_best.pth...20260319_223725
At epoch 439, test loss = 3.3313
...model saved to 15_exp/models/FloydWarshallDataset_tropical_0.0001_20000_20260319_223140_relu_best.pth...20260319_223726
At epoch 440, test loss = 3.3073
...model saved to 15_exp/models/FloydWarshallDataset_tropical_0.0001_20000_20260319_223140_relu_best.pth...20260319_223727
At epoch 441, test loss = 3.2643
...model saved to 15_exp/models/FloydWarshallDataset_tropical_0.0001_20000_20260319_223140_relu_best.pth...20260319_223728
At epoch 444, test loss = 3.2068
...model saved to 15_exp/models/FloydWarshallDataset_tropical_0.0001_20000_20260319_223140_relu_best.pth...20260319_223730
At epoch 445, test loss = 3.1916
...model saved to 15_exp/models/FloydWarshallDataset_tropical_0.0001_20000_20260319_223140_relu_best.pth...20260319_223731
At epoch 447, test loss = 3.1457
...model saved to 15_exp/models/FloydWarshallDataset_tropical_0.0001_20000_20260319_223140_relu_best.pth...20260319_223732
At epoch 449, test loss = 3.1090
...model saved to 15_exp/models/FloydWarshallDataset_tropical_0.0001_20000_20260319_223140_relu_best.pth...20260319_223733
At epoch 451, test loss = 3.0979
...model saved to 15_exp/models/FloydWarshallDataset_tropical_0.0001_20000_20260319_223140_relu_best.pth...20260319_223735
At epoch 452, test loss = 3.0701
...model saved to 15_exp/models/FloydWarshallDataset_tropical_0.0001_20000_20260319_223140_relu_best.pth...20260319_223735
At epoch 453, test loss = 3.0394
...model saved to 15_exp/models/FloydWarshallDataset_tropical_0.0001_20000_20260319_223140_relu_best.pth...20260319_223736
At epoch 455, test loss = 3.0267
...model saved to 15_exp/models/FloydWarshallDataset_tropical_0.0001_20000_20260319_223140_relu_best.pth...20260319_223738
At epoch 456, test loss = 2.9985
...model saved to 15_exp/models/FloydWarshallDataset_tropical_0.0001_20000_20260319_223140_relu_best.pth...20260319_223738
At epoch 458, test loss = 2.9648
...model saved to 15_exp/models/FloydWarshallDataset_tropical_0.0001_20000_20260319_223140_relu_best.pth...20260319_223740
At epoch 460, test loss = 2.9486
...model saved to 15_exp/models/FloydWarshallDataset_tropical_0.0001_20000_20260319_223140_relu_best.pth...20260319_223741
At epoch 462, test loss = 2.9250
...model saved to 15_exp/models/FloydWarshallDataset_tropical_0.0001_20000_20260319_223140_relu_best.pth...20260319_223742
At epoch 465, test loss = 2.9050
...model saved to 15_exp/models/FloydWarshallDataset_tropical_0.0001_20000_20260319_223140_relu_best.pth...20260319_223744
At epoch 467, test loss = 2.8361
...model saved to 15_exp/models/FloydWarshallDataset_tropical_0.0001_20000_20260319_223140_relu_best.pth...20260319_223746
At epoch 470, test loss = 2.7938
...model saved to 15_exp/models/FloydWarshallDataset_tropical_0.0001_20000_20260319_223140_relu_best.pth...20260319_223748
At epoch 472, test loss = 2.7789
...model saved to 15_exp/models/FloydWarshallDataset_tropical_0.0001_20000_20260319_223140_relu_best.pth...20260319_223749
At epoch 475, test loss = 2.7184
...model saved to 15_exp/models/FloydWarshallDataset_tropical_0.0001_20000_20260319_223140_relu_best.pth...20260319_223751
At epoch 479, test loss = 2.6899
...model saved to 15_exp/models/FloydWarshallDataset_tropical_0.0001_20000_20260319_223140_relu_best.pth...20260319_223754
At epoch 480, test loss = 2.6794
...model saved to 15_exp/models/FloydWarshallDataset_tropical_0.0001_20000_20260319_223140_relu_best.pth...20260319_223754
At epoch 481, test loss = 2.6666
...model saved to 15_exp/models/FloydWarshallDataset_tropical_0.0001_20000_20260319_223140_relu_best.pth...20260319_223755
At epoch 484, test loss = 2.6499
...model saved to 15_exp/models/FloydWarshallDataset_tropical_0.0001_20000_20260319_223140_relu_best.pth...20260319_223757
At epoch 485, test loss = 2.5946
...model saved to 15_exp/models/FloydWarshallDataset_tropical_0.0001_20000_20260319_223140_relu_best.pth...20260319_223758
At epoch 489, test loss = 2.5332
...model saved to 15_exp/models/FloydWarshallDataset_tropical_0.0001_20000_20260319_223140_relu_best.pth...20260319_223801
At epoch 494, test loss = 2.5181
...model saved to 15_exp/models/FloydWarshallDataset_tropical_0.0001_20000_20260319_223140_relu_best.pth...20260319_223804
At epoch 495, test loss = 2.5029
...model saved to 15_exp/models/FloydWarshallDataset_tropical_0.0001_20000_20260319_223140_relu_best.pth...20260319_223805
At epoch 497, test loss = 2.4671
...model saved to 15_exp/models/FloydWarshallDataset_tropical_0.0001_20000_20260319_223140_relu_best.pth...20260319_223806
At epoch 498, test loss = 2.4432
...model saved to 15_exp/models/FloydWarshallDataset_tropical_0.0001_20000_20260319_223140_relu_best.pth...20260319_223807
At epoch 502, test loss = 2.4355
...model saved to 15_exp/models/FloydWarshallDataset_tropical_0.0001_20000_20260319_223140_relu_best.pth...20260319_223809
At epoch 503, test loss = 2.4029
...model saved to 15_exp/models/FloydWarshallDataset_tropical_0.0001_20000_20260319_223140_relu_best.pth...20260319_223810
At epoch 506, test loss = 2.3907
...model saved to 15_exp/models/FloydWarshallDataset_tropical_0.0001_20000_20260319_223140_relu_best.pth...20260319_223812
At epoch 507, test loss = 2.3633
...model saved to 15_exp/models/FloydWarshallDataset_tropical_0.0001_20000_20260319_223140_relu_best.pth...20260319_223813
At epoch 509, test loss = 2.3464
...model saved to 15_exp/models/FloydWarshallDataset_tropical_0.0001_20000_20260319_223140_relu_best.pth...20260319_223814
At epoch 510, test loss = 2.3389
...model saved to 15_exp/models/FloydWarshallDataset_tropical_0.0001_20000_20260319_223140_relu_best.pth...20260319_223815
At epoch 512, test loss = 2.2944
...model saved to 15_exp/models/FloydWarshallDataset_tropical_0.0001_20000_20260319_223140_relu_best.pth...20260319_223816
At epoch 520, test loss = 2.2880
...model saved to 15_exp/models/FloydWarshallDataset_tropical_0.0001_20000_20260319_223140_relu_best.pth...20260319_223821
At epoch 521, test loss = 2.2666
...model saved to 15_exp/models/FloydWarshallDataset_tropical_0.0001_20000_20260319_223140_relu_best.pth...20260319_223822
At epoch 523, test loss = 2.2345
...model saved to 15_exp/models/FloydWarshallDataset_tropical_0.0001_20000_20260319_223140_relu_best.pth...20260319_223823
At epoch 525, test loss = 2.2225
...model saved to 15_exp/models/FloydWarshallDataset_tropical_0.0001_20000_20260319_223140_relu_best.pth...20260319_223825
At epoch 526, test loss = 2.2042
...model saved to 15_exp/models/FloydWarshallDataset_tropical_0.0001_20000_20260319_223140_relu_best.pth...20260319_223825
At epoch 527, test loss = 2.2031
...model saved to 15_exp/models/FloydWarshallDataset_tropical_0.0001_20000_20260319_223140_relu_best.pth...20260319_223826
At epoch 530, test loss = 2.1863
...model saved to 15_exp/models/FloydWarshallDataset_tropical_0.0001_20000_20260319_223140_relu_best.pth...20260319_223828
At epoch 531, test loss = 2.1850
...model saved to 15_exp/models/FloydWarshallDataset_tropical_0.0001_20000_20260319_223140_relu_best.pth...20260319_223829
At epoch 532, test loss = 2.1784
...model saved to 15_exp/models/FloydWarshallDataset_tropical_0.0001_20000_20260319_223140_relu_best.pth...20260319_223829
At epoch 534, test loss = 2.1456
...model saved to 15_exp/models/FloydWarshallDataset_tropical_0.0001_20000_20260319_223140_relu_best.pth...20260319_223831
At epoch 535, test loss = 2.1377
...model saved to 15_exp/models/FloydWarshallDataset_tropical_0.0001_20000_20260319_223140_relu_best.pth...20260319_223831
At epoch 538, test loss = 2.1097
...model saved to 15_exp/models/FloydWarshallDataset_tropical_0.0001_20000_20260319_223140_relu_best.pth...20260319_223833
At epoch 539, test loss = 2.0718
...model saved to 15_exp/models/FloydWarshallDataset_tropical_0.0001_20000_20260319_223140_relu_best.pth...20260319_223834
At epoch 546, test loss = 2.0671
...model saved to 15_exp/models/FloydWarshallDataset_tropical_0.0001_20000_20260319_223140_relu_best.pth...20260319_223839
At epoch 547, test loss = 2.0428
...model saved to 15_exp/models/FloydWarshallDataset_tropical_0.0001_20000_20260319_223140_relu_best.pth...20260319_223840
At epoch 549, test loss = 2.0409
...model saved to 15_exp/models/FloydWarshallDataset_tropical_0.0001_20000_20260319_223140_relu_best.pth...20260319_223841
At epoch 550, test loss = 2.0382
...model saved to 15_exp/models/FloydWarshallDataset_tropical_0.0001_20000_20260319_223140_relu_best.pth...20260319_223842
At epoch 552, test loss = 2.0252
...model saved to 15_exp/models/FloydWarshallDataset_tropical_0.0001_20000_20260319_223140_relu_best.pth...20260319_223843
At epoch 555, test loss = 2.0140
...model saved to 15_exp/models/FloydWarshallDataset_tropical_0.0001_20000_20260319_223140_relu_best.pth...20260319_223845
At epoch 556, test loss = 1.9848
...model saved to 15_exp/models/FloydWarshallDataset_tropical_0.0001_20000_20260319_223140_relu_best.pth...20260319_223846
At epoch 560, test loss = 1.9667
...model saved to 15_exp/models/FloydWarshallDataset_tropical_0.0001_20000_20260319_223140_relu_best.pth...20260319_223849
At epoch 562, test loss = 1.9546
...model saved to 15_exp/models/FloydWarshallDataset_tropical_0.0001_20000_20260319_223140_relu_best.pth...20260319_223850
At epoch 564, test loss = 1.9436
...model saved to 15_exp/models/FloydWarshallDataset_tropical_0.0001_20000_20260319_223140_relu_best.pth...20260319_223851
At epoch 565, test loss = 1.9218
...model saved to 15_exp/models/FloydWarshallDataset_tropical_0.0001_20000_20260319_223140_relu_best.pth...20260319_223852
At epoch 570, test loss = 1.8777
...model saved to 15_exp/models/FloydWarshallDataset_tropical_0.0001_20000_20260319_223140_relu_best.pth...20260319_223855
At epoch 576, test loss = 1.8671
...model saved to 15_exp/models/FloydWarshallDataset_tropical_0.0001_20000_20260319_223140_relu_best.pth...20260319_223859
At epoch 579, test loss = 1.8561
...model saved to 15_exp/models/FloydWarshallDataset_tropical_0.0001_20000_20260319_223140_relu_best.pth...20260319_223901
At epoch 580, test loss = 1.8546
...model saved to 15_exp/models/FloydWarshallDataset_tropical_0.0001_20000_20260319_223140_relu_best.pth...20260319_223902
At epoch 581, test loss = 1.8434
...model saved to 15_exp/models/FloydWarshallDataset_tropical_0.0001_20000_20260319_223140_relu_best.pth...20260319_223903
At epoch 582, test loss = 1.8389
...model saved to 15_exp/models/FloydWarshallDataset_tropical_0.0001_20000_20260319_223140_relu_best.pth...20260319_223903
At epoch 583, test loss = 1.8159
...model saved to 15_exp/models/FloydWarshallDataset_tropical_0.0001_20000_20260319_223140_relu_best.pth...20260319_223904
At epoch 584, test loss = 1.8123
...model saved to 15_exp/models/FloydWarshallDataset_tropical_0.0001_20000_20260319_223140_relu_best.pth...20260319_223905
At epoch 590, test loss = 1.8027
...model saved to 15_exp/models/FloydWarshallDataset_tropical_0.0001_20000_20260319_223140_relu_best.pth...20260319_223909
At epoch 591, test loss = 1.7880
...model saved to 15_exp/models/FloydWarshallDataset_tropical_0.0001_20000_20260319_223140_relu_best.pth...20260319_223909
At epoch 594, test loss = 1.7840
...model saved to 15_exp/models/FloydWarshallDataset_tropical_0.0001_20000_20260319_223140_relu_best.pth...20260319_223911
At epoch 596, test loss = 1.7760
...model saved to 15_exp/models/FloydWarshallDataset_tropical_0.0001_20000_20260319_223140_relu_best.pth...20260319_223913
At epoch 599, test loss = 1.7667
...model saved to 15_exp/models/FloydWarshallDataset_tropical_0.0001_20000_20260319_223140_relu_best.pth...20260319_223915
At epoch 600, test loss = 1.7587
...model saved to 15_exp/models/FloydWarshallDataset_tropical_0.0001_20000_20260319_223140_relu_best.pth...20260319_223915
At epoch 602, test loss = 1.7367
...model saved to 15_exp/models/FloydWarshallDataset_tropical_0.0001_20000_20260319_223140_relu_best.pth...20260319_223917
At epoch 607, test loss = 1.7222
...model saved to 15_exp/models/FloydWarshallDataset_tropical_0.0001_20000_20260319_223140_relu_best.pth...20260319_223920
At epoch 613, test loss = 1.7020
...model saved to 15_exp/models/FloydWarshallDataset_tropical_0.0001_20000_20260319_223140_relu_best.pth...20260319_223924
At epoch 614, test loss = 1.6843
...model saved to 15_exp/models/FloydWarshallDataset_tropical_0.0001_20000_20260319_223140_relu_best.pth...20260319_223925
At epoch 619, test loss = 1.6626
...model saved to 15_exp/models/FloydWarshallDataset_tropical_0.0001_20000_20260319_223140_relu_best.pth...20260319_223928
At epoch 623, test loss = 1.6538
...model saved to 15_exp/models/FloydWarshallDataset_tropical_0.0001_20000_20260319_223140_relu_best.pth...20260319_223931
At epoch 626, test loss = 1.6477
...model saved to 15_exp/models/FloydWarshallDataset_tropical_0.0001_20000_20260319_223140_relu_best.pth...20260319_223933
At epoch 628, test loss = 1.6400
...model saved to 15_exp/models/FloydWarshallDataset_tropical_0.0001_20000_20260319_223140_relu_best.pth...20260319_223934
At epoch 632, test loss = 1.6138
...model saved to 15_exp/models/FloydWarshallDataset_tropical_0.0001_20000_20260319_223140_relu_best.pth...20260319_223937
At epoch 634, test loss = 1.6030
...model saved to 15_exp/models/FloydWarshallDataset_tropical_0.0001_20000_20260319_223140_relu_best.pth...20260319_223938
At epoch 638, test loss = 1.5776
...model saved to 15_exp/models/FloydWarshallDataset_tropical_0.0001_20000_20260319_223140_relu_best.pth...20260319_223941
At epoch 643, test loss = 1.5730
...model saved to 15_exp/models/FloydWarshallDataset_tropical_0.0001_20000_20260319_223140_relu_best.pth...20260319_223944
At epoch 648, test loss = 1.5641
...model saved to 15_exp/models/FloydWarshallDataset_tropical_0.0001_20000_20260319_223140_relu_best.pth...20260319_223948
At epoch 649, test loss = 1.5502
...model saved to 15_exp/models/FloydWarshallDataset_tropical_0.0001_20000_20260319_223140_relu_best.pth...20260319_223948
At epoch 654, test loss = 1.5437
...model saved to 15_exp/models/FloydWarshallDataset_tropical_0.0001_20000_20260319_223140_relu_best.pth...20260319_223952
At epoch 656, test loss = 1.5346
...model saved to 15_exp/models/FloydWarshallDataset_tropical_0.0001_20000_20260319_223140_relu_best.pth...20260319_223953
At epoch 659, test loss = 1.5135
...model saved to 15_exp/models/FloydWarshallDataset_tropical_0.0001_20000_20260319_223140_relu_best.pth...20260319_223955
At epoch 661, test loss = 1.5065
...model saved to 15_exp/models/FloydWarshallDataset_tropical_0.0001_20000_20260319_223140_relu_best.pth...20260319_223956
At epoch 665, test loss = 1.5024
...model saved to 15_exp/models/FloydWarshallDataset_tropical_0.0001_20000_20260319_223140_relu_best.pth...20260319_223959
At epoch 667, test loss = 1.4987
...model saved to 15_exp/models/FloydWarshallDataset_tropical_0.0001_20000_20260319_223140_relu_best.pth...20260319_224000
At epoch 673, test loss = 1.4965
...model saved to 15_exp/models/FloydWarshallDataset_tropical_0.0001_20000_20260319_223140_relu_best.pth...20260319_224004
At epoch 675, test loss = 1.4645
...model saved to 15_exp/models/FloydWarshallDataset_tropical_0.0001_20000_20260319_223140_relu_best.pth...20260319_224006
At epoch 684, test loss = 1.4476
...model saved to 15_exp/models/FloydWarshallDataset_tropical_0.0001_20000_20260319_223140_relu_best.pth...20260319_224012
At epoch 688, test loss = 1.4440
...model saved to 15_exp/models/FloydWarshallDataset_tropical_0.0001_20000_20260319_223140_relu_best.pth...20260319_224014
At epoch 693, test loss = 1.4161
...model saved to 15_exp/models/FloydWarshallDataset_tropical_0.0001_20000_20260319_223140_relu_best.pth...20260319_224018
At epoch 695, test loss = 1.4060
...model saved to 15_exp/models/FloydWarshallDataset_tropical_0.0001_20000_20260319_223140_relu_best.pth...20260319_224019
At epoch 701, test loss = 1.3763
...model saved to 15_exp/models/FloydWarshallDataset_tropical_0.0001_20000_20260319_223140_relu_best.pth...20260319_224023
At epoch 712, test loss = 1.3691
...model saved to 15_exp/models/FloydWarshallDataset_tropical_0.0001_20000_20260319_223140_relu_best.pth...20260319_224030
At epoch 720, test loss = 1.3674
...model saved to 15_exp/models/FloydWarshallDataset_tropical_0.0001_20000_20260319_223140_relu_best.pth...20260319_224036
At epoch 721, test loss = 1.3427
...model saved to 15_exp/models/FloydWarshallDataset_tropical_0.0001_20000_20260319_223140_relu_best.pth...20260319_224036
At epoch 730, test loss = 1.3309
...model saved to 15_exp/models/FloydWarshallDataset_tropical_0.0001_20000_20260319_223140_relu_best.pth...20260319_224042
At epoch 731, test loss = 1.3173
...model saved to 15_exp/models/FloydWarshallDataset_tropical_0.0001_20000_20260319_223140_relu_best.pth...20260319_224043
At epoch 739, test loss = 1.3134
...model saved to 15_exp/models/FloydWarshallDataset_tropical_0.0001_20000_20260319_223140_relu_best.pth...20260319_224048
At epoch 752, test loss = 1.3081
...model saved to 15_exp/models/FloydWarshallDataset_tropical_0.0001_20000_20260319_223140_relu_best.pth...20260319_224057
At epoch 754, test loss = 1.2976
...model saved to 15_exp/models/FloydWarshallDataset_tropical_0.0001_20000_20260319_223140_relu_best.pth...20260319_224058
At epoch 762, test loss = 1.2789
...model saved to 15_exp/models/FloydWarshallDataset_tropical_0.0001_20000_20260319_223140_relu_best.pth...20260319_224104
At epoch 767, test loss = 1.2638
...model saved to 15_exp/models/FloydWarshallDataset_tropical_0.0001_20000_20260319_223140_relu_best.pth...20260319_224107
At epoch 770, test loss = 1.2634
...model saved to 15_exp/models/FloydWarshallDataset_tropical_0.0001_20000_20260319_223140_relu_best.pth...20260319_224109
At epoch 774, test loss = 1.2622
...model saved to 15_exp/models/FloydWarshallDataset_tropical_0.0001_20000_20260319_223140_relu_best.pth...20260319_224112
At epoch 776, test loss = 1.2544
...model saved to 15_exp/models/FloydWarshallDataset_tropical_0.0001_20000_20260319_223140_relu_best.pth...20260319_224113
At epoch 778, test loss = 1.2295
...model saved to 15_exp/models/FloydWarshallDataset_tropical_0.0001_20000_20260319_223140_relu_best.pth...20260319_224115
At epoch 782, test loss = 1.2292
...model saved to 15_exp/models/FloydWarshallDataset_tropical_0.0001_20000_20260319_223140_relu_best.pth...20260319_224117
At epoch 797, test loss = 1.2049
...model saved to 15_exp/models/FloydWarshallDataset_tropical_0.0001_20000_20260319_223140_relu_best.pth...20260319_224127
At epoch 808, test loss = 1.1892
...model saved to 15_exp/models/FloydWarshallDataset_tropical_0.0001_20000_20260319_223140_relu_best.pth...20260319_224135
At epoch 811, test loss = 1.1751
...model saved to 15_exp/models/FloydWarshallDataset_tropical_0.0001_20000_20260319_223140_relu_best.pth...20260319_224137
At epoch 819, test loss = 1.1712
...model saved to 15_exp/models/FloydWarshallDataset_tropical_0.0001_20000_20260319_223140_relu_best.pth...20260319_224142
At epoch 821, test loss = 1.1682
...model saved to 15_exp/models/FloydWarshallDataset_tropical_0.0001_20000_20260319_223140_relu_best.pth...20260319_224143
At epoch 822, test loss = 1.1542
...model saved to 15_exp/models/FloydWarshallDataset_tropical_0.0001_20000_20260319_223140_relu_best.pth...20260319_224144
At epoch 837, test loss = 1.1525
...model saved to 15_exp/models/FloydWarshallDataset_tropical_0.0001_20000_20260319_223140_relu_best.pth...20260319_224154
At epoch 844, test loss = 1.1319
...model saved to 15_exp/models/FloydWarshallDataset_tropical_0.0001_20000_20260319_223140_relu_best.pth...20260319_224159
At epoch 849, test loss = 1.1317
...model saved to 15_exp/models/FloydWarshallDataset_tropical_0.0001_20000_20260319_223140_relu_best.pth...20260319_224202
At epoch 860, test loss = 1.1287
...model saved to 15_exp/models/FloydWarshallDataset_tropical_0.0001_20000_20260319_223140_relu_best.pth...20260319_224209
At epoch 865, test loss = 1.1053
...model saved to 15_exp/models/FloydWarshallDataset_tropical_0.0001_20000_20260319_223140_relu_best.pth...20260319_224213
At epoch 872, test loss = 1.1037
...model saved to 15_exp/models/FloydWarshallDataset_tropical_0.0001_20000_20260319_223140_relu_best.pth...20260319_224217
At epoch 873, test loss = 1.1035
...model saved to 15_exp/models/FloydWarshallDataset_tropical_0.0001_20000_20260319_223140_relu_best.pth...20260319_224218
At epoch 886, test loss = 1.0912
...model saved to 15_exp/models/FloydWarshallDataset_tropical_0.0001_20000_20260319_223140_relu_best.pth...20260319_224227
At epoch 897, test loss = 1.0895
...model saved to 15_exp/models/FloydWarshallDataset_tropical_0.0001_20000_20260319_223140_relu_best.pth...20260319_224234
At epoch 898, test loss = 1.0863
...model saved to 15_exp/models/FloydWarshallDataset_tropical_0.0001_20000_20260319_223140_relu_best.pth...20260319_224235
At epoch 900, test loss = 1.0777
...model saved to 15_exp/models/FloydWarshallDataset_tropical_0.0001_20000_20260319_223140_relu_best.pth...20260319_224236
At epoch 901, test loss = 1.0734
...model saved to 15_exp/models/FloydWarshallDataset_tropical_0.0001_20000_20260319_223140_relu_best.pth...20260319_224237
At epoch 907, test loss = 1.0605
...model saved to 15_exp/models/FloydWarshallDataset_tropical_0.0001_20000_20260319_223140_relu_best.pth...20260319_224241
At epoch 910, test loss = 1.0551
...model saved to 15_exp/models/FloydWarshallDataset_tropical_0.0001_20000_20260319_223140_relu_best.pth...20260319_224243
At epoch 920, test loss = 1.0368
...model saved to 15_exp/models/FloydWarshallDataset_tropical_0.0001_20000_20260319_223140_relu_best.pth...20260319_224249
At epoch 930, test loss = 1.0309
...model saved to 15_exp/models/FloydWarshallDataset_tropical_0.0001_20000_20260319_223140_relu_best.pth...20260319_224256
At epoch 938, test loss = 1.0182
...model saved to 15_exp/models/FloydWarshallDataset_tropical_0.0001_20000_20260319_223140_relu_best.pth...20260319_224301
At epoch 947, test loss = 1.0035
...model saved to 15_exp/models/FloydWarshallDataset_tropical_0.0001_20000_20260319_223140_relu_best.pth...20260319_224307
At epoch 963, test loss = 0.9996
...model saved to 15_exp/models/FloydWarshallDataset_tropical_0.0001_20000_20260319_223140_relu_best.pth...20260319_224318
At epoch 967, test loss = 0.9930
...model saved to 15_exp/models/FloydWarshallDataset_tropical_0.0001_20000_20260319_223140_relu_best.pth...20260319_224321
At epoch 989, test loss = 0.9854
...model saved to 15_exp/models/FloydWarshallDataset_tropical_0.0001_20000_20260319_223140_relu_best.pth...20260319_224335
At epoch 1001, test loss = 0.9773
...model saved to 15_exp/models/FloydWarshallDataset_tropical_0.0001_20000_20260319_223140_relu_best.pth...20260319_224343
At epoch 1005, test loss = 0.9647
...model saved to 15_exp/models/FloydWarshallDataset_tropical_0.0001_20000_20260319_223140_relu_best.pth...20260319_224346
At epoch 1013, test loss = 0.9629
...model saved to 15_exp/models/FloydWarshallDataset_tropical_0.0001_20000_20260319_223140_relu_best.pth...20260319_224351
At epoch 1018, test loss = 0.9419
...model saved to 15_exp/models/FloydWarshallDataset_tropical_0.0001_20000_20260319_223140_relu_best.pth...20260319_224354
At epoch 1028, test loss = 0.9288
...model saved to 15_exp/models/FloydWarshallDataset_tropical_0.0001_20000_20260319_223140_relu_best.pth...20260319_224401
At epoch 1045, test loss = 0.9283
...model saved to 15_exp/models/FloydWarshallDataset_tropical_0.0001_20000_20260319_223140_relu_best.pth...20260319_224412
At epoch 1058, test loss = 0.9123
...model saved to 15_exp/models/FloydWarshallDataset_tropical_0.0001_20000_20260319_223140_relu_best.pth...20260319_224421
At epoch 1084, test loss = 0.9063
...model saved to 15_exp/models/FloydWarshallDataset_tropical_0.0001_20000_20260319_223140_relu_best.pth...20260319_224438
At epoch 1087, test loss = 0.8876
...model saved to 15_exp/models/FloydWarshallDataset_tropical_0.0001_20000_20260319_223140_relu_best.pth...20260319_224440
At epoch 1104, test loss = 0.8866
...model saved to 15_exp/models/FloydWarshallDataset_tropical_0.0001_20000_20260319_223140_relu_best.pth...20260319_224451
At epoch 1115, test loss = 0.8811
...model saved to 15_exp/models/FloydWarshallDataset_tropical_0.0001_20000_20260319_223140_relu_best.pth...20260319_224459
At epoch 1118, test loss = 0.8636
...model saved to 15_exp/models/FloydWarshallDataset_tropical_0.0001_20000_20260319_223140_relu_best.pth...20260319_224501
At epoch 1134, test loss = 0.8625
...model saved to 15_exp/models/FloydWarshallDataset_tropical_0.0001_20000_20260319_223140_relu_best.pth...20260319_224511
At epoch 1136, test loss = 0.8436
...model saved to 15_exp/models/FloydWarshallDataset_tropical_0.0001_20000_20260319_223140_relu_best.pth...20260319_224513
At epoch 1189, test loss = 0.8193
...model saved to 15_exp/models/FloydWarshallDataset_tropical_0.0001_20000_20260319_223140_relu_best.pth...20260319_224548
At epoch 1215, test loss = 0.8173
...model saved to 15_exp/models/FloydWarshallDataset_tropical_0.0001_20000_20260319_223140_relu_best.pth...20260319_224605
At epoch 1231, test loss = 0.8134
...model saved to 15_exp/models/FloydWarshallDataset_tropical_0.0001_20000_20260319_223140_relu_best.pth...20260319_224616
At epoch 1233, test loss = 0.8050
...model saved to 15_exp/models/FloydWarshallDataset_tropical_0.0001_20000_20260319_223140_relu_best.pth...20260319_224617
At epoch 1248, test loss = 0.7986
...model saved to 15_exp/models/FloydWarshallDataset_tropical_0.0001_20000_20260319_223140_relu_best.pth...20260319_224627
At epoch 1260, test loss = 0.7977
...model saved to 15_exp/models/FloydWarshallDataset_tropical_0.0001_20000_20260319_223140_relu_best.pth...20260319_224635
At epoch 1265, test loss = 0.7868
...model saved to 15_exp/models/FloydWarshallDataset_tropical_0.0001_20000_20260319_223140_relu_best.pth...20260319_224638
At epoch 1274, test loss = 0.7805
...model saved to 15_exp/models/FloydWarshallDataset_tropical_0.0001_20000_20260319_223140_relu_best.pth...20260319_224644
At epoch 1323, test loss = 0.7782
...model saved to 15_exp/models/FloydWarshallDataset_tropical_0.0001_20000_20260319_223140_relu_best.pth...20260319_224717
At epoch 1324, test loss = 0.7686
...model saved to 15_exp/models/FloydWarshallDataset_tropical_0.0001_20000_20260319_223140_relu_best.pth...20260319_224717
At epoch 1338, test loss = 0.7660
...model saved to 15_exp/models/FloydWarshallDataset_tropical_0.0001_20000_20260319_223140_relu_best.pth...20260319_224727
At epoch 1342, test loss = 0.7480
...model saved to 15_exp/models/FloydWarshallDataset_tropical_0.0001_20000_20260319_223140_relu_best.pth...20260319_224730
At epoch 1355, test loss = 0.7354
...model saved to 15_exp/models/FloydWarshallDataset_tropical_0.0001_20000_20260319_223140_relu_best.pth...20260319_224739
At epoch 1399, test loss = 0.7317
...model saved to 15_exp/models/FloydWarshallDataset_tropical_0.0001_20000_20260319_223140_relu_best.pth...20260319_224811
At epoch 1423, test loss = 0.7175
...model saved to 15_exp/models/FloydWarshallDataset_tropical_0.0001_20000_20260319_223140_relu_best.pth...20260319_224828
At epoch 1448, test loss = 0.7150
...model saved to 15_exp/models/FloydWarshallDataset_tropical_0.0001_20000_20260319_223140_relu_best.pth...20260319_224846
At epoch 1449, test loss = 0.7134
...model saved to 15_exp/models/FloydWarshallDataset_tropical_0.0001_20000_20260319_223140_relu_best.pth...20260319_224847
At epoch 1452, test loss = 0.7049
...model saved to 15_exp/models/FloydWarshallDataset_tropical_0.0001_20000_20260319_223140_relu_best.pth...20260319_224849
At epoch 1463, test loss = 0.6966
...model saved to 15_exp/models/FloydWarshallDataset_tropical_0.0001_20000_20260319_223140_relu_best.pth...20260319_224857
At epoch 1466, test loss = 0.6917
...model saved to 15_exp/models/FloydWarshallDataset_tropical_0.0001_20000_20260319_223140_relu_best.pth...20260319_224859
At epoch 1502, test loss = 0.6909
...model saved to 15_exp/models/FloydWarshallDataset_tropical_0.0001_20000_20260319_223140_relu_best.pth...20260319_224924
At epoch 1523, test loss = 0.6906
...model saved to 15_exp/models/FloydWarshallDataset_tropical_0.0001_20000_20260319_223140_relu_best.pth...20260319_224939
At epoch 1549, test loss = 0.6765
...model saved to 15_exp/models/FloydWarshallDataset_tropical_0.0001_20000_20260319_223140_relu_best.pth...20260319_224957
At epoch 1561, test loss = 0.6596
...model saved to 15_exp/models/FloydWarshallDataset_tropical_0.0001_20000_20260319_223140_relu_best.pth...20260319_225006
At epoch 1578, test loss = 0.6566
...model saved to 15_exp/models/FloydWarshallDataset_tropical_0.0001_20000_20260319_223140_relu_best.pth...20260319_225018
At epoch 1586, test loss = 0.6522
...model saved to 15_exp/models/FloydWarshallDataset_tropical_0.0001_20000_20260319_223140_relu_best.pth...20260319_225023
At epoch 1593, test loss = 0.6484
...model saved to 15_exp/models/FloydWarshallDataset_tropical_0.0001_20000_20260319_223140_relu_best.pth...20260319_225028
At epoch 1612, test loss = 0.6457
...model saved to 15_exp/models/FloydWarshallDataset_tropical_0.0001_20000_20260319_223140_relu_best.pth...20260319_225042
At epoch 1644, test loss = 0.6448
...model saved to 15_exp/models/FloydWarshallDataset_tropical_0.0001_20000_20260319_223140_relu_best.pth...20260319_225105
At epoch 1650, test loss = 0.6404
...model saved to 15_exp/models/FloydWarshallDataset_tropical_0.0001_20000_20260319_223140_relu_best.pth...20260319_225109
At epoch 1662, test loss = 0.6397
...model saved to 15_exp/models/FloydWarshallDataset_tropical_0.0001_20000_20260319_223140_relu_best.pth...20260319_225117
At epoch 1672, test loss = 0.6315
...model saved to 15_exp/models/FloydWarshallDataset_tropical_0.0001_20000_20260319_223140_relu_best.pth...20260319_225124
At epoch 1691, test loss = 0.6314
...model saved to 15_exp/models/FloydWarshallDataset_tropical_0.0001_20000_20260319_223140_relu_best.pth...20260319_225138
At epoch 1709, test loss = 0.6255
...model saved to 15_exp/models/FloydWarshallDataset_tropical_0.0001_20000_20260319_223140_relu_best.pth...20260319_225151
At epoch 1710, test loss = 0.6247
...model saved to 15_exp/models/FloydWarshallDataset_tropical_0.0001_20000_20260319_223140_relu_best.pth...20260319_225152
At epoch 1716, test loss = 0.6148
...model saved to 15_exp/models/FloydWarshallDataset_tropical_0.0001_20000_20260319_223140_relu_best.pth...20260319_225156
At epoch 1762, test loss = 0.6097
...model saved to 15_exp/models/FloydWarshallDataset_tropical_0.0001_20000_20260319_223140_relu_best.pth...20260319_225229
At epoch 1789, test loss = 0.6081
...model saved to 15_exp/models/FloydWarshallDataset_tropical_0.0001_20000_20260319_223140_relu_best.pth...20260319_225248
At epoch 1797, test loss = 0.5926
...model saved to 15_exp/models/FloydWarshallDataset_tropical_0.0001_20000_20260319_223140_relu_best.pth...20260319_225254
At epoch 1835, test loss = 0.5894
...model saved to 15_exp/models/FloydWarshallDataset_tropical_0.0001_20000_20260319_223140_relu_best.pth...20260319_225320
At epoch 1843, test loss = 0.5851
...model saved to 15_exp/models/FloydWarshallDataset_tropical_0.0001_20000_20260319_223140_relu_best.pth...20260319_225326
At epoch 1844, test loss = 0.5833
...model saved to 15_exp/models/FloydWarshallDataset_tropical_0.0001_20000_20260319_223140_relu_best.pth...20260319_225327
At epoch 1890, test loss = 0.5747
...model saved to 15_exp/models/FloydWarshallDataset_tropical_0.0001_20000_20260319_223140_relu_best.pth...20260319_225400
At epoch 1894, test loss = 0.5745
...model saved to 15_exp/models/FloydWarshallDataset_tropical_0.0001_20000_20260319_223140_relu_best.pth...20260319_225402
At epoch 1897, test loss = 0.5496
...model saved to 15_exp/models/FloydWarshallDataset_tropical_0.0001_20000_20260319_223140_relu_best.pth...20260319_225405
At epoch 2007, test loss = 0.5495
...model saved to 15_exp/models/FloydWarshallDataset_tropical_0.0001_20000_20260319_223140_relu_best.pth...20260319_225523
At epoch 2009, test loss = 0.5485
...model saved to 15_exp/models/FloydWarshallDataset_tropical_0.0001_20000_20260319_223140_relu_best.pth...20260319_225524
At epoch 2024, test loss = 0.5408
...model saved to 15_exp/models/FloydWarshallDataset_tropical_0.0001_20000_20260319_223140_relu_best.pth...20260319_225534
At epoch 2057, test loss = 0.5361
...model saved to 15_exp/models/FloydWarshallDataset_tropical_0.0001_20000_20260319_223140_relu_best.pth...20260319_225556
At epoch 2060, test loss = 0.5206
...model saved to 15_exp/models/FloydWarshallDataset_tropical_0.0001_20000_20260319_223140_relu_best.pth...20260319_225558
At epoch 2082, test loss = 0.5110
...model saved to 15_exp/models/FloydWarshallDataset_tropical_0.0001_20000_20260319_223140_relu_best.pth...20260319_225613
At epoch 2181, test loss = 0.5061
...model saved to 15_exp/models/FloydWarshallDataset_tropical_0.0001_20000_20260319_223140_relu_best.pth...20260319_225718
At epoch 2226, test loss = 0.5021
...model saved to 15_exp/models/FloydWarshallDataset_tropical_0.0001_20000_20260319_223140_relu_best.pth...20260319_225748
At epoch 2244, test loss = 0.4821
...model saved to 15_exp/models/FloydWarshallDataset_tropical_0.0001_20000_20260319_223140_relu_best.pth...20260319_225800
At epoch 2298, test loss = 0.4777
...model saved to 15_exp/models/FloydWarshallDataset_tropical_0.0001_20000_20260319_223140_relu_best.pth...20260319_225838
At epoch 2327, test loss = 0.4715
...model saved to 15_exp/models/FloydWarshallDataset_tropical_0.0001_20000_20260319_223140_relu_best.pth...20260319_225859
At epoch 2339, test loss = 0.4688
...model saved to 15_exp/models/FloydWarshallDataset_tropical_0.0001_20000_20260319_223140_relu_best.pth...20260319_225907
At epoch 2443, test loss = 0.4582
...model saved to 15_exp/models/FloydWarshallDataset_tropical_0.0001_20000_20260319_223140_relu_best.pth...20260319_230021
At epoch 2444, test loss = 0.4557
...model saved to 15_exp/models/FloydWarshallDataset_tropical_0.0001_20000_20260319_223140_relu_best.pth...20260319_230022
At epoch 2471, test loss = 0.4402
...model saved to 15_exp/models/FloydWarshallDataset_tropical_0.0001_20000_20260319_223140_relu_best.pth...20260319_230041
At epoch 2594, test loss = 0.4281
...model saved to 15_exp/models/FloydWarshallDataset_tropical_0.0001_20000_20260319_223140_relu_best.pth...20260319_230208
At epoch 2732, test loss = 0.4237
...model saved to 15_exp/models/FloydWarshallDataset_tropical_0.0001_20000_20260319_223140_relu_best.pth...20260319_230344
At epoch 2738, test loss = 0.4081
...model saved to 15_exp/models/FloydWarshallDataset_tropical_0.0001_20000_20260319_223140_relu_best.pth...20260319_230348
At epoch 2781, test loss = 0.4024
...model saved to 15_exp/models/FloydWarshallDataset_tropical_0.0001_20000_20260319_223140_relu_best.pth...20260319_230418
At epoch 2885, test loss = 0.3953
...model saved to 15_exp/models/FloydWarshallDataset_tropical_0.0001_20000_20260319_223140_relu_best.pth...20260319_230531
At epoch 2943, test loss = 0.3893
...model saved to 15_exp/models/FloydWarshallDataset_tropical_0.0001_20000_20260319_223140_relu_best.pth...20260319_230612
At epoch 3008, test loss = 0.3859
...model saved to 15_exp/models/FloydWarshallDataset_tropical_0.0001_20000_20260319_223140_relu_best.pth...20260319_230658
At epoch 3073, test loss = 0.3805
...model saved to 15_exp/models/FloydWarshallDataset_tropical_0.0001_20000_20260319_223140_relu_best.pth...20260319_230744
At epoch 3087, test loss = 0.3791
...model saved to 15_exp/models/FloydWarshallDataset_tropical_0.0001_20000_20260319_223140_relu_best.pth...20260319_230754
At epoch 3099, test loss = 0.3611
...model saved to 15_exp/models/FloydWarshallDataset_tropical_0.0001_20000_20260319_223140_relu_best.pth...20260319_230803
At epoch 3186, test loss = 0.3500
...model saved to 15_exp/models/FloydWarshallDataset_tropical_0.0001_20000_20260319_223140_relu_best.pth...20260319_230901
At epoch 3258, test loss = 0.3453
...model saved to 15_exp/models/FloydWarshallDataset_tropical_0.0001_20000_20260319_223140_relu_best.pth...20260319_230949
At epoch 3267, test loss = 0.3428
...model saved to 15_exp/models/FloydWarshallDataset_tropical_0.0001_20000_20260319_223140_relu_best.pth...20260319_230955
At epoch 3398, test loss = 0.3421
...model saved to 15_exp/models/FloydWarshallDataset_tropical_0.0001_20000_20260319_223140_relu_best.pth...20260319_231121
At epoch 3424, test loss = 0.3405
...model saved to 15_exp/models/FloydWarshallDataset_tropical_0.0001_20000_20260319_223140_relu_best.pth...20260319_231138
At epoch 3564, test loss = 0.3389
...model saved to 15_exp/models/FloydWarshallDataset_tropical_0.0001_20000_20260319_223140_relu_best.pth...20260319_231310
At epoch 3572, test loss = 0.3296
...model saved to 15_exp/models/FloydWarshallDataset_tropical_0.0001_20000_20260319_223140_relu_best.pth...20260319_231316
At epoch 3577, test loss = 0.3105
...model saved to 15_exp/models/FloydWarshallDataset_tropical_0.0001_20000_20260319_223140_relu_best.pth...20260319_231319
At epoch 3581, test loss = 0.3011
...model saved to 15_exp/models/FloydWarshallDataset_tropical_0.0001_20000_20260319_223140_relu_best.pth...20260319_231322
At epoch 3765, test loss = 0.2995
...model saved to 15_exp/models/FloydWarshallDataset_tropical_0.0001_20000_20260319_223140_relu_best.pth...20260319_231523
At epoch 3818, test loss = 0.2766
...model saved to 15_exp/models/FloydWarshallDataset_tropical_0.0001_20000_20260319_223140_relu_best.pth...20260319_231557
At epoch 4120, test loss = 0.2649
...model saved to 15_exp/models/FloydWarshallDataset_tropical_0.0001_20000_20260319_223140_relu_best.pth...20260319_231916
At epoch 4436, test loss = 0.2608
...model saved to 15_exp/models/FloydWarshallDataset_tropical_0.0001_20000_20260319_223140_relu_best.pth...20260319_232250
At epoch 4458, test loss = 0.2303
...model saved to 15_exp/models/FloydWarshallDataset_tropical_0.0001_20000_20260319_223140_relu_best.pth...20260319_232304
At epoch 4869, test loss = 0.2261
...model saved to 15_exp/models/FloydWarshallDataset_tropical_0.0001_20000_20260319_223140_relu_best.pth...20260319_232748
At epoch 4942, test loss = 0.2169
...model saved to 15_exp/models/FloydWarshallDataset_tropical_0.0001_20000_20260319_223140_relu_best.pth...20260319_232845
At epoch 4960, test loss = 0.2158
...model saved to 15_exp/models/FloydWarshallDataset_tropical_0.0001_20000_20260319_223140_relu_best.pth...20260319_232900
At epoch 5131, test loss = 0.2149
...model saved to 15_exp/models/FloydWarshallDataset_tropical_0.0001_20000_20260319_223140_relu_best.pth...20260319_233113
At epoch 5241, test loss = 0.2044
...model saved to 15_exp/models/FloydWarshallDataset_tropical_0.0001_20000_20260319_223140_relu_best.pth...20260319_233243
At epoch 5445, test loss = 0.1980
...model saved to 15_exp/models/FloydWarshallDataset_tropical_0.0001_20000_20260319_223140_relu_best.pth...20260319_233508
At epoch 5482, test loss = 0.1835
...model saved to 15_exp/models/FloydWarshallDataset_tropical_0.0001_20000_20260319_223140_relu_best.pth...20260319_233535
At epoch 5836, test loss = 0.1783
...model saved to 15_exp/models/FloydWarshallDataset_tropical_0.0001_20000_20260319_223140_relu_best.pth...20260319_233949
At epoch 5883, test loss = 0.1704
...model saved to 15_exp/models/FloydWarshallDataset_tropical_0.0001_20000_20260319_223140_relu_best.pth...20260319_234022
At epoch 6178, test loss = 0.1617
...model saved to 15_exp/models/FloydWarshallDataset_tropical_0.0001_20000_20260319_223140_relu_best.pth...20260319_234357
At epoch 6259, test loss = 0.1550
...model saved to 15_exp/models/FloydWarshallDataset_tropical_0.0001_20000_20260319_223140_relu_best.pth...20260319_234455
At epoch 6313, test loss = 0.1536
...model saved to 15_exp/models/FloydWarshallDataset_tropical_0.0001_20000_20260319_223140_relu_best.pth...20260319_234533
At epoch 6500, test loss = 0.1420
...model saved to 15_exp/models/FloydWarshallDataset_tropical_0.0001_20000_20260319_223140_relu_best.pth...20260319_234751
At epoch 6841, test loss = 0.1386
...model saved to 15_exp/models/FloydWarshallDataset_tropical_0.0001_20000_20260319_223140_relu_best.pth...20260319_235150
At epoch 6844, test loss = 0.1224
...model saved to 15_exp/models/FloydWarshallDataset_tropical_0.0001_20000_20260319_223140_relu_best.pth...20260319_235152
At epoch 7627, test loss = 0.1197
...model saved to 15_exp/models/FloydWarshallDataset_tropical_0.0001_20000_20260319_223140_relu_best.pth...20260320_000058
At epoch 7873, test loss = 0.1166
...model saved to 15_exp/models/FloydWarshallDataset_tropical_0.0001_20000_20260319_223140_relu_best.pth...20260320_000338
At epoch 7986, test loss = 0.1148
...model saved to 15_exp/models/FloydWarshallDataset_tropical_0.0001_20000_20260319_223140_relu_best.pth...20260320_000452
At epoch 7994, test loss = 0.1141
...model saved to 15_exp/models/FloydWarshallDataset_tropical_0.0001_20000_20260319_223140_relu_best.pth...20260320_000457
At epoch 8139, test loss = 0.1125
...model saved to 15_exp/models/FloydWarshallDataset_tropical_0.0001_20000_20260319_223140_relu_best.pth...20260320_000632
At epoch 8469, test loss = 0.1120
...model saved to 15_exp/models/FloydWarshallDataset_tropical_0.0001_20000_20260319_223140_relu_best.pth...20260320_001007
At epoch 8683, test loss = 0.1103
...model saved to 15_exp/models/FloydWarshallDataset_tropical_0.0001_20000_20260319_223140_relu_best.pth...20260320_001227
At epoch 8828, test loss = 0.1036
...model saved to 15_exp/models/FloydWarshallDataset_tropical_0.0001_20000_20260319_223140_relu_best.pth...20260320_001402
At epoch 8954, test loss = 0.1027
...model saved to 15_exp/models/FloydWarshallDataset_tropical_0.0001_20000_20260319_223140_relu_best.pth...20260320_001524
At epoch 8966, test loss = 0.1004
...model saved to 15_exp/models/FloydWarshallDataset_tropical_0.0001_20000_20260319_223140_relu_best.pth...20260320_001532
At epoch 8994, test loss = 0.0996
...model saved to 15_exp/models/FloydWarshallDataset_tropical_0.0001_20000_20260319_223140_relu_best.pth...20260320_001550
At epoch 9328, test loss = 0.0992
...model saved to 15_exp/models/FloydWarshallDataset_tropical_0.0001_20000_20260319_223140_relu_best.pth...20260320_001927
At epoch 9500, test loss = 0.0941
...model saved to 15_exp/models/FloydWarshallDataset_tropical_0.0001_20000_20260319_223140_relu_best.pth...20260320_002120
At epoch 9572, test loss = 0.0932
...model saved to 15_exp/models/FloydWarshallDataset_tropical_0.0001_20000_20260319_223140_relu_best.pth...20260320_002206
At epoch 9748, test loss = 0.0910
...model saved to 15_exp/models/FloydWarshallDataset_tropical_0.0001_20000_20260319_223140_relu_best.pth...20260320_002401
At epoch 9966, test loss = 0.0906
...model saved to 15_exp/models/FloydWarshallDataset_tropical_0.0001_20000_20260319_223140_relu_best.pth...20260320_002624
At epoch 10109, test loss = 0.0899
...model saved to 15_exp/models/FloydWarshallDataset_tropical_0.0001_20000_20260319_223140_relu_best.pth...20260320_002757
At epoch 10249, test loss = 0.0866
...model saved to 15_exp/models/FloydWarshallDataset_tropical_0.0001_20000_20260319_223140_relu_best.pth...20260320_002927
At epoch 10265, test loss = 0.0864
...model saved to 15_exp/models/FloydWarshallDataset_tropical_0.0001_20000_20260319_223140_relu_best.pth...20260320_002938
At epoch 10291, test loss = 0.0863
...model saved to 15_exp/models/FloydWarshallDataset_tropical_0.0001_20000_20260319_223140_relu_best.pth...20260320_002955
At epoch 10491, test loss = 0.0850
...model saved to 15_exp/models/FloydWarshallDataset_tropical_0.0001_20000_20260319_223140_relu_best.pth...20260320_003205
At epoch 10685, test loss = 0.0813
...model saved to 15_exp/models/FloydWarshallDataset_tropical_0.0001_20000_20260319_223140_relu_best.pth...20260320_003410
At epoch 10744, test loss = 0.0806
...model saved to 15_exp/models/FloydWarshallDataset_tropical_0.0001_20000_20260319_223140_relu_best.pth...20260320_003449
At epoch 10809, test loss = 0.0795
...model saved to 15_exp/models/FloydWarshallDataset_tropical_0.0001_20000_20260319_223140_relu_best.pth...20260320_003531
At epoch 11128, test loss = 0.0780
...model saved to 15_exp/models/FloydWarshallDataset_tropical_0.0001_20000_20260319_223140_relu_best.pth...20260320_003859
At epoch 11182, test loss = 0.0774
...model saved to 15_exp/models/FloydWarshallDataset_tropical_0.0001_20000_20260319_223140_relu_best.pth...20260320_003934
At epoch 11183, test loss = 0.0770
...model saved to 15_exp/models/FloydWarshallDataset_tropical_0.0001_20000_20260319_223140_relu_best.pth...20260320_003935
At epoch 11446, test loss = 0.0766
...model saved to 15_exp/models/FloydWarshallDataset_tropical_0.0001_20000_20260319_223140_relu_best.pth...20260320_004227
At epoch 11491, test loss = 0.0760
...model saved to 15_exp/models/FloydWarshallDataset_tropical_0.0001_20000_20260319_223140_relu_best.pth...20260320_004256
At epoch 11514, test loss = 0.0754
...model saved to 15_exp/models/FloydWarshallDataset_tropical_0.0001_20000_20260319_223140_relu_best.pth...20260320_004311
At epoch 11675, test loss = 0.0751
...model saved to 15_exp/models/FloydWarshallDataset_tropical_0.0001_20000_20260319_223140_relu_best.pth...20260320_004502
At epoch 11713, test loss = 0.0745
...model saved to 15_exp/models/FloydWarshallDataset_tropical_0.0001_20000_20260319_223140_relu_best.pth...20260320_004528
At epoch 11733, test loss = 0.0744
...model saved to 15_exp/models/FloydWarshallDataset_tropical_0.0001_20000_20260319_223140_relu_best.pth...20260320_004542
At epoch 11844, test loss = 0.0730
...model saved to 15_exp/models/FloydWarshallDataset_tropical_0.0001_20000_20260319_223140_relu_best.pth...20260320_004658
At epoch 12007, test loss = 0.0711
...model saved to 15_exp/models/FloydWarshallDataset_tropical_0.0001_20000_20260319_223140_relu_best.pth...20260320_004850
At epoch 12156, test loss = 0.0694
...model saved to 15_exp/models/FloydWarshallDataset_tropical_0.0001_20000_20260319_223140_relu_best.pth...20260320_005029
At epoch 12263, test loss = 0.0681
...model saved to 15_exp/models/FloydWarshallDataset_tropical_0.0001_20000_20260319_223140_relu_best.pth...20260320_005138
At epoch 12368, test loss = 0.0679
...model saved to 15_exp/models/FloydWarshallDataset_tropical_0.0001_20000_20260319_223140_relu_best.pth...20260320_005247
At epoch 12441, test loss = 0.0671
...model saved to 15_exp/models/FloydWarshallDataset_tropical_0.0001_20000_20260319_223140_relu_best.pth...20260320_005334
At epoch 12547, test loss = 0.0664
...model saved to 15_exp/models/FloydWarshallDataset_tropical_0.0001_20000_20260319_223140_relu_best.pth...20260320_005444
At epoch 12653, test loss = 0.0661
...model saved to 15_exp/models/FloydWarshallDataset_tropical_0.0001_20000_20260319_223140_relu_best.pth...20260320_005553
At epoch 12748, test loss = 0.0644
...model saved to 15_exp/models/FloydWarshallDataset_tropical_0.0001_20000_20260319_223140_relu_best.pth...20260320_005656
At epoch 12789, test loss = 0.0628
...model saved to 15_exp/models/FloydWarshallDataset_tropical_0.0001_20000_20260319_223140_relu_best.pth...20260320_005724
At epoch 13369, test loss = 0.0627
...model saved to 15_exp/models/FloydWarshallDataset_tropical_0.0001_20000_20260319_223140_relu_best.pth...20260320_010358
At epoch 13374, test loss = 0.0608
...model saved to 15_exp/models/FloydWarshallDataset_tropical_0.0001_20000_20260319_223140_relu_best.pth...20260320_010402
At epoch 13396, test loss = 0.0607
...model saved to 15_exp/models/FloydWarshallDataset_tropical_0.0001_20000_20260319_223140_relu_best.pth...20260320_010416
At epoch 13442, test loss = 0.0599
...model saved to 15_exp/models/FloydWarshallDataset_tropical_0.0001_20000_20260319_223140_relu_best.pth...20260320_010446
At epoch 13478, test loss = 0.0593
...model saved to 15_exp/models/FloydWarshallDataset_tropical_0.0001_20000_20260319_223140_relu_best.pth...20260320_010509
At epoch 13691, test loss = 0.0579
...model saved to 15_exp/models/FloydWarshallDataset_tropical_0.0001_20000_20260319_223140_relu_best.pth...20260320_010727
At epoch 13709, test loss = 0.0562
...model saved to 15_exp/models/FloydWarshallDataset_tropical_0.0001_20000_20260319_223140_relu_best.pth...20260320_010739
At epoch 14155, test loss = 0.0542
...model saved to 15_exp/models/FloydWarshallDataset_tropical_0.0001_20000_20260319_223140_relu_best.pth...20260320_011244
At epoch 14906, test loss = 0.0523
...model saved to 15_exp/models/FloydWarshallDataset_tropical_0.0001_20000_20260319_223140_relu_best.pth...20260320_012119
At epoch 15036, test loss = 0.0523
...model saved to 15_exp/models/FloydWarshallDataset_tropical_0.0001_20000_20260319_223140_relu_best.pth...20260320_012244
At epoch 15072, test loss = 0.0522
...model saved to 15_exp/models/FloydWarshallDataset_tropical_0.0001_20000_20260319_223140_relu_best.pth...20260320_012308
At epoch 15156, test loss = 0.0518
...model saved to 15_exp/models/FloydWarshallDataset_tropical_0.0001_20000_20260319_223140_relu_best.pth...20260320_012403
At epoch 15241, test loss = 0.0515
...model saved to 15_exp/models/FloydWarshallDataset_tropical_0.0001_20000_20260319_223140_relu_best.pth...20260320_012459
At epoch 15260, test loss = 0.0504
...model saved to 15_exp/models/FloydWarshallDataset_tropical_0.0001_20000_20260319_223140_relu_best.pth...20260320_012512
At epoch 15592, test loss = 0.0503
...model saved to 15_exp/models/FloydWarshallDataset_tropical_0.0001_20000_20260319_223140_relu_best.pth...20260320_012849
At epoch 15630, test loss = 0.0490
...model saved to 15_exp/models/FloydWarshallDataset_tropical_0.0001_20000_20260319_223140_relu_best.pth...20260320_012914
At epoch 15766, test loss = 0.0487
...model saved to 15_exp/models/FloydWarshallDataset_tropical_0.0001_20000_20260319_223140_relu_best.pth...20260320_013046
At epoch 15859, test loss = 0.0473
...model saved to 15_exp/models/FloydWarshallDataset_tropical_0.0001_20000_20260319_223140_relu_best.pth...20260320_013146
At epoch 15937, test loss = 0.0468
...model saved to 15_exp/models/FloydWarshallDataset_tropical_0.0001_20000_20260319_223140_relu_best.pth...20260320_013237
At epoch 16304, test loss = 0.0468
...model saved to 15_exp/models/FloydWarshallDataset_tropical_0.0001_20000_20260319_223140_relu_best.pth...20260320_013636
At epoch 16367, test loss = 0.0458
...model saved to 15_exp/models/FloydWarshallDataset_tropical_0.0001_20000_20260319_223140_relu_best.pth...20260320_013717
At epoch 16488, test loss = 0.0457
...model saved to 15_exp/models/FloydWarshallDataset_tropical_0.0001_20000_20260319_223140_relu_best.pth...20260320_013836
At epoch 16629, test loss = 0.0455
...model saved to 15_exp/models/FloydWarshallDataset_tropical_0.0001_20000_20260319_223140_relu_best.pth...20260320_014008
At epoch 16785, test loss = 0.0453
...model saved to 15_exp/models/FloydWarshallDataset_tropical_0.0001_20000_20260319_223140_relu_best.pth...20260320_014153
At epoch 16790, test loss = 0.0453
...model saved to 15_exp/models/FloydWarshallDataset_tropical_0.0001_20000_20260319_223140_relu_best.pth...20260320_014156
At epoch 16804, test loss = 0.0450
...model saved to 15_exp/models/FloydWarshallDataset_tropical_0.0001_20000_20260319_223140_relu_best.pth...20260320_014205
At epoch 16915, test loss = 0.0447
...model saved to 15_exp/models/FloydWarshallDataset_tropical_0.0001_20000_20260319_223140_relu_best.pth...20260320_014317
At epoch 16944, test loss = 0.0446
...model saved to 15_exp/models/FloydWarshallDataset_tropical_0.0001_20000_20260319_223140_relu_best.pth...20260320_014336
At epoch 16975, test loss = 0.0438
...model saved to 15_exp/models/FloydWarshallDataset_tropical_0.0001_20000_20260319_223140_relu_best.pth...20260320_014357
At epoch 17285, test loss = 0.0437
...model saved to 15_exp/models/FloydWarshallDataset_tropical_0.0001_20000_20260319_223140_relu_best.pth...20260320_014720
At epoch 17387, test loss = 0.0435
...model saved to 15_exp/models/FloydWarshallDataset_tropical_0.0001_20000_20260319_223140_relu_best.pth...20260320_014826
At epoch 17397, test loss = 0.0430
...model saved to 15_exp/models/FloydWarshallDataset_tropical_0.0001_20000_20260319_223140_relu_best.pth...20260320_014833
At epoch 17421, test loss = 0.0427
...model saved to 15_exp/models/FloydWarshallDataset_tropical_0.0001_20000_20260319_223140_relu_best.pth...20260320_014848
At epoch 17646, test loss = 0.0426
...model saved to 15_exp/models/FloydWarshallDataset_tropical_0.0001_20000_20260319_223140_relu_best.pth...20260320_015115
At epoch 17775, test loss = 0.0421
...model saved to 15_exp/models/FloydWarshallDataset_tropical_0.0001_20000_20260319_223140_relu_best.pth...20260320_015244
At epoch 17786, test loss = 0.0421
...model saved to 15_exp/models/FloydWarshallDataset_tropical_0.0001_20000_20260319_223140_relu_best.pth...20260320_015251
At epoch 17877, test loss = 0.0411
...model saved to 15_exp/models/FloydWarshallDataset_tropical_0.0001_20000_20260319_223140_relu_best.pth...20260320_015352
At epoch 18165, test loss = 0.0407
...model saved to 15_exp/models/FloydWarshallDataset_tropical_0.0001_20000_20260319_223140_relu_best.pth...20260320_015703
At epoch 18725, test loss = 0.0407
...model saved to 15_exp/models/FloydWarshallDataset_tropical_0.0001_20000_20260319_223140_relu_best.pth...20260320_020331
At epoch 18803, test loss = 0.0406
...model saved to 15_exp/models/FloydWarshallDataset_tropical_0.0001_20000_20260319_223140_relu_best.pth...20260320_020426
At epoch 19138, test loss = 0.0406
...model saved to 15_exp/models/FloydWarshallDataset_tropical_0.0001_20000_20260319_223140_relu_best.pth...20260320_020807
At epoch 19284, test loss = 0.0404
...model saved to 15_exp/models/FloydWarshallDataset_tropical_0.0001_20000_20260319_223140_relu_best.pth...20260320_020945
...plot saved to 15_exp/plots/plots_FloydWarshallDataset_tropical_0.0001_20000_20260319_223140_relu.png...
