CUDA available? True
GPU device: NVIDIA A100-SXM4-80GB
CUDA_VISIBLE_DEVICES=0,1,2,3
SLURM_JOB_GPUS=0,1,2,3

 Running config: {'task': 'train', 'model_type': 'tropical', 'dataset_name': 'FloydWarshallDataset', 'input_dim': 3, 'd_model': 32, 'n_heads': 4, 'num_layers': 4, 'num_epochs': 20000, 'dropout': 0.05, 'lr': 0.0001, 'seed': 999, 'n_samples': 50000, 'batch_size': 1000, 'target_range': 'na', 'weight_range': 'na', 'adversarial_range': '(10,20)', 'length_range': '(8,8)', 'noise_prob': 0, 'value_range': '(1,15)'}
FloydWarshallDataset_tropical_0.0001_20000_20260213_095520_relu
...setting dataloader...20260213_095520
...setting model object...20260213_095535
...training model...20260213_095535
At epoch 0, test loss = 417.3052
...model saved to 15_exp/models/FloydWarshallDataset_tropical_0.0001_20000_20260213_095520_relu_best.pth...20260213_095846
At epoch 1, test loss = 413.6697
...model saved to 15_exp/models/FloydWarshallDataset_tropical_0.0001_20000_20260213_095520_relu_best.pth...20260213_095847
At epoch 2, test loss = 409.1417
...model saved to 15_exp/models/FloydWarshallDataset_tropical_0.0001_20000_20260213_095520_relu_best.pth...20260213_095848
At epoch 3, test loss = 403.3497
...model saved to 15_exp/models/FloydWarshallDataset_tropical_0.0001_20000_20260213_095520_relu_best.pth...20260213_095849
At epoch 4, test loss = 396.2101
...model saved to 15_exp/models/FloydWarshallDataset_tropical_0.0001_20000_20260213_095520_relu_best.pth...20260213_095850
At epoch 5, test loss = 387.4472
...model saved to 15_exp/models/FloydWarshallDataset_tropical_0.0001_20000_20260213_095520_relu_best.pth...20260213_095851
At epoch 6, test loss = 376.3306
...model saved to 15_exp/models/FloydWarshallDataset_tropical_0.0001_20000_20260213_095520_relu_best.pth...20260213_095852
At epoch 7, test loss = 363.1653
...model saved to 15_exp/models/FloydWarshallDataset_tropical_0.0001_20000_20260213_095520_relu_best.pth...20260213_095853
At epoch 8, test loss = 347.9311
...model saved to 15_exp/models/FloydWarshallDataset_tropical_0.0001_20000_20260213_095520_relu_best.pth...20260213_095854
At epoch 9, test loss = 331.1450
...model saved to 15_exp/models/FloydWarshallDataset_tropical_0.0001_20000_20260213_095520_relu_best.pth...20260213_095854
At epoch 10, test loss = 312.9521
...model saved to 15_exp/models/FloydWarshallDataset_tropical_0.0001_20000_20260213_095520_relu_best.pth...20260213_095855
At epoch 11, test loss = 293.9273
...model saved to 15_exp/models/FloydWarshallDataset_tropical_0.0001_20000_20260213_095520_relu_best.pth...20260213_095856
At epoch 12, test loss = 274.5378
...model saved to 15_exp/models/FloydWarshallDataset_tropical_0.0001_20000_20260213_095520_relu_best.pth...20260213_095857
At epoch 13, test loss = 255.2060
...model saved to 15_exp/models/FloydWarshallDataset_tropical_0.0001_20000_20260213_095520_relu_best.pth...20260213_095857
At epoch 14, test loss = 236.2703
...model saved to 15_exp/models/FloydWarshallDataset_tropical_0.0001_20000_20260213_095520_relu_best.pth...20260213_095858
At epoch 15, test loss = 218.1079
...model saved to 15_exp/models/FloydWarshallDataset_tropical_0.0001_20000_20260213_095520_relu_best.pth...20260213_095859
At epoch 16, test loss = 201.0053
...model saved to 15_exp/models/FloydWarshallDataset_tropical_0.0001_20000_20260213_095520_relu_best.pth...20260213_095900
At epoch 17, test loss = 185.2635
...model saved to 15_exp/models/FloydWarshallDataset_tropical_0.0001_20000_20260213_095520_relu_best.pth...20260213_095901
At epoch 18, test loss = 171.0516
...model saved to 15_exp/models/FloydWarshallDataset_tropical_0.0001_20000_20260213_095520_relu_best.pth...20260213_095902
At epoch 19, test loss = 158.5078
...model saved to 15_exp/models/FloydWarshallDataset_tropical_0.0001_20000_20260213_095520_relu_best.pth...20260213_095903
At epoch 20, test loss = 147.6816
...model saved to 15_exp/models/FloydWarshallDataset_tropical_0.0001_20000_20260213_095520_relu_best.pth...20260213_095904
At epoch 21, test loss = 138.5472
...model saved to 15_exp/models/FloydWarshallDataset_tropical_0.0001_20000_20260213_095520_relu_best.pth...20260213_095905
At epoch 22, test loss = 131.0028
...model saved to 15_exp/models/FloydWarshallDataset_tropical_0.0001_20000_20260213_095520_relu_best.pth...20260213_095905
At epoch 23, test loss = 124.9348
...model saved to 15_exp/models/FloydWarshallDataset_tropical_0.0001_20000_20260213_095520_relu_best.pth...20260213_095906
At epoch 24, test loss = 120.1217
...model saved to 15_exp/models/FloydWarshallDataset_tropical_0.0001_20000_20260213_095520_relu_best.pth...20260213_095907
At epoch 25, test loss = 116.3874
...model saved to 15_exp/models/FloydWarshallDataset_tropical_0.0001_20000_20260213_095520_relu_best.pth...20260213_095908
At epoch 26, test loss = 113.5190
...model saved to 15_exp/models/FloydWarshallDataset_tropical_0.0001_20000_20260213_095520_relu_best.pth...20260213_095909
At epoch 27, test loss = 111.3440
...model saved to 15_exp/models/FloydWarshallDataset_tropical_0.0001_20000_20260213_095520_relu_best.pth...20260213_095910
At epoch 28, test loss = 109.6943
...model saved to 15_exp/models/FloydWarshallDataset_tropical_0.0001_20000_20260213_095520_relu_best.pth...20260213_095911
At epoch 29, test loss = 108.4448
...model saved to 15_exp/models/FloydWarshallDataset_tropical_0.0001_20000_20260213_095520_relu_best.pth...20260213_095912
At epoch 30, test loss = 107.4912
...model saved to 15_exp/models/FloydWarshallDataset_tropical_0.0001_20000_20260213_095520_relu_best.pth...20260213_095913
At epoch 31, test loss = 106.7563
...model saved to 15_exp/models/FloydWarshallDataset_tropical_0.0001_20000_20260213_095520_relu_best.pth...20260213_095914
At epoch 32, test loss = 106.1868
...model saved to 15_exp/models/FloydWarshallDataset_tropical_0.0001_20000_20260213_095520_relu_best.pth...20260213_095915
At epoch 33, test loss = 105.7326
...model saved to 15_exp/models/FloydWarshallDataset_tropical_0.0001_20000_20260213_095520_relu_best.pth...20260213_095916
At epoch 34, test loss = 105.3717
...model saved to 15_exp/models/FloydWarshallDataset_tropical_0.0001_20000_20260213_095520_relu_best.pth...20260213_095917
At epoch 35, test loss = 105.0250
...model saved to 15_exp/models/FloydWarshallDataset_tropical_0.0001_20000_20260213_095520_relu_best.pth...20260213_095918
At epoch 36, test loss = 102.9355
...model saved to 15_exp/models/FloydWarshallDataset_tropical_0.0001_20000_20260213_095520_relu_best.pth...20260213_095919
At epoch 37, test loss = 101.5591
...model saved to 15_exp/models/FloydWarshallDataset_tropical_0.0001_20000_20260213_095520_relu_best.pth...20260213_095919
At epoch 38, test loss = 100.5554
...model saved to 15_exp/models/FloydWarshallDataset_tropical_0.0001_20000_20260213_095520_relu_best.pth...20260213_095920
At epoch 39, test loss = 99.7465
...model saved to 15_exp/models/FloydWarshallDataset_tropical_0.0001_20000_20260213_095520_relu_best.pth...20260213_095921
At epoch 40, test loss = 99.0758
...model saved to 15_exp/models/FloydWarshallDataset_tropical_0.0001_20000_20260213_095520_relu_best.pth...20260213_095922
At epoch 41, test loss = 98.5357
...model saved to 15_exp/models/FloydWarshallDataset_tropical_0.0001_20000_20260213_095520_relu_best.pth...20260213_095923
At epoch 42, test loss = 98.0201
...model saved to 15_exp/models/FloydWarshallDataset_tropical_0.0001_20000_20260213_095520_relu_best.pth...20260213_095924
At epoch 43, test loss = 97.6290
...model saved to 15_exp/models/FloydWarshallDataset_tropical_0.0001_20000_20260213_095520_relu_best.pth...20260213_095925
At epoch 44, test loss = 97.2348
...model saved to 15_exp/models/FloydWarshallDataset_tropical_0.0001_20000_20260213_095520_relu_best.pth...20260213_095926
At epoch 45, test loss = 96.9174
...model saved to 15_exp/models/FloydWarshallDataset_tropical_0.0001_20000_20260213_095520_relu_best.pth...20260213_095927
At epoch 46, test loss = 96.6915
...model saved to 15_exp/models/FloydWarshallDataset_tropical_0.0001_20000_20260213_095520_relu_best.pth...20260213_095927
At epoch 47, test loss = 96.3554
...model saved to 15_exp/models/FloydWarshallDataset_tropical_0.0001_20000_20260213_095520_relu_best.pth...20260213_095928
At epoch 48, test loss = 96.1299
...model saved to 15_exp/models/FloydWarshallDataset_tropical_0.0001_20000_20260213_095520_relu_best.pth...20260213_095929
At epoch 49, test loss = 95.9503
...model saved to 15_exp/models/FloydWarshallDataset_tropical_0.0001_20000_20260213_095520_relu_best.pth...20260213_095930
At epoch 50, test loss = 95.7846
...model saved to 15_exp/models/FloydWarshallDataset_tropical_0.0001_20000_20260213_095520_relu_best.pth...20260213_095931
At epoch 51, test loss = 95.6015
...model saved to 15_exp/models/FloydWarshallDataset_tropical_0.0001_20000_20260213_095520_relu_best.pth...20260213_095932
At epoch 52, test loss = 95.4502
...model saved to 15_exp/models/FloydWarshallDataset_tropical_0.0001_20000_20260213_095520_relu_best.pth...20260213_095933
At epoch 53, test loss = 95.3162
...model saved to 15_exp/models/FloydWarshallDataset_tropical_0.0001_20000_20260213_095520_relu_best.pth...20260213_095934
At epoch 54, test loss = 95.1693
...model saved to 15_exp/models/FloydWarshallDataset_tropical_0.0001_20000_20260213_095520_relu_best.pth...20260213_095934
At epoch 55, test loss = 95.0808
...model saved to 15_exp/models/FloydWarshallDataset_tropical_0.0001_20000_20260213_095520_relu_best.pth...20260213_095935
At epoch 56, test loss = 94.9817
...model saved to 15_exp/models/FloydWarshallDataset_tropical_0.0001_20000_20260213_095520_relu_best.pth...20260213_095936
At epoch 57, test loss = 94.8822
...model saved to 15_exp/models/FloydWarshallDataset_tropical_0.0001_20000_20260213_095520_relu_best.pth...20260213_095937
At epoch 58, test loss = 94.7953
...model saved to 15_exp/models/FloydWarshallDataset_tropical_0.0001_20000_20260213_095520_relu_best.pth...20260213_095938
At epoch 59, test loss = 94.7460
...model saved to 15_exp/models/FloydWarshallDataset_tropical_0.0001_20000_20260213_095520_relu_best.pth...20260213_095938
At epoch 60, test loss = 94.6272
...model saved to 15_exp/models/FloydWarshallDataset_tropical_0.0001_20000_20260213_095520_relu_best.pth...20260213_095939
At epoch 61, test loss = 94.5533
...model saved to 15_exp/models/FloydWarshallDataset_tropical_0.0001_20000_20260213_095520_relu_best.pth...20260213_095940
At epoch 62, test loss = 94.5272
...model saved to 15_exp/models/FloydWarshallDataset_tropical_0.0001_20000_20260213_095520_relu_best.pth...20260213_095940
At epoch 63, test loss = 94.4289
...model saved to 15_exp/models/FloydWarshallDataset_tropical_0.0001_20000_20260213_095520_relu_best.pth...20260213_095941
At epoch 64, test loss = 94.3719
...model saved to 15_exp/models/FloydWarshallDataset_tropical_0.0001_20000_20260213_095520_relu_best.pth...20260213_095942
At epoch 65, test loss = 94.3152
...model saved to 15_exp/models/FloydWarshallDataset_tropical_0.0001_20000_20260213_095520_relu_best.pth...20260213_095943
At epoch 66, test loss = 94.2531
...model saved to 15_exp/models/FloydWarshallDataset_tropical_0.0001_20000_20260213_095520_relu_best.pth...20260213_095943
At epoch 67, test loss = 94.2124
...model saved to 15_exp/models/FloydWarshallDataset_tropical_0.0001_20000_20260213_095520_relu_best.pth...20260213_095944
At epoch 68, test loss = 94.1786
...model saved to 15_exp/models/FloydWarshallDataset_tropical_0.0001_20000_20260213_095520_relu_best.pth...20260213_095945
At epoch 69, test loss = 94.1184
...model saved to 15_exp/models/FloydWarshallDataset_tropical_0.0001_20000_20260213_095520_relu_best.pth...20260213_095946
At epoch 71, test loss = 93.9917
...model saved to 15_exp/models/FloydWarshallDataset_tropical_0.0001_20000_20260213_095520_relu_best.pth...20260213_095947
At epoch 72, test loss = 93.9214
...model saved to 15_exp/models/FloydWarshallDataset_tropical_0.0001_20000_20260213_095520_relu_best.pth...20260213_095948
At epoch 74, test loss = 93.8091
...model saved to 15_exp/models/FloydWarshallDataset_tropical_0.0001_20000_20260213_095520_relu_best.pth...20260213_095949
At epoch 75, test loss = 93.7676
...model saved to 15_exp/models/FloydWarshallDataset_tropical_0.0001_20000_20260213_095520_relu_best.pth...20260213_095950
At epoch 76, test loss = 93.7129
...model saved to 15_exp/models/FloydWarshallDataset_tropical_0.0001_20000_20260213_095520_relu_best.pth...20260213_095951
At epoch 77, test loss = 93.7048
...model saved to 15_exp/models/FloydWarshallDataset_tropical_0.0001_20000_20260213_095520_relu_best.pth...20260213_095952
At epoch 78, test loss = 93.5945
...model saved to 15_exp/models/FloydWarshallDataset_tropical_0.0001_20000_20260213_095520_relu_best.pth...20260213_095953
At epoch 79, test loss = 93.5513
...model saved to 15_exp/models/FloydWarshallDataset_tropical_0.0001_20000_20260213_095520_relu_best.pth...20260213_095954
At epoch 80, test loss = 93.4302
...model saved to 15_exp/models/FloydWarshallDataset_tropical_0.0001_20000_20260213_095520_relu_best.pth...20260213_095955
At epoch 82, test loss = 93.3181
...model saved to 15_exp/models/FloydWarshallDataset_tropical_0.0001_20000_20260213_095520_relu_best.pth...20260213_095956
At epoch 83, test loss = 93.2017
...model saved to 15_exp/models/FloydWarshallDataset_tropical_0.0001_20000_20260213_095520_relu_best.pth...20260213_095957
At epoch 84, test loss = 93.1417
...model saved to 15_exp/models/FloydWarshallDataset_tropical_0.0001_20000_20260213_095520_relu_best.pth...20260213_095958
At epoch 85, test loss = 93.0227
...model saved to 15_exp/models/FloydWarshallDataset_tropical_0.0001_20000_20260213_095520_relu_best.pth...20260213_095959
At epoch 86, test loss = 92.9618
...model saved to 15_exp/models/FloydWarshallDataset_tropical_0.0001_20000_20260213_095520_relu_best.pth...20260213_095959
At epoch 87, test loss = 92.8991
...model saved to 15_exp/models/FloydWarshallDataset_tropical_0.0001_20000_20260213_095520_relu_best.pth...20260213_100000
At epoch 88, test loss = 92.7647
...model saved to 15_exp/models/FloydWarshallDataset_tropical_0.0001_20000_20260213_095520_relu_best.pth...20260213_100001
At epoch 89, test loss = 92.5729
...model saved to 15_exp/models/FloydWarshallDataset_tropical_0.0001_20000_20260213_095520_relu_best.pth...20260213_100002
At epoch 90, test loss = 92.5520
...model saved to 15_exp/models/FloydWarshallDataset_tropical_0.0001_20000_20260213_095520_relu_best.pth...20260213_100002
At epoch 91, test loss = 92.4292
...model saved to 15_exp/models/FloydWarshallDataset_tropical_0.0001_20000_20260213_095520_relu_best.pth...20260213_100003
At epoch 92, test loss = 92.2106
...model saved to 15_exp/models/FloydWarshallDataset_tropical_0.0001_20000_20260213_095520_relu_best.pth...20260213_100004
At epoch 93, test loss = 92.0921
...model saved to 15_exp/models/FloydWarshallDataset_tropical_0.0001_20000_20260213_095520_relu_best.pth...20260213_100004
At epoch 94, test loss = 92.0712
...model saved to 15_exp/models/FloydWarshallDataset_tropical_0.0001_20000_20260213_095520_relu_best.pth...20260213_100005
At epoch 95, test loss = 91.9051
...model saved to 15_exp/models/FloydWarshallDataset_tropical_0.0001_20000_20260213_095520_relu_best.pth...20260213_100006
At epoch 96, test loss = 91.6794
...model saved to 15_exp/models/FloydWarshallDataset_tropical_0.0001_20000_20260213_095520_relu_best.pth...20260213_100007
At epoch 97, test loss = 91.5829
...model saved to 15_exp/models/FloydWarshallDataset_tropical_0.0001_20000_20260213_095520_relu_best.pth...20260213_100008
At epoch 98, test loss = 91.4335
...model saved to 15_exp/models/FloydWarshallDataset_tropical_0.0001_20000_20260213_095520_relu_best.pth...20260213_100009
At epoch 99, test loss = 91.2313
...model saved to 15_exp/models/FloydWarshallDataset_tropical_0.0001_20000_20260213_095520_relu_best.pth...20260213_100010
At epoch 100, test loss = 91.0557
...model saved to 15_exp/models/FloydWarshallDataset_tropical_0.0001_20000_20260213_095520_relu_best.pth...20260213_100011
At epoch 101, test loss = 90.8615
...model saved to 15_exp/models/FloydWarshallDataset_tropical_0.0001_20000_20260213_095520_relu_best.pth...20260213_100012
At epoch 102, test loss = 90.7196
...model saved to 15_exp/models/FloydWarshallDataset_tropical_0.0001_20000_20260213_095520_relu_best.pth...20260213_100013
At epoch 103, test loss = 90.5096
...model saved to 15_exp/models/FloydWarshallDataset_tropical_0.0001_20000_20260213_095520_relu_best.pth...20260213_100014
At epoch 104, test loss = 90.2859
...model saved to 15_exp/models/FloydWarshallDataset_tropical_0.0001_20000_20260213_095520_relu_best.pth...20260213_100015
At epoch 105, test loss = 90.0292
...model saved to 15_exp/models/FloydWarshallDataset_tropical_0.0001_20000_20260213_095520_relu_best.pth...20260213_100016
At epoch 106, test loss = 89.7765
...model saved to 15_exp/models/FloydWarshallDataset_tropical_0.0001_20000_20260213_095520_relu_best.pth...20260213_100017
At epoch 107, test loss = 89.5489
...model saved to 15_exp/models/FloydWarshallDataset_tropical_0.0001_20000_20260213_095520_relu_best.pth...20260213_100018
At epoch 108, test loss = 89.3932
...model saved to 15_exp/models/FloydWarshallDataset_tropical_0.0001_20000_20260213_095520_relu_best.pth...20260213_100019
At epoch 109, test loss = 89.1147
...model saved to 15_exp/models/FloydWarshallDataset_tropical_0.0001_20000_20260213_095520_relu_best.pth...20260213_100020
At epoch 110, test loss = 88.9767
...model saved to 15_exp/models/FloydWarshallDataset_tropical_0.0001_20000_20260213_095520_relu_best.pth...20260213_100020
At epoch 111, test loss = 88.6775
...model saved to 15_exp/models/FloydWarshallDataset_tropical_0.0001_20000_20260213_095520_relu_best.pth...20260213_100021
At epoch 112, test loss = 88.5757
...model saved to 15_exp/models/FloydWarshallDataset_tropical_0.0001_20000_20260213_095520_relu_best.pth...20260213_100022
At epoch 113, test loss = 88.3241
...model saved to 15_exp/models/FloydWarshallDataset_tropical_0.0001_20000_20260213_095520_relu_best.pth...20260213_100023
At epoch 114, test loss = 88.2245
...model saved to 15_exp/models/FloydWarshallDataset_tropical_0.0001_20000_20260213_095520_relu_best.pth...20260213_100023
At epoch 115, test loss = 87.9401
...model saved to 15_exp/models/FloydWarshallDataset_tropical_0.0001_20000_20260213_095520_relu_best.pth...20260213_100024
At epoch 116, test loss = 87.7981
...model saved to 15_exp/models/FloydWarshallDataset_tropical_0.0001_20000_20260213_095520_relu_best.pth...20260213_100025
At epoch 117, test loss = 87.5672
...model saved to 15_exp/models/FloydWarshallDataset_tropical_0.0001_20000_20260213_095520_relu_best.pth...20260213_100026
At epoch 118, test loss = 87.3754
...model saved to 15_exp/models/FloydWarshallDataset_tropical_0.0001_20000_20260213_095520_relu_best.pth...20260213_100027
At epoch 119, test loss = 87.2810
...model saved to 15_exp/models/FloydWarshallDataset_tropical_0.0001_20000_20260213_095520_relu_best.pth...20260213_100028
At epoch 120, test loss = 87.1960
...model saved to 15_exp/models/FloydWarshallDataset_tropical_0.0001_20000_20260213_095520_relu_best.pth...20260213_100029
At epoch 121, test loss = 86.8702
...model saved to 15_exp/models/FloydWarshallDataset_tropical_0.0001_20000_20260213_095520_relu_best.pth...20260213_100030
At epoch 122, test loss = 86.7697
...model saved to 15_exp/models/FloydWarshallDataset_tropical_0.0001_20000_20260213_095520_relu_best.pth...20260213_100031
At epoch 123, test loss = 86.6181
...model saved to 15_exp/models/FloydWarshallDataset_tropical_0.0001_20000_20260213_095520_relu_best.pth...20260213_100032
At epoch 124, test loss = 86.4354
...model saved to 15_exp/models/FloydWarshallDataset_tropical_0.0001_20000_20260213_095520_relu_best.pth...20260213_100033
At epoch 125, test loss = 86.2493
...model saved to 15_exp/models/FloydWarshallDataset_tropical_0.0001_20000_20260213_095520_relu_best.pth...20260213_100034
At epoch 126, test loss = 86.1160
...model saved to 15_exp/models/FloydWarshallDataset_tropical_0.0001_20000_20260213_095520_relu_best.pth...20260213_100035
At epoch 127, test loss = 85.9419
...model saved to 15_exp/models/FloydWarshallDataset_tropical_0.0001_20000_20260213_095520_relu_best.pth...20260213_100036
At epoch 128, test loss = 85.8409
...model saved to 15_exp/models/FloydWarshallDataset_tropical_0.0001_20000_20260213_095520_relu_best.pth...20260213_100037
At epoch 129, test loss = 85.6666
...model saved to 15_exp/models/FloydWarshallDataset_tropical_0.0001_20000_20260213_095520_relu_best.pth...20260213_100038
At epoch 130, test loss = 85.5312
...model saved to 15_exp/models/FloydWarshallDataset_tropical_0.0001_20000_20260213_095520_relu_best.pth...20260213_100039
At epoch 131, test loss = 85.4062
...model saved to 15_exp/models/FloydWarshallDataset_tropical_0.0001_20000_20260213_095520_relu_best.pth...20260213_100040
At epoch 132, test loss = 85.3874
...model saved to 15_exp/models/FloydWarshallDataset_tropical_0.0001_20000_20260213_095520_relu_best.pth...20260213_100041
At epoch 133, test loss = 85.2325
...model saved to 15_exp/models/FloydWarshallDataset_tropical_0.0001_20000_20260213_095520_relu_best.pth...20260213_100041
At epoch 134, test loss = 85.1353
...model saved to 15_exp/models/FloydWarshallDataset_tropical_0.0001_20000_20260213_095520_relu_best.pth...20260213_100042
At epoch 135, test loss = 85.1099
...model saved to 15_exp/models/FloydWarshallDataset_tropical_0.0001_20000_20260213_095520_relu_best.pth...20260213_100043
At epoch 136, test loss = 84.9548
...model saved to 15_exp/models/FloydWarshallDataset_tropical_0.0001_20000_20260213_095520_relu_best.pth...20260213_100044
At epoch 137, test loss = 84.8204
...model saved to 15_exp/models/FloydWarshallDataset_tropical_0.0001_20000_20260213_095520_relu_best.pth...20260213_100044
At epoch 138, test loss = 84.7951
...model saved to 15_exp/models/FloydWarshallDataset_tropical_0.0001_20000_20260213_095520_relu_best.pth...20260213_100045
At epoch 139, test loss = 84.6743
...model saved to 15_exp/models/FloydWarshallDataset_tropical_0.0001_20000_20260213_095520_relu_best.pth...20260213_100046
At epoch 140, test loss = 84.5835
...model saved to 15_exp/models/FloydWarshallDataset_tropical_0.0001_20000_20260213_095520_relu_best.pth...20260213_100046
At epoch 141, test loss = 84.5251
...model saved to 15_exp/models/FloydWarshallDataset_tropical_0.0001_20000_20260213_095520_relu_best.pth...20260213_100047
At epoch 142, test loss = 84.4212
...model saved to 15_exp/models/FloydWarshallDataset_tropical_0.0001_20000_20260213_095520_relu_best.pth...20260213_100048
At epoch 143, test loss = 84.4031
...model saved to 15_exp/models/FloydWarshallDataset_tropical_0.0001_20000_20260213_095520_relu_best.pth...20260213_100048
At epoch 144, test loss = 84.2557
...model saved to 15_exp/models/FloydWarshallDataset_tropical_0.0001_20000_20260213_095520_relu_best.pth...20260213_100049
At epoch 145, test loss = 84.1601
...model saved to 15_exp/models/FloydWarshallDataset_tropical_0.0001_20000_20260213_095520_relu_best.pth...20260213_100050
At epoch 146, test loss = 84.1230
...model saved to 15_exp/models/FloydWarshallDataset_tropical_0.0001_20000_20260213_095520_relu_best.pth...20260213_100051
At epoch 147, test loss = 84.0170
...model saved to 15_exp/models/FloydWarshallDataset_tropical_0.0001_20000_20260213_095520_relu_best.pth...20260213_100052
At epoch 148, test loss = 83.9223
...model saved to 15_exp/models/FloydWarshallDataset_tropical_0.0001_20000_20260213_095520_relu_best.pth...20260213_100053
At epoch 149, test loss = 83.8525
...model saved to 15_exp/models/FloydWarshallDataset_tropical_0.0001_20000_20260213_095520_relu_best.pth...20260213_100053
At epoch 150, test loss = 83.7480
...model saved to 15_exp/models/FloydWarshallDataset_tropical_0.0001_20000_20260213_095520_relu_best.pth...20260213_100054
At epoch 151, test loss = 83.6381
...model saved to 15_exp/models/FloydWarshallDataset_tropical_0.0001_20000_20260213_095520_relu_best.pth...20260213_100055
At epoch 152, test loss = 83.5960
...model saved to 15_exp/models/FloydWarshallDataset_tropical_0.0001_20000_20260213_095520_relu_best.pth...20260213_100056
At epoch 153, test loss = 83.5517
...model saved to 15_exp/models/FloydWarshallDataset_tropical_0.0001_20000_20260213_095520_relu_best.pth...20260213_100057
At epoch 154, test loss = 83.3659
...model saved to 15_exp/models/FloydWarshallDataset_tropical_0.0001_20000_20260213_095520_relu_best.pth...20260213_100057
At epoch 155, test loss = 83.3493
...model saved to 15_exp/models/FloydWarshallDataset_tropical_0.0001_20000_20260213_095520_relu_best.pth...20260213_100058
At epoch 156, test loss = 83.1931
...model saved to 15_exp/models/FloydWarshallDataset_tropical_0.0001_20000_20260213_095520_relu_best.pth...20260213_100059
At epoch 157, test loss = 83.0673
...model saved to 15_exp/models/FloydWarshallDataset_tropical_0.0001_20000_20260213_095520_relu_best.pth...20260213_100100
At epoch 158, test loss = 82.9878
...model saved to 15_exp/models/FloydWarshallDataset_tropical_0.0001_20000_20260213_095520_relu_best.pth...20260213_100100
At epoch 159, test loss = 82.8995
...model saved to 15_exp/models/FloydWarshallDataset_tropical_0.0001_20000_20260213_095520_relu_best.pth...20260213_100101
At epoch 160, test loss = 82.7606
...model saved to 15_exp/models/FloydWarshallDataset_tropical_0.0001_20000_20260213_095520_relu_best.pth...20260213_100102
At epoch 161, test loss = 82.6547
...model saved to 15_exp/models/FloydWarshallDataset_tropical_0.0001_20000_20260213_095520_relu_best.pth...20260213_100103
At epoch 162, test loss = 82.5795
...model saved to 15_exp/models/FloydWarshallDataset_tropical_0.0001_20000_20260213_095520_relu_best.pth...20260213_100104
At epoch 163, test loss = 82.3530
...model saved to 15_exp/models/FloydWarshallDataset_tropical_0.0001_20000_20260213_095520_relu_best.pth...20260213_100104
At epoch 164, test loss = 82.2501
...model saved to 15_exp/models/FloydWarshallDataset_tropical_0.0001_20000_20260213_095520_relu_best.pth...20260213_100105
At epoch 165, test loss = 82.0879
...model saved to 15_exp/models/FloydWarshallDataset_tropical_0.0001_20000_20260213_095520_relu_best.pth...20260213_100106
At epoch 166, test loss = 81.9356
...model saved to 15_exp/models/FloydWarshallDataset_tropical_0.0001_20000_20260213_095520_relu_best.pth...20260213_100107
At epoch 167, test loss = 81.7787
...model saved to 15_exp/models/FloydWarshallDataset_tropical_0.0001_20000_20260213_095520_relu_best.pth...20260213_100108
At epoch 168, test loss = 81.6657
...model saved to 15_exp/models/FloydWarshallDataset_tropical_0.0001_20000_20260213_095520_relu_best.pth...20260213_100109
At epoch 169, test loss = 81.5388
...model saved to 15_exp/models/FloydWarshallDataset_tropical_0.0001_20000_20260213_095520_relu_best.pth...20260213_100110
At epoch 170, test loss = 81.3197
...model saved to 15_exp/models/FloydWarshallDataset_tropical_0.0001_20000_20260213_095520_relu_best.pth...20260213_100111
At epoch 171, test loss = 81.1291
...model saved to 15_exp/models/FloydWarshallDataset_tropical_0.0001_20000_20260213_095520_relu_best.pth...20260213_100112
At epoch 172, test loss = 80.9240
...model saved to 15_exp/models/FloydWarshallDataset_tropical_0.0001_20000_20260213_095520_relu_best.pth...20260213_100113
At epoch 173, test loss = 80.7304
...model saved to 15_exp/models/FloydWarshallDataset_tropical_0.0001_20000_20260213_095520_relu_best.pth...20260213_100114
At epoch 174, test loss = 80.4957
...model saved to 15_exp/models/FloydWarshallDataset_tropical_0.0001_20000_20260213_095520_relu_best.pth...20260213_100115
At epoch 175, test loss = 80.2833
...model saved to 15_exp/models/FloydWarshallDataset_tropical_0.0001_20000_20260213_095520_relu_best.pth...20260213_100116
At epoch 176, test loss = 80.0056
...model saved to 15_exp/models/FloydWarshallDataset_tropical_0.0001_20000_20260213_095520_relu_best.pth...20260213_100117
At epoch 177, test loss = 79.7802
...model saved to 15_exp/models/FloydWarshallDataset_tropical_0.0001_20000_20260213_095520_relu_best.pth...20260213_100118
At epoch 178, test loss = 79.4822
...model saved to 15_exp/models/FloydWarshallDataset_tropical_0.0001_20000_20260213_095520_relu_best.pth...20260213_100119
At epoch 179, test loss = 79.3018
...model saved to 15_exp/models/FloydWarshallDataset_tropical_0.0001_20000_20260213_095520_relu_best.pth...20260213_100120
At epoch 180, test loss = 79.0420
...model saved to 15_exp/models/FloydWarshallDataset_tropical_0.0001_20000_20260213_095520_relu_best.pth...20260213_100121
At epoch 181, test loss = 78.7509
...model saved to 15_exp/models/FloydWarshallDataset_tropical_0.0001_20000_20260213_095520_relu_best.pth...20260213_100122
At epoch 182, test loss = 78.5993
...model saved to 15_exp/models/FloydWarshallDataset_tropical_0.0001_20000_20260213_095520_relu_best.pth...20260213_100123
At epoch 183, test loss = 78.2464
...model saved to 15_exp/models/FloydWarshallDataset_tropical_0.0001_20000_20260213_095520_relu_best.pth...20260213_100124
At epoch 184, test loss = 77.9989
...model saved to 15_exp/models/FloydWarshallDataset_tropical_0.0001_20000_20260213_095520_relu_best.pth...20260213_100125
At epoch 185, test loss = 77.7402
...model saved to 15_exp/models/FloydWarshallDataset_tropical_0.0001_20000_20260213_095520_relu_best.pth...20260213_100126
At epoch 186, test loss = 77.5414
...model saved to 15_exp/models/FloydWarshallDataset_tropical_0.0001_20000_20260213_095520_relu_best.pth...20260213_100126
At epoch 187, test loss = 77.2677
...model saved to 15_exp/models/FloydWarshallDataset_tropical_0.0001_20000_20260213_095520_relu_best.pth...20260213_100127
At epoch 188, test loss = 77.0297
...model saved to 15_exp/models/FloydWarshallDataset_tropical_0.0001_20000_20260213_095520_relu_best.pth...20260213_100128
At epoch 189, test loss = 76.7536
...model saved to 15_exp/models/FloydWarshallDataset_tropical_0.0001_20000_20260213_095520_relu_best.pth...20260213_100129
At epoch 190, test loss = 76.4774
...model saved to 15_exp/models/FloydWarshallDataset_tropical_0.0001_20000_20260213_095520_relu_best.pth...20260213_100130
At epoch 191, test loss = 76.1623
...model saved to 15_exp/models/FloydWarshallDataset_tropical_0.0001_20000_20260213_095520_relu_best.pth...20260213_100130
At epoch 192, test loss = 75.8512
...model saved to 15_exp/models/FloydWarshallDataset_tropical_0.0001_20000_20260213_095520_relu_best.pth...20260213_100131
At epoch 193, test loss = 75.5851
...model saved to 15_exp/models/FloydWarshallDataset_tropical_0.0001_20000_20260213_095520_relu_best.pth...20260213_100132
At epoch 194, test loss = 75.2643
...model saved to 15_exp/models/FloydWarshallDataset_tropical_0.0001_20000_20260213_095520_relu_best.pth...20260213_100133
At epoch 195, test loss = 74.9586
...model saved to 15_exp/models/FloydWarshallDataset_tropical_0.0001_20000_20260213_095520_relu_best.pth...20260213_100133
At epoch 196, test loss = 74.6067
...model saved to 15_exp/models/FloydWarshallDataset_tropical_0.0001_20000_20260213_095520_relu_best.pth...20260213_100134
At epoch 197, test loss = 74.4439
...model saved to 15_exp/models/FloydWarshallDataset_tropical_0.0001_20000_20260213_095520_relu_best.pth...20260213_100135
At epoch 198, test loss = 74.0237
...model saved to 15_exp/models/FloydWarshallDataset_tropical_0.0001_20000_20260213_095520_relu_best.pth...20260213_100136
At epoch 199, test loss = 73.7133
...model saved to 15_exp/models/FloydWarshallDataset_tropical_0.0001_20000_20260213_095520_relu_best.pth...20260213_100136
At epoch 200, test loss = 73.4724
...model saved to 15_exp/models/FloydWarshallDataset_tropical_0.0001_20000_20260213_095520_relu_best.pth...20260213_100137
At epoch 201, test loss = 73.1898
...model saved to 15_exp/models/FloydWarshallDataset_tropical_0.0001_20000_20260213_095520_relu_best.pth...20260213_100138
At epoch 202, test loss = 73.0245
...model saved to 15_exp/models/FloydWarshallDataset_tropical_0.0001_20000_20260213_095520_relu_best.pth...20260213_100139
At epoch 203, test loss = 72.7374
...model saved to 15_exp/models/FloydWarshallDataset_tropical_0.0001_20000_20260213_095520_relu_best.pth...20260213_100139
At epoch 204, test loss = 72.6031
...model saved to 15_exp/models/FloydWarshallDataset_tropical_0.0001_20000_20260213_095520_relu_best.pth...20260213_100140
At epoch 205, test loss = 72.3304
...model saved to 15_exp/models/FloydWarshallDataset_tropical_0.0001_20000_20260213_095520_relu_best.pth...20260213_100141
At epoch 206, test loss = 72.1489
...model saved to 15_exp/models/FloydWarshallDataset_tropical_0.0001_20000_20260213_095520_relu_best.pth...20260213_100142
At epoch 207, test loss = 71.9643
...model saved to 15_exp/models/FloydWarshallDataset_tropical_0.0001_20000_20260213_095520_relu_best.pth...20260213_100142
At epoch 208, test loss = 71.7862
...model saved to 15_exp/models/FloydWarshallDataset_tropical_0.0001_20000_20260213_095520_relu_best.pth...20260213_100143
At epoch 209, test loss = 71.6073
...model saved to 15_exp/models/FloydWarshallDataset_tropical_0.0001_20000_20260213_095520_relu_best.pth...20260213_100144
At epoch 210, test loss = 71.4262
...model saved to 15_exp/models/FloydWarshallDataset_tropical_0.0001_20000_20260213_095520_relu_best.pth...20260213_100145
At epoch 211, test loss = 71.3786
...model saved to 15_exp/models/FloydWarshallDataset_tropical_0.0001_20000_20260213_095520_relu_best.pth...20260213_100145
At epoch 212, test loss = 71.1397
...model saved to 15_exp/models/FloydWarshallDataset_tropical_0.0001_20000_20260213_095520_relu_best.pth...20260213_100146
At epoch 213, test loss = 70.9967
...model saved to 15_exp/models/FloydWarshallDataset_tropical_0.0001_20000_20260213_095520_relu_best.pth...20260213_100147
At epoch 214, test loss = 70.8812
...model saved to 15_exp/models/FloydWarshallDataset_tropical_0.0001_20000_20260213_095520_relu_best.pth...20260213_100147
At epoch 215, test loss = 70.7445
...model saved to 15_exp/models/FloydWarshallDataset_tropical_0.0001_20000_20260213_095520_relu_best.pth...20260213_100148
At epoch 216, test loss = 70.6176
...model saved to 15_exp/models/FloydWarshallDataset_tropical_0.0001_20000_20260213_095520_relu_best.pth...20260213_100149
At epoch 217, test loss = 70.5053
...model saved to 15_exp/models/FloydWarshallDataset_tropical_0.0001_20000_20260213_095520_relu_best.pth...20260213_100149
At epoch 218, test loss = 70.3933
...model saved to 15_exp/models/FloydWarshallDataset_tropical_0.0001_20000_20260213_095520_relu_best.pth...20260213_100150
At epoch 219, test loss = 70.2987
...model saved to 15_exp/models/FloydWarshallDataset_tropical_0.0001_20000_20260213_095520_relu_best.pth...20260213_100151
At epoch 220, test loss = 70.1352
...model saved to 15_exp/models/FloydWarshallDataset_tropical_0.0001_20000_20260213_095520_relu_best.pth...20260213_100152
At epoch 221, test loss = 70.0364
...model saved to 15_exp/models/FloydWarshallDataset_tropical_0.0001_20000_20260213_095520_relu_best.pth...20260213_100152
At epoch 222, test loss = 69.9472
...model saved to 15_exp/models/FloydWarshallDataset_tropical_0.0001_20000_20260213_095520_relu_best.pth...20260213_100153
At epoch 223, test loss = 69.9142
...model saved to 15_exp/models/FloydWarshallDataset_tropical_0.0001_20000_20260213_095520_relu_best.pth...20260213_100154
At epoch 224, test loss = 69.7348
...model saved to 15_exp/models/FloydWarshallDataset_tropical_0.0001_20000_20260213_095520_relu_best.pth...20260213_100155
At epoch 225, test loss = 69.6233
...model saved to 15_exp/models/FloydWarshallDataset_tropical_0.0001_20000_20260213_095520_relu_best.pth...20260213_100156
At epoch 226, test loss = 69.5330
...model saved to 15_exp/models/FloydWarshallDataset_tropical_0.0001_20000_20260213_095520_relu_best.pth...20260213_100157
At epoch 227, test loss = 69.3651
...model saved to 15_exp/models/FloydWarshallDataset_tropical_0.0001_20000_20260213_095520_relu_best.pth...20260213_100158
At epoch 228, test loss = 69.3157
...model saved to 15_exp/models/FloydWarshallDataset_tropical_0.0001_20000_20260213_095520_relu_best.pth...20260213_100158
At epoch 229, test loss = 69.1504
...model saved to 15_exp/models/FloydWarshallDataset_tropical_0.0001_20000_20260213_095520_relu_best.pth...20260213_100159
At epoch 230, test loss = 69.1198
...model saved to 15_exp/models/FloydWarshallDataset_tropical_0.0001_20000_20260213_095520_relu_best.pth...20260213_100200
At epoch 231, test loss = 69.0099
...model saved to 15_exp/models/FloydWarshallDataset_tropical_0.0001_20000_20260213_095520_relu_best.pth...20260213_100201
At epoch 232, test loss = 68.8420
...model saved to 15_exp/models/FloydWarshallDataset_tropical_0.0001_20000_20260213_095520_relu_best.pth...20260213_100202
At epoch 233, test loss = 68.7130
...model saved to 15_exp/models/FloydWarshallDataset_tropical_0.0001_20000_20260213_095520_relu_best.pth...20260213_100202
At epoch 234, test loss = 68.6111
...model saved to 15_exp/models/FloydWarshallDataset_tropical_0.0001_20000_20260213_095520_relu_best.pth...20260213_100203
At epoch 235, test loss = 68.4932
...model saved to 15_exp/models/FloydWarshallDataset_tropical_0.0001_20000_20260213_095520_relu_best.pth...20260213_100204
At epoch 236, test loss = 68.3545
...model saved to 15_exp/models/FloydWarshallDataset_tropical_0.0001_20000_20260213_095520_relu_best.pth...20260213_100205
At epoch 237, test loss = 68.2284
...model saved to 15_exp/models/FloydWarshallDataset_tropical_0.0001_20000_20260213_095520_relu_best.pth...20260213_100205
At epoch 238, test loss = 68.1594
...model saved to 15_exp/models/FloydWarshallDataset_tropical_0.0001_20000_20260213_095520_relu_best.pth...20260213_100206
At epoch 239, test loss = 67.9955
...model saved to 15_exp/models/FloydWarshallDataset_tropical_0.0001_20000_20260213_095520_relu_best.pth...20260213_100207
At epoch 240, test loss = 67.8743
...model saved to 15_exp/models/FloydWarshallDataset_tropical_0.0001_20000_20260213_095520_relu_best.pth...20260213_100208
At epoch 241, test loss = 67.7498
...model saved to 15_exp/models/FloydWarshallDataset_tropical_0.0001_20000_20260213_095520_relu_best.pth...20260213_100208
At epoch 242, test loss = 67.6243
...model saved to 15_exp/models/FloydWarshallDataset_tropical_0.0001_20000_20260213_095520_relu_best.pth...20260213_100209
At epoch 243, test loss = 67.5362
...model saved to 15_exp/models/FloydWarshallDataset_tropical_0.0001_20000_20260213_095520_relu_best.pth...20260213_100210
At epoch 244, test loss = 67.3793
...model saved to 15_exp/models/FloydWarshallDataset_tropical_0.0001_20000_20260213_095520_relu_best.pth...20260213_100210
At epoch 245, test loss = 67.2969
...model saved to 15_exp/models/FloydWarshallDataset_tropical_0.0001_20000_20260213_095520_relu_best.pth...20260213_100211
At epoch 246, test loss = 67.1396
...model saved to 15_exp/models/FloydWarshallDataset_tropical_0.0001_20000_20260213_095520_relu_best.pth...20260213_100212
At epoch 247, test loss = 66.9860
...model saved to 15_exp/models/FloydWarshallDataset_tropical_0.0001_20000_20260213_095520_relu_best.pth...20260213_100212
At epoch 248, test loss = 66.9012
...model saved to 15_exp/models/FloydWarshallDataset_tropical_0.0001_20000_20260213_095520_relu_best.pth...20260213_100213
At epoch 249, test loss = 66.7202
...model saved to 15_exp/models/FloydWarshallDataset_tropical_0.0001_20000_20260213_095520_relu_best.pth...20260213_100214
At epoch 250, test loss = 66.5791
...model saved to 15_exp/models/FloydWarshallDataset_tropical_0.0001_20000_20260213_095520_relu_best.pth...20260213_100215
At epoch 251, test loss = 66.5311
...model saved to 15_exp/models/FloydWarshallDataset_tropical_0.0001_20000_20260213_095520_relu_best.pth...20260213_100216
At epoch 252, test loss = 66.3666
...model saved to 15_exp/models/FloydWarshallDataset_tropical_0.0001_20000_20260213_095520_relu_best.pth...20260213_100217
At epoch 253, test loss = 66.1853
...model saved to 15_exp/models/FloydWarshallDataset_tropical_0.0001_20000_20260213_095520_relu_best.pth...20260213_100218
At epoch 254, test loss = 66.0441
...model saved to 15_exp/models/FloydWarshallDataset_tropical_0.0001_20000_20260213_095520_relu_best.pth...20260213_100219
At epoch 255, test loss = 65.9051
...model saved to 15_exp/models/FloydWarshallDataset_tropical_0.0001_20000_20260213_095520_relu_best.pth...20260213_100220
At epoch 256, test loss = 65.8108
...model saved to 15_exp/models/FloydWarshallDataset_tropical_0.0001_20000_20260213_095520_relu_best.pth...20260213_100221
At epoch 257, test loss = 65.6974
...model saved to 15_exp/models/FloydWarshallDataset_tropical_0.0001_20000_20260213_095520_relu_best.pth...20260213_100222
At epoch 258, test loss = 65.5211
...model saved to 15_exp/models/FloydWarshallDataset_tropical_0.0001_20000_20260213_095520_relu_best.pth...20260213_100223
At epoch 259, test loss = 65.3551
...model saved to 15_exp/models/FloydWarshallDataset_tropical_0.0001_20000_20260213_095520_relu_best.pth...20260213_100224
At epoch 260, test loss = 65.1904
...model saved to 15_exp/models/FloydWarshallDataset_tropical_0.0001_20000_20260213_095520_relu_best.pth...20260213_100225
At epoch 261, test loss = 65.0407
...model saved to 15_exp/models/FloydWarshallDataset_tropical_0.0001_20000_20260213_095520_relu_best.pth...20260213_100226
At epoch 262, test loss = 64.8671
...model saved to 15_exp/models/FloydWarshallDataset_tropical_0.0001_20000_20260213_095520_relu_best.pth...20260213_100227
At epoch 263, test loss = 64.7177
...model saved to 15_exp/models/FloydWarshallDataset_tropical_0.0001_20000_20260213_095520_relu_best.pth...20260213_100228
At epoch 264, test loss = 64.5931
...model saved to 15_exp/models/FloydWarshallDataset_tropical_0.0001_20000_20260213_095520_relu_best.pth...20260213_100229
At epoch 265, test loss = 64.4837
...model saved to 15_exp/models/FloydWarshallDataset_tropical_0.0001_20000_20260213_095520_relu_best.pth...20260213_100229
At epoch 266, test loss = 64.3919
...model saved to 15_exp/models/FloydWarshallDataset_tropical_0.0001_20000_20260213_095520_relu_best.pth...20260213_100230
At epoch 267, test loss = 64.1619
...model saved to 15_exp/models/FloydWarshallDataset_tropical_0.0001_20000_20260213_095520_relu_best.pth...20260213_100231
At epoch 268, test loss = 63.9586
...model saved to 15_exp/models/FloydWarshallDataset_tropical_0.0001_20000_20260213_095520_relu_best.pth...20260213_100232
At epoch 269, test loss = 63.8061
...model saved to 15_exp/models/FloydWarshallDataset_tropical_0.0001_20000_20260213_095520_relu_best.pth...20260213_100233
At epoch 270, test loss = 63.6025
...model saved to 15_exp/models/FloydWarshallDataset_tropical_0.0001_20000_20260213_095520_relu_best.pth...20260213_100234
At epoch 271, test loss = 63.4666
...model saved to 15_exp/models/FloydWarshallDataset_tropical_0.0001_20000_20260213_095520_relu_best.pth...20260213_100235
At epoch 272, test loss = 63.2625
...model saved to 15_exp/models/FloydWarshallDataset_tropical_0.0001_20000_20260213_095520_relu_best.pth...20260213_100235
At epoch 273, test loss = 63.1081
...model saved to 15_exp/models/FloydWarshallDataset_tropical_0.0001_20000_20260213_095520_relu_best.pth...20260213_100236
At epoch 274, test loss = 62.9306
...model saved to 15_exp/models/FloydWarshallDataset_tropical_0.0001_20000_20260213_095520_relu_best.pth...20260213_100237
At epoch 275, test loss = 62.7935
...model saved to 15_exp/models/FloydWarshallDataset_tropical_0.0001_20000_20260213_095520_relu_best.pth...20260213_100238
At epoch 276, test loss = 62.5726
...model saved to 15_exp/models/FloydWarshallDataset_tropical_0.0001_20000_20260213_095520_relu_best.pth...20260213_100239
At epoch 277, test loss = 62.4308
...model saved to 15_exp/models/FloydWarshallDataset_tropical_0.0001_20000_20260213_095520_relu_best.pth...20260213_100240
At epoch 278, test loss = 62.2383
...model saved to 15_exp/models/FloydWarshallDataset_tropical_0.0001_20000_20260213_095520_relu_best.pth...20260213_100241
At epoch 279, test loss = 62.0050
...model saved to 15_exp/models/FloydWarshallDataset_tropical_0.0001_20000_20260213_095520_relu_best.pth...20260213_100242
At epoch 280, test loss = 61.8717
...model saved to 15_exp/models/FloydWarshallDataset_tropical_0.0001_20000_20260213_095520_relu_best.pth...20260213_100243
At epoch 281, test loss = 61.6616
...model saved to 15_exp/models/FloydWarshallDataset_tropical_0.0001_20000_20260213_095520_relu_best.pth...20260213_100244
At epoch 282, test loss = 61.4811
...model saved to 15_exp/models/FloydWarshallDataset_tropical_0.0001_20000_20260213_095520_relu_best.pth...20260213_100245
At epoch 283, test loss = 61.2779
...model saved to 15_exp/models/FloydWarshallDataset_tropical_0.0001_20000_20260213_095520_relu_best.pth...20260213_100246
At epoch 284, test loss = 61.1181
...model saved to 15_exp/models/FloydWarshallDataset_tropical_0.0001_20000_20260213_095520_relu_best.pth...20260213_100247
At epoch 285, test loss = 60.8731
...model saved to 15_exp/models/FloydWarshallDataset_tropical_0.0001_20000_20260213_095520_relu_best.pth...20260213_100248
At epoch 286, test loss = 60.6136
...model saved to 15_exp/models/FloydWarshallDataset_tropical_0.0001_20000_20260213_095520_relu_best.pth...20260213_100249
At epoch 287, test loss = 60.5330
...model saved to 15_exp/models/FloydWarshallDataset_tropical_0.0001_20000_20260213_095520_relu_best.pth...20260213_100250
At epoch 288, test loss = 60.3052
...model saved to 15_exp/models/FloydWarshallDataset_tropical_0.0001_20000_20260213_095520_relu_best.pth...20260213_100251
At epoch 289, test loss = 60.0847
...model saved to 15_exp/models/FloydWarshallDataset_tropical_0.0001_20000_20260213_095520_relu_best.pth...20260213_100252
At epoch 290, test loss = 59.9345
...model saved to 15_exp/models/FloydWarshallDataset_tropical_0.0001_20000_20260213_095520_relu_best.pth...20260213_100253
At epoch 291, test loss = 59.7212
...model saved to 15_exp/models/FloydWarshallDataset_tropical_0.0001_20000_20260213_095520_relu_best.pth...20260213_100254
At epoch 292, test loss = 59.5592
...model saved to 15_exp/models/FloydWarshallDataset_tropical_0.0001_20000_20260213_095520_relu_best.pth...20260213_100254
At epoch 293, test loss = 59.5387
...model saved to 15_exp/models/FloydWarshallDataset_tropical_0.0001_20000_20260213_095520_relu_best.pth...20260213_100255
At epoch 294, test loss = 59.3606
...model saved to 15_exp/models/FloydWarshallDataset_tropical_0.0001_20000_20260213_095520_relu_best.pth...20260213_100256
At epoch 295, test loss = 59.2419
...model saved to 15_exp/models/FloydWarshallDataset_tropical_0.0001_20000_20260213_095520_relu_best.pth...20260213_100257
At epoch 296, test loss = 59.1870
...model saved to 15_exp/models/FloydWarshallDataset_tropical_0.0001_20000_20260213_095520_relu_best.pth...20260213_100257
At epoch 297, test loss = 59.0399
...model saved to 15_exp/models/FloydWarshallDataset_tropical_0.0001_20000_20260213_095520_relu_best.pth...20260213_100258
At epoch 298, test loss = 58.9813
...model saved to 15_exp/models/FloydWarshallDataset_tropical_0.0001_20000_20260213_095520_relu_best.pth...20260213_100259
At epoch 299, test loss = 58.8979
...model saved to 15_exp/models/FloydWarshallDataset_tropical_0.0001_20000_20260213_095520_relu_best.pth...20260213_100300
At epoch 300, test loss = 58.8029
...model saved to 15_exp/models/FloydWarshallDataset_tropical_0.0001_20000_20260213_095520_relu_best.pth...20260213_100301
At epoch 301, test loss = 58.7517
...model saved to 15_exp/models/FloydWarshallDataset_tropical_0.0001_20000_20260213_095520_relu_best.pth...20260213_100302
At epoch 302, test loss = 58.7205
...model saved to 15_exp/models/FloydWarshallDataset_tropical_0.0001_20000_20260213_095520_relu_best.pth...20260213_100303
At epoch 303, test loss = 58.6184
...model saved to 15_exp/models/FloydWarshallDataset_tropical_0.0001_20000_20260213_095520_relu_best.pth...20260213_100304
At epoch 304, test loss = 58.6133
...model saved to 15_exp/models/FloydWarshallDataset_tropical_0.0001_20000_20260213_095520_relu_best.pth...20260213_100305
At epoch 305, test loss = 58.4465
...model saved to 15_exp/models/FloydWarshallDataset_tropical_0.0001_20000_20260213_095520_relu_best.pth...20260213_100306
At epoch 306, test loss = 58.4019
...model saved to 15_exp/models/FloydWarshallDataset_tropical_0.0001_20000_20260213_095520_relu_best.pth...20260213_100307
At epoch 307, test loss = 58.3925
...model saved to 15_exp/models/FloydWarshallDataset_tropical_0.0001_20000_20260213_095520_relu_best.pth...20260213_100308
At epoch 308, test loss = 58.3029
...model saved to 15_exp/models/FloydWarshallDataset_tropical_0.0001_20000_20260213_095520_relu_best.pth...20260213_100308
At epoch 309, test loss = 58.2517
...model saved to 15_exp/models/FloydWarshallDataset_tropical_0.0001_20000_20260213_095520_relu_best.pth...20260213_100309
At epoch 311, test loss = 58.1646
...model saved to 15_exp/models/FloydWarshallDataset_tropical_0.0001_20000_20260213_095520_relu_best.pth...20260213_100311
At epoch 312, test loss = 58.0717
...model saved to 15_exp/models/FloydWarshallDataset_tropical_0.0001_20000_20260213_095520_relu_best.pth...20260213_100312
At epoch 314, test loss = 58.0004
...model saved to 15_exp/models/FloydWarshallDataset_tropical_0.0001_20000_20260213_095520_relu_best.pth...20260213_100314
At epoch 315, test loss = 57.9874
...model saved to 15_exp/models/FloydWarshallDataset_tropical_0.0001_20000_20260213_095520_relu_best.pth...20260213_100315
At epoch 316, test loss = 57.8919
...model saved to 15_exp/models/FloydWarshallDataset_tropical_0.0001_20000_20260213_095520_relu_best.pth...20260213_100315
At epoch 317, test loss = 57.8487
...model saved to 15_exp/models/FloydWarshallDataset_tropical_0.0001_20000_20260213_095520_relu_best.pth...20260213_100316
At epoch 318, test loss = 57.8306
...model saved to 15_exp/models/FloydWarshallDataset_tropical_0.0001_20000_20260213_095520_relu_best.pth...20260213_100317
At epoch 319, test loss = 57.7852
...model saved to 15_exp/models/FloydWarshallDataset_tropical_0.0001_20000_20260213_095520_relu_best.pth...20260213_100318
At epoch 320, test loss = 57.7604
...model saved to 15_exp/models/FloydWarshallDataset_tropical_0.0001_20000_20260213_095520_relu_best.pth...20260213_100319
At epoch 321, test loss = 57.6736
...model saved to 15_exp/models/FloydWarshallDataset_tropical_0.0001_20000_20260213_095520_relu_best.pth...20260213_100319
At epoch 323, test loss = 57.6579
...model saved to 15_exp/models/FloydWarshallDataset_tropical_0.0001_20000_20260213_095520_relu_best.pth...20260213_100321
At epoch 324, test loss = 57.5655
...model saved to 15_exp/models/FloydWarshallDataset_tropical_0.0001_20000_20260213_095520_relu_best.pth...20260213_100322
At epoch 325, test loss = 57.5496
...model saved to 15_exp/models/FloydWarshallDataset_tropical_0.0001_20000_20260213_095520_relu_best.pth...20260213_100323
At epoch 326, test loss = 57.5146
...model saved to 15_exp/models/FloydWarshallDataset_tropical_0.0001_20000_20260213_095520_relu_best.pth...20260213_100324
At epoch 327, test loss = 57.4745
...model saved to 15_exp/models/FloydWarshallDataset_tropical_0.0001_20000_20260213_095520_relu_best.pth...20260213_100324
At epoch 328, test loss = 57.4693
...model saved to 15_exp/models/FloydWarshallDataset_tropical_0.0001_20000_20260213_095520_relu_best.pth...20260213_100325
At epoch 329, test loss = 57.3902
...model saved to 15_exp/models/FloydWarshallDataset_tropical_0.0001_20000_20260213_095520_relu_best.pth...20260213_100326
At epoch 330, test loss = 57.3879
...model saved to 15_exp/models/FloydWarshallDataset_tropical_0.0001_20000_20260213_095520_relu_best.pth...20260213_100327
At epoch 331, test loss = 57.3414
...model saved to 15_exp/models/FloydWarshallDataset_tropical_0.0001_20000_20260213_095520_relu_best.pth...20260213_100328
At epoch 332, test loss = 57.3197
...model saved to 15_exp/models/FloydWarshallDataset_tropical_0.0001_20000_20260213_095520_relu_best.pth...20260213_100329
At epoch 333, test loss = 57.2907
...model saved to 15_exp/models/FloydWarshallDataset_tropical_0.0001_20000_20260213_095520_relu_best.pth...20260213_100330
At epoch 335, test loss = 57.1990
...model saved to 15_exp/models/FloydWarshallDataset_tropical_0.0001_20000_20260213_095520_relu_best.pth...20260213_100331
At epoch 336, test loss = 57.1677
...model saved to 15_exp/models/FloydWarshallDataset_tropical_0.0001_20000_20260213_095520_relu_best.pth...20260213_100332
At epoch 337, test loss = 57.1464
...model saved to 15_exp/models/FloydWarshallDataset_tropical_0.0001_20000_20260213_095520_relu_best.pth...20260213_100333
At epoch 338, test loss = 57.1004
...model saved to 15_exp/models/FloydWarshallDataset_tropical_0.0001_20000_20260213_095520_relu_best.pth...20260213_100334
At epoch 339, test loss = 57.0980
...model saved to 15_exp/models/FloydWarshallDataset_tropical_0.0001_20000_20260213_095520_relu_best.pth...20260213_100335
At epoch 340, test loss = 57.0968
...model saved to 15_exp/models/FloydWarshallDataset_tropical_0.0001_20000_20260213_095520_relu_best.pth...20260213_100335
At epoch 341, test loss = 57.0798
...model saved to 15_exp/models/FloydWarshallDataset_tropical_0.0001_20000_20260213_095520_relu_best.pth...20260213_100336
At epoch 342, test loss = 57.0601
...model saved to 15_exp/models/FloydWarshallDataset_tropical_0.0001_20000_20260213_095520_relu_best.pth...20260213_100337
At epoch 343, test loss = 56.9922
...model saved to 15_exp/models/FloydWarshallDataset_tropical_0.0001_20000_20260213_095520_relu_best.pth...20260213_100337
At epoch 345, test loss = 56.9367
...model saved to 15_exp/models/FloydWarshallDataset_tropical_0.0001_20000_20260213_095520_relu_best.pth...20260213_100339
At epoch 346, test loss = 56.9219
...model saved to 15_exp/models/FloydWarshallDataset_tropical_0.0001_20000_20260213_095520_relu_best.pth...20260213_100340
At epoch 347, test loss = 56.8935
...model saved to 15_exp/models/FloydWarshallDataset_tropical_0.0001_20000_20260213_095520_relu_best.pth...20260213_100341
At epoch 349, test loss = 56.8398
...model saved to 15_exp/models/FloydWarshallDataset_tropical_0.0001_20000_20260213_095520_relu_best.pth...20260213_100342
At epoch 350, test loss = 56.8327
...model saved to 15_exp/models/FloydWarshallDataset_tropical_0.0001_20000_20260213_095520_relu_best.pth...20260213_100343
At epoch 351, test loss = 56.7806
...model saved to 15_exp/models/FloydWarshallDataset_tropical_0.0001_20000_20260213_095520_relu_best.pth...20260213_100344
At epoch 353, test loss = 56.7643
...model saved to 15_exp/models/FloydWarshallDataset_tropical_0.0001_20000_20260213_095520_relu_best.pth...20260213_100346
At epoch 354, test loss = 56.7642
...model saved to 15_exp/models/FloydWarshallDataset_tropical_0.0001_20000_20260213_095520_relu_best.pth...20260213_100347
At epoch 355, test loss = 56.7048
...model saved to 15_exp/models/FloydWarshallDataset_tropical_0.0001_20000_20260213_095520_relu_best.pth...20260213_100347
At epoch 356, test loss = 56.6905
...model saved to 15_exp/models/FloydWarshallDataset_tropical_0.0001_20000_20260213_095520_relu_best.pth...20260213_100348
At epoch 357, test loss = 56.6387
...model saved to 15_exp/models/FloydWarshallDataset_tropical_0.0001_20000_20260213_095520_relu_best.pth...20260213_100349
At epoch 359, test loss = 56.5932
...model saved to 15_exp/models/FloydWarshallDataset_tropical_0.0001_20000_20260213_095520_relu_best.pth...20260213_100350
At epoch 360, test loss = 56.5930
...model saved to 15_exp/models/FloydWarshallDataset_tropical_0.0001_20000_20260213_095520_relu_best.pth...20260213_100351
At epoch 361, test loss = 56.5927
...model saved to 15_exp/models/FloydWarshallDataset_tropical_0.0001_20000_20260213_095520_relu_best.pth...20260213_100352
At epoch 362, test loss = 56.5616
...model saved to 15_exp/models/FloydWarshallDataset_tropical_0.0001_20000_20260213_095520_relu_best.pth...20260213_100353
At epoch 363, test loss = 56.5210
...model saved to 15_exp/models/FloydWarshallDataset_tropical_0.0001_20000_20260213_095520_relu_best.pth...20260213_100353
At epoch 364, test loss = 56.5034
...model saved to 15_exp/models/FloydWarshallDataset_tropical_0.0001_20000_20260213_095520_relu_best.pth...20260213_100354
At epoch 365, test loss = 56.4901
...model saved to 15_exp/models/FloydWarshallDataset_tropical_0.0001_20000_20260213_095520_relu_best.pth...20260213_100355
At epoch 366, test loss = 56.4767
...model saved to 15_exp/models/FloydWarshallDataset_tropical_0.0001_20000_20260213_095520_relu_best.pth...20260213_100355
At epoch 367, test loss = 56.4607
...model saved to 15_exp/models/FloydWarshallDataset_tropical_0.0001_20000_20260213_095520_relu_best.pth...20260213_100356
At epoch 368, test loss = 56.4286
...model saved to 15_exp/models/FloydWarshallDataset_tropical_0.0001_20000_20260213_095520_relu_best.pth...20260213_100357
At epoch 369, test loss = 56.4036
...model saved to 15_exp/models/FloydWarshallDataset_tropical_0.0001_20000_20260213_095520_relu_best.pth...20260213_100357
At epoch 370, test loss = 56.3906
...model saved to 15_exp/models/FloydWarshallDataset_tropical_0.0001_20000_20260213_095520_relu_best.pth...20260213_100358
At epoch 371, test loss = 56.3684
...model saved to 15_exp/models/FloydWarshallDataset_tropical_0.0001_20000_20260213_095520_relu_best.pth...20260213_100359
At epoch 372, test loss = 56.3295
...model saved to 15_exp/models/FloydWarshallDataset_tropical_0.0001_20000_20260213_095520_relu_best.pth...20260213_100400
At epoch 375, test loss = 56.3074
...model saved to 15_exp/models/FloydWarshallDataset_tropical_0.0001_20000_20260213_095520_relu_best.pth...20260213_100402
At epoch 376, test loss = 56.2633
...model saved to 15_exp/models/FloydWarshallDataset_tropical_0.0001_20000_20260213_095520_relu_best.pth...20260213_100403
At epoch 377, test loss = 56.2364
...model saved to 15_exp/models/FloydWarshallDataset_tropical_0.0001_20000_20260213_095520_relu_best.pth...20260213_100404
At epoch 378, test loss = 56.2324
...model saved to 15_exp/models/FloydWarshallDataset_tropical_0.0001_20000_20260213_095520_relu_best.pth...20260213_100405
At epoch 379, test loss = 56.1948
...model saved to 15_exp/models/FloydWarshallDataset_tropical_0.0001_20000_20260213_095520_relu_best.pth...20260213_100406
At epoch 381, test loss = 56.1827
...model saved to 15_exp/models/FloydWarshallDataset_tropical_0.0001_20000_20260213_095520_relu_best.pth...20260213_100407
At epoch 383, test loss = 56.1495
...model saved to 15_exp/models/FloydWarshallDataset_tropical_0.0001_20000_20260213_095520_relu_best.pth...20260213_100409
At epoch 384, test loss = 56.1411
...model saved to 15_exp/models/FloydWarshallDataset_tropical_0.0001_20000_20260213_095520_relu_best.pth...20260213_100410
At epoch 385, test loss = 56.0958
...model saved to 15_exp/models/FloydWarshallDataset_tropical_0.0001_20000_20260213_095520_relu_best.pth...20260213_100411
At epoch 386, test loss = 56.0787
...model saved to 15_exp/models/FloydWarshallDataset_tropical_0.0001_20000_20260213_095520_relu_best.pth...20260213_100412
At epoch 387, test loss = 56.0532
...model saved to 15_exp/models/FloydWarshallDataset_tropical_0.0001_20000_20260213_095520_relu_best.pth...20260213_100413
At epoch 388, test loss = 56.0281
...model saved to 15_exp/models/FloydWarshallDataset_tropical_0.0001_20000_20260213_095520_relu_best.pth...20260213_100414
At epoch 389, test loss = 56.0130
...model saved to 15_exp/models/FloydWarshallDataset_tropical_0.0001_20000_20260213_095520_relu_best.pth...20260213_100415
At epoch 390, test loss = 55.9947
...model saved to 15_exp/models/FloydWarshallDataset_tropical_0.0001_20000_20260213_095520_relu_best.pth...20260213_100416
At epoch 391, test loss = 55.9677
...model saved to 15_exp/models/FloydWarshallDataset_tropical_0.0001_20000_20260213_095520_relu_best.pth...20260213_100416
At epoch 393, test loss = 55.9420
...model saved to 15_exp/models/FloydWarshallDataset_tropical_0.0001_20000_20260213_095520_relu_best.pth...20260213_100418
At epoch 394, test loss = 55.9322
...model saved to 15_exp/models/FloydWarshallDataset_tropical_0.0001_20000_20260213_095520_relu_best.pth...20260213_100419
At epoch 395, test loss = 55.9194
...model saved to 15_exp/models/FloydWarshallDataset_tropical_0.0001_20000_20260213_095520_relu_best.pth...20260213_100419
At epoch 397, test loss = 55.9016
...model saved to 15_exp/models/FloydWarshallDataset_tropical_0.0001_20000_20260213_095520_relu_best.pth...20260213_100421
At epoch 398, test loss = 55.8974
...model saved to 15_exp/models/FloydWarshallDataset_tropical_0.0001_20000_20260213_095520_relu_best.pth...20260213_100421
At epoch 399, test loss = 55.8450
...model saved to 15_exp/models/FloydWarshallDataset_tropical_0.0001_20000_20260213_095520_relu_best.pth...20260213_100422
At epoch 400, test loss = 55.8293
...model saved to 15_exp/models/FloydWarshallDataset_tropical_0.0001_20000_20260213_095520_relu_best.pth...20260213_100423
At epoch 401, test loss = 55.7981
...model saved to 15_exp/models/FloydWarshallDataset_tropical_0.0001_20000_20260213_095520_relu_best.pth...20260213_100424
At epoch 402, test loss = 55.7593
...model saved to 15_exp/models/FloydWarshallDataset_tropical_0.0001_20000_20260213_095520_relu_best.pth...20260213_100424
At epoch 403, test loss = 55.7414
...model saved to 15_exp/models/FloydWarshallDataset_tropical_0.0001_20000_20260213_095520_relu_best.pth...20260213_100425
At epoch 404, test loss = 55.7300
...model saved to 15_exp/models/FloydWarshallDataset_tropical_0.0001_20000_20260213_095520_relu_best.pth...20260213_100426
At epoch 405, test loss = 55.6757
...model saved to 15_exp/models/FloydWarshallDataset_tropical_0.0001_20000_20260213_095520_relu_best.pth...20260213_100427
At epoch 407, test loss = 55.6753
...model saved to 15_exp/models/FloydWarshallDataset_tropical_0.0001_20000_20260213_095520_relu_best.pth...20260213_100428
At epoch 408, test loss = 55.6361
...model saved to 15_exp/models/FloydWarshallDataset_tropical_0.0001_20000_20260213_095520_relu_best.pth...20260213_100429
At epoch 410, test loss = 55.5861
...model saved to 15_exp/models/FloydWarshallDataset_tropical_0.0001_20000_20260213_095520_relu_best.pth...20260213_100430
At epoch 413, test loss = 55.5256
...model saved to 15_exp/models/FloydWarshallDataset_tropical_0.0001_20000_20260213_095520_relu_best.pth...20260213_100433
At epoch 414, test loss = 55.4873
...model saved to 15_exp/models/FloydWarshallDataset_tropical_0.0001_20000_20260213_095520_relu_best.pth...20260213_100434
At epoch 415, test loss = 55.4669
...model saved to 15_exp/models/FloydWarshallDataset_tropical_0.0001_20000_20260213_095520_relu_best.pth...20260213_100435
At epoch 416, test loss = 55.4027
...model saved to 15_exp/models/FloydWarshallDataset_tropical_0.0001_20000_20260213_095520_relu_best.pth...20260213_100435
At epoch 418, test loss = 55.4004
...model saved to 15_exp/models/FloydWarshallDataset_tropical_0.0001_20000_20260213_095520_relu_best.pth...20260213_100437
At epoch 419, test loss = 55.3292
...model saved to 15_exp/models/FloydWarshallDataset_tropical_0.0001_20000_20260213_095520_relu_best.pth...20260213_100438
At epoch 420, test loss = 55.2721
...model saved to 15_exp/models/FloydWarshallDataset_tropical_0.0001_20000_20260213_095520_relu_best.pth...20260213_100439
At epoch 421, test loss = 55.2409
...model saved to 15_exp/models/FloydWarshallDataset_tropical_0.0001_20000_20260213_095520_relu_best.pth...20260213_100439
At epoch 423, test loss = 55.1967
...model saved to 15_exp/models/FloydWarshallDataset_tropical_0.0001_20000_20260213_095520_relu_best.pth...20260213_100441
At epoch 424, test loss = 55.1402
...model saved to 15_exp/models/FloydWarshallDataset_tropical_0.0001_20000_20260213_095520_relu_best.pth...20260213_100442
At epoch 425, test loss = 55.0876
...model saved to 15_exp/models/FloydWarshallDataset_tropical_0.0001_20000_20260213_095520_relu_best.pth...20260213_100443
At epoch 427, test loss = 55.0258
...model saved to 15_exp/models/FloydWarshallDataset_tropical_0.0001_20000_20260213_095520_relu_best.pth...20260213_100444
At epoch 428, test loss = 54.9655
...model saved to 15_exp/models/FloydWarshallDataset_tropical_0.0001_20000_20260213_095520_relu_best.pth...20260213_100445
At epoch 429, test loss = 54.8860
...model saved to 15_exp/models/FloydWarshallDataset_tropical_0.0001_20000_20260213_095520_relu_best.pth...20260213_100446
At epoch 430, test loss = 54.8382
...model saved to 15_exp/models/FloydWarshallDataset_tropical_0.0001_20000_20260213_095520_relu_best.pth...20260213_100446
At epoch 431, test loss = 54.8075
...model saved to 15_exp/models/FloydWarshallDataset_tropical_0.0001_20000_20260213_095520_relu_best.pth...20260213_100447
At epoch 432, test loss = 54.7626
...model saved to 15_exp/models/FloydWarshallDataset_tropical_0.0001_20000_20260213_095520_relu_best.pth...20260213_100448
At epoch 433, test loss = 54.6960
...model saved to 15_exp/models/FloydWarshallDataset_tropical_0.0001_20000_20260213_095520_relu_best.pth...20260213_100449
At epoch 434, test loss = 54.6078
...model saved to 15_exp/models/FloydWarshallDataset_tropical_0.0001_20000_20260213_095520_relu_best.pth...20260213_100450
At epoch 435, test loss = 54.5505
...model saved to 15_exp/models/FloydWarshallDataset_tropical_0.0001_20000_20260213_095520_relu_best.pth...20260213_100450
At epoch 436, test loss = 54.5422
...model saved to 15_exp/models/FloydWarshallDataset_tropical_0.0001_20000_20260213_095520_relu_best.pth...20260213_100451
At epoch 437, test loss = 54.4742
...model saved to 15_exp/models/FloydWarshallDataset_tropical_0.0001_20000_20260213_095520_relu_best.pth...20260213_100452
At epoch 438, test loss = 54.4381
...model saved to 15_exp/models/FloydWarshallDataset_tropical_0.0001_20000_20260213_095520_relu_best.pth...20260213_100453
At epoch 439, test loss = 54.3773
...model saved to 15_exp/models/FloydWarshallDataset_tropical_0.0001_20000_20260213_095520_relu_best.pth...20260213_100454
At epoch 440, test loss = 54.3672
...model saved to 15_exp/models/FloydWarshallDataset_tropical_0.0001_20000_20260213_095520_relu_best.pth...20260213_100455
At epoch 441, test loss = 54.2928
...model saved to 15_exp/models/FloydWarshallDataset_tropical_0.0001_20000_20260213_095520_relu_best.pth...20260213_100456
At epoch 443, test loss = 54.1949
...model saved to 15_exp/models/FloydWarshallDataset_tropical_0.0001_20000_20260213_095520_relu_best.pth...20260213_100457
At epoch 445, test loss = 54.1215
...model saved to 15_exp/models/FloydWarshallDataset_tropical_0.0001_20000_20260213_095520_relu_best.pth...20260213_100459
At epoch 446, test loss = 54.0671
...model saved to 15_exp/models/FloydWarshallDataset_tropical_0.0001_20000_20260213_095520_relu_best.pth...20260213_100459
At epoch 448, test loss = 54.0346
...model saved to 15_exp/models/FloydWarshallDataset_tropical_0.0001_20000_20260213_095520_relu_best.pth...20260213_100501
At epoch 449, test loss = 54.0000
...model saved to 15_exp/models/FloydWarshallDataset_tropical_0.0001_20000_20260213_095520_relu_best.pth...20260213_100502
At epoch 450, test loss = 53.9630
...model saved to 15_exp/models/FloydWarshallDataset_tropical_0.0001_20000_20260213_095520_relu_best.pth...20260213_100502
At epoch 451, test loss = 53.9582
...model saved to 15_exp/models/FloydWarshallDataset_tropical_0.0001_20000_20260213_095520_relu_best.pth...20260213_100503
At epoch 452, test loss = 53.9160
...model saved to 15_exp/models/FloydWarshallDataset_tropical_0.0001_20000_20260213_095520_relu_best.pth...20260213_100504
At epoch 453, test loss = 53.8729
...model saved to 15_exp/models/FloydWarshallDataset_tropical_0.0001_20000_20260213_095520_relu_best.pth...20260213_100505
At epoch 454, test loss = 53.8630
...model saved to 15_exp/models/FloydWarshallDataset_tropical_0.0001_20000_20260213_095520_relu_best.pth...20260213_100506
At epoch 455, test loss = 53.8389
...model saved to 15_exp/models/FloydWarshallDataset_tropical_0.0001_20000_20260213_095520_relu_best.pth...20260213_100506
At epoch 456, test loss = 53.8080
...model saved to 15_exp/models/FloydWarshallDataset_tropical_0.0001_20000_20260213_095520_relu_best.pth...20260213_100507
At epoch 457, test loss = 53.8062
...model saved to 15_exp/models/FloydWarshallDataset_tropical_0.0001_20000_20260213_095520_relu_best.pth...20260213_100508
At epoch 458, test loss = 53.7480
...model saved to 15_exp/models/FloydWarshallDataset_tropical_0.0001_20000_20260213_095520_relu_best.pth...20260213_100509
At epoch 459, test loss = 53.7371
...model saved to 15_exp/models/FloydWarshallDataset_tropical_0.0001_20000_20260213_095520_relu_best.pth...20260213_100510
At epoch 460, test loss = 53.7139
...model saved to 15_exp/models/FloydWarshallDataset_tropical_0.0001_20000_20260213_095520_relu_best.pth...20260213_100510
At epoch 461, test loss = 53.6963
...model saved to 15_exp/models/FloydWarshallDataset_tropical_0.0001_20000_20260213_095520_relu_best.pth...20260213_100511
At epoch 462, test loss = 53.6725
...model saved to 15_exp/models/FloydWarshallDataset_tropical_0.0001_20000_20260213_095520_relu_best.pth...20260213_100512
At epoch 463, test loss = 53.6289
...model saved to 15_exp/models/FloydWarshallDataset_tropical_0.0001_20000_20260213_095520_relu_best.pth...20260213_100513
At epoch 464, test loss = 53.6029
...model saved to 15_exp/models/FloydWarshallDataset_tropical_0.0001_20000_20260213_095520_relu_best.pth...20260213_100514
At epoch 465, test loss = 53.6021
...model saved to 15_exp/models/FloydWarshallDataset_tropical_0.0001_20000_20260213_095520_relu_best.pth...20260213_100515
At epoch 466, test loss = 53.5929
...model saved to 15_exp/models/FloydWarshallDataset_tropical_0.0001_20000_20260213_095520_relu_best.pth...20260213_100515
At epoch 467, test loss = 53.5773
...model saved to 15_exp/models/FloydWarshallDataset_tropical_0.0001_20000_20260213_095520_relu_best.pth...20260213_100516
At epoch 468, test loss = 53.5215
...model saved to 15_exp/models/FloydWarshallDataset_tropical_0.0001_20000_20260213_095520_relu_best.pth...20260213_100517
At epoch 470, test loss = 53.4905
...model saved to 15_exp/models/FloydWarshallDataset_tropical_0.0001_20000_20260213_095520_relu_best.pth...20260213_100519
At epoch 471, test loss = 53.4562
...model saved to 15_exp/models/FloydWarshallDataset_tropical_0.0001_20000_20260213_095520_relu_best.pth...20260213_100519
At epoch 475, test loss = 53.4243
...model saved to 15_exp/models/FloydWarshallDataset_tropical_0.0001_20000_20260213_095520_relu_best.pth...20260213_100522
At epoch 476, test loss = 53.3995
...model saved to 15_exp/models/FloydWarshallDataset_tropical_0.0001_20000_20260213_095520_relu_best.pth...20260213_100523
At epoch 477, test loss = 53.3793
...model saved to 15_exp/models/FloydWarshallDataset_tropical_0.0001_20000_20260213_095520_relu_best.pth...20260213_100524
At epoch 478, test loss = 53.3551
...model saved to 15_exp/models/FloydWarshallDataset_tropical_0.0001_20000_20260213_095520_relu_best.pth...20260213_100525
At epoch 479, test loss = 53.3467
...model saved to 15_exp/models/FloydWarshallDataset_tropical_0.0001_20000_20260213_095520_relu_best.pth...20260213_100526
At epoch 480, test loss = 53.3189
...model saved to 15_exp/models/FloydWarshallDataset_tropical_0.0001_20000_20260213_095520_relu_best.pth...20260213_100527
At epoch 481, test loss = 53.3057
...model saved to 15_exp/models/FloydWarshallDataset_tropical_0.0001_20000_20260213_095520_relu_best.pth...20260213_100528
At epoch 482, test loss = 53.2912
...model saved to 15_exp/models/FloydWarshallDataset_tropical_0.0001_20000_20260213_095520_relu_best.pth...20260213_100528
At epoch 483, test loss = 53.2897
...model saved to 15_exp/models/FloydWarshallDataset_tropical_0.0001_20000_20260213_095520_relu_best.pth...20260213_100529
At epoch 484, test loss = 53.2657
...model saved to 15_exp/models/FloydWarshallDataset_tropical_0.0001_20000_20260213_095520_relu_best.pth...20260213_100530
At epoch 485, test loss = 53.2121
...model saved to 15_exp/models/FloydWarshallDataset_tropical_0.0001_20000_20260213_095520_relu_best.pth...20260213_100531
At epoch 487, test loss = 53.1867
...model saved to 15_exp/models/FloydWarshallDataset_tropical_0.0001_20000_20260213_095520_relu_best.pth...20260213_100533
At epoch 489, test loss = 53.1835
...model saved to 15_exp/models/FloydWarshallDataset_tropical_0.0001_20000_20260213_095520_relu_best.pth...20260213_100535
At epoch 490, test loss = 53.1610
...model saved to 15_exp/models/FloydWarshallDataset_tropical_0.0001_20000_20260213_095520_relu_best.pth...20260213_100535
At epoch 491, test loss = 53.1473
...model saved to 15_exp/models/FloydWarshallDataset_tropical_0.0001_20000_20260213_095520_relu_best.pth...20260213_100536
At epoch 492, test loss = 53.0840
...model saved to 15_exp/models/FloydWarshallDataset_tropical_0.0001_20000_20260213_095520_relu_best.pth...20260213_100537
At epoch 493, test loss = 53.0736
...model saved to 15_exp/models/FloydWarshallDataset_tropical_0.0001_20000_20260213_095520_relu_best.pth...20260213_100538
At epoch 494, test loss = 53.0678
...model saved to 15_exp/models/FloydWarshallDataset_tropical_0.0001_20000_20260213_095520_relu_best.pth...20260213_100539
At epoch 495, test loss = 53.0673
...model saved to 15_exp/models/FloydWarshallDataset_tropical_0.0001_20000_20260213_095520_relu_best.pth...20260213_100540
At epoch 496, test loss = 53.0378
...model saved to 15_exp/models/FloydWarshallDataset_tropical_0.0001_20000_20260213_095520_relu_best.pth...20260213_100541
At epoch 497, test loss = 53.0212
...model saved to 15_exp/models/FloydWarshallDataset_tropical_0.0001_20000_20260213_095520_relu_best.pth...20260213_100542
At epoch 498, test loss = 53.0192
...model saved to 15_exp/models/FloydWarshallDataset_tropical_0.0001_20000_20260213_095520_relu_best.pth...20260213_100543
At epoch 499, test loss = 52.9904
...model saved to 15_exp/models/FloydWarshallDataset_tropical_0.0001_20000_20260213_095520_relu_best.pth...20260213_100544
At epoch 501, test loss = 52.9533
...model saved to 15_exp/models/FloydWarshallDataset_tropical_0.0001_20000_20260213_095520_relu_best.pth...20260213_100545
At epoch 502, test loss = 52.9335
...model saved to 15_exp/models/FloydWarshallDataset_tropical_0.0001_20000_20260213_095520_relu_best.pth...20260213_100546
At epoch 504, test loss = 52.9001
...model saved to 15_exp/models/FloydWarshallDataset_tropical_0.0001_20000_20260213_095520_relu_best.pth...20260213_100548
At epoch 505, test loss = 52.8811
...model saved to 15_exp/models/FloydWarshallDataset_tropical_0.0001_20000_20260213_095520_relu_best.pth...20260213_100549
At epoch 506, test loss = 52.8707
...model saved to 15_exp/models/FloydWarshallDataset_tropical_0.0001_20000_20260213_095520_relu_best.pth...20260213_100550
At epoch 507, test loss = 52.8481
...model saved to 15_exp/models/FloydWarshallDataset_tropical_0.0001_20000_20260213_095520_relu_best.pth...20260213_100551
At epoch 508, test loss = 52.8418
...model saved to 15_exp/models/FloydWarshallDataset_tropical_0.0001_20000_20260213_095520_relu_best.pth...20260213_100552
At epoch 509, test loss = 52.8250
...model saved to 15_exp/models/FloydWarshallDataset_tropical_0.0001_20000_20260213_095520_relu_best.pth...20260213_100553
At epoch 510, test loss = 52.7866
...model saved to 15_exp/models/FloydWarshallDataset_tropical_0.0001_20000_20260213_095520_relu_best.pth...20260213_100554
At epoch 511, test loss = 52.7826
...model saved to 15_exp/models/FloydWarshallDataset_tropical_0.0001_20000_20260213_095520_relu_best.pth...20260213_100555
At epoch 512, test loss = 52.7460
...model saved to 15_exp/models/FloydWarshallDataset_tropical_0.0001_20000_20260213_095520_relu_best.pth...20260213_100556
At epoch 513, test loss = 52.7296
...model saved to 15_exp/models/FloydWarshallDataset_tropical_0.0001_20000_20260213_095520_relu_best.pth...20260213_100557
At epoch 514, test loss = 52.7255
...model saved to 15_exp/models/FloydWarshallDataset_tropical_0.0001_20000_20260213_095520_relu_best.pth...20260213_100558
At epoch 515, test loss = 52.7125
...model saved to 15_exp/models/FloydWarshallDataset_tropical_0.0001_20000_20260213_095520_relu_best.pth...20260213_100559
At epoch 516, test loss = 52.6837
...model saved to 15_exp/models/FloydWarshallDataset_tropical_0.0001_20000_20260213_095520_relu_best.pth...20260213_100600
At epoch 518, test loss = 52.6698
...model saved to 15_exp/models/FloydWarshallDataset_tropical_0.0001_20000_20260213_095520_relu_best.pth...20260213_100602
At epoch 519, test loss = 52.6241
...model saved to 15_exp/models/FloydWarshallDataset_tropical_0.0001_20000_20260213_095520_relu_best.pth...20260213_100603
At epoch 520, test loss = 52.5942
...model saved to 15_exp/models/FloydWarshallDataset_tropical_0.0001_20000_20260213_095520_relu_best.pth...20260213_100604
At epoch 521, test loss = 52.5751
...model saved to 15_exp/models/FloydWarshallDataset_tropical_0.0001_20000_20260213_095520_relu_best.pth...20260213_100605
At epoch 523, test loss = 52.5101
...model saved to 15_exp/models/FloydWarshallDataset_tropical_0.0001_20000_20260213_095520_relu_best.pth...20260213_100607
At epoch 524, test loss = 52.4899
...model saved to 15_exp/models/FloydWarshallDataset_tropical_0.0001_20000_20260213_095520_relu_best.pth...20260213_100608
At epoch 525, test loss = 52.4649
...model saved to 15_exp/models/FloydWarshallDataset_tropical_0.0001_20000_20260213_095520_relu_best.pth...20260213_100609
At epoch 526, test loss = 52.4372
...model saved to 15_exp/models/FloydWarshallDataset_tropical_0.0001_20000_20260213_095520_relu_best.pth...20260213_100610
At epoch 527, test loss = 52.3919
...model saved to 15_exp/models/FloydWarshallDataset_tropical_0.0001_20000_20260213_095520_relu_best.pth...20260213_100611
At epoch 528, test loss = 52.3745
...model saved to 15_exp/models/FloydWarshallDataset_tropical_0.0001_20000_20260213_095520_relu_best.pth...20260213_100612
At epoch 529, test loss = 52.3398
...model saved to 15_exp/models/FloydWarshallDataset_tropical_0.0001_20000_20260213_095520_relu_best.pth...20260213_100613
At epoch 530, test loss = 52.3053
...model saved to 15_exp/models/FloydWarshallDataset_tropical_0.0001_20000_20260213_095520_relu_best.pth...20260213_100614
At epoch 531, test loss = 52.2640
...model saved to 15_exp/models/FloydWarshallDataset_tropical_0.0001_20000_20260213_095520_relu_best.pth...20260213_100615
At epoch 532, test loss = 52.2191
...model saved to 15_exp/models/FloydWarshallDataset_tropical_0.0001_20000_20260213_095520_relu_best.pth...20260213_100616
At epoch 533, test loss = 52.1533
...model saved to 15_exp/models/FloydWarshallDataset_tropical_0.0001_20000_20260213_095520_relu_best.pth...20260213_100617
At epoch 534, test loss = 52.1136
...model saved to 15_exp/models/FloydWarshallDataset_tropical_0.0001_20000_20260213_095520_relu_best.pth...20260213_100618
At epoch 535, test loss = 52.0476
...model saved to 15_exp/models/FloydWarshallDataset_tropical_0.0001_20000_20260213_095520_relu_best.pth...20260213_100618
At epoch 536, test loss = 52.0010
...model saved to 15_exp/models/FloydWarshallDataset_tropical_0.0001_20000_20260213_095520_relu_best.pth...20260213_100619
At epoch 537, test loss = 51.9327
...model saved to 15_exp/models/FloydWarshallDataset_tropical_0.0001_20000_20260213_095520_relu_best.pth...20260213_100620
At epoch 538, test loss = 51.8722
...model saved to 15_exp/models/FloydWarshallDataset_tropical_0.0001_20000_20260213_095520_relu_best.pth...20260213_100621
At epoch 539, test loss = 51.8349
...model saved to 15_exp/models/FloydWarshallDataset_tropical_0.0001_20000_20260213_095520_relu_best.pth...20260213_100622
At epoch 540, test loss = 51.7371
...model saved to 15_exp/models/FloydWarshallDataset_tropical_0.0001_20000_20260213_095520_relu_best.pth...20260213_100623
At epoch 541, test loss = 51.6932
...model saved to 15_exp/models/FloydWarshallDataset_tropical_0.0001_20000_20260213_095520_relu_best.pth...20260213_100624
At epoch 542, test loss = 51.6136
...model saved to 15_exp/models/FloydWarshallDataset_tropical_0.0001_20000_20260213_095520_relu_best.pth...20260213_100625
At epoch 543, test loss = 51.5283
...model saved to 15_exp/models/FloydWarshallDataset_tropical_0.0001_20000_20260213_095520_relu_best.pth...20260213_100626
At epoch 544, test loss = 51.4953
...model saved to 15_exp/models/FloydWarshallDataset_tropical_0.0001_20000_20260213_095520_relu_best.pth...20260213_100627
At epoch 545, test loss = 51.4174
...model saved to 15_exp/models/FloydWarshallDataset_tropical_0.0001_20000_20260213_095520_relu_best.pth...20260213_100628
At epoch 546, test loss = 51.3235
...model saved to 15_exp/models/FloydWarshallDataset_tropical_0.0001_20000_20260213_095520_relu_best.pth...20260213_100629
At epoch 547, test loss = 51.2583
...model saved to 15_exp/models/FloydWarshallDataset_tropical_0.0001_20000_20260213_095520_relu_best.pth...20260213_100630
At epoch 548, test loss = 51.2224
...model saved to 15_exp/models/FloydWarshallDataset_tropical_0.0001_20000_20260213_095520_relu_best.pth...20260213_100630
At epoch 549, test loss = 51.1371
...model saved to 15_exp/models/FloydWarshallDataset_tropical_0.0001_20000_20260213_095520_relu_best.pth...20260213_100631
At epoch 550, test loss = 51.0759
...model saved to 15_exp/models/FloydWarshallDataset_tropical_0.0001_20000_20260213_095520_relu_best.pth...20260213_100632
At epoch 551, test loss = 51.0156
...model saved to 15_exp/models/FloydWarshallDataset_tropical_0.0001_20000_20260213_095520_relu_best.pth...20260213_100633
At epoch 552, test loss = 50.9568
...model saved to 15_exp/models/FloydWarshallDataset_tropical_0.0001_20000_20260213_095520_relu_best.pth...20260213_100634
At epoch 553, test loss = 50.9201
...model saved to 15_exp/models/FloydWarshallDataset_tropical_0.0001_20000_20260213_095520_relu_best.pth...20260213_100635
At epoch 554, test loss = 50.8468
...model saved to 15_exp/models/FloydWarshallDataset_tropical_0.0001_20000_20260213_095520_relu_best.pth...20260213_100635
At epoch 555, test loss = 50.7754
...model saved to 15_exp/models/FloydWarshallDataset_tropical_0.0001_20000_20260213_095520_relu_best.pth...20260213_100636
At epoch 556, test loss = 50.7636
...model saved to 15_exp/models/FloydWarshallDataset_tropical_0.0001_20000_20260213_095520_relu_best.pth...20260213_100637
At epoch 557, test loss = 50.6792
...model saved to 15_exp/models/FloydWarshallDataset_tropical_0.0001_20000_20260213_095520_relu_best.pth...20260213_100638
At epoch 558, test loss = 50.5967
...model saved to 15_exp/models/FloydWarshallDataset_tropical_0.0001_20000_20260213_095520_relu_best.pth...20260213_100639
At epoch 559, test loss = 50.5562
...model saved to 15_exp/models/FloydWarshallDataset_tropical_0.0001_20000_20260213_095520_relu_best.pth...20260213_100640
At epoch 560, test loss = 50.4990
...model saved to 15_exp/models/FloydWarshallDataset_tropical_0.0001_20000_20260213_095520_relu_best.pth...20260213_100640
At epoch 561, test loss = 50.4417
...model saved to 15_exp/models/FloydWarshallDataset_tropical_0.0001_20000_20260213_095520_relu_best.pth...20260213_100641
At epoch 562, test loss = 50.3824
...model saved to 15_exp/models/FloydWarshallDataset_tropical_0.0001_20000_20260213_095520_relu_best.pth...20260213_100642
At epoch 563, test loss = 50.3224
...model saved to 15_exp/models/FloydWarshallDataset_tropical_0.0001_20000_20260213_095520_relu_best.pth...20260213_100643
At epoch 564, test loss = 50.2757
...model saved to 15_exp/models/FloydWarshallDataset_tropical_0.0001_20000_20260213_095520_relu_best.pth...20260213_100643
At epoch 565, test loss = 50.2153
...model saved to 15_exp/models/FloydWarshallDataset_tropical_0.0001_20000_20260213_095520_relu_best.pth...20260213_100644
At epoch 566, test loss = 50.1569
...model saved to 15_exp/models/FloydWarshallDataset_tropical_0.0001_20000_20260213_095520_relu_best.pth...20260213_100645
At epoch 568, test loss = 50.0582
...model saved to 15_exp/models/FloydWarshallDataset_tropical_0.0001_20000_20260213_095520_relu_best.pth...20260213_100646
At epoch 569, test loss = 49.9732
...model saved to 15_exp/models/FloydWarshallDataset_tropical_0.0001_20000_20260213_095520_relu_best.pth...20260213_100647
At epoch 570, test loss = 49.9322
...model saved to 15_exp/models/FloydWarshallDataset_tropical_0.0001_20000_20260213_095520_relu_best.pth...20260213_100648
At epoch 571, test loss = 49.9254
...model saved to 15_exp/models/FloydWarshallDataset_tropical_0.0001_20000_20260213_095520_relu_best.pth...20260213_100649
At epoch 572, test loss = 49.8288
...model saved to 15_exp/models/FloydWarshallDataset_tropical_0.0001_20000_20260213_095520_relu_best.pth...20260213_100650
At epoch 573, test loss = 49.7736
...model saved to 15_exp/models/FloydWarshallDataset_tropical_0.0001_20000_20260213_095520_relu_best.pth...20260213_100651
At epoch 574, test loss = 49.7174
...model saved to 15_exp/models/FloydWarshallDataset_tropical_0.0001_20000_20260213_095520_relu_best.pth...20260213_100652
At epoch 575, test loss = 49.6924
...model saved to 15_exp/models/FloydWarshallDataset_tropical_0.0001_20000_20260213_095520_relu_best.pth...20260213_100653
At epoch 576, test loss = 49.6222
...model saved to 15_exp/models/FloydWarshallDataset_tropical_0.0001_20000_20260213_095520_relu_best.pth...20260213_100654
At epoch 577, test loss = 49.5733
...model saved to 15_exp/models/FloydWarshallDataset_tropical_0.0001_20000_20260213_095520_relu_best.pth...20260213_100655
At epoch 578, test loss = 49.5291
...model saved to 15_exp/models/FloydWarshallDataset_tropical_0.0001_20000_20260213_095520_relu_best.pth...20260213_100656
At epoch 579, test loss = 49.4551
...model saved to 15_exp/models/FloydWarshallDataset_tropical_0.0001_20000_20260213_095520_relu_best.pth...20260213_100657
At epoch 580, test loss = 49.4481
...model saved to 15_exp/models/FloydWarshallDataset_tropical_0.0001_20000_20260213_095520_relu_best.pth...20260213_100658
At epoch 581, test loss = 49.3932
...model saved to 15_exp/models/FloydWarshallDataset_tropical_0.0001_20000_20260213_095520_relu_best.pth...20260213_100659
At epoch 582, test loss = 49.3734
...model saved to 15_exp/models/FloydWarshallDataset_tropical_0.0001_20000_20260213_095520_relu_best.pth...20260213_100700
At epoch 583, test loss = 49.3532
...model saved to 15_exp/models/FloydWarshallDataset_tropical_0.0001_20000_20260213_095520_relu_best.pth...20260213_100701
At epoch 584, test loss = 49.2910
...model saved to 15_exp/models/FloydWarshallDataset_tropical_0.0001_20000_20260213_095520_relu_best.pth...20260213_100702
At epoch 585, test loss = 49.2758
...model saved to 15_exp/models/FloydWarshallDataset_tropical_0.0001_20000_20260213_095520_relu_best.pth...20260213_100703
At epoch 586, test loss = 49.2137
...model saved to 15_exp/models/FloydWarshallDataset_tropical_0.0001_20000_20260213_095520_relu_best.pth...20260213_100704
At epoch 587, test loss = 49.1958
...model saved to 15_exp/models/FloydWarshallDataset_tropical_0.0001_20000_20260213_095520_relu_best.pth...20260213_100705
At epoch 588, test loss = 49.1403
...model saved to 15_exp/models/FloydWarshallDataset_tropical_0.0001_20000_20260213_095520_relu_best.pth...20260213_100706
At epoch 589, test loss = 49.1159
...model saved to 15_exp/models/FloydWarshallDataset_tropical_0.0001_20000_20260213_095520_relu_best.pth...20260213_100707
At epoch 591, test loss = 49.1054
...model saved to 15_exp/models/FloydWarshallDataset_tropical_0.0001_20000_20260213_095520_relu_best.pth...20260213_100708
At epoch 592, test loss = 49.0535
...model saved to 15_exp/models/FloydWarshallDataset_tropical_0.0001_20000_20260213_095520_relu_best.pth...20260213_100709
At epoch 593, test loss = 49.0054
...model saved to 15_exp/models/FloydWarshallDataset_tropical_0.0001_20000_20260213_095520_relu_best.pth...20260213_100710
At epoch 594, test loss = 48.9875
...model saved to 15_exp/models/FloydWarshallDataset_tropical_0.0001_20000_20260213_095520_relu_best.pth...20260213_100711
At epoch 595, test loss = 48.9472
...model saved to 15_exp/models/FloydWarshallDataset_tropical_0.0001_20000_20260213_095520_relu_best.pth...20260213_100712
At epoch 596, test loss = 48.9314
...model saved to 15_exp/models/FloydWarshallDataset_tropical_0.0001_20000_20260213_095520_relu_best.pth...20260213_100713
At epoch 597, test loss = 48.8947
...model saved to 15_exp/models/FloydWarshallDataset_tropical_0.0001_20000_20260213_095520_relu_best.pth...20260213_100714
At epoch 599, test loss = 48.8778
...model saved to 15_exp/models/FloydWarshallDataset_tropical_0.0001_20000_20260213_095520_relu_best.pth...20260213_100715
At epoch 600, test loss = 48.8120
...model saved to 15_exp/models/FloydWarshallDataset_tropical_0.0001_20000_20260213_095520_relu_best.pth...20260213_100716
At epoch 602, test loss = 48.7829
...model saved to 15_exp/models/FloydWarshallDataset_tropical_0.0001_20000_20260213_095520_relu_best.pth...20260213_100718
At epoch 603, test loss = 48.7219
...model saved to 15_exp/models/FloydWarshallDataset_tropical_0.0001_20000_20260213_095520_relu_best.pth...20260213_100719
At epoch 606, test loss = 48.6649
...model saved to 15_exp/models/FloydWarshallDataset_tropical_0.0001_20000_20260213_095520_relu_best.pth...20260213_100722
At epoch 607, test loss = 48.6464
...model saved to 15_exp/models/FloydWarshallDataset_tropical_0.0001_20000_20260213_095520_relu_best.pth...20260213_100723
At epoch 608, test loss = 48.6341
...model saved to 15_exp/models/FloydWarshallDataset_tropical_0.0001_20000_20260213_095520_relu_best.pth...20260213_100723
At epoch 609, test loss = 48.5925
...model saved to 15_exp/models/FloydWarshallDataset_tropical_0.0001_20000_20260213_095520_relu_best.pth...20260213_100724
At epoch 610, test loss = 48.5690
...model saved to 15_exp/models/FloydWarshallDataset_tropical_0.0001_20000_20260213_095520_relu_best.pth...20260213_100725
At epoch 611, test loss = 48.5524
...model saved to 15_exp/models/FloydWarshallDataset_tropical_0.0001_20000_20260213_095520_relu_best.pth...20260213_100726
At epoch 612, test loss = 48.5371
...model saved to 15_exp/models/FloydWarshallDataset_tropical_0.0001_20000_20260213_095520_relu_best.pth...20260213_100727
At epoch 613, test loss = 48.4989
...model saved to 15_exp/models/FloydWarshallDataset_tropical_0.0001_20000_20260213_095520_relu_best.pth...20260213_100728
At epoch 614, test loss = 48.4621
...model saved to 15_exp/models/FloydWarshallDataset_tropical_0.0001_20000_20260213_095520_relu_best.pth...20260213_100729
At epoch 615, test loss = 48.4542
...model saved to 15_exp/models/FloydWarshallDataset_tropical_0.0001_20000_20260213_095520_relu_best.pth...20260213_100730
At epoch 616, test loss = 48.4448
...model saved to 15_exp/models/FloydWarshallDataset_tropical_0.0001_20000_20260213_095520_relu_best.pth...20260213_100730
At epoch 617, test loss = 48.3939
...model saved to 15_exp/models/FloydWarshallDataset_tropical_0.0001_20000_20260213_095520_relu_best.pth...20260213_100731
At epoch 618, test loss = 48.3481
...model saved to 15_exp/models/FloydWarshallDataset_tropical_0.0001_20000_20260213_095520_relu_best.pth...20260213_100732
At epoch 619, test loss = 48.3125
...model saved to 15_exp/models/FloydWarshallDataset_tropical_0.0001_20000_20260213_095520_relu_best.pth...20260213_100733
At epoch 621, test loss = 48.2600
...model saved to 15_exp/models/FloydWarshallDataset_tropical_0.0001_20000_20260213_095520_relu_best.pth...20260213_100734
At epoch 622, test loss = 48.2176
...model saved to 15_exp/models/FloydWarshallDataset_tropical_0.0001_20000_20260213_095520_relu_best.pth...20260213_100735
At epoch 624, test loss = 48.1604
...model saved to 15_exp/models/FloydWarshallDataset_tropical_0.0001_20000_20260213_095520_relu_best.pth...20260213_100736
At epoch 625, test loss = 48.1505
...model saved to 15_exp/models/FloydWarshallDataset_tropical_0.0001_20000_20260213_095520_relu_best.pth...20260213_100737
At epoch 626, test loss = 48.0987
...model saved to 15_exp/models/FloydWarshallDataset_tropical_0.0001_20000_20260213_095520_relu_best.pth...20260213_100738
At epoch 627, test loss = 48.0596
...model saved to 15_exp/models/FloydWarshallDataset_tropical_0.0001_20000_20260213_095520_relu_best.pth...20260213_100739
At epoch 628, test loss = 48.0035
...model saved to 15_exp/models/FloydWarshallDataset_tropical_0.0001_20000_20260213_095520_relu_best.pth...20260213_100740
At epoch 629, test loss = 47.9879
...model saved to 15_exp/models/FloydWarshallDataset_tropical_0.0001_20000_20260213_095520_relu_best.pth...20260213_100741
At epoch 630, test loss = 47.9349
...model saved to 15_exp/models/FloydWarshallDataset_tropical_0.0001_20000_20260213_095520_relu_best.pth...20260213_100742
At epoch 631, test loss = 47.8946
...model saved to 15_exp/models/FloydWarshallDataset_tropical_0.0001_20000_20260213_095520_relu_best.pth...20260213_100743
At epoch 632, test loss = 47.8405
...model saved to 15_exp/models/FloydWarshallDataset_tropical_0.0001_20000_20260213_095520_relu_best.pth...20260213_100744
At epoch 633, test loss = 47.7883
...model saved to 15_exp/models/FloydWarshallDataset_tropical_0.0001_20000_20260213_095520_relu_best.pth...20260213_100744
At epoch 634, test loss = 47.7478
...model saved to 15_exp/models/FloydWarshallDataset_tropical_0.0001_20000_20260213_095520_relu_best.pth...20260213_100745
At epoch 635, test loss = 47.7039
...model saved to 15_exp/models/FloydWarshallDataset_tropical_0.0001_20000_20260213_095520_relu_best.pth...20260213_100746
At epoch 636, test loss = 47.6338
...model saved to 15_exp/models/FloydWarshallDataset_tropical_0.0001_20000_20260213_095520_relu_best.pth...20260213_100747
At epoch 637, test loss = 47.5799
...model saved to 15_exp/models/FloydWarshallDataset_tropical_0.0001_20000_20260213_095520_relu_best.pth...20260213_100748
At epoch 638, test loss = 47.5318
...model saved to 15_exp/models/FloydWarshallDataset_tropical_0.0001_20000_20260213_095520_relu_best.pth...20260213_100749
At epoch 639, test loss = 47.4674
...model saved to 15_exp/models/FloydWarshallDataset_tropical_0.0001_20000_20260213_095520_relu_best.pth...20260213_100749
At epoch 640, test loss = 47.3821
...model saved to 15_exp/models/FloydWarshallDataset_tropical_0.0001_20000_20260213_095520_relu_best.pth...20260213_100750
At epoch 641, test loss = 47.3347
...model saved to 15_exp/models/FloydWarshallDataset_tropical_0.0001_20000_20260213_095520_relu_best.pth...20260213_100751
At epoch 642, test loss = 47.2642
...model saved to 15_exp/models/FloydWarshallDataset_tropical_0.0001_20000_20260213_095520_relu_best.pth...20260213_100752
At epoch 643, test loss = 47.2379
...model saved to 15_exp/models/FloydWarshallDataset_tropical_0.0001_20000_20260213_095520_relu_best.pth...20260213_100753
At epoch 644, test loss = 47.1832
...model saved to 15_exp/models/FloydWarshallDataset_tropical_0.0001_20000_20260213_095520_relu_best.pth...20260213_100753
At epoch 645, test loss = 47.0552
...model saved to 15_exp/models/FloydWarshallDataset_tropical_0.0001_20000_20260213_095520_relu_best.pth...20260213_100754
At epoch 646, test loss = 46.9917
...model saved to 15_exp/models/FloydWarshallDataset_tropical_0.0001_20000_20260213_095520_relu_best.pth...20260213_100755
At epoch 647, test loss = 46.9176
...model saved to 15_exp/models/FloydWarshallDataset_tropical_0.0001_20000_20260213_095520_relu_best.pth...20260213_100756
At epoch 648, test loss = 46.8597
...model saved to 15_exp/models/FloydWarshallDataset_tropical_0.0001_20000_20260213_095520_relu_best.pth...20260213_100756
At epoch 649, test loss = 46.8299
...model saved to 15_exp/models/FloydWarshallDataset_tropical_0.0001_20000_20260213_095520_relu_best.pth...20260213_100757
At epoch 650, test loss = 46.7559
...model saved to 15_exp/models/FloydWarshallDataset_tropical_0.0001_20000_20260213_095520_relu_best.pth...20260213_100758
At epoch 651, test loss = 46.6921
...model saved to 15_exp/models/FloydWarshallDataset_tropical_0.0001_20000_20260213_095520_relu_best.pth...20260213_100759
At epoch 652, test loss = 46.6413
...model saved to 15_exp/models/FloydWarshallDataset_tropical_0.0001_20000_20260213_095520_relu_best.pth...20260213_100800
At epoch 653, test loss = 46.6122
...model saved to 15_exp/models/FloydWarshallDataset_tropical_0.0001_20000_20260213_095520_relu_best.pth...20260213_100801
At epoch 654, test loss = 46.5439
...model saved to 15_exp/models/FloydWarshallDataset_tropical_0.0001_20000_20260213_095520_relu_best.pth...20260213_100801
At epoch 655, test loss = 46.4750
...model saved to 15_exp/models/FloydWarshallDataset_tropical_0.0001_20000_20260213_095520_relu_best.pth...20260213_100802
At epoch 656, test loss = 46.4354
...model saved to 15_exp/models/FloydWarshallDataset_tropical_0.0001_20000_20260213_095520_relu_best.pth...20260213_100804
At epoch 657, test loss = 46.4000
...model saved to 15_exp/models/FloydWarshallDataset_tropical_0.0001_20000_20260213_095520_relu_best.pth...20260213_100805
At epoch 658, test loss = 46.2952
...model saved to 15_exp/models/FloydWarshallDataset_tropical_0.0001_20000_20260213_095520_relu_best.pth...20260213_100806
At epoch 660, test loss = 46.2229
...model saved to 15_exp/models/FloydWarshallDataset_tropical_0.0001_20000_20260213_095520_relu_best.pth...20260213_100807
At epoch 661, test loss = 46.2044
...model saved to 15_exp/models/FloydWarshallDataset_tropical_0.0001_20000_20260213_095520_relu_best.pth...20260213_100808
At epoch 662, test loss = 46.1547
...model saved to 15_exp/models/FloydWarshallDataset_tropical_0.0001_20000_20260213_095520_relu_best.pth...20260213_100809
At epoch 663, test loss = 46.0763
...model saved to 15_exp/models/FloydWarshallDataset_tropical_0.0001_20000_20260213_095520_relu_best.pth...20260213_100810
At epoch 664, test loss = 46.0482
...model saved to 15_exp/models/FloydWarshallDataset_tropical_0.0001_20000_20260213_095520_relu_best.pth...20260213_100811
At epoch 665, test loss = 45.9869
...model saved to 15_exp/models/FloydWarshallDataset_tropical_0.0001_20000_20260213_095520_relu_best.pth...20260213_100812
At epoch 666, test loss = 45.9380
...model saved to 15_exp/models/FloydWarshallDataset_tropical_0.0001_20000_20260213_095520_relu_best.pth...20260213_100813
At epoch 667, test loss = 45.9143
...model saved to 15_exp/models/FloydWarshallDataset_tropical_0.0001_20000_20260213_095520_relu_best.pth...20260213_100814
At epoch 668, test loss = 45.8219
...model saved to 15_exp/models/FloydWarshallDataset_tropical_0.0001_20000_20260213_095520_relu_best.pth...20260213_100815
At epoch 669, test loss = 45.7789
...model saved to 15_exp/models/FloydWarshallDataset_tropical_0.0001_20000_20260213_095520_relu_best.pth...20260213_100815
At epoch 671, test loss = 45.6830
...model saved to 15_exp/models/FloydWarshallDataset_tropical_0.0001_20000_20260213_095520_relu_best.pth...20260213_100817
At epoch 672, test loss = 45.6489
...model saved to 15_exp/models/FloydWarshallDataset_tropical_0.0001_20000_20260213_095520_relu_best.pth...20260213_100818
At epoch 673, test loss = 45.5984
...model saved to 15_exp/models/FloydWarshallDataset_tropical_0.0001_20000_20260213_095520_relu_best.pth...20260213_100819
At epoch 674, test loss = 45.5222
...model saved to 15_exp/models/FloydWarshallDataset_tropical_0.0001_20000_20260213_095520_relu_best.pth...20260213_100820
At epoch 675, test loss = 45.4706
...model saved to 15_exp/models/FloydWarshallDataset_tropical_0.0001_20000_20260213_095520_relu_best.pth...20260213_100821
At epoch 676, test loss = 45.4313
...model saved to 15_exp/models/FloydWarshallDataset_tropical_0.0001_20000_20260213_095520_relu_best.pth...20260213_100822
At epoch 677, test loss = 45.4032
...model saved to 15_exp/models/FloydWarshallDataset_tropical_0.0001_20000_20260213_095520_relu_best.pth...20260213_100823
At epoch 678, test loss = 45.3292
...model saved to 15_exp/models/FloydWarshallDataset_tropical_0.0001_20000_20260213_095520_relu_best.pth...20260213_100824
At epoch 679, test loss = 45.2557
...model saved to 15_exp/models/FloydWarshallDataset_tropical_0.0001_20000_20260213_095520_relu_best.pth...20260213_100825
At epoch 680, test loss = 45.2191
...model saved to 15_exp/models/FloydWarshallDataset_tropical_0.0001_20000_20260213_095520_relu_best.pth...20260213_100826
At epoch 681, test loss = 45.1448
...model saved to 15_exp/models/FloydWarshallDataset_tropical_0.0001_20000_20260213_095520_relu_best.pth...20260213_100827
At epoch 682, test loss = 45.0932
...model saved to 15_exp/models/FloydWarshallDataset_tropical_0.0001_20000_20260213_095520_relu_best.pth...20260213_100828
At epoch 683, test loss = 45.0574
...model saved to 15_exp/models/FloydWarshallDataset_tropical_0.0001_20000_20260213_095520_relu_best.pth...20260213_100829
At epoch 684, test loss = 44.9943
...model saved to 15_exp/models/FloydWarshallDataset_tropical_0.0001_20000_20260213_095520_relu_best.pth...20260213_100830
At epoch 685, test loss = 44.9394
...model saved to 15_exp/models/FloydWarshallDataset_tropical_0.0001_20000_20260213_095520_relu_best.pth...20260213_100831
At epoch 686, test loss = 44.9119
...model saved to 15_exp/models/FloydWarshallDataset_tropical_0.0001_20000_20260213_095520_relu_best.pth...20260213_100832
At epoch 687, test loss = 44.8300
...model saved to 15_exp/models/FloydWarshallDataset_tropical_0.0001_20000_20260213_095520_relu_best.pth...20260213_100833
At epoch 688, test loss = 44.7958
...model saved to 15_exp/models/FloydWarshallDataset_tropical_0.0001_20000_20260213_095520_relu_best.pth...20260213_100834
At epoch 689, test loss = 44.7585
...model saved to 15_exp/models/FloydWarshallDataset_tropical_0.0001_20000_20260213_095520_relu_best.pth...20260213_100835
At epoch 690, test loss = 44.7061
...model saved to 15_exp/models/FloydWarshallDataset_tropical_0.0001_20000_20260213_095520_relu_best.pth...20260213_100836
At epoch 691, test loss = 44.6376
...model saved to 15_exp/models/FloydWarshallDataset_tropical_0.0001_20000_20260213_095520_relu_best.pth...20260213_100837
At epoch 692, test loss = 44.5939
...model saved to 15_exp/models/FloydWarshallDataset_tropical_0.0001_20000_20260213_095520_relu_best.pth...20260213_100838
At epoch 693, test loss = 44.5312
...model saved to 15_exp/models/FloydWarshallDataset_tropical_0.0001_20000_20260213_095520_relu_best.pth...20260213_100839
At epoch 694, test loss = 44.5024
...model saved to 15_exp/models/FloydWarshallDataset_tropical_0.0001_20000_20260213_095520_relu_best.pth...20260213_100840
At epoch 695, test loss = 44.4573
...model saved to 15_exp/models/FloydWarshallDataset_tropical_0.0001_20000_20260213_095520_relu_best.pth...20260213_100841
At epoch 696, test loss = 44.3814
...model saved to 15_exp/models/FloydWarshallDataset_tropical_0.0001_20000_20260213_095520_relu_best.pth...20260213_100842
At epoch 697, test loss = 44.3298
...model saved to 15_exp/models/FloydWarshallDataset_tropical_0.0001_20000_20260213_095520_relu_best.pth...20260213_100843
At epoch 698, test loss = 44.2886
...model saved to 15_exp/models/FloydWarshallDataset_tropical_0.0001_20000_20260213_095520_relu_best.pth...20260213_100844
At epoch 699, test loss = 44.2285
...model saved to 15_exp/models/FloydWarshallDataset_tropical_0.0001_20000_20260213_095520_relu_best.pth...20260213_100844
At epoch 700, test loss = 44.1728
...model saved to 15_exp/models/FloydWarshallDataset_tropical_0.0001_20000_20260213_095520_relu_best.pth...20260213_100845
At epoch 701, test loss = 44.1093
...model saved to 15_exp/models/FloydWarshallDataset_tropical_0.0001_20000_20260213_095520_relu_best.pth...20260213_100846
At epoch 702, test loss = 44.0584
...model saved to 15_exp/models/FloydWarshallDataset_tropical_0.0001_20000_20260213_095520_relu_best.pth...20260213_100847
At epoch 703, test loss = 43.9985
...model saved to 15_exp/models/FloydWarshallDataset_tropical_0.0001_20000_20260213_095520_relu_best.pth...20260213_100848
At epoch 704, test loss = 43.9175
...model saved to 15_exp/models/FloydWarshallDataset_tropical_0.0001_20000_20260213_095520_relu_best.pth...20260213_100849
At epoch 705, test loss = 43.8702
...model saved to 15_exp/models/FloydWarshallDataset_tropical_0.0001_20000_20260213_095520_relu_best.pth...20260213_100850
At epoch 706, test loss = 43.8681
...model saved to 15_exp/models/FloydWarshallDataset_tropical_0.0001_20000_20260213_095520_relu_best.pth...20260213_100851
At epoch 707, test loss = 43.7634
...model saved to 15_exp/models/FloydWarshallDataset_tropical_0.0001_20000_20260213_095520_relu_best.pth...20260213_100851
At epoch 708, test loss = 43.7024
...model saved to 15_exp/models/FloydWarshallDataset_tropical_0.0001_20000_20260213_095520_relu_best.pth...20260213_100852
At epoch 709, test loss = 43.6531
...model saved to 15_exp/models/FloydWarshallDataset_tropical_0.0001_20000_20260213_095520_relu_best.pth...20260213_100853
At epoch 710, test loss = 43.5964
...model saved to 15_exp/models/FloydWarshallDataset_tropical_0.0001_20000_20260213_095520_relu_best.pth...20260213_100854
At epoch 711, test loss = 43.5254
...model saved to 15_exp/models/FloydWarshallDataset_tropical_0.0001_20000_20260213_095520_relu_best.pth...20260213_100855
At epoch 712, test loss = 43.4782
...model saved to 15_exp/models/FloydWarshallDataset_tropical_0.0001_20000_20260213_095520_relu_best.pth...20260213_100856
At epoch 713, test loss = 43.4180
...model saved to 15_exp/models/FloydWarshallDataset_tropical_0.0001_20000_20260213_095520_relu_best.pth...20260213_100857
At epoch 714, test loss = 43.3948
...model saved to 15_exp/models/FloydWarshallDataset_tropical_0.0001_20000_20260213_095520_relu_best.pth...20260213_100858
At epoch 715, test loss = 43.3392
...model saved to 15_exp/models/FloydWarshallDataset_tropical_0.0001_20000_20260213_095520_relu_best.pth...20260213_100859
At epoch 716, test loss = 43.2444
...model saved to 15_exp/models/FloydWarshallDataset_tropical_0.0001_20000_20260213_095520_relu_best.pth...20260213_100859
At epoch 717, test loss = 43.1783
...model saved to 15_exp/models/FloydWarshallDataset_tropical_0.0001_20000_20260213_095520_relu_best.pth...20260213_100900
At epoch 718, test loss = 43.1344
...model saved to 15_exp/models/FloydWarshallDataset_tropical_0.0001_20000_20260213_095520_relu_best.pth...20260213_100901
At epoch 719, test loss = 43.0617
...model saved to 15_exp/models/FloydWarshallDataset_tropical_0.0001_20000_20260213_095520_relu_best.pth...20260213_100902
At epoch 720, test loss = 42.9963
...model saved to 15_exp/models/FloydWarshallDataset_tropical_0.0001_20000_20260213_095520_relu_best.pth...20260213_100902
At epoch 721, test loss = 42.9672
...model saved to 15_exp/models/FloydWarshallDataset_tropical_0.0001_20000_20260213_095520_relu_best.pth...20260213_100903
At epoch 722, test loss = 42.9019
...model saved to 15_exp/models/FloydWarshallDataset_tropical_0.0001_20000_20260213_095520_relu_best.pth...20260213_100904
At epoch 723, test loss = 42.8778
...model saved to 15_exp/models/FloydWarshallDataset_tropical_0.0001_20000_20260213_095520_relu_best.pth...20260213_100905
At epoch 724, test loss = 42.8004
...model saved to 15_exp/models/FloydWarshallDataset_tropical_0.0001_20000_20260213_095520_relu_best.pth...20260213_100906
At epoch 725, test loss = 42.7368
...model saved to 15_exp/models/FloydWarshallDataset_tropical_0.0001_20000_20260213_095520_relu_best.pth...20260213_100906
At epoch 726, test loss = 42.7028
...model saved to 15_exp/models/FloydWarshallDataset_tropical_0.0001_20000_20260213_095520_relu_best.pth...20260213_100907
At epoch 727, test loss = 42.6493
...model saved to 15_exp/models/FloydWarshallDataset_tropical_0.0001_20000_20260213_095520_relu_best.pth...20260213_100908
At epoch 728, test loss = 42.5999
...model saved to 15_exp/models/FloydWarshallDataset_tropical_0.0001_20000_20260213_095520_relu_best.pth...20260213_100909
At epoch 729, test loss = 42.5365
...model saved to 15_exp/models/FloydWarshallDataset_tropical_0.0001_20000_20260213_095520_relu_best.pth...20260213_100910
At epoch 730, test loss = 42.4809
...model saved to 15_exp/models/FloydWarshallDataset_tropical_0.0001_20000_20260213_095520_relu_best.pth...20260213_100911
At epoch 731, test loss = 42.4069
...model saved to 15_exp/models/FloydWarshallDataset_tropical_0.0001_20000_20260213_095520_relu_best.pth...20260213_100912
At epoch 732, test loss = 42.3631
...model saved to 15_exp/models/FloydWarshallDataset_tropical_0.0001_20000_20260213_095520_relu_best.pth...20260213_100913
At epoch 733, test loss = 42.2958
...model saved to 15_exp/models/FloydWarshallDataset_tropical_0.0001_20000_20260213_095520_relu_best.pth...20260213_100914
At epoch 734, test loss = 42.2425
...model saved to 15_exp/models/FloydWarshallDataset_tropical_0.0001_20000_20260213_095520_relu_best.pth...20260213_100914
At epoch 735, test loss = 42.1860
...model saved to 15_exp/models/FloydWarshallDataset_tropical_0.0001_20000_20260213_095520_relu_best.pth...20260213_100915
At epoch 736, test loss = 42.1383
...model saved to 15_exp/models/FloydWarshallDataset_tropical_0.0001_20000_20260213_095520_relu_best.pth...20260213_100916
At epoch 737, test loss = 42.0924
...model saved to 15_exp/models/FloydWarshallDataset_tropical_0.0001_20000_20260213_095520_relu_best.pth...20260213_100917
At epoch 738, test loss = 42.0797
...model saved to 15_exp/models/FloydWarshallDataset_tropical_0.0001_20000_20260213_095520_relu_best.pth...20260213_100917
At epoch 739, test loss = 42.0013
...model saved to 15_exp/models/FloydWarshallDataset_tropical_0.0001_20000_20260213_095520_relu_best.pth...20260213_100918
At epoch 740, test loss = 41.9369
...model saved to 15_exp/models/FloydWarshallDataset_tropical_0.0001_20000_20260213_095520_relu_best.pth...20260213_100919
At epoch 741, test loss = 41.8848
...model saved to 15_exp/models/FloydWarshallDataset_tropical_0.0001_20000_20260213_095520_relu_best.pth...20260213_100920
At epoch 742, test loss = 41.8074
...model saved to 15_exp/models/FloydWarshallDataset_tropical_0.0001_20000_20260213_095520_relu_best.pth...20260213_100921
At epoch 743, test loss = 41.8023
...model saved to 15_exp/models/FloydWarshallDataset_tropical_0.0001_20000_20260213_095520_relu_best.pth...20260213_100922
At epoch 744, test loss = 41.7518
...model saved to 15_exp/models/FloydWarshallDataset_tropical_0.0001_20000_20260213_095520_relu_best.pth...20260213_100922
At epoch 745, test loss = 41.6863
...model saved to 15_exp/models/FloydWarshallDataset_tropical_0.0001_20000_20260213_095520_relu_best.pth...20260213_100923
At epoch 746, test loss = 41.6347
...model saved to 15_exp/models/FloydWarshallDataset_tropical_0.0001_20000_20260213_095520_relu_best.pth...20260213_100924
At epoch 747, test loss = 41.5700
...model saved to 15_exp/models/FloydWarshallDataset_tropical_0.0001_20000_20260213_095520_relu_best.pth...20260213_100925
At epoch 748, test loss = 41.5124
...model saved to 15_exp/models/FloydWarshallDataset_tropical_0.0001_20000_20260213_095520_relu_best.pth...20260213_100926
At epoch 749, test loss = 41.4949
...model saved to 15_exp/models/FloydWarshallDataset_tropical_0.0001_20000_20260213_095520_relu_best.pth...20260213_100927
At epoch 750, test loss = 41.4653
...model saved to 15_exp/models/FloydWarshallDataset_tropical_0.0001_20000_20260213_095520_relu_best.pth...20260213_100928
At epoch 751, test loss = 41.3995
...model saved to 15_exp/models/FloydWarshallDataset_tropical_0.0001_20000_20260213_095520_relu_best.pth...20260213_100928
At epoch 752, test loss = 41.3362
...model saved to 15_exp/models/FloydWarshallDataset_tropical_0.0001_20000_20260213_095520_relu_best.pth...20260213_100929
At epoch 753, test loss = 41.3131
...model saved to 15_exp/models/FloydWarshallDataset_tropical_0.0001_20000_20260213_095520_relu_best.pth...20260213_100930
At epoch 754, test loss = 41.2836
...model saved to 15_exp/models/FloydWarshallDataset_tropical_0.0001_20000_20260213_095520_relu_best.pth...20260213_100931
At epoch 755, test loss = 41.2224
...model saved to 15_exp/models/FloydWarshallDataset_tropical_0.0001_20000_20260213_095520_relu_best.pth...20260213_100932
At epoch 756, test loss = 41.2077
...model saved to 15_exp/models/FloydWarshallDataset_tropical_0.0001_20000_20260213_095520_relu_best.pth...20260213_100933
At epoch 757, test loss = 41.1426
...model saved to 15_exp/models/FloydWarshallDataset_tropical_0.0001_20000_20260213_095520_relu_best.pth...20260213_100934
At epoch 758, test loss = 41.1267
...model saved to 15_exp/models/FloydWarshallDataset_tropical_0.0001_20000_20260213_095520_relu_best.pth...20260213_100935
At epoch 759, test loss = 41.0797
...model saved to 15_exp/models/FloydWarshallDataset_tropical_0.0001_20000_20260213_095520_relu_best.pth...20260213_100936
At epoch 760, test loss = 41.0312
...model saved to 15_exp/models/FloydWarshallDataset_tropical_0.0001_20000_20260213_095520_relu_best.pth...20260213_100936
At epoch 761, test loss = 41.0095
...model saved to 15_exp/models/FloydWarshallDataset_tropical_0.0001_20000_20260213_095520_relu_best.pth...20260213_100937
At epoch 762, test loss = 40.9611
...model saved to 15_exp/models/FloydWarshallDataset_tropical_0.0001_20000_20260213_095520_relu_best.pth...20260213_100938
At epoch 764, test loss = 40.9390
...model saved to 15_exp/models/FloydWarshallDataset_tropical_0.0001_20000_20260213_095520_relu_best.pth...20260213_100940
At epoch 765, test loss = 40.8870
...model saved to 15_exp/models/FloydWarshallDataset_tropical_0.0001_20000_20260213_095520_relu_best.pth...20260213_100941
At epoch 766, test loss = 40.8630
...model saved to 15_exp/models/FloydWarshallDataset_tropical_0.0001_20000_20260213_095520_relu_best.pth...20260213_100942
At epoch 767, test loss = 40.8102
...model saved to 15_exp/models/FloydWarshallDataset_tropical_0.0001_20000_20260213_095520_relu_best.pth...20260213_100943
At epoch 768, test loss = 40.7794
...model saved to 15_exp/models/FloydWarshallDataset_tropical_0.0001_20000_20260213_095520_relu_best.pth...20260213_100944
At epoch 770, test loss = 40.7659
...model saved to 15_exp/models/FloydWarshallDataset_tropical_0.0001_20000_20260213_095520_relu_best.pth...20260213_100946
At epoch 771, test loss = 40.7109
...model saved to 15_exp/models/FloydWarshallDataset_tropical_0.0001_20000_20260213_095520_relu_best.pth...20260213_100947
At epoch 772, test loss = 40.6946
...model saved to 15_exp/models/FloydWarshallDataset_tropical_0.0001_20000_20260213_095520_relu_best.pth...20260213_100948
At epoch 773, test loss = 40.6578
...model saved to 15_exp/models/FloydWarshallDataset_tropical_0.0001_20000_20260213_095520_relu_best.pth...20260213_100949
At epoch 774, test loss = 40.6255
...model saved to 15_exp/models/FloydWarshallDataset_tropical_0.0001_20000_20260213_095520_relu_best.pth...20260213_100950
At epoch 775, test loss = 40.5937
...model saved to 15_exp/models/FloydWarshallDataset_tropical_0.0001_20000_20260213_095520_relu_best.pth...20260213_100951
At epoch 776, test loss = 40.5718
...model saved to 15_exp/models/FloydWarshallDataset_tropical_0.0001_20000_20260213_095520_relu_best.pth...20260213_100952
At epoch 777, test loss = 40.5479
...model saved to 15_exp/models/FloydWarshallDataset_tropical_0.0001_20000_20260213_095520_relu_best.pth...20260213_100953
At epoch 778, test loss = 40.5164
...model saved to 15_exp/models/FloydWarshallDataset_tropical_0.0001_20000_20260213_095520_relu_best.pth...20260213_100954
At epoch 779, test loss = 40.5046
...model saved to 15_exp/models/FloydWarshallDataset_tropical_0.0001_20000_20260213_095520_relu_best.pth...20260213_100955
At epoch 780, test loss = 40.4817
...model saved to 15_exp/models/FloydWarshallDataset_tropical_0.0001_20000_20260213_095520_relu_best.pth...20260213_100956
At epoch 781, test loss = 40.4555
...model saved to 15_exp/models/FloydWarshallDataset_tropical_0.0001_20000_20260213_095520_relu_best.pth...20260213_100956
At epoch 782, test loss = 40.3887
...model saved to 15_exp/models/FloydWarshallDataset_tropical_0.0001_20000_20260213_095520_relu_best.pth...20260213_100957
At epoch 783, test loss = 40.3720
...model saved to 15_exp/models/FloydWarshallDataset_tropical_0.0001_20000_20260213_095520_relu_best.pth...20260213_100958
At epoch 784, test loss = 40.3563
...model saved to 15_exp/models/FloydWarshallDataset_tropical_0.0001_20000_20260213_095520_relu_best.pth...20260213_100959
At epoch 785, test loss = 40.3408
...model saved to 15_exp/models/FloydWarshallDataset_tropical_0.0001_20000_20260213_095520_relu_best.pth...20260213_101000
At epoch 786, test loss = 40.3051
...model saved to 15_exp/models/FloydWarshallDataset_tropical_0.0001_20000_20260213_095520_relu_best.pth...20260213_101000
At epoch 787, test loss = 40.2599
...model saved to 15_exp/models/FloydWarshallDataset_tropical_0.0001_20000_20260213_095520_relu_best.pth...20260213_101001
At epoch 789, test loss = 40.2146
...model saved to 15_exp/models/FloydWarshallDataset_tropical_0.0001_20000_20260213_095520_relu_best.pth...20260213_101003
At epoch 790, test loss = 40.1948
...model saved to 15_exp/models/FloydWarshallDataset_tropical_0.0001_20000_20260213_095520_relu_best.pth...20260213_101004
At epoch 791, test loss = 40.1739
...model saved to 15_exp/models/FloydWarshallDataset_tropical_0.0001_20000_20260213_095520_relu_best.pth...20260213_101005
At epoch 792, test loss = 40.1559
...model saved to 15_exp/models/FloydWarshallDataset_tropical_0.0001_20000_20260213_095520_relu_best.pth...20260213_101006
At epoch 793, test loss = 40.1104
...model saved to 15_exp/models/FloydWarshallDataset_tropical_0.0001_20000_20260213_095520_relu_best.pth...20260213_101007
At epoch 794, test loss = 40.0607
...model saved to 15_exp/models/FloydWarshallDataset_tropical_0.0001_20000_20260213_095520_relu_best.pth...20260213_101008
At epoch 796, test loss = 40.0598
...model saved to 15_exp/models/FloydWarshallDataset_tropical_0.0001_20000_20260213_095520_relu_best.pth...20260213_101009
At epoch 797, test loss = 39.9840
...model saved to 15_exp/models/FloydWarshallDataset_tropical_0.0001_20000_20260213_095520_relu_best.pth...20260213_101010
At epoch 799, test loss = 39.9298
...model saved to 15_exp/models/FloydWarshallDataset_tropical_0.0001_20000_20260213_095520_relu_best.pth...20260213_101012
At epoch 800, test loss = 39.9156
...model saved to 15_exp/models/FloydWarshallDataset_tropical_0.0001_20000_20260213_095520_relu_best.pth...20260213_101013
At epoch 801, test loss = 39.8763
...model saved to 15_exp/models/FloydWarshallDataset_tropical_0.0001_20000_20260213_095520_relu_best.pth...20260213_101013
At epoch 802, test loss = 39.8268
...model saved to 15_exp/models/FloydWarshallDataset_tropical_0.0001_20000_20260213_095520_relu_best.pth...20260213_101014
At epoch 803, test loss = 39.8105
...model saved to 15_exp/models/FloydWarshallDataset_tropical_0.0001_20000_20260213_095520_relu_best.pth...20260213_101015
At epoch 804, test loss = 39.7915
...model saved to 15_exp/models/FloydWarshallDataset_tropical_0.0001_20000_20260213_095520_relu_best.pth...20260213_101015
At epoch 805, test loss = 39.7353
...model saved to 15_exp/models/FloydWarshallDataset_tropical_0.0001_20000_20260213_095520_relu_best.pth...20260213_101016
At epoch 806, test loss = 39.6955
...model saved to 15_exp/models/FloydWarshallDataset_tropical_0.0001_20000_20260213_095520_relu_best.pth...20260213_101017
At epoch 807, test loss = 39.6543
...model saved to 15_exp/models/FloydWarshallDataset_tropical_0.0001_20000_20260213_095520_relu_best.pth...20260213_101018
At epoch 808, test loss = 39.6280
...model saved to 15_exp/models/FloydWarshallDataset_tropical_0.0001_20000_20260213_095520_relu_best.pth...20260213_101019
At epoch 809, test loss = 39.5912
...model saved to 15_exp/models/FloydWarshallDataset_tropical_0.0001_20000_20260213_095520_relu_best.pth...20260213_101020
At epoch 810, test loss = 39.5335
...model saved to 15_exp/models/FloydWarshallDataset_tropical_0.0001_20000_20260213_095520_relu_best.pth...20260213_101021
At epoch 811, test loss = 39.4915
...model saved to 15_exp/models/FloydWarshallDataset_tropical_0.0001_20000_20260213_095520_relu_best.pth...20260213_101022
At epoch 812, test loss = 39.4601
...model saved to 15_exp/models/FloydWarshallDataset_tropical_0.0001_20000_20260213_095520_relu_best.pth...20260213_101023
At epoch 813, test loss = 39.4240
...model saved to 15_exp/models/FloydWarshallDataset_tropical_0.0001_20000_20260213_095520_relu_best.pth...20260213_101024
At epoch 814, test loss = 39.3827
...model saved to 15_exp/models/FloydWarshallDataset_tropical_0.0001_20000_20260213_095520_relu_best.pth...20260213_101025
At epoch 815, test loss = 39.3579
...model saved to 15_exp/models/FloydWarshallDataset_tropical_0.0001_20000_20260213_095520_relu_best.pth...20260213_101026
At epoch 816, test loss = 39.2972
...model saved to 15_exp/models/FloydWarshallDataset_tropical_0.0001_20000_20260213_095520_relu_best.pth...20260213_101027
At epoch 817, test loss = 39.2324
...model saved to 15_exp/models/FloydWarshallDataset_tropical_0.0001_20000_20260213_095520_relu_best.pth...20260213_101028
At epoch 818, test loss = 39.1688
...model saved to 15_exp/models/FloydWarshallDataset_tropical_0.0001_20000_20260213_095520_relu_best.pth...20260213_101029
At epoch 820, test loss = 39.0350
...model saved to 15_exp/models/FloydWarshallDataset_tropical_0.0001_20000_20260213_095520_relu_best.pth...20260213_101031
At epoch 821, test loss = 39.0181
...model saved to 15_exp/models/FloydWarshallDataset_tropical_0.0001_20000_20260213_095520_relu_best.pth...20260213_101032
At epoch 822, test loss = 38.9488
...model saved to 15_exp/models/FloydWarshallDataset_tropical_0.0001_20000_20260213_095520_relu_best.pth...20260213_101033
At epoch 823, test loss = 38.8584
...model saved to 15_exp/models/FloydWarshallDataset_tropical_0.0001_20000_20260213_095520_relu_best.pth...20260213_101034
At epoch 824, test loss = 38.8135
...model saved to 15_exp/models/FloydWarshallDataset_tropical_0.0001_20000_20260213_095520_relu_best.pth...20260213_101035
At epoch 825, test loss = 38.7569
...model saved to 15_exp/models/FloydWarshallDataset_tropical_0.0001_20000_20260213_095520_relu_best.pth...20260213_101036
At epoch 826, test loss = 38.6971
...model saved to 15_exp/models/FloydWarshallDataset_tropical_0.0001_20000_20260213_095520_relu_best.pth...20260213_101037
At epoch 827, test loss = 38.6218
...model saved to 15_exp/models/FloydWarshallDataset_tropical_0.0001_20000_20260213_095520_relu_best.pth...20260213_101038
At epoch 828, test loss = 38.5505
...model saved to 15_exp/models/FloydWarshallDataset_tropical_0.0001_20000_20260213_095520_relu_best.pth...20260213_101039
At epoch 829, test loss = 38.4720
...model saved to 15_exp/models/FloydWarshallDataset_tropical_0.0001_20000_20260213_095520_relu_best.pth...20260213_101040
At epoch 830, test loss = 38.4705
...model saved to 15_exp/models/FloydWarshallDataset_tropical_0.0001_20000_20260213_095520_relu_best.pth...20260213_101041
At epoch 831, test loss = 38.3612
...model saved to 15_exp/models/FloydWarshallDataset_tropical_0.0001_20000_20260213_095520_relu_best.pth...20260213_101042
At epoch 832, test loss = 38.3162
...model saved to 15_exp/models/FloydWarshallDataset_tropical_0.0001_20000_20260213_095520_relu_best.pth...20260213_101043
At epoch 833, test loss = 38.2532
...model saved to 15_exp/models/FloydWarshallDataset_tropical_0.0001_20000_20260213_095520_relu_best.pth...20260213_101044
At epoch 834, test loss = 38.2081
...model saved to 15_exp/models/FloydWarshallDataset_tropical_0.0001_20000_20260213_095520_relu_best.pth...20260213_101045
At epoch 835, test loss = 38.1506
...model saved to 15_exp/models/FloydWarshallDataset_tropical_0.0001_20000_20260213_095520_relu_best.pth...20260213_101046
At epoch 836, test loss = 38.1135
...model saved to 15_exp/models/FloydWarshallDataset_tropical_0.0001_20000_20260213_095520_relu_best.pth...20260213_101047
At epoch 837, test loss = 38.0359
...model saved to 15_exp/models/FloydWarshallDataset_tropical_0.0001_20000_20260213_095520_relu_best.pth...20260213_101048
At epoch 838, test loss = 38.0066
...model saved to 15_exp/models/FloydWarshallDataset_tropical_0.0001_20000_20260213_095520_relu_best.pth...20260213_101049
At epoch 839, test loss = 37.9858
...model saved to 15_exp/models/FloydWarshallDataset_tropical_0.0001_20000_20260213_095520_relu_best.pth...20260213_101050
At epoch 840, test loss = 37.9024
...model saved to 15_exp/models/FloydWarshallDataset_tropical_0.0001_20000_20260213_095520_relu_best.pth...20260213_101051
At epoch 841, test loss = 37.8505
...model saved to 15_exp/models/FloydWarshallDataset_tropical_0.0001_20000_20260213_095520_relu_best.pth...20260213_101052
At epoch 842, test loss = 37.7984
...model saved to 15_exp/models/FloydWarshallDataset_tropical_0.0001_20000_20260213_095520_relu_best.pth...20260213_101053
At epoch 843, test loss = 37.7343
...model saved to 15_exp/models/FloydWarshallDataset_tropical_0.0001_20000_20260213_095520_relu_best.pth...20260213_101053
At epoch 844, test loss = 37.7049
...model saved to 15_exp/models/FloydWarshallDataset_tropical_0.0001_20000_20260213_095520_relu_best.pth...20260213_101054
At epoch 845, test loss = 37.6593
...model saved to 15_exp/models/FloydWarshallDataset_tropical_0.0001_20000_20260213_095520_relu_best.pth...20260213_101055
At epoch 846, test loss = 37.6121
...model saved to 15_exp/models/FloydWarshallDataset_tropical_0.0001_20000_20260213_095520_relu_best.pth...20260213_101056
At epoch 847, test loss = 37.5592
...model saved to 15_exp/models/FloydWarshallDataset_tropical_0.0001_20000_20260213_095520_relu_best.pth...20260213_101057
At epoch 848, test loss = 37.5048
...model saved to 15_exp/models/FloydWarshallDataset_tropical_0.0001_20000_20260213_095520_relu_best.pth...20260213_101058
At epoch 849, test loss = 37.4617
...model saved to 15_exp/models/FloydWarshallDataset_tropical_0.0001_20000_20260213_095520_relu_best.pth...20260213_101059
At epoch 850, test loss = 37.3852
...model saved to 15_exp/models/FloydWarshallDataset_tropical_0.0001_20000_20260213_095520_relu_best.pth...20260213_101100
At epoch 851, test loss = 37.3521
...model saved to 15_exp/models/FloydWarshallDataset_tropical_0.0001_20000_20260213_095520_relu_best.pth...20260213_101101
At epoch 852, test loss = 37.3171
...model saved to 15_exp/models/FloydWarshallDataset_tropical_0.0001_20000_20260213_095520_relu_best.pth...20260213_101102
At epoch 853, test loss = 37.2735
...model saved to 15_exp/models/FloydWarshallDataset_tropical_0.0001_20000_20260213_095520_relu_best.pth...20260213_101103
At epoch 854, test loss = 37.1998
...model saved to 15_exp/models/FloydWarshallDataset_tropical_0.0001_20000_20260213_095520_relu_best.pth...20260213_101104
At epoch 855, test loss = 37.1583
...model saved to 15_exp/models/FloydWarshallDataset_tropical_0.0001_20000_20260213_095520_relu_best.pth...20260213_101105
At epoch 856, test loss = 37.0825
...model saved to 15_exp/models/FloydWarshallDataset_tropical_0.0001_20000_20260213_095520_relu_best.pth...20260213_101106
At epoch 857, test loss = 37.0294
...model saved to 15_exp/models/FloydWarshallDataset_tropical_0.0001_20000_20260213_095520_relu_best.pth...20260213_101107
At epoch 858, test loss = 36.9852
...model saved to 15_exp/models/FloydWarshallDataset_tropical_0.0001_20000_20260213_095520_relu_best.pth...20260213_101108
At epoch 859, test loss = 36.9151
...model saved to 15_exp/models/FloydWarshallDataset_tropical_0.0001_20000_20260213_095520_relu_best.pth...20260213_101109
At epoch 860, test loss = 36.8460
...model saved to 15_exp/models/FloydWarshallDataset_tropical_0.0001_20000_20260213_095520_relu_best.pth...20260213_101109
At epoch 861, test loss = 36.7721
...model saved to 15_exp/models/FloydWarshallDataset_tropical_0.0001_20000_20260213_095520_relu_best.pth...20260213_101110
At epoch 862, test loss = 36.7472
...model saved to 15_exp/models/FloydWarshallDataset_tropical_0.0001_20000_20260213_095520_relu_best.pth...20260213_101111
At epoch 863, test loss = 36.6856
...model saved to 15_exp/models/FloydWarshallDataset_tropical_0.0001_20000_20260213_095520_relu_best.pth...20260213_101112
At epoch 864, test loss = 36.6071
...model saved to 15_exp/models/FloydWarshallDataset_tropical_0.0001_20000_20260213_095520_relu_best.pth...20260213_101113
At epoch 865, test loss = 36.5759
...model saved to 15_exp/models/FloydWarshallDataset_tropical_0.0001_20000_20260213_095520_relu_best.pth...20260213_101114
At epoch 866, test loss = 36.5159
...model saved to 15_exp/models/FloydWarshallDataset_tropical_0.0001_20000_20260213_095520_relu_best.pth...20260213_101114
At epoch 867, test loss = 36.4597
...model saved to 15_exp/models/FloydWarshallDataset_tropical_0.0001_20000_20260213_095520_relu_best.pth...20260213_101115
At epoch 868, test loss = 36.3931
...model saved to 15_exp/models/FloydWarshallDataset_tropical_0.0001_20000_20260213_095520_relu_best.pth...20260213_101116
At epoch 869, test loss = 36.3400
...model saved to 15_exp/models/FloydWarshallDataset_tropical_0.0001_20000_20260213_095520_relu_best.pth...20260213_101117
At epoch 870, test loss = 36.3010
...model saved to 15_exp/models/FloydWarshallDataset_tropical_0.0001_20000_20260213_095520_relu_best.pth...20260213_101118
At epoch 871, test loss = 36.2537
...model saved to 15_exp/models/FloydWarshallDataset_tropical_0.0001_20000_20260213_095520_relu_best.pth...20260213_101119
At epoch 872, test loss = 36.2164
...model saved to 15_exp/models/FloydWarshallDataset_tropical_0.0001_20000_20260213_095520_relu_best.pth...20260213_101119
At epoch 873, test loss = 36.1473
...model saved to 15_exp/models/FloydWarshallDataset_tropical_0.0001_20000_20260213_095520_relu_best.pth...20260213_101120
At epoch 874, test loss = 36.0927
...model saved to 15_exp/models/FloydWarshallDataset_tropical_0.0001_20000_20260213_095520_relu_best.pth...20260213_101121
At epoch 876, test loss = 36.0382
...model saved to 15_exp/models/FloydWarshallDataset_tropical_0.0001_20000_20260213_095520_relu_best.pth...20260213_101123
At epoch 877, test loss = 36.0066
...model saved to 15_exp/models/FloydWarshallDataset_tropical_0.0001_20000_20260213_095520_relu_best.pth...20260213_101124
At epoch 878, test loss = 35.9577
...model saved to 15_exp/models/FloydWarshallDataset_tropical_0.0001_20000_20260213_095520_relu_best.pth...20260213_101124
At epoch 879, test loss = 35.8970
...model saved to 15_exp/models/FloydWarshallDataset_tropical_0.0001_20000_20260213_095520_relu_best.pth...20260213_101125
At epoch 880, test loss = 35.8547
...model saved to 15_exp/models/FloydWarshallDataset_tropical_0.0001_20000_20260213_095520_relu_best.pth...20260213_101126
At epoch 881, test loss = 35.8213
...model saved to 15_exp/models/FloydWarshallDataset_tropical_0.0001_20000_20260213_095520_relu_best.pth...20260213_101127
At epoch 882, test loss = 35.7875
...model saved to 15_exp/models/FloydWarshallDataset_tropical_0.0001_20000_20260213_095520_relu_best.pth...20260213_101128
At epoch 884, test loss = 35.7165
...model saved to 15_exp/models/FloydWarshallDataset_tropical_0.0001_20000_20260213_095520_relu_best.pth...20260213_101129
At epoch 885, test loss = 35.7116
...model saved to 15_exp/models/FloydWarshallDataset_tropical_0.0001_20000_20260213_095520_relu_best.pth...20260213_101130
At epoch 886, test loss = 35.6429
...model saved to 15_exp/models/FloydWarshallDataset_tropical_0.0001_20000_20260213_095520_relu_best.pth...20260213_101131
At epoch 887, test loss = 35.6191
...model saved to 15_exp/models/FloydWarshallDataset_tropical_0.0001_20000_20260213_095520_relu_best.pth...20260213_101132
At epoch 888, test loss = 35.6133
...model saved to 15_exp/models/FloydWarshallDataset_tropical_0.0001_20000_20260213_095520_relu_best.pth...20260213_101133
At epoch 889, test loss = 35.5570
...model saved to 15_exp/models/FloydWarshallDataset_tropical_0.0001_20000_20260213_095520_relu_best.pth...20260213_101134
At epoch 890, test loss = 35.5471
...model saved to 15_exp/models/FloydWarshallDataset_tropical_0.0001_20000_20260213_095520_relu_best.pth...20260213_101135
At epoch 891, test loss = 35.4946
...model saved to 15_exp/models/FloydWarshallDataset_tropical_0.0001_20000_20260213_095520_relu_best.pth...20260213_101136
At epoch 892, test loss = 35.4578
...model saved to 15_exp/models/FloydWarshallDataset_tropical_0.0001_20000_20260213_095520_relu_best.pth...20260213_101137
At epoch 893, test loss = 35.3967
...model saved to 15_exp/models/FloydWarshallDataset_tropical_0.0001_20000_20260213_095520_relu_best.pth...20260213_101138
At epoch 894, test loss = 35.3808
...model saved to 15_exp/models/FloydWarshallDataset_tropical_0.0001_20000_20260213_095520_relu_best.pth...20260213_101139
At epoch 895, test loss = 35.3490
...model saved to 15_exp/models/FloydWarshallDataset_tropical_0.0001_20000_20260213_095520_relu_best.pth...20260213_101140
At epoch 896, test loss = 35.3129
...model saved to 15_exp/models/FloydWarshallDataset_tropical_0.0001_20000_20260213_095520_relu_best.pth...20260213_101141
At epoch 897, test loss = 35.2867
...model saved to 15_exp/models/FloydWarshallDataset_tropical_0.0001_20000_20260213_095520_relu_best.pth...20260213_101141
At epoch 898, test loss = 35.2540
...model saved to 15_exp/models/FloydWarshallDataset_tropical_0.0001_20000_20260213_095520_relu_best.pth...20260213_101142
At epoch 899, test loss = 35.2228
...model saved to 15_exp/models/FloydWarshallDataset_tropical_0.0001_20000_20260213_095520_relu_best.pth...20260213_101143
At epoch 900, test loss = 35.1874
...model saved to 15_exp/models/FloydWarshallDataset_tropical_0.0001_20000_20260213_095520_relu_best.pth...20260213_101144
At epoch 901, test loss = 35.1476
...model saved to 15_exp/models/FloydWarshallDataset_tropical_0.0001_20000_20260213_095520_relu_best.pth...20260213_101145
At epoch 902, test loss = 35.1157
...model saved to 15_exp/models/FloydWarshallDataset_tropical_0.0001_20000_20260213_095520_relu_best.pth...20260213_101146
At epoch 903, test loss = 35.0891
...model saved to 15_exp/models/FloydWarshallDataset_tropical_0.0001_20000_20260213_095520_relu_best.pth...20260213_101146
At epoch 904, test loss = 35.0750
...model saved to 15_exp/models/FloydWarshallDataset_tropical_0.0001_20000_20260213_095520_relu_best.pth...20260213_101147
At epoch 905, test loss = 35.0465
...model saved to 15_exp/models/FloydWarshallDataset_tropical_0.0001_20000_20260213_095520_relu_best.pth...20260213_101148
At epoch 906, test loss = 35.0092
...model saved to 15_exp/models/FloydWarshallDataset_tropical_0.0001_20000_20260213_095520_relu_best.pth...20260213_101149
At epoch 907, test loss = 34.9595
...model saved to 15_exp/models/FloydWarshallDataset_tropical_0.0001_20000_20260213_095520_relu_best.pth...20260213_101150
At epoch 908, test loss = 34.9031
...model saved to 15_exp/models/FloydWarshallDataset_tropical_0.0001_20000_20260213_095520_relu_best.pth...20260213_101151
At epoch 909, test loss = 34.8575
...model saved to 15_exp/models/FloydWarshallDataset_tropical_0.0001_20000_20260213_095520_relu_best.pth...20260213_101152
At epoch 910, test loss = 34.8234
...model saved to 15_exp/models/FloydWarshallDataset_tropical_0.0001_20000_20260213_095520_relu_best.pth...20260213_101152
At epoch 911, test loss = 34.7887
...model saved to 15_exp/models/FloydWarshallDataset_tropical_0.0001_20000_20260213_095520_relu_best.pth...20260213_101153
At epoch 912, test loss = 34.7430
...model saved to 15_exp/models/FloydWarshallDataset_tropical_0.0001_20000_20260213_095520_relu_best.pth...20260213_101154
At epoch 913, test loss = 34.7400
...model saved to 15_exp/models/FloydWarshallDataset_tropical_0.0001_20000_20260213_095520_relu_best.pth...20260213_101155
At epoch 914, test loss = 34.6771
...model saved to 15_exp/models/FloydWarshallDataset_tropical_0.0001_20000_20260213_095520_relu_best.pth...20260213_101157
At epoch 916, test loss = 34.6233
...model saved to 15_exp/models/FloydWarshallDataset_tropical_0.0001_20000_20260213_095520_relu_best.pth...20260213_101159
At epoch 917, test loss = 34.5492
...model saved to 15_exp/models/FloydWarshallDataset_tropical_0.0001_20000_20260213_095520_relu_best.pth...20260213_101200
At epoch 918, test loss = 34.5163
...model saved to 15_exp/models/FloydWarshallDataset_tropical_0.0001_20000_20260213_095520_relu_best.pth...20260213_101201
At epoch 919, test loss = 34.4510
...model saved to 15_exp/models/FloydWarshallDataset_tropical_0.0001_20000_20260213_095520_relu_best.pth...20260213_101202
At epoch 920, test loss = 34.4127
...model saved to 15_exp/models/FloydWarshallDataset_tropical_0.0001_20000_20260213_095520_relu_best.pth...20260213_101203
At epoch 921, test loss = 34.3362
...model saved to 15_exp/models/FloydWarshallDataset_tropical_0.0001_20000_20260213_095520_relu_best.pth...20260213_101204
At epoch 922, test loss = 34.3160
...model saved to 15_exp/models/FloydWarshallDataset_tropical_0.0001_20000_20260213_095520_relu_best.pth...20260213_101205
At epoch 923, test loss = 34.2403
...model saved to 15_exp/models/FloydWarshallDataset_tropical_0.0001_20000_20260213_095520_relu_best.pth...20260213_101206
At epoch 924, test loss = 34.2325
...model saved to 15_exp/models/FloydWarshallDataset_tropical_0.0001_20000_20260213_095520_relu_best.pth...20260213_101206
At epoch 925, test loss = 34.1580
...model saved to 15_exp/models/FloydWarshallDataset_tropical_0.0001_20000_20260213_095520_relu_best.pth...20260213_101207
At epoch 926, test loss = 34.1068
...model saved to 15_exp/models/FloydWarshallDataset_tropical_0.0001_20000_20260213_095520_relu_best.pth...20260213_101208
At epoch 927, test loss = 34.0612
...model saved to 15_exp/models/FloydWarshallDataset_tropical_0.0001_20000_20260213_095520_relu_best.pth...20260213_101209
At epoch 928, test loss = 33.9916
...model saved to 15_exp/models/FloydWarshallDataset_tropical_0.0001_20000_20260213_095520_relu_best.pth...20260213_101210
At epoch 929, test loss = 33.9494
...model saved to 15_exp/models/FloydWarshallDataset_tropical_0.0001_20000_20260213_095520_relu_best.pth...20260213_101211
At epoch 930, test loss = 33.8923
...model saved to 15_exp/models/FloydWarshallDataset_tropical_0.0001_20000_20260213_095520_relu_best.pth...20260213_101211
At epoch 931, test loss = 33.8586
...model saved to 15_exp/models/FloydWarshallDataset_tropical_0.0001_20000_20260213_095520_relu_best.pth...20260213_101212
At epoch 932, test loss = 33.8184
...model saved to 15_exp/models/FloydWarshallDataset_tropical_0.0001_20000_20260213_095520_relu_best.pth...20260213_101213
At epoch 933, test loss = 33.7487
...model saved to 15_exp/models/FloydWarshallDataset_tropical_0.0001_20000_20260213_095520_relu_best.pth...20260213_101214
At epoch 935, test loss = 33.6787
...model saved to 15_exp/models/FloydWarshallDataset_tropical_0.0001_20000_20260213_095520_relu_best.pth...20260213_101216
At epoch 936, test loss = 33.5956
...model saved to 15_exp/models/FloydWarshallDataset_tropical_0.0001_20000_20260213_095520_relu_best.pth...20260213_101217
At epoch 937, test loss = 33.5561
...model saved to 15_exp/models/FloydWarshallDataset_tropical_0.0001_20000_20260213_095520_relu_best.pth...20260213_101218
At epoch 938, test loss = 33.5101
...model saved to 15_exp/models/FloydWarshallDataset_tropical_0.0001_20000_20260213_095520_relu_best.pth...20260213_101219
At epoch 939, test loss = 33.4845
...model saved to 15_exp/models/FloydWarshallDataset_tropical_0.0001_20000_20260213_095520_relu_best.pth...20260213_101220
At epoch 940, test loss = 33.4473
...model saved to 15_exp/models/FloydWarshallDataset_tropical_0.0001_20000_20260213_095520_relu_best.pth...20260213_101220
At epoch 941, test loss = 33.3858
...model saved to 15_exp/models/FloydWarshallDataset_tropical_0.0001_20000_20260213_095520_relu_best.pth...20260213_101221
At epoch 942, test loss = 33.3331
...model saved to 15_exp/models/FloydWarshallDataset_tropical_0.0001_20000_20260213_095520_relu_best.pth...20260213_101222
At epoch 943, test loss = 33.2765
...model saved to 15_exp/models/FloydWarshallDataset_tropical_0.0001_20000_20260213_095520_relu_best.pth...20260213_101223
At epoch 944, test loss = 33.2657
...model saved to 15_exp/models/FloydWarshallDataset_tropical_0.0001_20000_20260213_095520_relu_best.pth...20260213_101224
At epoch 945, test loss = 33.2344
...model saved to 15_exp/models/FloydWarshallDataset_tropical_0.0001_20000_20260213_095520_relu_best.pth...20260213_101225
At epoch 946, test loss = 33.1811
...model saved to 15_exp/models/FloydWarshallDataset_tropical_0.0001_20000_20260213_095520_relu_best.pth...20260213_101226
At epoch 947, test loss = 33.1640
...model saved to 15_exp/models/FloydWarshallDataset_tropical_0.0001_20000_20260213_095520_relu_best.pth...20260213_101227
At epoch 948, test loss = 33.0924
...model saved to 15_exp/models/FloydWarshallDataset_tropical_0.0001_20000_20260213_095520_relu_best.pth...20260213_101229
At epoch 949, test loss = 33.0745
...model saved to 15_exp/models/FloydWarshallDataset_tropical_0.0001_20000_20260213_095520_relu_best.pth...20260213_101230
At epoch 950, test loss = 33.0386
...model saved to 15_exp/models/FloydWarshallDataset_tropical_0.0001_20000_20260213_095520_relu_best.pth...20260213_101231
At epoch 951, test loss = 33.0137
...model saved to 15_exp/models/FloydWarshallDataset_tropical_0.0001_20000_20260213_095520_relu_best.pth...20260213_101231
At epoch 952, test loss = 32.9427
...model saved to 15_exp/models/FloydWarshallDataset_tropical_0.0001_20000_20260213_095520_relu_best.pth...20260213_101232
At epoch 954, test loss = 32.8811
...model saved to 15_exp/models/FloydWarshallDataset_tropical_0.0001_20000_20260213_095520_relu_best.pth...20260213_101234
At epoch 955, test loss = 32.8446
...model saved to 15_exp/models/FloydWarshallDataset_tropical_0.0001_20000_20260213_095520_relu_best.pth...20260213_101235
At epoch 956, test loss = 32.7970
...model saved to 15_exp/models/FloydWarshallDataset_tropical_0.0001_20000_20260213_095520_relu_best.pth...20260213_101236
At epoch 957, test loss = 32.7708
...model saved to 15_exp/models/FloydWarshallDataset_tropical_0.0001_20000_20260213_095520_relu_best.pth...20260213_101237
At epoch 958, test loss = 32.7520
...model saved to 15_exp/models/FloydWarshallDataset_tropical_0.0001_20000_20260213_095520_relu_best.pth...20260213_101238
At epoch 959, test loss = 32.7108
...model saved to 15_exp/models/FloydWarshallDataset_tropical_0.0001_20000_20260213_095520_relu_best.pth...20260213_101239
At epoch 960, test loss = 32.6466
...model saved to 15_exp/models/FloydWarshallDataset_tropical_0.0001_20000_20260213_095520_relu_best.pth...20260213_101241
At epoch 961, test loss = 32.6027
...model saved to 15_exp/models/FloydWarshallDataset_tropical_0.0001_20000_20260213_095520_relu_best.pth...20260213_101242
At epoch 962, test loss = 32.5557
...model saved to 15_exp/models/FloydWarshallDataset_tropical_0.0001_20000_20260213_095520_relu_best.pth...20260213_101243
At epoch 963, test loss = 32.5013
...model saved to 15_exp/models/FloydWarshallDataset_tropical_0.0001_20000_20260213_095520_relu_best.pth...20260213_101244
At epoch 964, test loss = 32.4986
...model saved to 15_exp/models/FloydWarshallDataset_tropical_0.0001_20000_20260213_095520_relu_best.pth...20260213_101245
At epoch 965, test loss = 32.4217
...model saved to 15_exp/models/FloydWarshallDataset_tropical_0.0001_20000_20260213_095520_relu_best.pth...20260213_101246
At epoch 966, test loss = 32.3726
...model saved to 15_exp/models/FloydWarshallDataset_tropical_0.0001_20000_20260213_095520_relu_best.pth...20260213_101247
At epoch 967, test loss = 32.3335
...model saved to 15_exp/models/FloydWarshallDataset_tropical_0.0001_20000_20260213_095520_relu_best.pth...20260213_101248
At epoch 968, test loss = 32.3123
...model saved to 15_exp/models/FloydWarshallDataset_tropical_0.0001_20000_20260213_095520_relu_best.pth...20260213_101249
At epoch 969, test loss = 32.2171
...model saved to 15_exp/models/FloydWarshallDataset_tropical_0.0001_20000_20260213_095520_relu_best.pth...20260213_101249
At epoch 970, test loss = 32.2109
...model saved to 15_exp/models/FloydWarshallDataset_tropical_0.0001_20000_20260213_095520_relu_best.pth...20260213_101250
At epoch 971, test loss = 32.1171
...model saved to 15_exp/models/FloydWarshallDataset_tropical_0.0001_20000_20260213_095520_relu_best.pth...20260213_101251
At epoch 972, test loss = 32.0493
...model saved to 15_exp/models/FloydWarshallDataset_tropical_0.0001_20000_20260213_095520_relu_best.pth...20260213_101252
At epoch 973, test loss = 32.0241
...model saved to 15_exp/models/FloydWarshallDataset_tropical_0.0001_20000_20260213_095520_relu_best.pth...20260213_101253
At epoch 974, test loss = 31.9543
...model saved to 15_exp/models/FloydWarshallDataset_tropical_0.0001_20000_20260213_095520_relu_best.pth...20260213_101253
At epoch 975, test loss = 31.8961
...model saved to 15_exp/models/FloydWarshallDataset_tropical_0.0001_20000_20260213_095520_relu_best.pth...20260213_101254
At epoch 976, test loss = 31.8111
...model saved to 15_exp/models/FloydWarshallDataset_tropical_0.0001_20000_20260213_095520_relu_best.pth...20260213_101255
At epoch 978, test loss = 31.7192
...model saved to 15_exp/models/FloydWarshallDataset_tropical_0.0001_20000_20260213_095520_relu_best.pth...20260213_101257
At epoch 979, test loss = 31.6623
...model saved to 15_exp/models/FloydWarshallDataset_tropical_0.0001_20000_20260213_095520_relu_best.pth...20260213_101257
At epoch 980, test loss = 31.5808
...model saved to 15_exp/models/FloydWarshallDataset_tropical_0.0001_20000_20260213_095520_relu_best.pth...20260213_101258
At epoch 981, test loss = 31.5152
...model saved to 15_exp/models/FloydWarshallDataset_tropical_0.0001_20000_20260213_095520_relu_best.pth...20260213_101259
At epoch 982, test loss = 31.4771
...model saved to 15_exp/models/FloydWarshallDataset_tropical_0.0001_20000_20260213_095520_relu_best.pth...20260213_101300
At epoch 983, test loss = 31.4304
...model saved to 15_exp/models/FloydWarshallDataset_tropical_0.0001_20000_20260213_095520_relu_best.pth...20260213_101301
At epoch 984, test loss = 31.3827
...model saved to 15_exp/models/FloydWarshallDataset_tropical_0.0001_20000_20260213_095520_relu_best.pth...20260213_101302
At epoch 985, test loss = 31.3399
...model saved to 15_exp/models/FloydWarshallDataset_tropical_0.0001_20000_20260213_095520_relu_best.pth...20260213_101302
At epoch 986, test loss = 31.2554
...model saved to 15_exp/models/FloydWarshallDataset_tropical_0.0001_20000_20260213_095520_relu_best.pth...20260213_101303
At epoch 987, test loss = 31.2488
...model saved to 15_exp/models/FloydWarshallDataset_tropical_0.0001_20000_20260213_095520_relu_best.pth...20260213_101304
At epoch 988, test loss = 31.2009
...model saved to 15_exp/models/FloydWarshallDataset_tropical_0.0001_20000_20260213_095520_relu_best.pth...20260213_101305
At epoch 989, test loss = 31.0987
...model saved to 15_exp/models/FloydWarshallDataset_tropical_0.0001_20000_20260213_095520_relu_best.pth...20260213_101306
At epoch 990, test loss = 31.0620
...model saved to 15_exp/models/FloydWarshallDataset_tropical_0.0001_20000_20260213_095520_relu_best.pth...20260213_101306
At epoch 991, test loss = 30.9872
...model saved to 15_exp/models/FloydWarshallDataset_tropical_0.0001_20000_20260213_095520_relu_best.pth...20260213_101307
At epoch 992, test loss = 30.9644
...model saved to 15_exp/models/FloydWarshallDataset_tropical_0.0001_20000_20260213_095520_relu_best.pth...20260213_101308
At epoch 993, test loss = 30.9570
...model saved to 15_exp/models/FloydWarshallDataset_tropical_0.0001_20000_20260213_095520_relu_best.pth...20260213_101309
At epoch 994, test loss = 30.8921
...model saved to 15_exp/models/FloydWarshallDataset_tropical_0.0001_20000_20260213_095520_relu_best.pth...20260213_101310
At epoch 995, test loss = 30.8278
...model saved to 15_exp/models/FloydWarshallDataset_tropical_0.0001_20000_20260213_095520_relu_best.pth...20260213_101311
At epoch 997, test loss = 30.7707
...model saved to 15_exp/models/FloydWarshallDataset_tropical_0.0001_20000_20260213_095520_relu_best.pth...20260213_101312
At epoch 998, test loss = 30.7277
...model saved to 15_exp/models/FloydWarshallDataset_tropical_0.0001_20000_20260213_095520_relu_best.pth...20260213_101313
At epoch 999, test loss = 30.7035
...model saved to 15_exp/models/FloydWarshallDataset_tropical_0.0001_20000_20260213_095520_relu_best.pth...20260213_101314
At epoch 1000, test loss = 30.6363
...model saved to 15_exp/models/FloydWarshallDataset_tropical_0.0001_20000_20260213_095520_relu_best.pth...20260213_101315
At epoch 1001, test loss = 30.6298
...model saved to 15_exp/models/FloydWarshallDataset_tropical_0.0001_20000_20260213_095520_relu_best.pth...20260213_101316
At epoch 1002, test loss = 30.5868
...model saved to 15_exp/models/FloydWarshallDataset_tropical_0.0001_20000_20260213_095520_relu_best.pth...20260213_101316
At epoch 1003, test loss = 30.5724
...model saved to 15_exp/models/FloydWarshallDataset_tropical_0.0001_20000_20260213_095520_relu_best.pth...20260213_101317
At epoch 1004, test loss = 30.5267
...model saved to 15_exp/models/FloydWarshallDataset_tropical_0.0001_20000_20260213_095520_relu_best.pth...20260213_101318
At epoch 1005, test loss = 30.4559
...model saved to 15_exp/models/FloydWarshallDataset_tropical_0.0001_20000_20260213_095520_relu_best.pth...20260213_101319
At epoch 1006, test loss = 30.4212
...model saved to 15_exp/models/FloydWarshallDataset_tropical_0.0001_20000_20260213_095520_relu_best.pth...20260213_101320
At epoch 1007, test loss = 30.3875
...model saved to 15_exp/models/FloydWarshallDataset_tropical_0.0001_20000_20260213_095520_relu_best.pth...20260213_101320
At epoch 1008, test loss = 30.3522
...model saved to 15_exp/models/FloydWarshallDataset_tropical_0.0001_20000_20260213_095520_relu_best.pth...20260213_101321
At epoch 1010, test loss = 30.2697
...model saved to 15_exp/models/FloydWarshallDataset_tropical_0.0001_20000_20260213_095520_relu_best.pth...20260213_101323
At epoch 1011, test loss = 30.2547
...model saved to 15_exp/models/FloydWarshallDataset_tropical_0.0001_20000_20260213_095520_relu_best.pth...20260213_101324
At epoch 1012, test loss = 30.1936
...model saved to 15_exp/models/FloydWarshallDataset_tropical_0.0001_20000_20260213_095520_relu_best.pth...20260213_101325
At epoch 1013, test loss = 30.1915
...model saved to 15_exp/models/FloydWarshallDataset_tropical_0.0001_20000_20260213_095520_relu_best.pth...20260213_101326
At epoch 1014, test loss = 30.1511
...model saved to 15_exp/models/FloydWarshallDataset_tropical_0.0001_20000_20260213_095520_relu_best.pth...20260213_101327
At epoch 1015, test loss = 30.0977
...model saved to 15_exp/models/FloydWarshallDataset_tropical_0.0001_20000_20260213_095520_relu_best.pth...20260213_101328
At epoch 1016, test loss = 30.0896
...model saved to 15_exp/models/FloydWarshallDataset_tropical_0.0001_20000_20260213_095520_relu_best.pth...20260213_101329
At epoch 1017, test loss = 30.0207
...model saved to 15_exp/models/FloydWarshallDataset_tropical_0.0001_20000_20260213_095520_relu_best.pth...20260213_101330
At epoch 1018, test loss = 30.0146
...model saved to 15_exp/models/FloydWarshallDataset_tropical_0.0001_20000_20260213_095520_relu_best.pth...20260213_101331
At epoch 1019, test loss = 29.9280
...model saved to 15_exp/models/FloydWarshallDataset_tropical_0.0001_20000_20260213_095520_relu_best.pth...20260213_101331
At epoch 1020, test loss = 29.9154
...model saved to 15_exp/models/FloydWarshallDataset_tropical_0.0001_20000_20260213_095520_relu_best.pth...20260213_101332
At epoch 1021, test loss = 29.8631
...model saved to 15_exp/models/FloydWarshallDataset_tropical_0.0001_20000_20260213_095520_relu_best.pth...20260213_101333
At epoch 1022, test loss = 29.8565
...model saved to 15_exp/models/FloydWarshallDataset_tropical_0.0001_20000_20260213_095520_relu_best.pth...20260213_101334
At epoch 1023, test loss = 29.7700
...model saved to 15_exp/models/FloydWarshallDataset_tropical_0.0001_20000_20260213_095520_relu_best.pth...20260213_101335
At epoch 1024, test loss = 29.7153
...model saved to 15_exp/models/FloydWarshallDataset_tropical_0.0001_20000_20260213_095520_relu_best.pth...20260213_101336
At epoch 1025, test loss = 29.6791
...model saved to 15_exp/models/FloydWarshallDataset_tropical_0.0001_20000_20260213_095520_relu_best.pth...20260213_101337
At epoch 1027, test loss = 29.5924
...model saved to 15_exp/models/FloydWarshallDataset_tropical_0.0001_20000_20260213_095520_relu_best.pth...20260213_101338
At epoch 1028, test loss = 29.5551
...model saved to 15_exp/models/FloydWarshallDataset_tropical_0.0001_20000_20260213_095520_relu_best.pth...20260213_101339
At epoch 1029, test loss = 29.5500
...model saved to 15_exp/models/FloydWarshallDataset_tropical_0.0001_20000_20260213_095520_relu_best.pth...20260213_101340
At epoch 1030, test loss = 29.4771
...model saved to 15_exp/models/FloydWarshallDataset_tropical_0.0001_20000_20260213_095520_relu_best.pth...20260213_101341
At epoch 1031, test loss = 29.4117
...model saved to 15_exp/models/FloydWarshallDataset_tropical_0.0001_20000_20260213_095520_relu_best.pth...20260213_101341
At epoch 1032, test loss = 29.3499
...model saved to 15_exp/models/FloydWarshallDataset_tropical_0.0001_20000_20260213_095520_relu_best.pth...20260213_101342
At epoch 1033, test loss = 29.2998
...model saved to 15_exp/models/FloydWarshallDataset_tropical_0.0001_20000_20260213_095520_relu_best.pth...20260213_101343
At epoch 1034, test loss = 29.2815
...model saved to 15_exp/models/FloydWarshallDataset_tropical_0.0001_20000_20260213_095520_relu_best.pth...20260213_101344
At epoch 1035, test loss = 29.2305
...model saved to 15_exp/models/FloydWarshallDataset_tropical_0.0001_20000_20260213_095520_relu_best.pth...20260213_101344
At epoch 1036, test loss = 29.1745
...model saved to 15_exp/models/FloydWarshallDataset_tropical_0.0001_20000_20260213_095520_relu_best.pth...20260213_101345
At epoch 1037, test loss = 29.1325
...model saved to 15_exp/models/FloydWarshallDataset_tropical_0.0001_20000_20260213_095520_relu_best.pth...20260213_101346
At epoch 1038, test loss = 29.0686
...model saved to 15_exp/models/FloydWarshallDataset_tropical_0.0001_20000_20260213_095520_relu_best.pth...20260213_101346
At epoch 1039, test loss = 29.0476
...model saved to 15_exp/models/FloydWarshallDataset_tropical_0.0001_20000_20260213_095520_relu_best.pth...20260213_101347
At epoch 1040, test loss = 28.9916
...model saved to 15_exp/models/FloydWarshallDataset_tropical_0.0001_20000_20260213_095520_relu_best.pth...20260213_101348
At epoch 1041, test loss = 28.9610
...model saved to 15_exp/models/FloydWarshallDataset_tropical_0.0001_20000_20260213_095520_relu_best.pth...20260213_101349
At epoch 1042, test loss = 28.9056
...model saved to 15_exp/models/FloydWarshallDataset_tropical_0.0001_20000_20260213_095520_relu_best.pth...20260213_101350
At epoch 1043, test loss = 28.8412
...model saved to 15_exp/models/FloydWarshallDataset_tropical_0.0001_20000_20260213_095520_relu_best.pth...20260213_101350
At epoch 1044, test loss = 28.8145
...model saved to 15_exp/models/FloydWarshallDataset_tropical_0.0001_20000_20260213_095520_relu_best.pth...20260213_101351
At epoch 1045, test loss = 28.7613
...model saved to 15_exp/models/FloydWarshallDataset_tropical_0.0001_20000_20260213_095520_relu_best.pth...20260213_101352
At epoch 1046, test loss = 28.7063
...model saved to 15_exp/models/FloydWarshallDataset_tropical_0.0001_20000_20260213_095520_relu_best.pth...20260213_101353
At epoch 1047, test loss = 28.6705
...model saved to 15_exp/models/FloydWarshallDataset_tropical_0.0001_20000_20260213_095520_relu_best.pth...20260213_101354
At epoch 1048, test loss = 28.6551
...model saved to 15_exp/models/FloydWarshallDataset_tropical_0.0001_20000_20260213_095520_relu_best.pth...20260213_101355
At epoch 1049, test loss = 28.5987
...model saved to 15_exp/models/FloydWarshallDataset_tropical_0.0001_20000_20260213_095520_relu_best.pth...20260213_101355
At epoch 1050, test loss = 28.5308
...model saved to 15_exp/models/FloydWarshallDataset_tropical_0.0001_20000_20260213_095520_relu_best.pth...20260213_101356
At epoch 1051, test loss = 28.5044
...model saved to 15_exp/models/FloydWarshallDataset_tropical_0.0001_20000_20260213_095520_relu_best.pth...20260213_101357
At epoch 1052, test loss = 28.4592
...model saved to 15_exp/models/FloydWarshallDataset_tropical_0.0001_20000_20260213_095520_relu_best.pth...20260213_101358
At epoch 1053, test loss = 28.4087
...model saved to 15_exp/models/FloydWarshallDataset_tropical_0.0001_20000_20260213_095520_relu_best.pth...20260213_101358
At epoch 1054, test loss = 28.3862
...model saved to 15_exp/models/FloydWarshallDataset_tropical_0.0001_20000_20260213_095520_relu_best.pth...20260213_101359
At epoch 1055, test loss = 28.3536
...model saved to 15_exp/models/FloydWarshallDataset_tropical_0.0001_20000_20260213_095520_relu_best.pth...20260213_101400
At epoch 1057, test loss = 28.2665
...model saved to 15_exp/models/FloydWarshallDataset_tropical_0.0001_20000_20260213_095520_relu_best.pth...20260213_101402
At epoch 1058, test loss = 28.2484
...model saved to 15_exp/models/FloydWarshallDataset_tropical_0.0001_20000_20260213_095520_relu_best.pth...20260213_101402
At epoch 1059, test loss = 28.2154
...model saved to 15_exp/models/FloydWarshallDataset_tropical_0.0001_20000_20260213_095520_relu_best.pth...20260213_101403
At epoch 1060, test loss = 28.1683
...model saved to 15_exp/models/FloydWarshallDataset_tropical_0.0001_20000_20260213_095520_relu_best.pth...20260213_101404
At epoch 1061, test loss = 28.1505
...model saved to 15_exp/models/FloydWarshallDataset_tropical_0.0001_20000_20260213_095520_relu_best.pth...20260213_101404
At epoch 1062, test loss = 28.1184
...model saved to 15_exp/models/FloydWarshallDataset_tropical_0.0001_20000_20260213_095520_relu_best.pth...20260213_101405
At epoch 1063, test loss = 28.0690
...model saved to 15_exp/models/FloydWarshallDataset_tropical_0.0001_20000_20260213_095520_relu_best.pth...20260213_101406
At epoch 1064, test loss = 28.0462
...model saved to 15_exp/models/FloydWarshallDataset_tropical_0.0001_20000_20260213_095520_relu_best.pth...20260213_101407
At epoch 1065, test loss = 28.0043
...model saved to 15_exp/models/FloydWarshallDataset_tropical_0.0001_20000_20260213_095520_relu_best.pth...20260213_101408
At epoch 1066, test loss = 27.9547
...model saved to 15_exp/models/FloydWarshallDataset_tropical_0.0001_20000_20260213_095520_relu_best.pth...20260213_101408
At epoch 1067, test loss = 27.9291
...model saved to 15_exp/models/FloydWarshallDataset_tropical_0.0001_20000_20260213_095520_relu_best.pth...20260213_101409
At epoch 1068, test loss = 27.9200
...model saved to 15_exp/models/FloydWarshallDataset_tropical_0.0001_20000_20260213_095520_relu_best.pth...20260213_101410
At epoch 1069, test loss = 27.8980
...model saved to 15_exp/models/FloydWarshallDataset_tropical_0.0001_20000_20260213_095520_relu_best.pth...20260213_101410
At epoch 1070, test loss = 27.8403
...model saved to 15_exp/models/FloydWarshallDataset_tropical_0.0001_20000_20260213_095520_relu_best.pth...20260213_101411
At epoch 1071, test loss = 27.8177
...model saved to 15_exp/models/FloydWarshallDataset_tropical_0.0001_20000_20260213_095520_relu_best.pth...20260213_101412
At epoch 1072, test loss = 27.8139
...model saved to 15_exp/models/FloydWarshallDataset_tropical_0.0001_20000_20260213_095520_relu_best.pth...20260213_101413
At epoch 1073, test loss = 27.7626
...model saved to 15_exp/models/FloydWarshallDataset_tropical_0.0001_20000_20260213_095520_relu_best.pth...20260213_101414
At epoch 1074, test loss = 27.7190
...model saved to 15_exp/models/FloydWarshallDataset_tropical_0.0001_20000_20260213_095520_relu_best.pth...20260213_101414
At epoch 1075, test loss = 27.6849
...model saved to 15_exp/models/FloydWarshallDataset_tropical_0.0001_20000_20260213_095520_relu_best.pth...20260213_101415
At epoch 1076, test loss = 27.6700
...model saved to 15_exp/models/FloydWarshallDataset_tropical_0.0001_20000_20260213_095520_relu_best.pth...20260213_101416
At epoch 1077, test loss = 27.6693
...model saved to 15_exp/models/FloydWarshallDataset_tropical_0.0001_20000_20260213_095520_relu_best.pth...20260213_101417
At epoch 1078, test loss = 27.6107
...model saved to 15_exp/models/FloydWarshallDataset_tropical_0.0001_20000_20260213_095520_relu_best.pth...20260213_101418
At epoch 1079, test loss = 27.5694
...model saved to 15_exp/models/FloydWarshallDataset_tropical_0.0001_20000_20260213_095520_relu_best.pth...20260213_101419
At epoch 1080, test loss = 27.5514
...model saved to 15_exp/models/FloydWarshallDataset_tropical_0.0001_20000_20260213_095520_relu_best.pth...20260213_101420
At epoch 1081, test loss = 27.4984
...model saved to 15_exp/models/FloydWarshallDataset_tropical_0.0001_20000_20260213_095520_relu_best.pth...20260213_101421
At epoch 1082, test loss = 27.4869
...model saved to 15_exp/models/FloydWarshallDataset_tropical_0.0001_20000_20260213_095520_relu_best.pth...20260213_101422
At epoch 1083, test loss = 27.4234
...model saved to 15_exp/models/FloydWarshallDataset_tropical_0.0001_20000_20260213_095520_relu_best.pth...20260213_101423
At epoch 1085, test loss = 27.3960
...model saved to 15_exp/models/FloydWarshallDataset_tropical_0.0001_20000_20260213_095520_relu_best.pth...20260213_101424
At epoch 1086, test loss = 27.3652
...model saved to 15_exp/models/FloydWarshallDataset_tropical_0.0001_20000_20260213_095520_relu_best.pth...20260213_101425
At epoch 1087, test loss = 27.3223
...model saved to 15_exp/models/FloydWarshallDataset_tropical_0.0001_20000_20260213_095520_relu_best.pth...20260213_101426
At epoch 1088, test loss = 27.2797
...model saved to 15_exp/models/FloydWarshallDataset_tropical_0.0001_20000_20260213_095520_relu_best.pth...20260213_101427
At epoch 1089, test loss = 27.2714
...model saved to 15_exp/models/FloydWarshallDataset_tropical_0.0001_20000_20260213_095520_relu_best.pth...20260213_101428
At epoch 1090, test loss = 27.2148
...model saved to 15_exp/models/FloydWarshallDataset_tropical_0.0001_20000_20260213_095520_relu_best.pth...20260213_101429
At epoch 1091, test loss = 27.2074
...model saved to 15_exp/models/FloydWarshallDataset_tropical_0.0001_20000_20260213_095520_relu_best.pth...20260213_101430
At epoch 1092, test loss = 27.1714
...model saved to 15_exp/models/FloydWarshallDataset_tropical_0.0001_20000_20260213_095520_relu_best.pth...20260213_101430
At epoch 1093, test loss = 27.1670
...model saved to 15_exp/models/FloydWarshallDataset_tropical_0.0001_20000_20260213_095520_relu_best.pth...20260213_101431
At epoch 1094, test loss = 27.1204
...model saved to 15_exp/models/FloydWarshallDataset_tropical_0.0001_20000_20260213_095520_relu_best.pth...20260213_101432
At epoch 1096, test loss = 27.0122
...model saved to 15_exp/models/FloydWarshallDataset_tropical_0.0001_20000_20260213_095520_relu_best.pth...20260213_101434
At epoch 1098, test loss = 26.9746
...model saved to 15_exp/models/FloydWarshallDataset_tropical_0.0001_20000_20260213_095520_relu_best.pth...20260213_101435
At epoch 1099, test loss = 26.9270
...model saved to 15_exp/models/FloydWarshallDataset_tropical_0.0001_20000_20260213_095520_relu_best.pth...20260213_101436
At epoch 1100, test loss = 26.8862
...model saved to 15_exp/models/FloydWarshallDataset_tropical_0.0001_20000_20260213_095520_relu_best.pth...20260213_101437
At epoch 1101, test loss = 26.8571
...model saved to 15_exp/models/FloydWarshallDataset_tropical_0.0001_20000_20260213_095520_relu_best.pth...20260213_101438
At epoch 1102, test loss = 26.8015
...model saved to 15_exp/models/FloydWarshallDataset_tropical_0.0001_20000_20260213_095520_relu_best.pth...20260213_101439
At epoch 1104, test loss = 26.7291
...model saved to 15_exp/models/FloydWarshallDataset_tropical_0.0001_20000_20260213_095520_relu_best.pth...20260213_101441
At epoch 1105, test loss = 26.6972
...model saved to 15_exp/models/FloydWarshallDataset_tropical_0.0001_20000_20260213_095520_relu_best.pth...20260213_101441
At epoch 1106, test loss = 26.6744
...model saved to 15_exp/models/FloydWarshallDataset_tropical_0.0001_20000_20260213_095520_relu_best.pth...20260213_101442
At epoch 1107, test loss = 26.6295
...model saved to 15_exp/models/FloydWarshallDataset_tropical_0.0001_20000_20260213_095520_relu_best.pth...20260213_101443
At epoch 1108, test loss = 26.5642
...model saved to 15_exp/models/FloydWarshallDataset_tropical_0.0001_20000_20260213_095520_relu_best.pth...20260213_101444
At epoch 1109, test loss = 26.5235
...model saved to 15_exp/models/FloydWarshallDataset_tropical_0.0001_20000_20260213_095520_relu_best.pth...20260213_101445
At epoch 1110, test loss = 26.4888
...model saved to 15_exp/models/FloydWarshallDataset_tropical_0.0001_20000_20260213_095520_relu_best.pth...20260213_101446
At epoch 1111, test loss = 26.4459
...model saved to 15_exp/models/FloydWarshallDataset_tropical_0.0001_20000_20260213_095520_relu_best.pth...20260213_101447
At epoch 1112, test loss = 26.4404
...model saved to 15_exp/models/FloydWarshallDataset_tropical_0.0001_20000_20260213_095520_relu_best.pth...20260213_101448
At epoch 1113, test loss = 26.4029
...model saved to 15_exp/models/FloydWarshallDataset_tropical_0.0001_20000_20260213_095520_relu_best.pth...20260213_101449
At epoch 1114, test loss = 26.3315
...model saved to 15_exp/models/FloydWarshallDataset_tropical_0.0001_20000_20260213_095520_relu_best.pth...20260213_101450
At epoch 1115, test loss = 26.2584
...model saved to 15_exp/models/FloydWarshallDataset_tropical_0.0001_20000_20260213_095520_relu_best.pth...20260213_101450
At epoch 1116, test loss = 26.2471
...model saved to 15_exp/models/FloydWarshallDataset_tropical_0.0001_20000_20260213_095520_relu_best.pth...20260213_101451
At epoch 1117, test loss = 26.1683
...model saved to 15_exp/models/FloydWarshallDataset_tropical_0.0001_20000_20260213_095520_relu_best.pth...20260213_101452
At epoch 1118, test loss = 26.1425
...model saved to 15_exp/models/FloydWarshallDataset_tropical_0.0001_20000_20260213_095520_relu_best.pth...20260213_101453
At epoch 1119, test loss = 26.0903
...model saved to 15_exp/models/FloydWarshallDataset_tropical_0.0001_20000_20260213_095520_relu_best.pth...20260213_101454
At epoch 1120, test loss = 26.0502
...model saved to 15_exp/models/FloydWarshallDataset_tropical_0.0001_20000_20260213_095520_relu_best.pth...20260213_101455
At epoch 1121, test loss = 25.9988
...model saved to 15_exp/models/FloydWarshallDataset_tropical_0.0001_20000_20260213_095520_relu_best.pth...20260213_101455
At epoch 1122, test loss = 25.9426
...model saved to 15_exp/models/FloydWarshallDataset_tropical_0.0001_20000_20260213_095520_relu_best.pth...20260213_101456
At epoch 1123, test loss = 25.9267
...model saved to 15_exp/models/FloydWarshallDataset_tropical_0.0001_20000_20260213_095520_relu_best.pth...20260213_101457
At epoch 1124, test loss = 25.8363
...model saved to 15_exp/models/FloydWarshallDataset_tropical_0.0001_20000_20260213_095520_relu_best.pth...20260213_101457
At epoch 1125, test loss = 25.8105
...model saved to 15_exp/models/FloydWarshallDataset_tropical_0.0001_20000_20260213_095520_relu_best.pth...20260213_101458
At epoch 1126, test loss = 25.7660
...model saved to 15_exp/models/FloydWarshallDataset_tropical_0.0001_20000_20260213_095520_relu_best.pth...20260213_101459
At epoch 1127, test loss = 25.7149
...model saved to 15_exp/models/FloydWarshallDataset_tropical_0.0001_20000_20260213_095520_relu_best.pth...20260213_101500
At epoch 1128, test loss = 25.6634
...model saved to 15_exp/models/FloydWarshallDataset_tropical_0.0001_20000_20260213_095520_relu_best.pth...20260213_101501
At epoch 1129, test loss = 25.5812
...model saved to 15_exp/models/FloydWarshallDataset_tropical_0.0001_20000_20260213_095520_relu_best.pth...20260213_101501
At epoch 1130, test loss = 25.5514
...model saved to 15_exp/models/FloydWarshallDataset_tropical_0.0001_20000_20260213_095520_relu_best.pth...20260213_101502
At epoch 1131, test loss = 25.4885
...model saved to 15_exp/models/FloydWarshallDataset_tropical_0.0001_20000_20260213_095520_relu_best.pth...20260213_101503
At epoch 1132, test loss = 25.4723
...model saved to 15_exp/models/FloydWarshallDataset_tropical_0.0001_20000_20260213_095520_relu_best.pth...20260213_101504
At epoch 1133, test loss = 25.4083
...model saved to 15_exp/models/FloydWarshallDataset_tropical_0.0001_20000_20260213_095520_relu_best.pth...20260213_101504
At epoch 1134, test loss = 25.3563
...model saved to 15_exp/models/FloydWarshallDataset_tropical_0.0001_20000_20260213_095520_relu_best.pth...20260213_101505
At epoch 1135, test loss = 25.2934
...model saved to 15_exp/models/FloydWarshallDataset_tropical_0.0001_20000_20260213_095520_relu_best.pth...20260213_101506
At epoch 1136, test loss = 25.2391
...model saved to 15_exp/models/FloydWarshallDataset_tropical_0.0001_20000_20260213_095520_relu_best.pth...20260213_101507
At epoch 1137, test loss = 25.1734
...model saved to 15_exp/models/FloydWarshallDataset_tropical_0.0001_20000_20260213_095520_relu_best.pth...20260213_101508
At epoch 1138, test loss = 25.1340
...model saved to 15_exp/models/FloydWarshallDataset_tropical_0.0001_20000_20260213_095520_relu_best.pth...20260213_101508
At epoch 1139, test loss = 25.0807
...model saved to 15_exp/models/FloydWarshallDataset_tropical_0.0001_20000_20260213_095520_relu_best.pth...20260213_101509
At epoch 1140, test loss = 25.0182
...model saved to 15_exp/models/FloydWarshallDataset_tropical_0.0001_20000_20260213_095520_relu_best.pth...20260213_101510
At epoch 1141, test loss = 24.9869
...model saved to 15_exp/models/FloydWarshallDataset_tropical_0.0001_20000_20260213_095520_relu_best.pth...20260213_101511
At epoch 1142, test loss = 24.9148
...model saved to 15_exp/models/FloydWarshallDataset_tropical_0.0001_20000_20260213_095520_relu_best.pth...20260213_101512
At epoch 1143, test loss = 24.8951
...model saved to 15_exp/models/FloydWarshallDataset_tropical_0.0001_20000_20260213_095520_relu_best.pth...20260213_101513
At epoch 1144, test loss = 24.8421
...model saved to 15_exp/models/FloydWarshallDataset_tropical_0.0001_20000_20260213_095520_relu_best.pth...20260213_101513
At epoch 1145, test loss = 24.7522
...model saved to 15_exp/models/FloydWarshallDataset_tropical_0.0001_20000_20260213_095520_relu_best.pth...20260213_101514
At epoch 1146, test loss = 24.7067
...model saved to 15_exp/models/FloydWarshallDataset_tropical_0.0001_20000_20260213_095520_relu_best.pth...20260213_101515
At epoch 1147, test loss = 24.6511
...model saved to 15_exp/models/FloydWarshallDataset_tropical_0.0001_20000_20260213_095520_relu_best.pth...20260213_101516
At epoch 1148, test loss = 24.6041
...model saved to 15_exp/models/FloydWarshallDataset_tropical_0.0001_20000_20260213_095520_relu_best.pth...20260213_101516
At epoch 1149, test loss = 24.5340
...model saved to 15_exp/models/FloydWarshallDataset_tropical_0.0001_20000_20260213_095520_relu_best.pth...20260213_101517
At epoch 1150, test loss = 24.5000
...model saved to 15_exp/models/FloydWarshallDataset_tropical_0.0001_20000_20260213_095520_relu_best.pth...20260213_101518
At epoch 1151, test loss = 24.3966
...model saved to 15_exp/models/FloydWarshallDataset_tropical_0.0001_20000_20260213_095520_relu_best.pth...20260213_101519
At epoch 1152, test loss = 24.3595
...model saved to 15_exp/models/FloydWarshallDataset_tropical_0.0001_20000_20260213_095520_relu_best.pth...20260213_101520
At epoch 1153, test loss = 24.2998
...model saved to 15_exp/models/FloydWarshallDataset_tropical_0.0001_20000_20260213_095520_relu_best.pth...20260213_101521
At epoch 1154, test loss = 24.2271
...model saved to 15_exp/models/FloydWarshallDataset_tropical_0.0001_20000_20260213_095520_relu_best.pth...20260213_101522
At epoch 1155, test loss = 24.1566
...model saved to 15_exp/models/FloydWarshallDataset_tropical_0.0001_20000_20260213_095520_relu_best.pth...20260213_101523
At epoch 1156, test loss = 24.1152
...model saved to 15_exp/models/FloydWarshallDataset_tropical_0.0001_20000_20260213_095520_relu_best.pth...20260213_101524
At epoch 1157, test loss = 24.0354
...model saved to 15_exp/models/FloydWarshallDataset_tropical_0.0001_20000_20260213_095520_relu_best.pth...20260213_101524
At epoch 1158, test loss = 23.9426
...model saved to 15_exp/models/FloydWarshallDataset_tropical_0.0001_20000_20260213_095520_relu_best.pth...20260213_101525
At epoch 1159, test loss = 23.9048
...model saved to 15_exp/models/FloydWarshallDataset_tropical_0.0001_20000_20260213_095520_relu_best.pth...20260213_101526
At epoch 1160, test loss = 23.9005
...model saved to 15_exp/models/FloydWarshallDataset_tropical_0.0001_20000_20260213_095520_relu_best.pth...20260213_101527
At epoch 1161, test loss = 23.7915
...model saved to 15_exp/models/FloydWarshallDataset_tropical_0.0001_20000_20260213_095520_relu_best.pth...20260213_101528
At epoch 1162, test loss = 23.7311
...model saved to 15_exp/models/FloydWarshallDataset_tropical_0.0001_20000_20260213_095520_relu_best.pth...20260213_101529
At epoch 1163, test loss = 23.6327
...model saved to 15_exp/models/FloydWarshallDataset_tropical_0.0001_20000_20260213_095520_relu_best.pth...20260213_101530
At epoch 1164, test loss = 23.5827
...model saved to 15_exp/models/FloydWarshallDataset_tropical_0.0001_20000_20260213_095520_relu_best.pth...20260213_101530
At epoch 1165, test loss = 23.5609
...model saved to 15_exp/models/FloydWarshallDataset_tropical_0.0001_20000_20260213_095520_relu_best.pth...20260213_101531
At epoch 1166, test loss = 23.4623
...model saved to 15_exp/models/FloydWarshallDataset_tropical_0.0001_20000_20260213_095520_relu_best.pth...20260213_101532
At epoch 1167, test loss = 23.4127
...model saved to 15_exp/models/FloydWarshallDataset_tropical_0.0001_20000_20260213_095520_relu_best.pth...20260213_101533
At epoch 1168, test loss = 23.3390
...model saved to 15_exp/models/FloydWarshallDataset_tropical_0.0001_20000_20260213_095520_relu_best.pth...20260213_101534
At epoch 1169, test loss = 23.2820
...model saved to 15_exp/models/FloydWarshallDataset_tropical_0.0001_20000_20260213_095520_relu_best.pth...20260213_101534
At epoch 1170, test loss = 23.2534
...model saved to 15_exp/models/FloydWarshallDataset_tropical_0.0001_20000_20260213_095520_relu_best.pth...20260213_101535
At epoch 1171, test loss = 23.1461
...model saved to 15_exp/models/FloydWarshallDataset_tropical_0.0001_20000_20260213_095520_relu_best.pth...20260213_101536
At epoch 1172, test loss = 23.1027
...model saved to 15_exp/models/FloydWarshallDataset_tropical_0.0001_20000_20260213_095520_relu_best.pth...20260213_101537
At epoch 1173, test loss = 23.0440
...model saved to 15_exp/models/FloydWarshallDataset_tropical_0.0001_20000_20260213_095520_relu_best.pth...20260213_101538
At epoch 1174, test loss = 23.0072
...model saved to 15_exp/models/FloydWarshallDataset_tropical_0.0001_20000_20260213_095520_relu_best.pth...20260213_101538
At epoch 1175, test loss = 22.9424
...model saved to 15_exp/models/FloydWarshallDataset_tropical_0.0001_20000_20260213_095520_relu_best.pth...20260213_101539
At epoch 1176, test loss = 22.8913
...model saved to 15_exp/models/FloydWarshallDataset_tropical_0.0001_20000_20260213_095520_relu_best.pth...20260213_101540
At epoch 1177, test loss = 22.8865
...model saved to 15_exp/models/FloydWarshallDataset_tropical_0.0001_20000_20260213_095520_relu_best.pth...20260213_101540
At epoch 1178, test loss = 22.7817
...model saved to 15_exp/models/FloydWarshallDataset_tropical_0.0001_20000_20260213_095520_relu_best.pth...20260213_101541
At epoch 1179, test loss = 22.7796
...model saved to 15_exp/models/FloydWarshallDataset_tropical_0.0001_20000_20260213_095520_relu_best.pth...20260213_101542
At epoch 1180, test loss = 22.6936
...model saved to 15_exp/models/FloydWarshallDataset_tropical_0.0001_20000_20260213_095520_relu_best.pth...20260213_101543
At epoch 1181, test loss = 22.6620
...model saved to 15_exp/models/FloydWarshallDataset_tropical_0.0001_20000_20260213_095520_relu_best.pth...20260213_101543
At epoch 1182, test loss = 22.6008
...model saved to 15_exp/models/FloydWarshallDataset_tropical_0.0001_20000_20260213_095520_relu_best.pth...20260213_101544
At epoch 1183, test loss = 22.5884
...model saved to 15_exp/models/FloydWarshallDataset_tropical_0.0001_20000_20260213_095520_relu_best.pth...20260213_101545
At epoch 1184, test loss = 22.5509
...model saved to 15_exp/models/FloydWarshallDataset_tropical_0.0001_20000_20260213_095520_relu_best.pth...20260213_101545
At epoch 1185, test loss = 22.4514
...model saved to 15_exp/models/FloydWarshallDataset_tropical_0.0001_20000_20260213_095520_relu_best.pth...20260213_101546
At epoch 1186, test loss = 22.4472
...model saved to 15_exp/models/FloydWarshallDataset_tropical_0.0001_20000_20260213_095520_relu_best.pth...20260213_101547
At epoch 1187, test loss = 22.4046
...model saved to 15_exp/models/FloydWarshallDataset_tropical_0.0001_20000_20260213_095520_relu_best.pth...20260213_101548
At epoch 1188, test loss = 22.3606
...model saved to 15_exp/models/FloydWarshallDataset_tropical_0.0001_20000_20260213_095520_relu_best.pth...20260213_101548
At epoch 1189, test loss = 22.3130
...model saved to 15_exp/models/FloydWarshallDataset_tropical_0.0001_20000_20260213_095520_relu_best.pth...20260213_101549
At epoch 1191, test loss = 22.2490
...model saved to 15_exp/models/FloydWarshallDataset_tropical_0.0001_20000_20260213_095520_relu_best.pth...20260213_101551
At epoch 1192, test loss = 22.2061
...model saved to 15_exp/models/FloydWarshallDataset_tropical_0.0001_20000_20260213_095520_relu_best.pth...20260213_101551
At epoch 1193, test loss = 22.1480
...model saved to 15_exp/models/FloydWarshallDataset_tropical_0.0001_20000_20260213_095520_relu_best.pth...20260213_101552
At epoch 1194, test loss = 22.1409
...model saved to 15_exp/models/FloydWarshallDataset_tropical_0.0001_20000_20260213_095520_relu_best.pth...20260213_101553
At epoch 1195, test loss = 22.0609
...model saved to 15_exp/models/FloydWarshallDataset_tropical_0.0001_20000_20260213_095520_relu_best.pth...20260213_101554
At epoch 1196, test loss = 22.0434
...model saved to 15_exp/models/FloydWarshallDataset_tropical_0.0001_20000_20260213_095520_relu_best.pth...20260213_101555
At epoch 1197, test loss = 22.0100
...model saved to 15_exp/models/FloydWarshallDataset_tropical_0.0001_20000_20260213_095520_relu_best.pth...20260213_101556
At epoch 1198, test loss = 21.9619
...model saved to 15_exp/models/FloydWarshallDataset_tropical_0.0001_20000_20260213_095520_relu_best.pth...20260213_101557
At epoch 1199, test loss = 21.9593
...model saved to 15_exp/models/FloydWarshallDataset_tropical_0.0001_20000_20260213_095520_relu_best.pth...20260213_101558
At epoch 1200, test loss = 21.9128
...model saved to 15_exp/models/FloydWarshallDataset_tropical_0.0001_20000_20260213_095520_relu_best.pth...20260213_101559
At epoch 1201, test loss = 21.8674
...model saved to 15_exp/models/FloydWarshallDataset_tropical_0.0001_20000_20260213_095520_relu_best.pth...20260213_101600
At epoch 1202, test loss = 21.8339
...model saved to 15_exp/models/FloydWarshallDataset_tropical_0.0001_20000_20260213_095520_relu_best.pth...20260213_101601
At epoch 1203, test loss = 21.8204
...model saved to 15_exp/models/FloydWarshallDataset_tropical_0.0001_20000_20260213_095520_relu_best.pth...20260213_101602
At epoch 1204, test loss = 21.7488
...model saved to 15_exp/models/FloydWarshallDataset_tropical_0.0001_20000_20260213_095520_relu_best.pth...20260213_101603
At epoch 1205, test loss = 21.7128
...model saved to 15_exp/models/FloydWarshallDataset_tropical_0.0001_20000_20260213_095520_relu_best.pth...20260213_101604
At epoch 1207, test loss = 21.6863
...model saved to 15_exp/models/FloydWarshallDataset_tropical_0.0001_20000_20260213_095520_relu_best.pth...20260213_101605
At epoch 1209, test loss = 21.5764
...model saved to 15_exp/models/FloydWarshallDataset_tropical_0.0001_20000_20260213_095520_relu_best.pth...20260213_101607
At epoch 1210, test loss = 21.5191
...model saved to 15_exp/models/FloydWarshallDataset_tropical_0.0001_20000_20260213_095520_relu_best.pth...20260213_101608
At epoch 1212, test loss = 21.4833
...model saved to 15_exp/models/FloydWarshallDataset_tropical_0.0001_20000_20260213_095520_relu_best.pth...20260213_101610
At epoch 1213, test loss = 21.4628
...model saved to 15_exp/models/FloydWarshallDataset_tropical_0.0001_20000_20260213_095520_relu_best.pth...20260213_101610
At epoch 1215, test loss = 21.3872
...model saved to 15_exp/models/FloydWarshallDataset_tropical_0.0001_20000_20260213_095520_relu_best.pth...20260213_101612
At epoch 1216, test loss = 21.3325
...model saved to 15_exp/models/FloydWarshallDataset_tropical_0.0001_20000_20260213_095520_relu_best.pth...20260213_101613
At epoch 1217, test loss = 21.2877
...model saved to 15_exp/models/FloydWarshallDataset_tropical_0.0001_20000_20260213_095520_relu_best.pth...20260213_101614
At epoch 1218, test loss = 21.2399
...model saved to 15_exp/models/FloydWarshallDataset_tropical_0.0001_20000_20260213_095520_relu_best.pth...20260213_101615
At epoch 1219, test loss = 21.2017
...model saved to 15_exp/models/FloydWarshallDataset_tropical_0.0001_20000_20260213_095520_relu_best.pth...20260213_101616
At epoch 1220, test loss = 21.1682
...model saved to 15_exp/models/FloydWarshallDataset_tropical_0.0001_20000_20260213_095520_relu_best.pth...20260213_101617
At epoch 1221, test loss = 21.1366
...model saved to 15_exp/models/FloydWarshallDataset_tropical_0.0001_20000_20260213_095520_relu_best.pth...20260213_101618
At epoch 1223, test loss = 21.0730
...model saved to 15_exp/models/FloydWarshallDataset_tropical_0.0001_20000_20260213_095520_relu_best.pth...20260213_101620
At epoch 1224, test loss = 21.0608
...model saved to 15_exp/models/FloydWarshallDataset_tropical_0.0001_20000_20260213_095520_relu_best.pth...20260213_101621
At epoch 1225, test loss = 20.9647
...model saved to 15_exp/models/FloydWarshallDataset_tropical_0.0001_20000_20260213_095520_relu_best.pth...20260213_101622
At epoch 1226, test loss = 20.9239
...model saved to 15_exp/models/FloydWarshallDataset_tropical_0.0001_20000_20260213_095520_relu_best.pth...20260213_101624
At epoch 1228, test loss = 20.8469
...model saved to 15_exp/models/FloydWarshallDataset_tropical_0.0001_20000_20260213_095520_relu_best.pth...20260213_101626
At epoch 1229, test loss = 20.8057
...model saved to 15_exp/models/FloydWarshallDataset_tropical_0.0001_20000_20260213_095520_relu_best.pth...20260213_101627
At epoch 1230, test loss = 20.7802
...model saved to 15_exp/models/FloydWarshallDataset_tropical_0.0001_20000_20260213_095520_relu_best.pth...20260213_101628
At epoch 1231, test loss = 20.7516
...model saved to 15_exp/models/FloydWarshallDataset_tropical_0.0001_20000_20260213_095520_relu_best.pth...20260213_101629
At epoch 1232, test loss = 20.7392
...model saved to 15_exp/models/FloydWarshallDataset_tropical_0.0001_20000_20260213_095520_relu_best.pth...20260213_101630
At epoch 1233, test loss = 20.6658
...model saved to 15_exp/models/FloydWarshallDataset_tropical_0.0001_20000_20260213_095520_relu_best.pth...20260213_101631
At epoch 1234, test loss = 20.6016
...model saved to 15_exp/models/FloydWarshallDataset_tropical_0.0001_20000_20260213_095520_relu_best.pth...20260213_101632
At epoch 1235, test loss = 20.5722
...model saved to 15_exp/models/FloydWarshallDataset_tropical_0.0001_20000_20260213_095520_relu_best.pth...20260213_101633
At epoch 1236, test loss = 20.5404
...model saved to 15_exp/models/FloydWarshallDataset_tropical_0.0001_20000_20260213_095520_relu_best.pth...20260213_101634
At epoch 1237, test loss = 20.5031
...model saved to 15_exp/models/FloydWarshallDataset_tropical_0.0001_20000_20260213_095520_relu_best.pth...20260213_101636
At epoch 1238, test loss = 20.4411
...model saved to 15_exp/models/FloydWarshallDataset_tropical_0.0001_20000_20260213_095520_relu_best.pth...20260213_101637
At epoch 1239, test loss = 20.3914
...model saved to 15_exp/models/FloydWarshallDataset_tropical_0.0001_20000_20260213_095520_relu_best.pth...20260213_101638
At epoch 1240, test loss = 20.3488
...model saved to 15_exp/models/FloydWarshallDataset_tropical_0.0001_20000_20260213_095520_relu_best.pth...20260213_101640
At epoch 1241, test loss = 20.3135
...model saved to 15_exp/models/FloydWarshallDataset_tropical_0.0001_20000_20260213_095520_relu_best.pth...20260213_101641
At epoch 1242, test loss = 20.2686
...model saved to 15_exp/models/FloydWarshallDataset_tropical_0.0001_20000_20260213_095520_relu_best.pth...20260213_101642
At epoch 1243, test loss = 20.2194
...model saved to 15_exp/models/FloydWarshallDataset_tropical_0.0001_20000_20260213_095520_relu_best.pth...20260213_101643
At epoch 1244, test loss = 20.1069
...model saved to 15_exp/models/FloydWarshallDataset_tropical_0.0001_20000_20260213_095520_relu_best.pth...20260213_101645
At epoch 1245, test loss = 20.0868
...model saved to 15_exp/models/FloydWarshallDataset_tropical_0.0001_20000_20260213_095520_relu_best.pth...20260213_101646
At epoch 1246, test loss = 20.0267
...model saved to 15_exp/models/FloydWarshallDataset_tropical_0.0001_20000_20260213_095520_relu_best.pth...20260213_101647
At epoch 1247, test loss = 19.9669
...model saved to 15_exp/models/FloydWarshallDataset_tropical_0.0001_20000_20260213_095520_relu_best.pth...20260213_101648
At epoch 1248, test loss = 19.8971
...model saved to 15_exp/models/FloydWarshallDataset_tropical_0.0001_20000_20260213_095520_relu_best.pth...20260213_101649
At epoch 1249, test loss = 19.8671
...model saved to 15_exp/models/FloydWarshallDataset_tropical_0.0001_20000_20260213_095520_relu_best.pth...20260213_101650
At epoch 1250, test loss = 19.8136
...model saved to 15_exp/models/FloydWarshallDataset_tropical_0.0001_20000_20260213_095520_relu_best.pth...20260213_101651
At epoch 1251, test loss = 19.7272
...model saved to 15_exp/models/FloydWarshallDataset_tropical_0.0001_20000_20260213_095520_relu_best.pth...20260213_101652
At epoch 1252, test loss = 19.6712
...model saved to 15_exp/models/FloydWarshallDataset_tropical_0.0001_20000_20260213_095520_relu_best.pth...20260213_101653
At epoch 1253, test loss = 19.5950
...model saved to 15_exp/models/FloydWarshallDataset_tropical_0.0001_20000_20260213_095520_relu_best.pth...20260213_101654
At epoch 1254, test loss = 19.5527
...model saved to 15_exp/models/FloydWarshallDataset_tropical_0.0001_20000_20260213_095520_relu_best.pth...20260213_101655
At epoch 1255, test loss = 19.4947
...model saved to 15_exp/models/FloydWarshallDataset_tropical_0.0001_20000_20260213_095520_relu_best.pth...20260213_101656
At epoch 1256, test loss = 19.4295
...model saved to 15_exp/models/FloydWarshallDataset_tropical_0.0001_20000_20260213_095520_relu_best.pth...20260213_101657
At epoch 1257, test loss = 19.3840
...model saved to 15_exp/models/FloydWarshallDataset_tropical_0.0001_20000_20260213_095520_relu_best.pth...20260213_101658
At epoch 1258, test loss = 19.3162
...model saved to 15_exp/models/FloydWarshallDataset_tropical_0.0001_20000_20260213_095520_relu_best.pth...20260213_101659
At epoch 1259, test loss = 19.2681
...model saved to 15_exp/models/FloydWarshallDataset_tropical_0.0001_20000_20260213_095520_relu_best.pth...20260213_101700
At epoch 1260, test loss = 19.1969
...model saved to 15_exp/models/FloydWarshallDataset_tropical_0.0001_20000_20260213_095520_relu_best.pth...20260213_101701
At epoch 1261, test loss = 19.1295
...model saved to 15_exp/models/FloydWarshallDataset_tropical_0.0001_20000_20260213_095520_relu_best.pth...20260213_101702
At epoch 1262, test loss = 19.0747
...model saved to 15_exp/models/FloydWarshallDataset_tropical_0.0001_20000_20260213_095520_relu_best.pth...20260213_101703
At epoch 1263, test loss = 19.0269
...model saved to 15_exp/models/FloydWarshallDataset_tropical_0.0001_20000_20260213_095520_relu_best.pth...20260213_101704
At epoch 1264, test loss = 18.9967
...model saved to 15_exp/models/FloydWarshallDataset_tropical_0.0001_20000_20260213_095520_relu_best.pth...20260213_101705
At epoch 1265, test loss = 18.9239
...model saved to 15_exp/models/FloydWarshallDataset_tropical_0.0001_20000_20260213_095520_relu_best.pth...20260213_101706
At epoch 1266, test loss = 18.8868
...model saved to 15_exp/models/FloydWarshallDataset_tropical_0.0001_20000_20260213_095520_relu_best.pth...20260213_101706
At epoch 1267, test loss = 18.8605
...model saved to 15_exp/models/FloydWarshallDataset_tropical_0.0001_20000_20260213_095520_relu_best.pth...20260213_101707
At epoch 1268, test loss = 18.7873
...model saved to 15_exp/models/FloydWarshallDataset_tropical_0.0001_20000_20260213_095520_relu_best.pth...20260213_101708
At epoch 1269, test loss = 18.7586
...model saved to 15_exp/models/FloydWarshallDataset_tropical_0.0001_20000_20260213_095520_relu_best.pth...20260213_101709
At epoch 1270, test loss = 18.7028
...model saved to 15_exp/models/FloydWarshallDataset_tropical_0.0001_20000_20260213_095520_relu_best.pth...20260213_101710
At epoch 1271, test loss = 18.6919
...model saved to 15_exp/models/FloydWarshallDataset_tropical_0.0001_20000_20260213_095520_relu_best.pth...20260213_101711
At epoch 1272, test loss = 18.6451
...model saved to 15_exp/models/FloydWarshallDataset_tropical_0.0001_20000_20260213_095520_relu_best.pth...20260213_101712
At epoch 1273, test loss = 18.6132
...model saved to 15_exp/models/FloydWarshallDataset_tropical_0.0001_20000_20260213_095520_relu_best.pth...20260213_101713
At epoch 1274, test loss = 18.5521
...model saved to 15_exp/models/FloydWarshallDataset_tropical_0.0001_20000_20260213_095520_relu_best.pth...20260213_101714
At epoch 1275, test loss = 18.5233
...model saved to 15_exp/models/FloydWarshallDataset_tropical_0.0001_20000_20260213_095520_relu_best.pth...20260213_101715
At epoch 1276, test loss = 18.5124
...model saved to 15_exp/models/FloydWarshallDataset_tropical_0.0001_20000_20260213_095520_relu_best.pth...20260213_101716
At epoch 1277, test loss = 18.4702
...model saved to 15_exp/models/FloydWarshallDataset_tropical_0.0001_20000_20260213_095520_relu_best.pth...20260213_101717
At epoch 1278, test loss = 18.4455
...model saved to 15_exp/models/FloydWarshallDataset_tropical_0.0001_20000_20260213_095520_relu_best.pth...20260213_101718
At epoch 1279, test loss = 18.3914
...model saved to 15_exp/models/FloydWarshallDataset_tropical_0.0001_20000_20260213_095520_relu_best.pth...20260213_101719
At epoch 1280, test loss = 18.3509
...model saved to 15_exp/models/FloydWarshallDataset_tropical_0.0001_20000_20260213_095520_relu_best.pth...20260213_101720
At epoch 1281, test loss = 18.3503
...model saved to 15_exp/models/FloydWarshallDataset_tropical_0.0001_20000_20260213_095520_relu_best.pth...20260213_101721
At epoch 1282, test loss = 18.2971
...model saved to 15_exp/models/FloydWarshallDataset_tropical_0.0001_20000_20260213_095520_relu_best.pth...20260213_101722
At epoch 1283, test loss = 18.2608
...model saved to 15_exp/models/FloydWarshallDataset_tropical_0.0001_20000_20260213_095520_relu_best.pth...20260213_101723
At epoch 1284, test loss = 18.2235
...model saved to 15_exp/models/FloydWarshallDataset_tropical_0.0001_20000_20260213_095520_relu_best.pth...20260213_101724
At epoch 1285, test loss = 18.2228
...model saved to 15_exp/models/FloydWarshallDataset_tropical_0.0001_20000_20260213_095520_relu_best.pth...20260213_101725
At epoch 1286, test loss = 18.2067
...model saved to 15_exp/models/FloydWarshallDataset_tropical_0.0001_20000_20260213_095520_relu_best.pth...20260213_101726
At epoch 1287, test loss = 18.1911
...model saved to 15_exp/models/FloydWarshallDataset_tropical_0.0001_20000_20260213_095520_relu_best.pth...20260213_101727
At epoch 1288, test loss = 18.1394
...model saved to 15_exp/models/FloydWarshallDataset_tropical_0.0001_20000_20260213_095520_relu_best.pth...20260213_101727
At epoch 1289, test loss = 18.1297
...model saved to 15_exp/models/FloydWarshallDataset_tropical_0.0001_20000_20260213_095520_relu_best.pth...20260213_101728
At epoch 1290, test loss = 18.1075
...model saved to 15_exp/models/FloydWarshallDataset_tropical_0.0001_20000_20260213_095520_relu_best.pth...20260213_101729
At epoch 1291, test loss = 18.0754
...model saved to 15_exp/models/FloydWarshallDataset_tropical_0.0001_20000_20260213_095520_relu_best.pth...20260213_101730
At epoch 1292, test loss = 18.0701
...model saved to 15_exp/models/FloydWarshallDataset_tropical_0.0001_20000_20260213_095520_relu_best.pth...20260213_101731
At epoch 1293, test loss = 18.0432
...model saved to 15_exp/models/FloydWarshallDataset_tropical_0.0001_20000_20260213_095520_relu_best.pth...20260213_101732
At epoch 1294, test loss = 18.0133
...model saved to 15_exp/models/FloydWarshallDataset_tropical_0.0001_20000_20260213_095520_relu_best.pth...20260213_101733
At epoch 1295, test loss = 17.9843
...model saved to 15_exp/models/FloydWarshallDataset_tropical_0.0001_20000_20260213_095520_relu_best.pth...20260213_101734
At epoch 1296, test loss = 17.9486
...model saved to 15_exp/models/FloydWarshallDataset_tropical_0.0001_20000_20260213_095520_relu_best.pth...20260213_101735
At epoch 1297, test loss = 17.9366
...model saved to 15_exp/models/FloydWarshallDataset_tropical_0.0001_20000_20260213_095520_relu_best.pth...20260213_101735
At epoch 1298, test loss = 17.9165
...model saved to 15_exp/models/FloydWarshallDataset_tropical_0.0001_20000_20260213_095520_relu_best.pth...20260213_101736
At epoch 1299, test loss = 17.8640
...model saved to 15_exp/models/FloydWarshallDataset_tropical_0.0001_20000_20260213_095520_relu_best.pth...20260213_101737
At epoch 1302, test loss = 17.8368
...model saved to 15_exp/models/FloydWarshallDataset_tropical_0.0001_20000_20260213_095520_relu_best.pth...20260213_101740
At epoch 1303, test loss = 17.8082
...model saved to 15_exp/models/FloydWarshallDataset_tropical_0.0001_20000_20260213_095520_relu_best.pth...20260213_101741
At epoch 1306, test loss = 17.7496
...model saved to 15_exp/models/FloydWarshallDataset_tropical_0.0001_20000_20260213_095520_relu_best.pth...20260213_101743
At epoch 1307, test loss = 17.7472
...model saved to 15_exp/models/FloydWarshallDataset_tropical_0.0001_20000_20260213_095520_relu_best.pth...20260213_101744
At epoch 1308, test loss = 17.7269
...model saved to 15_exp/models/FloydWarshallDataset_tropical_0.0001_20000_20260213_095520_relu_best.pth...20260213_101745
At epoch 1309, test loss = 17.6998
...model saved to 15_exp/models/FloydWarshallDataset_tropical_0.0001_20000_20260213_095520_relu_best.pth...20260213_101746
At epoch 1310, test loss = 17.6652
...model saved to 15_exp/models/FloydWarshallDataset_tropical_0.0001_20000_20260213_095520_relu_best.pth...20260213_101747
At epoch 1311, test loss = 17.6377
...model saved to 15_exp/models/FloydWarshallDataset_tropical_0.0001_20000_20260213_095520_relu_best.pth...20260213_101748
At epoch 1313, test loss = 17.6351
...model saved to 15_exp/models/FloydWarshallDataset_tropical_0.0001_20000_20260213_095520_relu_best.pth...20260213_101749
At epoch 1314, test loss = 17.6195
...model saved to 15_exp/models/FloydWarshallDataset_tropical_0.0001_20000_20260213_095520_relu_best.pth...20260213_101750
At epoch 1315, test loss = 17.5731
...model saved to 15_exp/models/FloydWarshallDataset_tropical_0.0001_20000_20260213_095520_relu_best.pth...20260213_101751
At epoch 1316, test loss = 17.5571
...model saved to 15_exp/models/FloydWarshallDataset_tropical_0.0001_20000_20260213_095520_relu_best.pth...20260213_101752
At epoch 1318, test loss = 17.5090
...model saved to 15_exp/models/FloydWarshallDataset_tropical_0.0001_20000_20260213_095520_relu_best.pth...20260213_101754
At epoch 1320, test loss = 17.4878
...model saved to 15_exp/models/FloydWarshallDataset_tropical_0.0001_20000_20260213_095520_relu_best.pth...20260213_101755
At epoch 1321, test loss = 17.4854
...model saved to 15_exp/models/FloydWarshallDataset_tropical_0.0001_20000_20260213_095520_relu_best.pth...20260213_101756
At epoch 1323, test loss = 17.4307
...model saved to 15_exp/models/FloydWarshallDataset_tropical_0.0001_20000_20260213_095520_relu_best.pth...20260213_101758
At epoch 1324, test loss = 17.4183
...model saved to 15_exp/models/FloydWarshallDataset_tropical_0.0001_20000_20260213_095520_relu_best.pth...20260213_101759
At epoch 1327, test loss = 17.3993
...model saved to 15_exp/models/FloydWarshallDataset_tropical_0.0001_20000_20260213_095520_relu_best.pth...20260213_101801
At epoch 1328, test loss = 17.3698
...model saved to 15_exp/models/FloydWarshallDataset_tropical_0.0001_20000_20260213_095520_relu_best.pth...20260213_101802
At epoch 1329, test loss = 17.3600
...model saved to 15_exp/models/FloydWarshallDataset_tropical_0.0001_20000_20260213_095520_relu_best.pth...20260213_101803
At epoch 1330, test loss = 17.3215
...model saved to 15_exp/models/FloydWarshallDataset_tropical_0.0001_20000_20260213_095520_relu_best.pth...20260213_101804
At epoch 1331, test loss = 17.3204
...model saved to 15_exp/models/FloydWarshallDataset_tropical_0.0001_20000_20260213_095520_relu_best.pth...20260213_101805
At epoch 1333, test loss = 17.2872
...model saved to 15_exp/models/FloydWarshallDataset_tropical_0.0001_20000_20260213_095520_relu_best.pth...20260213_101807
At epoch 1334, test loss = 17.2729
...model saved to 15_exp/models/FloydWarshallDataset_tropical_0.0001_20000_20260213_095520_relu_best.pth...20260213_101808
At epoch 1336, test loss = 17.2296
...model saved to 15_exp/models/FloydWarshallDataset_tropical_0.0001_20000_20260213_095520_relu_best.pth...20260213_101810
At epoch 1337, test loss = 17.1964
...model saved to 15_exp/models/FloydWarshallDataset_tropical_0.0001_20000_20260213_095520_relu_best.pth...20260213_101810
At epoch 1339, test loss = 17.1626
...model saved to 15_exp/models/FloydWarshallDataset_tropical_0.0001_20000_20260213_095520_relu_best.pth...20260213_101812
At epoch 1341, test loss = 17.1542
...model saved to 15_exp/models/FloydWarshallDataset_tropical_0.0001_20000_20260213_095520_relu_best.pth...20260213_101814
At epoch 1342, test loss = 17.1399
...model saved to 15_exp/models/FloydWarshallDataset_tropical_0.0001_20000_20260213_095520_relu_best.pth...20260213_101815
At epoch 1343, test loss = 17.1116
...model saved to 15_exp/models/FloydWarshallDataset_tropical_0.0001_20000_20260213_095520_relu_best.pth...20260213_101816
At epoch 1346, test loss = 17.0921
...model saved to 15_exp/models/FloydWarshallDataset_tropical_0.0001_20000_20260213_095520_relu_best.pth...20260213_101818
At epoch 1347, test loss = 17.0495
...model saved to 15_exp/models/FloydWarshallDataset_tropical_0.0001_20000_20260213_095520_relu_best.pth...20260213_101819
At epoch 1350, test loss = 17.0400
...model saved to 15_exp/models/FloydWarshallDataset_tropical_0.0001_20000_20260213_095520_relu_best.pth...20260213_101822
At epoch 1351, test loss = 17.0327
...model saved to 15_exp/models/FloydWarshallDataset_tropical_0.0001_20000_20260213_095520_relu_best.pth...20260213_101823
At epoch 1352, test loss = 16.9881
...model saved to 15_exp/models/FloydWarshallDataset_tropical_0.0001_20000_20260213_095520_relu_best.pth...20260213_101824
At epoch 1353, test loss = 16.9879
...model saved to 15_exp/models/FloydWarshallDataset_tropical_0.0001_20000_20260213_095520_relu_best.pth...20260213_101825
At epoch 1354, test loss = 16.9718
...model saved to 15_exp/models/FloydWarshallDataset_tropical_0.0001_20000_20260213_095520_relu_best.pth...20260213_101826
At epoch 1355, test loss = 16.9370
...model saved to 15_exp/models/FloydWarshallDataset_tropical_0.0001_20000_20260213_095520_relu_best.pth...20260213_101827
At epoch 1356, test loss = 16.9292
...model saved to 15_exp/models/FloydWarshallDataset_tropical_0.0001_20000_20260213_095520_relu_best.pth...20260213_101828
At epoch 1357, test loss = 16.9182
...model saved to 15_exp/models/FloydWarshallDataset_tropical_0.0001_20000_20260213_095520_relu_best.pth...20260213_101829
At epoch 1358, test loss = 16.8905
...model saved to 15_exp/models/FloydWarshallDataset_tropical_0.0001_20000_20260213_095520_relu_best.pth...20260213_101830
At epoch 1360, test loss = 16.8784
...model saved to 15_exp/models/FloydWarshallDataset_tropical_0.0001_20000_20260213_095520_relu_best.pth...20260213_101832
At epoch 1361, test loss = 16.8537
...model saved to 15_exp/models/FloydWarshallDataset_tropical_0.0001_20000_20260213_095520_relu_best.pth...20260213_101833
At epoch 1362, test loss = 16.8438
...model saved to 15_exp/models/FloydWarshallDataset_tropical_0.0001_20000_20260213_095520_relu_best.pth...20260213_101834
At epoch 1363, test loss = 16.8161
...model saved to 15_exp/models/FloydWarshallDataset_tropical_0.0001_20000_20260213_095520_relu_best.pth...20260213_101835
At epoch 1365, test loss = 16.8038
...model saved to 15_exp/models/FloydWarshallDataset_tropical_0.0001_20000_20260213_095520_relu_best.pth...20260213_101836
At epoch 1367, test loss = 16.7639
...model saved to 15_exp/models/FloydWarshallDataset_tropical_0.0001_20000_20260213_095520_relu_best.pth...20260213_101838
At epoch 1369, test loss = 16.7393
...model saved to 15_exp/models/FloydWarshallDataset_tropical_0.0001_20000_20260213_095520_relu_best.pth...20260213_101840
At epoch 1370, test loss = 16.7174
...model saved to 15_exp/models/FloydWarshallDataset_tropical_0.0001_20000_20260213_095520_relu_best.pth...20260213_101841
At epoch 1371, test loss = 16.7069
...model saved to 15_exp/models/FloydWarshallDataset_tropical_0.0001_20000_20260213_095520_relu_best.pth...20260213_101842
At epoch 1372, test loss = 16.6869
...model saved to 15_exp/models/FloydWarshallDataset_tropical_0.0001_20000_20260213_095520_relu_best.pth...20260213_101843
At epoch 1374, test loss = 16.6662
...model saved to 15_exp/models/FloydWarshallDataset_tropical_0.0001_20000_20260213_095520_relu_best.pth...20260213_101845
At epoch 1375, test loss = 16.6375
...model saved to 15_exp/models/FloydWarshallDataset_tropical_0.0001_20000_20260213_095520_relu_best.pth...20260213_101846
At epoch 1377, test loss = 16.5932
...model saved to 15_exp/models/FloydWarshallDataset_tropical_0.0001_20000_20260213_095520_relu_best.pth...20260213_101848
At epoch 1378, test loss = 16.5924
...model saved to 15_exp/models/FloydWarshallDataset_tropical_0.0001_20000_20260213_095520_relu_best.pth...20260213_101849
At epoch 1380, test loss = 16.5656
...model saved to 15_exp/models/FloydWarshallDataset_tropical_0.0001_20000_20260213_095520_relu_best.pth...20260213_101851
At epoch 1381, test loss = 16.5327
...model saved to 15_exp/models/FloydWarshallDataset_tropical_0.0001_20000_20260213_095520_relu_best.pth...20260213_101852
At epoch 1383, test loss = 16.5172
...model saved to 15_exp/models/FloydWarshallDataset_tropical_0.0001_20000_20260213_095520_relu_best.pth...20260213_101853
At epoch 1384, test loss = 16.4850
...model saved to 15_exp/models/FloydWarshallDataset_tropical_0.0001_20000_20260213_095520_relu_best.pth...20260213_101854
At epoch 1386, test loss = 16.4610
...model saved to 15_exp/models/FloydWarshallDataset_tropical_0.0001_20000_20260213_095520_relu_best.pth...20260213_101856
At epoch 1387, test loss = 16.4128
...model saved to 15_exp/models/FloydWarshallDataset_tropical_0.0001_20000_20260213_095520_relu_best.pth...20260213_101857
At epoch 1390, test loss = 16.3756
...model saved to 15_exp/models/FloydWarshallDataset_tropical_0.0001_20000_20260213_095520_relu_best.pth...20260213_101859
At epoch 1391, test loss = 16.3642
...model saved to 15_exp/models/FloydWarshallDataset_tropical_0.0001_20000_20260213_095520_relu_best.pth...20260213_101900
At epoch 1392, test loss = 16.3290
...model saved to 15_exp/models/FloydWarshallDataset_tropical_0.0001_20000_20260213_095520_relu_best.pth...20260213_101901
At epoch 1393, test loss = 16.3174
...model saved to 15_exp/models/FloydWarshallDataset_tropical_0.0001_20000_20260213_095520_relu_best.pth...20260213_101902
At epoch 1394, test loss = 16.2707
...model saved to 15_exp/models/FloydWarshallDataset_tropical_0.0001_20000_20260213_095520_relu_best.pth...20260213_101903
At epoch 1397, test loss = 16.2452
...model saved to 15_exp/models/FloydWarshallDataset_tropical_0.0001_20000_20260213_095520_relu_best.pth...20260213_101906
At epoch 1398, test loss = 16.2020
...model saved to 15_exp/models/FloydWarshallDataset_tropical_0.0001_20000_20260213_095520_relu_best.pth...20260213_101907
At epoch 1399, test loss = 16.1676
...model saved to 15_exp/models/FloydWarshallDataset_tropical_0.0001_20000_20260213_095520_relu_best.pth...20260213_101908
At epoch 1400, test loss = 16.1559
...model saved to 15_exp/models/FloydWarshallDataset_tropical_0.0001_20000_20260213_095520_relu_best.pth...20260213_101909
At epoch 1401, test loss = 16.1170
...model saved to 15_exp/models/FloydWarshallDataset_tropical_0.0001_20000_20260213_095520_relu_best.pth...20260213_101910
At epoch 1402, test loss = 16.1099
...model saved to 15_exp/models/FloydWarshallDataset_tropical_0.0001_20000_20260213_095520_relu_best.pth...20260213_101911
At epoch 1403, test loss = 16.0606
...model saved to 15_exp/models/FloydWarshallDataset_tropical_0.0001_20000_20260213_095520_relu_best.pth...20260213_101912
At epoch 1404, test loss = 16.0304
...model saved to 15_exp/models/FloydWarshallDataset_tropical_0.0001_20000_20260213_095520_relu_best.pth...20260213_101913
At epoch 1405, test loss = 16.0178
...model saved to 15_exp/models/FloydWarshallDataset_tropical_0.0001_20000_20260213_095520_relu_best.pth...20260213_101914
At epoch 1406, test loss = 15.9868
...model saved to 15_exp/models/FloydWarshallDataset_tropical_0.0001_20000_20260213_095520_relu_best.pth...20260213_101915
At epoch 1407, test loss = 15.9640
...model saved to 15_exp/models/FloydWarshallDataset_tropical_0.0001_20000_20260213_095520_relu_best.pth...20260213_101916
At epoch 1409, test loss = 15.8730
...model saved to 15_exp/models/FloydWarshallDataset_tropical_0.0001_20000_20260213_095520_relu_best.pth...20260213_101918
At epoch 1410, test loss = 15.8535
...model saved to 15_exp/models/FloydWarshallDataset_tropical_0.0001_20000_20260213_095520_relu_best.pth...20260213_101919
At epoch 1411, test loss = 15.8450
...model saved to 15_exp/models/FloydWarshallDataset_tropical_0.0001_20000_20260213_095520_relu_best.pth...20260213_101919
At epoch 1412, test loss = 15.8004
...model saved to 15_exp/models/FloydWarshallDataset_tropical_0.0001_20000_20260213_095520_relu_best.pth...20260213_101921
At epoch 1414, test loss = 15.7393
...model saved to 15_exp/models/FloydWarshallDataset_tropical_0.0001_20000_20260213_095520_relu_best.pth...20260213_101922
At epoch 1416, test loss = 15.6589
...model saved to 15_exp/models/FloydWarshallDataset_tropical_0.0001_20000_20260213_095520_relu_best.pth...20260213_101924
At epoch 1417, test loss = 15.6305
...model saved to 15_exp/models/FloydWarshallDataset_tropical_0.0001_20000_20260213_095520_relu_best.pth...20260213_101925
At epoch 1418, test loss = 15.5661
...model saved to 15_exp/models/FloydWarshallDataset_tropical_0.0001_20000_20260213_095520_relu_best.pth...20260213_101926
At epoch 1419, test loss = 15.5067
...model saved to 15_exp/models/FloydWarshallDataset_tropical_0.0001_20000_20260213_095520_relu_best.pth...20260213_101927
At epoch 1420, test loss = 15.4825
...model saved to 15_exp/models/FloydWarshallDataset_tropical_0.0001_20000_20260213_095520_relu_best.pth...20260213_101928
At epoch 1421, test loss = 15.4390
...model saved to 15_exp/models/FloydWarshallDataset_tropical_0.0001_20000_20260213_095520_relu_best.pth...20260213_101929
At epoch 1422, test loss = 15.4113
...model saved to 15_exp/models/FloydWarshallDataset_tropical_0.0001_20000_20260213_095520_relu_best.pth...20260213_101930
At epoch 1423, test loss = 15.3526
...model saved to 15_exp/models/FloydWarshallDataset_tropical_0.0001_20000_20260213_095520_relu_best.pth...20260213_101931
At epoch 1424, test loss = 15.3189
...model saved to 15_exp/models/FloydWarshallDataset_tropical_0.0001_20000_20260213_095520_relu_best.pth...20260213_101932
At epoch 1425, test loss = 15.2718
...model saved to 15_exp/models/FloydWarshallDataset_tropical_0.0001_20000_20260213_095520_relu_best.pth...20260213_101933
At epoch 1426, test loss = 15.2013
...model saved to 15_exp/models/FloydWarshallDataset_tropical_0.0001_20000_20260213_095520_relu_best.pth...20260213_101934
At epoch 1427, test loss = 15.1431
...model saved to 15_exp/models/FloydWarshallDataset_tropical_0.0001_20000_20260213_095520_relu_best.pth...20260213_101935
At epoch 1428, test loss = 15.1119
...model saved to 15_exp/models/FloydWarshallDataset_tropical_0.0001_20000_20260213_095520_relu_best.pth...20260213_101936
At epoch 1429, test loss = 15.0419
...model saved to 15_exp/models/FloydWarshallDataset_tropical_0.0001_20000_20260213_095520_relu_best.pth...20260213_101937
At epoch 1430, test loss = 14.9825
...model saved to 15_exp/models/FloydWarshallDataset_tropical_0.0001_20000_20260213_095520_relu_best.pth...20260213_101938
At epoch 1432, test loss = 14.9271
...model saved to 15_exp/models/FloydWarshallDataset_tropical_0.0001_20000_20260213_095520_relu_best.pth...20260213_101940
At epoch 1433, test loss = 14.9086
...model saved to 15_exp/models/FloydWarshallDataset_tropical_0.0001_20000_20260213_095520_relu_best.pth...20260213_101941
At epoch 1434, test loss = 14.8046
...model saved to 15_exp/models/FloydWarshallDataset_tropical_0.0001_20000_20260213_095520_relu_best.pth...20260213_101942
At epoch 1436, test loss = 14.7579
...model saved to 15_exp/models/FloydWarshallDataset_tropical_0.0001_20000_20260213_095520_relu_best.pth...20260213_101943
At epoch 1437, test loss = 14.6548
...model saved to 15_exp/models/FloydWarshallDataset_tropical_0.0001_20000_20260213_095520_relu_best.pth...20260213_101944
At epoch 1438, test loss = 14.6406
...model saved to 15_exp/models/FloydWarshallDataset_tropical_0.0001_20000_20260213_095520_relu_best.pth...20260213_101945
At epoch 1439, test loss = 14.6105
...model saved to 15_exp/models/FloydWarshallDataset_tropical_0.0001_20000_20260213_095520_relu_best.pth...20260213_101946
At epoch 1440, test loss = 14.5592
...model saved to 15_exp/models/FloydWarshallDataset_tropical_0.0001_20000_20260213_095520_relu_best.pth...20260213_101947
At epoch 1441, test loss = 14.5268
...model saved to 15_exp/models/FloydWarshallDataset_tropical_0.0001_20000_20260213_095520_relu_best.pth...20260213_101948
At epoch 1442, test loss = 14.4941
...model saved to 15_exp/models/FloydWarshallDataset_tropical_0.0001_20000_20260213_095520_relu_best.pth...20260213_101949
At epoch 1443, test loss = 14.4682
...model saved to 15_exp/models/FloydWarshallDataset_tropical_0.0001_20000_20260213_095520_relu_best.pth...20260213_101950
At epoch 1444, test loss = 14.4173
...model saved to 15_exp/models/FloydWarshallDataset_tropical_0.0001_20000_20260213_095520_relu_best.pth...20260213_101951
At epoch 1445, test loss = 14.3953
...model saved to 15_exp/models/FloydWarshallDataset_tropical_0.0001_20000_20260213_095520_relu_best.pth...20260213_101952
At epoch 1446, test loss = 14.3344
...model saved to 15_exp/models/FloydWarshallDataset_tropical_0.0001_20000_20260213_095520_relu_best.pth...20260213_101954
At epoch 1448, test loss = 14.3096
...model saved to 15_exp/models/FloydWarshallDataset_tropical_0.0001_20000_20260213_095520_relu_best.pth...20260213_101955
At epoch 1449, test loss = 14.2872
...model saved to 15_exp/models/FloydWarshallDataset_tropical_0.0001_20000_20260213_095520_relu_best.pth...20260213_101957
At epoch 1450, test loss = 14.2593
...model saved to 15_exp/models/FloydWarshallDataset_tropical_0.0001_20000_20260213_095520_relu_best.pth...20260213_101958
At epoch 1451, test loss = 14.2243
...model saved to 15_exp/models/FloydWarshallDataset_tropical_0.0001_20000_20260213_095520_relu_best.pth...20260213_101959
At epoch 1452, test loss = 14.2073
...model saved to 15_exp/models/FloydWarshallDataset_tropical_0.0001_20000_20260213_095520_relu_best.pth...20260213_102001
At epoch 1454, test loss = 14.1697
...model saved to 15_exp/models/FloydWarshallDataset_tropical_0.0001_20000_20260213_095520_relu_best.pth...20260213_102003
At epoch 1455, test loss = 14.1548
...model saved to 15_exp/models/FloydWarshallDataset_tropical_0.0001_20000_20260213_095520_relu_best.pth...20260213_102004
At epoch 1456, test loss = 14.1180
...model saved to 15_exp/models/FloydWarshallDataset_tropical_0.0001_20000_20260213_095520_relu_best.pth...20260213_102006
At epoch 1457, test loss = 14.0852
...model saved to 15_exp/models/FloydWarshallDataset_tropical_0.0001_20000_20260213_095520_relu_best.pth...20260213_102006
At epoch 1458, test loss = 14.0719
...model saved to 15_exp/models/FloydWarshallDataset_tropical_0.0001_20000_20260213_095520_relu_best.pth...20260213_102007
At epoch 1460, test loss = 14.0318
...model saved to 15_exp/models/FloydWarshallDataset_tropical_0.0001_20000_20260213_095520_relu_best.pth...20260213_102009
At epoch 1461, test loss = 14.0097
...model saved to 15_exp/models/FloydWarshallDataset_tropical_0.0001_20000_20260213_095520_relu_best.pth...20260213_102010
At epoch 1462, test loss = 13.9873
...model saved to 15_exp/models/FloydWarshallDataset_tropical_0.0001_20000_20260213_095520_relu_best.pth...20260213_102011
At epoch 1464, test loss = 13.9810
...model saved to 15_exp/models/FloydWarshallDataset_tropical_0.0001_20000_20260213_095520_relu_best.pth...20260213_102013
At epoch 1465, test loss = 13.9473
...model saved to 15_exp/models/FloydWarshallDataset_tropical_0.0001_20000_20260213_095520_relu_best.pth...20260213_102014
At epoch 1466, test loss = 13.9428
...model saved to 15_exp/models/FloydWarshallDataset_tropical_0.0001_20000_20260213_095520_relu_best.pth...20260213_102015
At epoch 1467, test loss = 13.8881
...model saved to 15_exp/models/FloydWarshallDataset_tropical_0.0001_20000_20260213_095520_relu_best.pth...20260213_102016
At epoch 1469, test loss = 13.8482
...model saved to 15_exp/models/FloydWarshallDataset_tropical_0.0001_20000_20260213_095520_relu_best.pth...20260213_102018
At epoch 1470, test loss = 13.8455
...model saved to 15_exp/models/FloydWarshallDataset_tropical_0.0001_20000_20260213_095520_relu_best.pth...20260213_102019
At epoch 1471, test loss = 13.8212
...model saved to 15_exp/models/FloydWarshallDataset_tropical_0.0001_20000_20260213_095520_relu_best.pth...20260213_102019
At epoch 1473, test loss = 13.7623
...model saved to 15_exp/models/FloydWarshallDataset_tropical_0.0001_20000_20260213_095520_relu_best.pth...20260213_102021
At epoch 1475, test loss = 13.7400
...model saved to 15_exp/models/FloydWarshallDataset_tropical_0.0001_20000_20260213_095520_relu_best.pth...20260213_102023
At epoch 1476, test loss = 13.7221
...model saved to 15_exp/models/FloydWarshallDataset_tropical_0.0001_20000_20260213_095520_relu_best.pth...20260213_102024
At epoch 1477, test loss = 13.7118
...model saved to 15_exp/models/FloydWarshallDataset_tropical_0.0001_20000_20260213_095520_relu_best.pth...20260213_102025
At epoch 1478, test loss = 13.7028
...model saved to 15_exp/models/FloydWarshallDataset_tropical_0.0001_20000_20260213_095520_relu_best.pth...20260213_102026
At epoch 1479, test loss = 13.6612
...model saved to 15_exp/models/FloydWarshallDataset_tropical_0.0001_20000_20260213_095520_relu_best.pth...20260213_102027
At epoch 1481, test loss = 13.6187
...model saved to 15_exp/models/FloydWarshallDataset_tropical_0.0001_20000_20260213_095520_relu_best.pth...20260213_102028
At epoch 1483, test loss = 13.5791
...model saved to 15_exp/models/FloydWarshallDataset_tropical_0.0001_20000_20260213_095520_relu_best.pth...20260213_102030
At epoch 1484, test loss = 13.5474
...model saved to 15_exp/models/FloydWarshallDataset_tropical_0.0001_20000_20260213_095520_relu_best.pth...20260213_102031
At epoch 1485, test loss = 13.5443
...model saved to 15_exp/models/FloydWarshallDataset_tropical_0.0001_20000_20260213_095520_relu_best.pth...20260213_102032
At epoch 1486, test loss = 13.5112
...model saved to 15_exp/models/FloydWarshallDataset_tropical_0.0001_20000_20260213_095520_relu_best.pth...20260213_102033
At epoch 1487, test loss = 13.4985
...model saved to 15_exp/models/FloydWarshallDataset_tropical_0.0001_20000_20260213_095520_relu_best.pth...20260213_102033
At epoch 1488, test loss = 13.4916
...model saved to 15_exp/models/FloydWarshallDataset_tropical_0.0001_20000_20260213_095520_relu_best.pth...20260213_102034
At epoch 1489, test loss = 13.4655
...model saved to 15_exp/models/FloydWarshallDataset_tropical_0.0001_20000_20260213_095520_relu_best.pth...20260213_102035
At epoch 1491, test loss = 13.4199
...model saved to 15_exp/models/FloydWarshallDataset_tropical_0.0001_20000_20260213_095520_relu_best.pth...20260213_102036
At epoch 1492, test loss = 13.4071
...model saved to 15_exp/models/FloydWarshallDataset_tropical_0.0001_20000_20260213_095520_relu_best.pth...20260213_102037
At epoch 1493, test loss = 13.3981
...model saved to 15_exp/models/FloydWarshallDataset_tropical_0.0001_20000_20260213_095520_relu_best.pth...20260213_102038
At epoch 1494, test loss = 13.3410
...model saved to 15_exp/models/FloydWarshallDataset_tropical_0.0001_20000_20260213_095520_relu_best.pth...20260213_102039
At epoch 1495, test loss = 13.3386
...model saved to 15_exp/models/FloydWarshallDataset_tropical_0.0001_20000_20260213_095520_relu_best.pth...20260213_102040
At epoch 1496, test loss = 13.2955
...model saved to 15_exp/models/FloydWarshallDataset_tropical_0.0001_20000_20260213_095520_relu_best.pth...20260213_102041
At epoch 1497, test loss = 13.2731
...model saved to 15_exp/models/FloydWarshallDataset_tropical_0.0001_20000_20260213_095520_relu_best.pth...20260213_102042
At epoch 1498, test loss = 13.2360
...model saved to 15_exp/models/FloydWarshallDataset_tropical_0.0001_20000_20260213_095520_relu_best.pth...20260213_102043
At epoch 1499, test loss = 13.2234
...model saved to 15_exp/models/FloydWarshallDataset_tropical_0.0001_20000_20260213_095520_relu_best.pth...20260213_102044
At epoch 1500, test loss = 13.1962
...model saved to 15_exp/models/FloydWarshallDataset_tropical_0.0001_20000_20260213_095520_relu_best.pth...20260213_102044
At epoch 1501, test loss = 13.1702
...model saved to 15_exp/models/FloydWarshallDataset_tropical_0.0001_20000_20260213_095520_relu_best.pth...20260213_102045
At epoch 1502, test loss = 13.1555
...model saved to 15_exp/models/FloydWarshallDataset_tropical_0.0001_20000_20260213_095520_relu_best.pth...20260213_102046
At epoch 1503, test loss = 13.0981
...model saved to 15_exp/models/FloydWarshallDataset_tropical_0.0001_20000_20260213_095520_relu_best.pth...20260213_102047
At epoch 1504, test loss = 13.0670
...model saved to 15_exp/models/FloydWarshallDataset_tropical_0.0001_20000_20260213_095520_relu_best.pth...20260213_102048
At epoch 1505, test loss = 13.0538
...model saved to 15_exp/models/FloydWarshallDataset_tropical_0.0001_20000_20260213_095520_relu_best.pth...20260213_102049
At epoch 1507, test loss = 13.0444
...model saved to 15_exp/models/FloydWarshallDataset_tropical_0.0001_20000_20260213_095520_relu_best.pth...20260213_102050
At epoch 1508, test loss = 12.9239
...model saved to 15_exp/models/FloydWarshallDataset_tropical_0.0001_20000_20260213_095520_relu_best.pth...20260213_102051
At epoch 1509, test loss = 12.9144
...model saved to 15_exp/models/FloydWarshallDataset_tropical_0.0001_20000_20260213_095520_relu_best.pth...20260213_102052
At epoch 1510, test loss = 12.8664
...model saved to 15_exp/models/FloydWarshallDataset_tropical_0.0001_20000_20260213_095520_relu_best.pth...20260213_102053
At epoch 1511, test loss = 12.8276
...model saved to 15_exp/models/FloydWarshallDataset_tropical_0.0001_20000_20260213_095520_relu_best.pth...20260213_102053
At epoch 1512, test loss = 12.8217
...model saved to 15_exp/models/FloydWarshallDataset_tropical_0.0001_20000_20260213_095520_relu_best.pth...20260213_102054
At epoch 1513, test loss = 12.7579
...model saved to 15_exp/models/FloydWarshallDataset_tropical_0.0001_20000_20260213_095520_relu_best.pth...20260213_102055
At epoch 1514, test loss = 12.7228
...model saved to 15_exp/models/FloydWarshallDataset_tropical_0.0001_20000_20260213_095520_relu_best.pth...20260213_102056
At epoch 1516, test loss = 12.6344
...model saved to 15_exp/models/FloydWarshallDataset_tropical_0.0001_20000_20260213_095520_relu_best.pth...20260213_102057
At epoch 1517, test loss = 12.6011
...model saved to 15_exp/models/FloydWarshallDataset_tropical_0.0001_20000_20260213_095520_relu_best.pth...20260213_102058
At epoch 1518, test loss = 12.5480
...model saved to 15_exp/models/FloydWarshallDataset_tropical_0.0001_20000_20260213_095520_relu_best.pth...20260213_102059
At epoch 1519, test loss = 12.4844
...model saved to 15_exp/models/FloydWarshallDataset_tropical_0.0001_20000_20260213_095520_relu_best.pth...20260213_102100
At epoch 1520, test loss = 12.4524
...model saved to 15_exp/models/FloydWarshallDataset_tropical_0.0001_20000_20260213_095520_relu_best.pth...20260213_102101
At epoch 1521, test loss = 12.4230
...model saved to 15_exp/models/FloydWarshallDataset_tropical_0.0001_20000_20260213_095520_relu_best.pth...20260213_102102
At epoch 1522, test loss = 12.3868
...model saved to 15_exp/models/FloydWarshallDataset_tropical_0.0001_20000_20260213_095520_relu_best.pth...20260213_102103
At epoch 1523, test loss = 12.2996
...model saved to 15_exp/models/FloydWarshallDataset_tropical_0.0001_20000_20260213_095520_relu_best.pth...20260213_102104
At epoch 1524, test loss = 12.2449
...model saved to 15_exp/models/FloydWarshallDataset_tropical_0.0001_20000_20260213_095520_relu_best.pth...20260213_102105
At epoch 1525, test loss = 12.1665
...model saved to 15_exp/models/FloydWarshallDataset_tropical_0.0001_20000_20260213_095520_relu_best.pth...20260213_102106
At epoch 1526, test loss = 12.1407
...model saved to 15_exp/models/FloydWarshallDataset_tropical_0.0001_20000_20260213_095520_relu_best.pth...20260213_102107
At epoch 1527, test loss = 12.1098
...model saved to 15_exp/models/FloydWarshallDataset_tropical_0.0001_20000_20260213_095520_relu_best.pth...20260213_102108
At epoch 1528, test loss = 12.0444
...model saved to 15_exp/models/FloydWarshallDataset_tropical_0.0001_20000_20260213_095520_relu_best.pth...20260213_102109
At epoch 1529, test loss = 11.9958
...model saved to 15_exp/models/FloydWarshallDataset_tropical_0.0001_20000_20260213_095520_relu_best.pth...20260213_102110
At epoch 1530, test loss = 11.9344
...model saved to 15_exp/models/FloydWarshallDataset_tropical_0.0001_20000_20260213_095520_relu_best.pth...20260213_102111
At epoch 1531, test loss = 11.8872
...model saved to 15_exp/models/FloydWarshallDataset_tropical_0.0001_20000_20260213_095520_relu_best.pth...20260213_102112
At epoch 1532, test loss = 11.8399
...model saved to 15_exp/models/FloydWarshallDataset_tropical_0.0001_20000_20260213_095520_relu_best.pth...20260213_102112
At epoch 1533, test loss = 11.8019
...model saved to 15_exp/models/FloydWarshallDataset_tropical_0.0001_20000_20260213_095520_relu_best.pth...20260213_102113
At epoch 1534, test loss = 11.7577
...model saved to 15_exp/models/FloydWarshallDataset_tropical_0.0001_20000_20260213_095520_relu_best.pth...20260213_102114
At epoch 1535, test loss = 11.7451
...model saved to 15_exp/models/FloydWarshallDataset_tropical_0.0001_20000_20260213_095520_relu_best.pth...20260213_102115
At epoch 1536, test loss = 11.6809
...model saved to 15_exp/models/FloydWarshallDataset_tropical_0.0001_20000_20260213_095520_relu_best.pth...20260213_102116
At epoch 1537, test loss = 11.6220
...model saved to 15_exp/models/FloydWarshallDataset_tropical_0.0001_20000_20260213_095520_relu_best.pth...20260213_102117
At epoch 1538, test loss = 11.6161
...model saved to 15_exp/models/FloydWarshallDataset_tropical_0.0001_20000_20260213_095520_relu_best.pth...20260213_102117
At epoch 1539, test loss = 11.5940
...model saved to 15_exp/models/FloydWarshallDataset_tropical_0.0001_20000_20260213_095520_relu_best.pth...20260213_102118
At epoch 1540, test loss = 11.5507
...model saved to 15_exp/models/FloydWarshallDataset_tropical_0.0001_20000_20260213_095520_relu_best.pth...20260213_102119
At epoch 1541, test loss = 11.4803
...model saved to 15_exp/models/FloydWarshallDataset_tropical_0.0001_20000_20260213_095520_relu_best.pth...20260213_102120
At epoch 1543, test loss = 11.4425
...model saved to 15_exp/models/FloydWarshallDataset_tropical_0.0001_20000_20260213_095520_relu_best.pth...20260213_102122
At epoch 1544, test loss = 11.4322
...model saved to 15_exp/models/FloydWarshallDataset_tropical_0.0001_20000_20260213_095520_relu_best.pth...20260213_102123
At epoch 1546, test loss = 11.4140
...model saved to 15_exp/models/FloydWarshallDataset_tropical_0.0001_20000_20260213_095520_relu_best.pth...20260213_102125
At epoch 1547, test loss = 11.3701
...model saved to 15_exp/models/FloydWarshallDataset_tropical_0.0001_20000_20260213_095520_relu_best.pth...20260213_102126
At epoch 1548, test loss = 11.3590
...model saved to 15_exp/models/FloydWarshallDataset_tropical_0.0001_20000_20260213_095520_relu_best.pth...20260213_102127
At epoch 1549, test loss = 11.3322
...model saved to 15_exp/models/FloydWarshallDataset_tropical_0.0001_20000_20260213_095520_relu_best.pth...20260213_102128
At epoch 1550, test loss = 11.2946
...model saved to 15_exp/models/FloydWarshallDataset_tropical_0.0001_20000_20260213_095520_relu_best.pth...20260213_102129
At epoch 1551, test loss = 11.2790
...model saved to 15_exp/models/FloydWarshallDataset_tropical_0.0001_20000_20260213_095520_relu_best.pth...20260213_102130
At epoch 1552, test loss = 11.2419
...model saved to 15_exp/models/FloydWarshallDataset_tropical_0.0001_20000_20260213_095520_relu_best.pth...20260213_102131
At epoch 1555, test loss = 11.2238
...model saved to 15_exp/models/FloydWarshallDataset_tropical_0.0001_20000_20260213_095520_relu_best.pth...20260213_102133
At epoch 1557, test loss = 11.2179
...model saved to 15_exp/models/FloydWarshallDataset_tropical_0.0001_20000_20260213_095520_relu_best.pth...20260213_102135
At epoch 1558, test loss = 11.1828
...model saved to 15_exp/models/FloydWarshallDataset_tropical_0.0001_20000_20260213_095520_relu_best.pth...20260213_102136
At epoch 1559, test loss = 11.1683
...model saved to 15_exp/models/FloydWarshallDataset_tropical_0.0001_20000_20260213_095520_relu_best.pth...20260213_102137
At epoch 1562, test loss = 11.0903
...model saved to 15_exp/models/FloydWarshallDataset_tropical_0.0001_20000_20260213_095520_relu_best.pth...20260213_102139
At epoch 1565, test loss = 11.0768
...model saved to 15_exp/models/FloydWarshallDataset_tropical_0.0001_20000_20260213_095520_relu_best.pth...20260213_102142
At epoch 1566, test loss = 11.0744
...model saved to 15_exp/models/FloydWarshallDataset_tropical_0.0001_20000_20260213_095520_relu_best.pth...20260213_102143
At epoch 1567, test loss = 11.0727
...model saved to 15_exp/models/FloydWarshallDataset_tropical_0.0001_20000_20260213_095520_relu_best.pth...20260213_102144
At epoch 1568, test loss = 11.0577
...model saved to 15_exp/models/FloydWarshallDataset_tropical_0.0001_20000_20260213_095520_relu_best.pth...20260213_102145
At epoch 1569, test loss = 11.0480
...model saved to 15_exp/models/FloydWarshallDataset_tropical_0.0001_20000_20260213_095520_relu_best.pth...20260213_102146
At epoch 1570, test loss = 11.0414
...model saved to 15_exp/models/FloydWarshallDataset_tropical_0.0001_20000_20260213_095520_relu_best.pth...20260213_102147
At epoch 1572, test loss = 11.0150
...model saved to 15_exp/models/FloydWarshallDataset_tropical_0.0001_20000_20260213_095520_relu_best.pth...20260213_102149
At epoch 1573, test loss = 10.9995
...model saved to 15_exp/models/FloydWarshallDataset_tropical_0.0001_20000_20260213_095520_relu_best.pth...20260213_102150
At epoch 1574, test loss = 10.9968
...model saved to 15_exp/models/FloydWarshallDataset_tropical_0.0001_20000_20260213_095520_relu_best.pth...20260213_102151
At epoch 1575, test loss = 10.9768
...model saved to 15_exp/models/FloydWarshallDataset_tropical_0.0001_20000_20260213_095520_relu_best.pth...20260213_102152
At epoch 1576, test loss = 10.9321
...model saved to 15_exp/models/FloydWarshallDataset_tropical_0.0001_20000_20260213_095520_relu_best.pth...20260213_102153
At epoch 1578, test loss = 10.9133
...model saved to 15_exp/models/FloydWarshallDataset_tropical_0.0001_20000_20260213_095520_relu_best.pth...20260213_102155
At epoch 1580, test loss = 10.9077
...model saved to 15_exp/models/FloydWarshallDataset_tropical_0.0001_20000_20260213_095520_relu_best.pth...20260213_102157
At epoch 1581, test loss = 10.9040
...model saved to 15_exp/models/FloydWarshallDataset_tropical_0.0001_20000_20260213_095520_relu_best.pth...20260213_102158
At epoch 1582, test loss = 10.8918
...model saved to 15_exp/models/FloydWarshallDataset_tropical_0.0001_20000_20260213_095520_relu_best.pth...20260213_102159
At epoch 1583, test loss = 10.8733
...model saved to 15_exp/models/FloydWarshallDataset_tropical_0.0001_20000_20260213_095520_relu_best.pth...20260213_102200
At epoch 1585, test loss = 10.8637
...model saved to 15_exp/models/FloydWarshallDataset_tropical_0.0001_20000_20260213_095520_relu_best.pth...20260213_102202
At epoch 1587, test loss = 10.8171
...model saved to 15_exp/models/FloydWarshallDataset_tropical_0.0001_20000_20260213_095520_relu_best.pth...20260213_102204
At epoch 1590, test loss = 10.8151
...model saved to 15_exp/models/FloydWarshallDataset_tropical_0.0001_20000_20260213_095520_relu_best.pth...20260213_102206
At epoch 1591, test loss = 10.8081
...model saved to 15_exp/models/FloydWarshallDataset_tropical_0.0001_20000_20260213_095520_relu_best.pth...20260213_102208
At epoch 1592, test loss = 10.8007
...model saved to 15_exp/models/FloydWarshallDataset_tropical_0.0001_20000_20260213_095520_relu_best.pth...20260213_102209
At epoch 1593, test loss = 10.7845
...model saved to 15_exp/models/FloydWarshallDataset_tropical_0.0001_20000_20260213_095520_relu_best.pth...20260213_102210
At epoch 1594, test loss = 10.7498
...model saved to 15_exp/models/FloydWarshallDataset_tropical_0.0001_20000_20260213_095520_relu_best.pth...20260213_102210
At epoch 1596, test loss = 10.7433
...model saved to 15_exp/models/FloydWarshallDataset_tropical_0.0001_20000_20260213_095520_relu_best.pth...20260213_102212
At epoch 1598, test loss = 10.7075
...model saved to 15_exp/models/FloydWarshallDataset_tropical_0.0001_20000_20260213_095520_relu_best.pth...20260213_102214
At epoch 1599, test loss = 10.7033
...model saved to 15_exp/models/FloydWarshallDataset_tropical_0.0001_20000_20260213_095520_relu_best.pth...20260213_102215
At epoch 1602, test loss = 10.6683
...model saved to 15_exp/models/FloydWarshallDataset_tropical_0.0001_20000_20260213_095520_relu_best.pth...20260213_102218
At epoch 1604, test loss = 10.6494
...model saved to 15_exp/models/FloydWarshallDataset_tropical_0.0001_20000_20260213_095520_relu_best.pth...20260213_102220
At epoch 1605, test loss = 10.6359
...model saved to 15_exp/models/FloydWarshallDataset_tropical_0.0001_20000_20260213_095520_relu_best.pth...20260213_102221
At epoch 1606, test loss = 10.6328
...model saved to 15_exp/models/FloydWarshallDataset_tropical_0.0001_20000_20260213_095520_relu_best.pth...20260213_102222
At epoch 1607, test loss = 10.6190
...model saved to 15_exp/models/FloydWarshallDataset_tropical_0.0001_20000_20260213_095520_relu_best.pth...20260213_102223
At epoch 1608, test loss = 10.5997
...model saved to 15_exp/models/FloydWarshallDataset_tropical_0.0001_20000_20260213_095520_relu_best.pth...20260213_102224
At epoch 1609, test loss = 10.5814
...model saved to 15_exp/models/FloydWarshallDataset_tropical_0.0001_20000_20260213_095520_relu_best.pth...20260213_102225
At epoch 1612, test loss = 10.5613
...model saved to 15_exp/models/FloydWarshallDataset_tropical_0.0001_20000_20260213_095520_relu_best.pth...20260213_102227
At epoch 1614, test loss = 10.5325
...model saved to 15_exp/models/FloydWarshallDataset_tropical_0.0001_20000_20260213_095520_relu_best.pth...20260213_102229
At epoch 1616, test loss = 10.5284
...model saved to 15_exp/models/FloydWarshallDataset_tropical_0.0001_20000_20260213_095520_relu_best.pth...20260213_102231
At epoch 1617, test loss = 10.5157
...model saved to 15_exp/models/FloydWarshallDataset_tropical_0.0001_20000_20260213_095520_relu_best.pth...20260213_102232
At epoch 1618, test loss = 10.4905
...model saved to 15_exp/models/FloydWarshallDataset_tropical_0.0001_20000_20260213_095520_relu_best.pth...20260213_102233
At epoch 1619, test loss = 10.4707
...model saved to 15_exp/models/FloydWarshallDataset_tropical_0.0001_20000_20260213_095520_relu_best.pth...20260213_102234
At epoch 1620, test loss = 10.4378
...model saved to 15_exp/models/FloydWarshallDataset_tropical_0.0001_20000_20260213_095520_relu_best.pth...20260213_102235
At epoch 1624, test loss = 10.4160
...model saved to 15_exp/models/FloydWarshallDataset_tropical_0.0001_20000_20260213_095520_relu_best.pth...20260213_102239
At epoch 1626, test loss = 10.3926
...model saved to 15_exp/models/FloydWarshallDataset_tropical_0.0001_20000_20260213_095520_relu_best.pth...20260213_102240
At epoch 1627, test loss = 10.3832
...model saved to 15_exp/models/FloydWarshallDataset_tropical_0.0001_20000_20260213_095520_relu_best.pth...20260213_102241
At epoch 1628, test loss = 10.3494
...model saved to 15_exp/models/FloydWarshallDataset_tropical_0.0001_20000_20260213_095520_relu_best.pth...20260213_102242
At epoch 1631, test loss = 10.2950
...model saved to 15_exp/models/FloydWarshallDataset_tropical_0.0001_20000_20260213_095520_relu_best.pth...20260213_102245
At epoch 1632, test loss = 10.2883
...model saved to 15_exp/models/FloydWarshallDataset_tropical_0.0001_20000_20260213_095520_relu_best.pth...20260213_102246
At epoch 1633, test loss = 10.2865
...model saved to 15_exp/models/FloydWarshallDataset_tropical_0.0001_20000_20260213_095520_relu_best.pth...20260213_102247
At epoch 1634, test loss = 10.2794
...model saved to 15_exp/models/FloydWarshallDataset_tropical_0.0001_20000_20260213_095520_relu_best.pth...20260213_102247
At epoch 1635, test loss = 10.2287
...model saved to 15_exp/models/FloydWarshallDataset_tropical_0.0001_20000_20260213_095520_relu_best.pth...20260213_102248
At epoch 1637, test loss = 10.2037
...model saved to 15_exp/models/FloydWarshallDataset_tropical_0.0001_20000_20260213_095520_relu_best.pth...20260213_102250
At epoch 1638, test loss = 10.2003
...model saved to 15_exp/models/FloydWarshallDataset_tropical_0.0001_20000_20260213_095520_relu_best.pth...20260213_102251
At epoch 1640, test loss = 10.1749
...model saved to 15_exp/models/FloydWarshallDataset_tropical_0.0001_20000_20260213_095520_relu_best.pth...20260213_102252
At epoch 1641, test loss = 10.1477
...model saved to 15_exp/models/FloydWarshallDataset_tropical_0.0001_20000_20260213_095520_relu_best.pth...20260213_102253
At epoch 1642, test loss = 10.1149
...model saved to 15_exp/models/FloydWarshallDataset_tropical_0.0001_20000_20260213_095520_relu_best.pth...20260213_102254
At epoch 1644, test loss = 10.0622
...model saved to 15_exp/models/FloydWarshallDataset_tropical_0.0001_20000_20260213_095520_relu_best.pth...20260213_102256
At epoch 1645, test loss = 10.0384
...model saved to 15_exp/models/FloydWarshallDataset_tropical_0.0001_20000_20260213_095520_relu_best.pth...20260213_102257
At epoch 1646, test loss = 10.0371
...model saved to 15_exp/models/FloydWarshallDataset_tropical_0.0001_20000_20260213_095520_relu_best.pth...20260213_102258
At epoch 1647, test loss = 9.9939
...model saved to 15_exp/models/FloydWarshallDataset_tropical_0.0001_20000_20260213_095520_relu_best.pth...20260213_102259
At epoch 1648, test loss = 9.9580
...model saved to 15_exp/models/FloydWarshallDataset_tropical_0.0001_20000_20260213_095520_relu_best.pth...20260213_102300
At epoch 1649, test loss = 9.9476
...model saved to 15_exp/models/FloydWarshallDataset_tropical_0.0001_20000_20260213_095520_relu_best.pth...20260213_102301
At epoch 1650, test loss = 9.9122
...model saved to 15_exp/models/FloydWarshallDataset_tropical_0.0001_20000_20260213_095520_relu_best.pth...20260213_102302
At epoch 1651, test loss = 9.8829
...model saved to 15_exp/models/FloydWarshallDataset_tropical_0.0001_20000_20260213_095520_relu_best.pth...20260213_102303
At epoch 1652, test loss = 9.8829
...model saved to 15_exp/models/FloydWarshallDataset_tropical_0.0001_20000_20260213_095520_relu_best.pth...20260213_102304
At epoch 1653, test loss = 9.8403
...model saved to 15_exp/models/FloydWarshallDataset_tropical_0.0001_20000_20260213_095520_relu_best.pth...20260213_102304
At epoch 1654, test loss = 9.8150
...model saved to 15_exp/models/FloydWarshallDataset_tropical_0.0001_20000_20260213_095520_relu_best.pth...20260213_102305
At epoch 1655, test loss = 9.7858
...model saved to 15_exp/models/FloydWarshallDataset_tropical_0.0001_20000_20260213_095520_relu_best.pth...20260213_102306
At epoch 1656, test loss = 9.7108
...model saved to 15_exp/models/FloydWarshallDataset_tropical_0.0001_20000_20260213_095520_relu_best.pth...20260213_102307
At epoch 1657, test loss = 9.6815
...model saved to 15_exp/models/FloydWarshallDataset_tropical_0.0001_20000_20260213_095520_relu_best.pth...20260213_102308
At epoch 1658, test loss = 9.6409
...model saved to 15_exp/models/FloydWarshallDataset_tropical_0.0001_20000_20260213_095520_relu_best.pth...20260213_102309
At epoch 1659, test loss = 9.5860
...model saved to 15_exp/models/FloydWarshallDataset_tropical_0.0001_20000_20260213_095520_relu_best.pth...20260213_102309
At epoch 1660, test loss = 9.5595
...model saved to 15_exp/models/FloydWarshallDataset_tropical_0.0001_20000_20260213_095520_relu_best.pth...20260213_102310
At epoch 1661, test loss = 9.5078
...model saved to 15_exp/models/FloydWarshallDataset_tropical_0.0001_20000_20260213_095520_relu_best.pth...20260213_102311
At epoch 1662, test loss = 9.4566
...model saved to 15_exp/models/FloydWarshallDataset_tropical_0.0001_20000_20260213_095520_relu_best.pth...20260213_102312
At epoch 1663, test loss = 9.4239
...model saved to 15_exp/models/FloydWarshallDataset_tropical_0.0001_20000_20260213_095520_relu_best.pth...20260213_102313
At epoch 1664, test loss = 9.3707
...model saved to 15_exp/models/FloydWarshallDataset_tropical_0.0001_20000_20260213_095520_relu_best.pth...20260213_102314
At epoch 1665, test loss = 9.3519
...model saved to 15_exp/models/FloydWarshallDataset_tropical_0.0001_20000_20260213_095520_relu_best.pth...20260213_102314
At epoch 1666, test loss = 9.2979
...model saved to 15_exp/models/FloydWarshallDataset_tropical_0.0001_20000_20260213_095520_relu_best.pth...20260213_102315
At epoch 1667, test loss = 9.2362
...model saved to 15_exp/models/FloydWarshallDataset_tropical_0.0001_20000_20260213_095520_relu_best.pth...20260213_102316
At epoch 1668, test loss = 9.1965
...model saved to 15_exp/models/FloydWarshallDataset_tropical_0.0001_20000_20260213_095520_relu_best.pth...20260213_102317
At epoch 1669, test loss = 9.1127
...model saved to 15_exp/models/FloydWarshallDataset_tropical_0.0001_20000_20260213_095520_relu_best.pth...20260213_102318
At epoch 1670, test loss = 9.0540
...model saved to 15_exp/models/FloydWarshallDataset_tropical_0.0001_20000_20260213_095520_relu_best.pth...20260213_102319
At epoch 1671, test loss = 9.0197
...model saved to 15_exp/models/FloydWarshallDataset_tropical_0.0001_20000_20260213_095520_relu_best.pth...20260213_102320
At epoch 1672, test loss = 9.0114
...model saved to 15_exp/models/FloydWarshallDataset_tropical_0.0001_20000_20260213_095520_relu_best.pth...20260213_102320
At epoch 1673, test loss = 8.9069
...model saved to 15_exp/models/FloydWarshallDataset_tropical_0.0001_20000_20260213_095520_relu_best.pth...20260213_102321
At epoch 1674, test loss = 8.8900
...model saved to 15_exp/models/FloydWarshallDataset_tropical_0.0001_20000_20260213_095520_relu_best.pth...20260213_102322
At epoch 1675, test loss = 8.8599
...model saved to 15_exp/models/FloydWarshallDataset_tropical_0.0001_20000_20260213_095520_relu_best.pth...20260213_102323
At epoch 1676, test loss = 8.7993
...model saved to 15_exp/models/FloydWarshallDataset_tropical_0.0001_20000_20260213_095520_relu_best.pth...20260213_102323
At epoch 1677, test loss = 8.7196
...model saved to 15_exp/models/FloydWarshallDataset_tropical_0.0001_20000_20260213_095520_relu_best.pth...20260213_102324
At epoch 1678, test loss = 8.6946
...model saved to 15_exp/models/FloydWarshallDataset_tropical_0.0001_20000_20260213_095520_relu_best.pth...20260213_102325
At epoch 1679, test loss = 8.6558
...model saved to 15_exp/models/FloydWarshallDataset_tropical_0.0001_20000_20260213_095520_relu_best.pth...20260213_102326
At epoch 1680, test loss = 8.5889
...model saved to 15_exp/models/FloydWarshallDataset_tropical_0.0001_20000_20260213_095520_relu_best.pth...20260213_102326
At epoch 1681, test loss = 8.5779
...model saved to 15_exp/models/FloydWarshallDataset_tropical_0.0001_20000_20260213_095520_relu_best.pth...20260213_102327
At epoch 1682, test loss = 8.5378
...model saved to 15_exp/models/FloydWarshallDataset_tropical_0.0001_20000_20260213_095520_relu_best.pth...20260213_102328
At epoch 1683, test loss = 8.5193
...model saved to 15_exp/models/FloydWarshallDataset_tropical_0.0001_20000_20260213_095520_relu_best.pth...20260213_102329
At epoch 1684, test loss = 8.4697
...model saved to 15_exp/models/FloydWarshallDataset_tropical_0.0001_20000_20260213_095520_relu_best.pth...20260213_102329
At epoch 1685, test loss = 8.4541
...model saved to 15_exp/models/FloydWarshallDataset_tropical_0.0001_20000_20260213_095520_relu_best.pth...20260213_102330
At epoch 1687, test loss = 8.3923
...model saved to 15_exp/models/FloydWarshallDataset_tropical_0.0001_20000_20260213_095520_relu_best.pth...20260213_102332
At epoch 1688, test loss = 8.3801
...model saved to 15_exp/models/FloydWarshallDataset_tropical_0.0001_20000_20260213_095520_relu_best.pth...20260213_102333
At epoch 1689, test loss = 8.3392
...model saved to 15_exp/models/FloydWarshallDataset_tropical_0.0001_20000_20260213_095520_relu_best.pth...20260213_102334
At epoch 1690, test loss = 8.3285
...model saved to 15_exp/models/FloydWarshallDataset_tropical_0.0001_20000_20260213_095520_relu_best.pth...20260213_102335
At epoch 1691, test loss = 8.3149
...model saved to 15_exp/models/FloydWarshallDataset_tropical_0.0001_20000_20260213_095520_relu_best.pth...20260213_102336
At epoch 1692, test loss = 8.2730
...model saved to 15_exp/models/FloydWarshallDataset_tropical_0.0001_20000_20260213_095520_relu_best.pth...20260213_102336
At epoch 1694, test loss = 8.2406
...model saved to 15_exp/models/FloydWarshallDataset_tropical_0.0001_20000_20260213_095520_relu_best.pth...20260213_102338
At epoch 1695, test loss = 8.2182
...model saved to 15_exp/models/FloydWarshallDataset_tropical_0.0001_20000_20260213_095520_relu_best.pth...20260213_102339
At epoch 1696, test loss = 8.2160
...model saved to 15_exp/models/FloydWarshallDataset_tropical_0.0001_20000_20260213_095520_relu_best.pth...20260213_102340
At epoch 1697, test loss = 8.1901
...model saved to 15_exp/models/FloydWarshallDataset_tropical_0.0001_20000_20260213_095520_relu_best.pth...20260213_102340
At epoch 1698, test loss = 8.1731
...model saved to 15_exp/models/FloydWarshallDataset_tropical_0.0001_20000_20260213_095520_relu_best.pth...20260213_102341
At epoch 1700, test loss = 8.1499
...model saved to 15_exp/models/FloydWarshallDataset_tropical_0.0001_20000_20260213_095520_relu_best.pth...20260213_102343
At epoch 1701, test loss = 8.1372
...model saved to 15_exp/models/FloydWarshallDataset_tropical_0.0001_20000_20260213_095520_relu_best.pth...20260213_102344
At epoch 1703, test loss = 8.1184
...model saved to 15_exp/models/FloydWarshallDataset_tropical_0.0001_20000_20260213_095520_relu_best.pth...20260213_102345
At epoch 1704, test loss = 8.0778
...model saved to 15_exp/models/FloydWarshallDataset_tropical_0.0001_20000_20260213_095520_relu_best.pth...20260213_102346
At epoch 1706, test loss = 8.0679
...model saved to 15_exp/models/FloydWarshallDataset_tropical_0.0001_20000_20260213_095520_relu_best.pth...20260213_102348
At epoch 1707, test loss = 8.0507
...model saved to 15_exp/models/FloydWarshallDataset_tropical_0.0001_20000_20260213_095520_relu_best.pth...20260213_102348
At epoch 1708, test loss = 8.0471
...model saved to 15_exp/models/FloydWarshallDataset_tropical_0.0001_20000_20260213_095520_relu_best.pth...20260213_102349
At epoch 1709, test loss = 8.0282
...model saved to 15_exp/models/FloydWarshallDataset_tropical_0.0001_20000_20260213_095520_relu_best.pth...20260213_102350
At epoch 1710, test loss = 8.0120
...model saved to 15_exp/models/FloydWarshallDataset_tropical_0.0001_20000_20260213_095520_relu_best.pth...20260213_102351
At epoch 1711, test loss = 8.0051
...model saved to 15_exp/models/FloydWarshallDataset_tropical_0.0001_20000_20260213_095520_relu_best.pth...20260213_102352
At epoch 1712, test loss = 7.9929
...model saved to 15_exp/models/FloydWarshallDataset_tropical_0.0001_20000_20260213_095520_relu_best.pth...20260213_102353
At epoch 1717, test loss = 7.9492
...model saved to 15_exp/models/FloydWarshallDataset_tropical_0.0001_20000_20260213_095520_relu_best.pth...20260213_102357
At epoch 1718, test loss = 7.9322
...model saved to 15_exp/models/FloydWarshallDataset_tropical_0.0001_20000_20260213_095520_relu_best.pth...20260213_102357
At epoch 1720, test loss = 7.9028
...model saved to 15_exp/models/FloydWarshallDataset_tropical_0.0001_20000_20260213_095520_relu_best.pth...20260213_102359
At epoch 1724, test loss = 7.8683
...model saved to 15_exp/models/FloydWarshallDataset_tropical_0.0001_20000_20260213_095520_relu_best.pth...20260213_102402
At epoch 1728, test loss = 7.8553
...model saved to 15_exp/models/FloydWarshallDataset_tropical_0.0001_20000_20260213_095520_relu_best.pth...20260213_102406
At epoch 1731, test loss = 7.8465
...model saved to 15_exp/models/FloydWarshallDataset_tropical_0.0001_20000_20260213_095520_relu_best.pth...20260213_102408
At epoch 1732, test loss = 7.8401
...model saved to 15_exp/models/FloydWarshallDataset_tropical_0.0001_20000_20260213_095520_relu_best.pth...20260213_102409
At epoch 1733, test loss = 7.8099
...model saved to 15_exp/models/FloydWarshallDataset_tropical_0.0001_20000_20260213_095520_relu_best.pth...20260213_102410
At epoch 1734, test loss = 7.8017
...model saved to 15_exp/models/FloydWarshallDataset_tropical_0.0001_20000_20260213_095520_relu_best.pth...20260213_102411
At epoch 1735, test loss = 7.7936
...model saved to 15_exp/models/FloydWarshallDataset_tropical_0.0001_20000_20260213_095520_relu_best.pth...20260213_102412
At epoch 1737, test loss = 7.7914
...model saved to 15_exp/models/FloydWarshallDataset_tropical_0.0001_20000_20260213_095520_relu_best.pth...20260213_102414
At epoch 1738, test loss = 7.7679
...model saved to 15_exp/models/FloydWarshallDataset_tropical_0.0001_20000_20260213_095520_relu_best.pth...20260213_102415
At epoch 1739, test loss = 7.7642
...model saved to 15_exp/models/FloydWarshallDataset_tropical_0.0001_20000_20260213_095520_relu_best.pth...20260213_102416
At epoch 1741, test loss = 7.7512
...model saved to 15_exp/models/FloydWarshallDataset_tropical_0.0001_20000_20260213_095520_relu_best.pth...20260213_102418
At epoch 1742, test loss = 7.7360
...model saved to 15_exp/models/FloydWarshallDataset_tropical_0.0001_20000_20260213_095520_relu_best.pth...20260213_102419
At epoch 1744, test loss = 7.7349
...model saved to 15_exp/models/FloydWarshallDataset_tropical_0.0001_20000_20260213_095520_relu_best.pth...20260213_102421
At epoch 1745, test loss = 7.7159
...model saved to 15_exp/models/FloydWarshallDataset_tropical_0.0001_20000_20260213_095520_relu_best.pth...20260213_102422
At epoch 1750, test loss = 7.6971
...model saved to 15_exp/models/FloydWarshallDataset_tropical_0.0001_20000_20260213_095520_relu_best.pth...20260213_102426
At epoch 1751, test loss = 7.6826
...model saved to 15_exp/models/FloydWarshallDataset_tropical_0.0001_20000_20260213_095520_relu_best.pth...20260213_102427
At epoch 1752, test loss = 7.6631
...model saved to 15_exp/models/FloydWarshallDataset_tropical_0.0001_20000_20260213_095520_relu_best.pth...20260213_102427
At epoch 1755, test loss = 7.6499
...model saved to 15_exp/models/FloydWarshallDataset_tropical_0.0001_20000_20260213_095520_relu_best.pth...20260213_102430
At epoch 1757, test loss = 7.6483
...model saved to 15_exp/models/FloydWarshallDataset_tropical_0.0001_20000_20260213_095520_relu_best.pth...20260213_102431
At epoch 1760, test loss = 7.6275
...model saved to 15_exp/models/FloydWarshallDataset_tropical_0.0001_20000_20260213_095520_relu_best.pth...20260213_102434
At epoch 1761, test loss = 7.6254
...model saved to 15_exp/models/FloydWarshallDataset_tropical_0.0001_20000_20260213_095520_relu_best.pth...20260213_102435
At epoch 1763, test loss = 7.6246
...model saved to 15_exp/models/FloydWarshallDataset_tropical_0.0001_20000_20260213_095520_relu_best.pth...20260213_102437
At epoch 1764, test loss = 7.6243
...model saved to 15_exp/models/FloydWarshallDataset_tropical_0.0001_20000_20260213_095520_relu_best.pth...20260213_102438
At epoch 1765, test loss = 7.6077
...model saved to 15_exp/models/FloydWarshallDataset_tropical_0.0001_20000_20260213_095520_relu_best.pth...20260213_102439
At epoch 1768, test loss = 7.5891
...model saved to 15_exp/models/FloydWarshallDataset_tropical_0.0001_20000_20260213_095520_relu_best.pth...20260213_102441
At epoch 1769, test loss = 7.5803
...model saved to 15_exp/models/FloydWarshallDataset_tropical_0.0001_20000_20260213_095520_relu_best.pth...20260213_102442
At epoch 1771, test loss = 7.5772
...model saved to 15_exp/models/FloydWarshallDataset_tropical_0.0001_20000_20260213_095520_relu_best.pth...20260213_102444
At epoch 1772, test loss = 7.5409
...model saved to 15_exp/models/FloydWarshallDataset_tropical_0.0001_20000_20260213_095520_relu_best.pth...20260213_102445
At epoch 1773, test loss = 7.5369
...model saved to 15_exp/models/FloydWarshallDataset_tropical_0.0001_20000_20260213_095520_relu_best.pth...20260213_102446
At epoch 1776, test loss = 7.5237
...model saved to 15_exp/models/FloydWarshallDataset_tropical_0.0001_20000_20260213_095520_relu_best.pth...20260213_102448
At epoch 1779, test loss = 7.5185
...model saved to 15_exp/models/FloydWarshallDataset_tropical_0.0001_20000_20260213_095520_relu_best.pth...20260213_102450
At epoch 1781, test loss = 7.5134
...model saved to 15_exp/models/FloydWarshallDataset_tropical_0.0001_20000_20260213_095520_relu_best.pth...20260213_102452
At epoch 1783, test loss = 7.5014
...model saved to 15_exp/models/FloydWarshallDataset_tropical_0.0001_20000_20260213_095520_relu_best.pth...20260213_102453
At epoch 1784, test loss = 7.4987
...model saved to 15_exp/models/FloydWarshallDataset_tropical_0.0001_20000_20260213_095520_relu_best.pth...20260213_102454
At epoch 1785, test loss = 7.4895
...model saved to 15_exp/models/FloydWarshallDataset_tropical_0.0001_20000_20260213_095520_relu_best.pth...20260213_102455
At epoch 1786, test loss = 7.4819
...model saved to 15_exp/models/FloydWarshallDataset_tropical_0.0001_20000_20260213_095520_relu_best.pth...20260213_102456
At epoch 1788, test loss = 7.4817
...model saved to 15_exp/models/FloydWarshallDataset_tropical_0.0001_20000_20260213_095520_relu_best.pth...20260213_102457
At epoch 1791, test loss = 7.4423
...model saved to 15_exp/models/FloydWarshallDataset_tropical_0.0001_20000_20260213_095520_relu_best.pth...20260213_102500
At epoch 1795, test loss = 7.4272
...model saved to 15_exp/models/FloydWarshallDataset_tropical_0.0001_20000_20260213_095520_relu_best.pth...20260213_102503
At epoch 1796, test loss = 7.4237
...model saved to 15_exp/models/FloydWarshallDataset_tropical_0.0001_20000_20260213_095520_relu_best.pth...20260213_102503
At epoch 1798, test loss = 7.4212
...model saved to 15_exp/models/FloydWarshallDataset_tropical_0.0001_20000_20260213_095520_relu_best.pth...20260213_102505
At epoch 1799, test loss = 7.4194
...model saved to 15_exp/models/FloydWarshallDataset_tropical_0.0001_20000_20260213_095520_relu_best.pth...20260213_102506
At epoch 1800, test loss = 7.4157
...model saved to 15_exp/models/FloydWarshallDataset_tropical_0.0001_20000_20260213_095520_relu_best.pth...20260213_102507
At epoch 1801, test loss = 7.3989
...model saved to 15_exp/models/FloydWarshallDataset_tropical_0.0001_20000_20260213_095520_relu_best.pth...20260213_102507
At epoch 1802, test loss = 7.3925
...model saved to 15_exp/models/FloydWarshallDataset_tropical_0.0001_20000_20260213_095520_relu_best.pth...20260213_102508
At epoch 1805, test loss = 7.3746
...model saved to 15_exp/models/FloydWarshallDataset_tropical_0.0001_20000_20260213_095520_relu_best.pth...20260213_102510
At epoch 1809, test loss = 7.3643
...model saved to 15_exp/models/FloydWarshallDataset_tropical_0.0001_20000_20260213_095520_relu_best.pth...20260213_102513
At epoch 1810, test loss = 7.3558
...model saved to 15_exp/models/FloydWarshallDataset_tropical_0.0001_20000_20260213_095520_relu_best.pth...20260213_102514
At epoch 1811, test loss = 7.3460
...model saved to 15_exp/models/FloydWarshallDataset_tropical_0.0001_20000_20260213_095520_relu_best.pth...20260213_102515
At epoch 1815, test loss = 7.3450
...model saved to 15_exp/models/FloydWarshallDataset_tropical_0.0001_20000_20260213_095520_relu_best.pth...20260213_102518
At epoch 1817, test loss = 7.3154
...model saved to 15_exp/models/FloydWarshallDataset_tropical_0.0001_20000_20260213_095520_relu_best.pth...20260213_102520
At epoch 1820, test loss = 7.2966
...model saved to 15_exp/models/FloydWarshallDataset_tropical_0.0001_20000_20260213_095520_relu_best.pth...20260213_102522
At epoch 1824, test loss = 7.2846
...model saved to 15_exp/models/FloydWarshallDataset_tropical_0.0001_20000_20260213_095520_relu_best.pth...20260213_102525
At epoch 1826, test loss = 7.2795
...model saved to 15_exp/models/FloydWarshallDataset_tropical_0.0001_20000_20260213_095520_relu_best.pth...20260213_102527
At epoch 1828, test loss = 7.2742
...model saved to 15_exp/models/FloydWarshallDataset_tropical_0.0001_20000_20260213_095520_relu_best.pth...20260213_102528
At epoch 1832, test loss = 7.2446
...model saved to 15_exp/models/FloydWarshallDataset_tropical_0.0001_20000_20260213_095520_relu_best.pth...20260213_102531
At epoch 1835, test loss = 7.2413
...model saved to 15_exp/models/FloydWarshallDataset_tropical_0.0001_20000_20260213_095520_relu_best.pth...20260213_102533
At epoch 1838, test loss = 7.2086
...model saved to 15_exp/models/FloydWarshallDataset_tropical_0.0001_20000_20260213_095520_relu_best.pth...20260213_102536
At epoch 1840, test loss = 7.2053
...model saved to 15_exp/models/FloydWarshallDataset_tropical_0.0001_20000_20260213_095520_relu_best.pth...20260213_102537
At epoch 1842, test loss = 7.1979
...model saved to 15_exp/models/FloydWarshallDataset_tropical_0.0001_20000_20260213_095520_relu_best.pth...20260213_102539
At epoch 1844, test loss = 7.1732
...model saved to 15_exp/models/FloydWarshallDataset_tropical_0.0001_20000_20260213_095520_relu_best.pth...20260213_102540
At epoch 1849, test loss = 7.1597
...model saved to 15_exp/models/FloydWarshallDataset_tropical_0.0001_20000_20260213_095520_relu_best.pth...20260213_102544
At epoch 1853, test loss = 7.1443
...model saved to 15_exp/models/FloydWarshallDataset_tropical_0.0001_20000_20260213_095520_relu_best.pth...20260213_102547
At epoch 1856, test loss = 7.1395
...model saved to 15_exp/models/FloydWarshallDataset_tropical_0.0001_20000_20260213_095520_relu_best.pth...20260213_102549
At epoch 1859, test loss = 7.1388
...model saved to 15_exp/models/FloydWarshallDataset_tropical_0.0001_20000_20260213_095520_relu_best.pth...20260213_102551
At epoch 1860, test loss = 7.1230
...model saved to 15_exp/models/FloydWarshallDataset_tropical_0.0001_20000_20260213_095520_relu_best.pth...20260213_102552
At epoch 1861, test loss = 7.1095
...model saved to 15_exp/models/FloydWarshallDataset_tropical_0.0001_20000_20260213_095520_relu_best.pth...20260213_102553
At epoch 1864, test loss = 7.0985
...model saved to 15_exp/models/FloydWarshallDataset_tropical_0.0001_20000_20260213_095520_relu_best.pth...20260213_102555
At epoch 1867, test loss = 7.0891
...model saved to 15_exp/models/FloydWarshallDataset_tropical_0.0001_20000_20260213_095520_relu_best.pth...20260213_102557
At epoch 1869, test loss = 7.0633
...model saved to 15_exp/models/FloydWarshallDataset_tropical_0.0001_20000_20260213_095520_relu_best.pth...20260213_102558
At epoch 1874, test loss = 7.0628
...model saved to 15_exp/models/FloydWarshallDataset_tropical_0.0001_20000_20260213_095520_relu_best.pth...20260213_102602
At epoch 1875, test loss = 7.0447
...model saved to 15_exp/models/FloydWarshallDataset_tropical_0.0001_20000_20260213_095520_relu_best.pth...20260213_102603
At epoch 1878, test loss = 7.0308
...model saved to 15_exp/models/FloydWarshallDataset_tropical_0.0001_20000_20260213_095520_relu_best.pth...20260213_102605
At epoch 1879, test loss = 7.0215
...model saved to 15_exp/models/FloydWarshallDataset_tropical_0.0001_20000_20260213_095520_relu_best.pth...20260213_102605
At epoch 1880, test loss = 7.0213
...model saved to 15_exp/models/FloydWarshallDataset_tropical_0.0001_20000_20260213_095520_relu_best.pth...20260213_102606
At epoch 1881, test loss = 7.0169
...model saved to 15_exp/models/FloydWarshallDataset_tropical_0.0001_20000_20260213_095520_relu_best.pth...20260213_102607
At epoch 1885, test loss = 6.9986
...model saved to 15_exp/models/FloydWarshallDataset_tropical_0.0001_20000_20260213_095520_relu_best.pth...20260213_102609
At epoch 1888, test loss = 6.9907
...model saved to 15_exp/models/FloydWarshallDataset_tropical_0.0001_20000_20260213_095520_relu_best.pth...20260213_102611
At epoch 1891, test loss = 6.9760
...model saved to 15_exp/models/FloydWarshallDataset_tropical_0.0001_20000_20260213_095520_relu_best.pth...20260213_102613
At epoch 1892, test loss = 6.9587
...model saved to 15_exp/models/FloydWarshallDataset_tropical_0.0001_20000_20260213_095520_relu_best.pth...20260213_102614
At epoch 1895, test loss = 6.9464
...model saved to 15_exp/models/FloydWarshallDataset_tropical_0.0001_20000_20260213_095520_relu_best.pth...20260213_102616
At epoch 1896, test loss = 6.9434
...model saved to 15_exp/models/FloydWarshallDataset_tropical_0.0001_20000_20260213_095520_relu_best.pth...20260213_102617
At epoch 1898, test loss = 6.9294
...model saved to 15_exp/models/FloydWarshallDataset_tropical_0.0001_20000_20260213_095520_relu_best.pth...20260213_102618
At epoch 1900, test loss = 6.9241
...model saved to 15_exp/models/FloydWarshallDataset_tropical_0.0001_20000_20260213_095520_relu_best.pth...20260213_102619
At epoch 1902, test loss = 6.9161
...model saved to 15_exp/models/FloydWarshallDataset_tropical_0.0001_20000_20260213_095520_relu_best.pth...20260213_102621
At epoch 1903, test loss = 6.8989
...model saved to 15_exp/models/FloydWarshallDataset_tropical_0.0001_20000_20260213_095520_relu_best.pth...20260213_102621
At epoch 1904, test loss = 6.8977
...model saved to 15_exp/models/FloydWarshallDataset_tropical_0.0001_20000_20260213_095520_relu_best.pth...20260213_102622
At epoch 1905, test loss = 6.8778
...model saved to 15_exp/models/FloydWarshallDataset_tropical_0.0001_20000_20260213_095520_relu_best.pth...20260213_102623
At epoch 1906, test loss = 6.8758
...model saved to 15_exp/models/FloydWarshallDataset_tropical_0.0001_20000_20260213_095520_relu_best.pth...20260213_102623
At epoch 1908, test loss = 6.8665
...model saved to 15_exp/models/FloydWarshallDataset_tropical_0.0001_20000_20260213_095520_relu_best.pth...20260213_102625
At epoch 1911, test loss = 6.8632
...model saved to 15_exp/models/FloydWarshallDataset_tropical_0.0001_20000_20260213_095520_relu_best.pth...20260213_102627
At epoch 1912, test loss = 6.8438
...model saved to 15_exp/models/FloydWarshallDataset_tropical_0.0001_20000_20260213_095520_relu_best.pth...20260213_102627
At epoch 1915, test loss = 6.8259
...model saved to 15_exp/models/FloydWarshallDataset_tropical_0.0001_20000_20260213_095520_relu_best.pth...20260213_102629
At epoch 1916, test loss = 6.8141
...model saved to 15_exp/models/FloydWarshallDataset_tropical_0.0001_20000_20260213_095520_relu_best.pth...20260213_102630
At epoch 1918, test loss = 6.8036
...model saved to 15_exp/models/FloydWarshallDataset_tropical_0.0001_20000_20260213_095520_relu_best.pth...20260213_102631
At epoch 1919, test loss = 6.7916
...model saved to 15_exp/models/FloydWarshallDataset_tropical_0.0001_20000_20260213_095520_relu_best.pth...20260213_102632
At epoch 1921, test loss = 6.7906
...model saved to 15_exp/models/FloydWarshallDataset_tropical_0.0001_20000_20260213_095520_relu_best.pth...20260213_102633
At epoch 1922, test loss = 6.7787
...model saved to 15_exp/models/FloydWarshallDataset_tropical_0.0001_20000_20260213_095520_relu_best.pth...20260213_102634
At epoch 1924, test loss = 6.7520
...model saved to 15_exp/models/FloydWarshallDataset_tropical_0.0001_20000_20260213_095520_relu_best.pth...20260213_102635
At epoch 1928, test loss = 6.7308
...model saved to 15_exp/models/FloydWarshallDataset_tropical_0.0001_20000_20260213_095520_relu_best.pth...20260213_102638
At epoch 1929, test loss = 6.7301
...model saved to 15_exp/models/FloydWarshallDataset_tropical_0.0001_20000_20260213_095520_relu_best.pth...20260213_102639
At epoch 1932, test loss = 6.7023
...model saved to 15_exp/models/FloydWarshallDataset_tropical_0.0001_20000_20260213_095520_relu_best.pth...20260213_102640
At epoch 1934, test loss = 6.6668
...model saved to 15_exp/models/FloydWarshallDataset_tropical_0.0001_20000_20260213_095520_relu_best.pth...20260213_102642
At epoch 1936, test loss = 6.6602
...model saved to 15_exp/models/FloydWarshallDataset_tropical_0.0001_20000_20260213_095520_relu_best.pth...20260213_102643
At epoch 1937, test loss = 6.6490
...model saved to 15_exp/models/FloydWarshallDataset_tropical_0.0001_20000_20260213_095520_relu_best.pth...20260213_102644
At epoch 1940, test loss = 6.6082
...model saved to 15_exp/models/FloydWarshallDataset_tropical_0.0001_20000_20260213_095520_relu_best.pth...20260213_102646
At epoch 1942, test loss = 6.5918
...model saved to 15_exp/models/FloydWarshallDataset_tropical_0.0001_20000_20260213_095520_relu_best.pth...20260213_102647
At epoch 1943, test loss = 6.5897
...model saved to 15_exp/models/FloydWarshallDataset_tropical_0.0001_20000_20260213_095520_relu_best.pth...20260213_102648
At epoch 1945, test loss = 6.5483
...model saved to 15_exp/models/FloydWarshallDataset_tropical_0.0001_20000_20260213_095520_relu_best.pth...20260213_102649
At epoch 1946, test loss = 6.5387
...model saved to 15_exp/models/FloydWarshallDataset_tropical_0.0001_20000_20260213_095520_relu_best.pth...20260213_102650
At epoch 1947, test loss = 6.5294
...model saved to 15_exp/models/FloydWarshallDataset_tropical_0.0001_20000_20260213_095520_relu_best.pth...20260213_102650
At epoch 1948, test loss = 6.5092
...model saved to 15_exp/models/FloydWarshallDataset_tropical_0.0001_20000_20260213_095520_relu_best.pth...20260213_102651
At epoch 1949, test loss = 6.4775
...model saved to 15_exp/models/FloydWarshallDataset_tropical_0.0001_20000_20260213_095520_relu_best.pth...20260213_102652
At epoch 1951, test loss = 6.4389
...model saved to 15_exp/models/FloydWarshallDataset_tropical_0.0001_20000_20260213_095520_relu_best.pth...20260213_102653
At epoch 1953, test loss = 6.4052
...model saved to 15_exp/models/FloydWarshallDataset_tropical_0.0001_20000_20260213_095520_relu_best.pth...20260213_102654
At epoch 1954, test loss = 6.3925
...model saved to 15_exp/models/FloydWarshallDataset_tropical_0.0001_20000_20260213_095520_relu_best.pth...20260213_102655
At epoch 1955, test loss = 6.3719
...model saved to 15_exp/models/FloydWarshallDataset_tropical_0.0001_20000_20260213_095520_relu_best.pth...20260213_102656
At epoch 1956, test loss = 6.3675
...model saved to 15_exp/models/FloydWarshallDataset_tropical_0.0001_20000_20260213_095520_relu_best.pth...20260213_102656
At epoch 1957, test loss = 6.2967
...model saved to 15_exp/models/FloydWarshallDataset_tropical_0.0001_20000_20260213_095520_relu_best.pth...20260213_102657
At epoch 1960, test loss = 6.2131
...model saved to 15_exp/models/FloydWarshallDataset_tropical_0.0001_20000_20260213_095520_relu_best.pth...20260213_102659
At epoch 1961, test loss = 6.1876
...model saved to 15_exp/models/FloydWarshallDataset_tropical_0.0001_20000_20260213_095520_relu_best.pth...20260213_102700
At epoch 1962, test loss = 6.1764
...model saved to 15_exp/models/FloydWarshallDataset_tropical_0.0001_20000_20260213_095520_relu_best.pth...20260213_102700
At epoch 1963, test loss = 6.1200
...model saved to 15_exp/models/FloydWarshallDataset_tropical_0.0001_20000_20260213_095520_relu_best.pth...20260213_102701
At epoch 1964, test loss = 6.1073
...model saved to 15_exp/models/FloydWarshallDataset_tropical_0.0001_20000_20260213_095520_relu_best.pth...20260213_102702
At epoch 1965, test loss = 6.0718
...model saved to 15_exp/models/FloydWarshallDataset_tropical_0.0001_20000_20260213_095520_relu_best.pth...20260213_102702
At epoch 1966, test loss = 6.0329
...model saved to 15_exp/models/FloydWarshallDataset_tropical_0.0001_20000_20260213_095520_relu_best.pth...20260213_102703
At epoch 1967, test loss = 6.0108
...model saved to 15_exp/models/FloydWarshallDataset_tropical_0.0001_20000_20260213_095520_relu_best.pth...20260213_102704
At epoch 1968, test loss = 5.9307
...model saved to 15_exp/models/FloydWarshallDataset_tropical_0.0001_20000_20260213_095520_relu_best.pth...20260213_102705
At epoch 1970, test loss = 5.8444
...model saved to 15_exp/models/FloydWarshallDataset_tropical_0.0001_20000_20260213_095520_relu_best.pth...20260213_102706
At epoch 1971, test loss = 5.7961
...model saved to 15_exp/models/FloydWarshallDataset_tropical_0.0001_20000_20260213_095520_relu_best.pth...20260213_102706
At epoch 1972, test loss = 5.7462
...model saved to 15_exp/models/FloydWarshallDataset_tropical_0.0001_20000_20260213_095520_relu_best.pth...20260213_102707
At epoch 1974, test loss = 5.6366
...model saved to 15_exp/models/FloydWarshallDataset_tropical_0.0001_20000_20260213_095520_relu_best.pth...20260213_102708
At epoch 1975, test loss = 5.6008
...model saved to 15_exp/models/FloydWarshallDataset_tropical_0.0001_20000_20260213_095520_relu_best.pth...20260213_102709
At epoch 1976, test loss = 5.5283
...model saved to 15_exp/models/FloydWarshallDataset_tropical_0.0001_20000_20260213_095520_relu_best.pth...20260213_102710
At epoch 1977, test loss = 5.4808
...model saved to 15_exp/models/FloydWarshallDataset_tropical_0.0001_20000_20260213_095520_relu_best.pth...20260213_102710
At epoch 1978, test loss = 5.4289
...model saved to 15_exp/models/FloydWarshallDataset_tropical_0.0001_20000_20260213_095520_relu_best.pth...20260213_102711
At epoch 1979, test loss = 5.3765
...model saved to 15_exp/models/FloydWarshallDataset_tropical_0.0001_20000_20260213_095520_relu_best.pth...20260213_102712
At epoch 1980, test loss = 5.3381
...model saved to 15_exp/models/FloydWarshallDataset_tropical_0.0001_20000_20260213_095520_relu_best.pth...20260213_102712
At epoch 1981, test loss = 5.2716
...model saved to 15_exp/models/FloydWarshallDataset_tropical_0.0001_20000_20260213_095520_relu_best.pth...20260213_102713
At epoch 1982, test loss = 5.2529
...model saved to 15_exp/models/FloydWarshallDataset_tropical_0.0001_20000_20260213_095520_relu_best.pth...20260213_102714
At epoch 1983, test loss = 5.1382
...model saved to 15_exp/models/FloydWarshallDataset_tropical_0.0001_20000_20260213_095520_relu_best.pth...20260213_102714
At epoch 1985, test loss = 5.0701
...model saved to 15_exp/models/FloydWarshallDataset_tropical_0.0001_20000_20260213_095520_relu_best.pth...20260213_102716
At epoch 1986, test loss = 5.0459
...model saved to 15_exp/models/FloydWarshallDataset_tropical_0.0001_20000_20260213_095520_relu_best.pth...20260213_102716
At epoch 1987, test loss = 4.9925
...model saved to 15_exp/models/FloydWarshallDataset_tropical_0.0001_20000_20260213_095520_relu_best.pth...20260213_102717
At epoch 1989, test loss = 4.9523
...model saved to 15_exp/models/FloydWarshallDataset_tropical_0.0001_20000_20260213_095520_relu_best.pth...20260213_102718
At epoch 1990, test loss = 4.8949
...model saved to 15_exp/models/FloydWarshallDataset_tropical_0.0001_20000_20260213_095520_relu_best.pth...20260213_102719
At epoch 1991, test loss = 4.8800
...model saved to 15_exp/models/FloydWarshallDataset_tropical_0.0001_20000_20260213_095520_relu_best.pth...20260213_102720
At epoch 1993, test loss = 4.8389
...model saved to 15_exp/models/FloydWarshallDataset_tropical_0.0001_20000_20260213_095520_relu_best.pth...20260213_102721
At epoch 1994, test loss = 4.8070
...model saved to 15_exp/models/FloydWarshallDataset_tropical_0.0001_20000_20260213_095520_relu_best.pth...20260213_102722
At epoch 1996, test loss = 4.7602
...model saved to 15_exp/models/FloydWarshallDataset_tropical_0.0001_20000_20260213_095520_relu_best.pth...20260213_102723
At epoch 1997, test loss = 4.7525
...model saved to 15_exp/models/FloydWarshallDataset_tropical_0.0001_20000_20260213_095520_relu_best.pth...20260213_102724
At epoch 1998, test loss = 4.7348
...model saved to 15_exp/models/FloydWarshallDataset_tropical_0.0001_20000_20260213_095520_relu_best.pth...20260213_102724
At epoch 1999, test loss = 4.7281
...model saved to 15_exp/models/FloydWarshallDataset_tropical_0.0001_20000_20260213_095520_relu_best.pth...20260213_102725
At epoch 2000, test loss = 4.6940
...model saved to 15_exp/models/FloydWarshallDataset_tropical_0.0001_20000_20260213_095520_relu_best.pth...20260213_102726
At epoch 2001, test loss = 4.6615
...model saved to 15_exp/models/FloydWarshallDataset_tropical_0.0001_20000_20260213_095520_relu_best.pth...20260213_102726
At epoch 2004, test loss = 4.6603
...model saved to 15_exp/models/FloydWarshallDataset_tropical_0.0001_20000_20260213_095520_relu_best.pth...20260213_102729
At epoch 2005, test loss = 4.6547
...model saved to 15_exp/models/FloydWarshallDataset_tropical_0.0001_20000_20260213_095520_relu_best.pth...20260213_102729
At epoch 2006, test loss = 4.6108
...model saved to 15_exp/models/FloydWarshallDataset_tropical_0.0001_20000_20260213_095520_relu_best.pth...20260213_102730
At epoch 2008, test loss = 4.5957
...model saved to 15_exp/models/FloydWarshallDataset_tropical_0.0001_20000_20260213_095520_relu_best.pth...20260213_102731
At epoch 2011, test loss = 4.5740
...model saved to 15_exp/models/FloydWarshallDataset_tropical_0.0001_20000_20260213_095520_relu_best.pth...20260213_102733
At epoch 2013, test loss = 4.5527
...model saved to 15_exp/models/FloydWarshallDataset_tropical_0.0001_20000_20260213_095520_relu_best.pth...20260213_102734
At epoch 2017, test loss = 4.5306
...model saved to 15_exp/models/FloydWarshallDataset_tropical_0.0001_20000_20260213_095520_relu_best.pth...20260213_102737
At epoch 2019, test loss = 4.5211
...model saved to 15_exp/models/FloydWarshallDataset_tropical_0.0001_20000_20260213_095520_relu_best.pth...20260213_102738
At epoch 2021, test loss = 4.4937
...model saved to 15_exp/models/FloydWarshallDataset_tropical_0.0001_20000_20260213_095520_relu_best.pth...20260213_102740
At epoch 2023, test loss = 4.4892
...model saved to 15_exp/models/FloydWarshallDataset_tropical_0.0001_20000_20260213_095520_relu_best.pth...20260213_102741
At epoch 2025, test loss = 4.4522
...model saved to 15_exp/models/FloydWarshallDataset_tropical_0.0001_20000_20260213_095520_relu_best.pth...20260213_102742
At epoch 2032, test loss = 4.4292
...model saved to 15_exp/models/FloydWarshallDataset_tropical_0.0001_20000_20260213_095520_relu_best.pth...20260213_102747
At epoch 2033, test loss = 4.4215
...model saved to 15_exp/models/FloydWarshallDataset_tropical_0.0001_20000_20260213_095520_relu_best.pth...20260213_102748
At epoch 2036, test loss = 4.4108
...model saved to 15_exp/models/FloydWarshallDataset_tropical_0.0001_20000_20260213_095520_relu_best.pth...20260213_102749
At epoch 2039, test loss = 4.3906
...model saved to 15_exp/models/FloydWarshallDataset_tropical_0.0001_20000_20260213_095520_relu_best.pth...20260213_102751
At epoch 2042, test loss = 4.3812
...model saved to 15_exp/models/FloydWarshallDataset_tropical_0.0001_20000_20260213_095520_relu_best.pth...20260213_102753
At epoch 2045, test loss = 4.3739
...model saved to 15_exp/models/FloydWarshallDataset_tropical_0.0001_20000_20260213_095520_relu_best.pth...20260213_102755
At epoch 2046, test loss = 4.3645
...model saved to 15_exp/models/FloydWarshallDataset_tropical_0.0001_20000_20260213_095520_relu_best.pth...20260213_102756
At epoch 2050, test loss = 4.3554
...model saved to 15_exp/models/FloydWarshallDataset_tropical_0.0001_20000_20260213_095520_relu_best.pth...20260213_102759
At epoch 2051, test loss = 4.3460
...model saved to 15_exp/models/FloydWarshallDataset_tropical_0.0001_20000_20260213_095520_relu_best.pth...20260213_102759
At epoch 2055, test loss = 4.3252
...model saved to 15_exp/models/FloydWarshallDataset_tropical_0.0001_20000_20260213_095520_relu_best.pth...20260213_102803
At epoch 2056, test loss = 4.3142
...model saved to 15_exp/models/FloydWarshallDataset_tropical_0.0001_20000_20260213_095520_relu_best.pth...20260213_102804
At epoch 2058, test loss = 4.3067
...model saved to 15_exp/models/FloydWarshallDataset_tropical_0.0001_20000_20260213_095520_relu_best.pth...20260213_102805
At epoch 2062, test loss = 4.3009
...model saved to 15_exp/models/FloydWarshallDataset_tropical_0.0001_20000_20260213_095520_relu_best.pth...20260213_102808
At epoch 2063, test loss = 4.2958
...model saved to 15_exp/models/FloydWarshallDataset_tropical_0.0001_20000_20260213_095520_relu_best.pth...20260213_102809
At epoch 2067, test loss = 4.2822
...model saved to 15_exp/models/FloydWarshallDataset_tropical_0.0001_20000_20260213_095520_relu_best.pth...20260213_102812
At epoch 2068, test loss = 4.2649
...model saved to 15_exp/models/FloydWarshallDataset_tropical_0.0001_20000_20260213_095520_relu_best.pth...20260213_102813
At epoch 2072, test loss = 4.2514
...model saved to 15_exp/models/FloydWarshallDataset_tropical_0.0001_20000_20260213_095520_relu_best.pth...20260213_102816
At epoch 2076, test loss = 4.2434
...model saved to 15_exp/models/FloydWarshallDataset_tropical_0.0001_20000_20260213_095520_relu_best.pth...20260213_102818
At epoch 2077, test loss = 4.2272
...model saved to 15_exp/models/FloydWarshallDataset_tropical_0.0001_20000_20260213_095520_relu_best.pth...20260213_102819
At epoch 2083, test loss = 4.2254
...model saved to 15_exp/models/FloydWarshallDataset_tropical_0.0001_20000_20260213_095520_relu_best.pth...20260213_102824
At epoch 2085, test loss = 4.2100
...model saved to 15_exp/models/FloydWarshallDataset_tropical_0.0001_20000_20260213_095520_relu_best.pth...20260213_102825
At epoch 2086, test loss = 4.2085
...model saved to 15_exp/models/FloydWarshallDataset_tropical_0.0001_20000_20260213_095520_relu_best.pth...20260213_102826
At epoch 2088, test loss = 4.1981
...model saved to 15_exp/models/FloydWarshallDataset_tropical_0.0001_20000_20260213_095520_relu_best.pth...20260213_102827
At epoch 2092, test loss = 4.1812
...model saved to 15_exp/models/FloydWarshallDataset_tropical_0.0001_20000_20260213_095520_relu_best.pth...20260213_102830
At epoch 2097, test loss = 4.1773
...model saved to 15_exp/models/FloydWarshallDataset_tropical_0.0001_20000_20260213_095520_relu_best.pth...20260213_102833
At epoch 2099, test loss = 4.1594
...model saved to 15_exp/models/FloydWarshallDataset_tropical_0.0001_20000_20260213_095520_relu_best.pth...20260213_102835
At epoch 2106, test loss = 4.1590
...model saved to 15_exp/models/FloydWarshallDataset_tropical_0.0001_20000_20260213_095520_relu_best.pth...20260213_102840
At epoch 2107, test loss = 4.1523
...model saved to 15_exp/models/FloydWarshallDataset_tropical_0.0001_20000_20260213_095520_relu_best.pth...20260213_102841
At epoch 2109, test loss = 4.1479
...model saved to 15_exp/models/FloydWarshallDataset_tropical_0.0001_20000_20260213_095520_relu_best.pth...20260213_102842
At epoch 2113, test loss = 4.1278
...model saved to 15_exp/models/FloydWarshallDataset_tropical_0.0001_20000_20260213_095520_relu_best.pth...20260213_102845
At epoch 2115, test loss = 4.1225
...model saved to 15_exp/models/FloydWarshallDataset_tropical_0.0001_20000_20260213_095520_relu_best.pth...20260213_102847
At epoch 2118, test loss = 4.1094
...model saved to 15_exp/models/FloydWarshallDataset_tropical_0.0001_20000_20260213_095520_relu_best.pth...20260213_102849
At epoch 2124, test loss = 4.0859
...model saved to 15_exp/models/FloydWarshallDataset_tropical_0.0001_20000_20260213_095520_relu_best.pth...20260213_102853
At epoch 2128, test loss = 4.0806
...model saved to 15_exp/models/FloydWarshallDataset_tropical_0.0001_20000_20260213_095520_relu_best.pth...20260213_102856
At epoch 2134, test loss = 4.0788
...model saved to 15_exp/models/FloydWarshallDataset_tropical_0.0001_20000_20260213_095520_relu_best.pth...20260213_102900
At epoch 2135, test loss = 4.0773
...model saved to 15_exp/models/FloydWarshallDataset_tropical_0.0001_20000_20260213_095520_relu_best.pth...20260213_102901
At epoch 2138, test loss = 4.0661
...model saved to 15_exp/models/FloydWarshallDataset_tropical_0.0001_20000_20260213_095520_relu_best.pth...20260213_102903
At epoch 2139, test loss = 4.0445
...model saved to 15_exp/models/FloydWarshallDataset_tropical_0.0001_20000_20260213_095520_relu_best.pth...20260213_102903
At epoch 2143, test loss = 4.0336
...model saved to 15_exp/models/FloydWarshallDataset_tropical_0.0001_20000_20260213_095520_relu_best.pth...20260213_102906
At epoch 2148, test loss = 4.0245
...model saved to 15_exp/models/FloydWarshallDataset_tropical_0.0001_20000_20260213_095520_relu_best.pth...20260213_102910
At epoch 2150, test loss = 4.0172
...model saved to 15_exp/models/FloydWarshallDataset_tropical_0.0001_20000_20260213_095520_relu_best.pth...20260213_102911
At epoch 2151, test loss = 4.0108
...model saved to 15_exp/models/FloydWarshallDataset_tropical_0.0001_20000_20260213_095520_relu_best.pth...20260213_102912
At epoch 2157, test loss = 3.9960
...model saved to 15_exp/models/FloydWarshallDataset_tropical_0.0001_20000_20260213_095520_relu_best.pth...20260213_102915
At epoch 2159, test loss = 3.9867
...model saved to 15_exp/models/FloydWarshallDataset_tropical_0.0001_20000_20260213_095520_relu_best.pth...20260213_102917
At epoch 2163, test loss = 3.9822
...model saved to 15_exp/models/FloydWarshallDataset_tropical_0.0001_20000_20260213_095520_relu_best.pth...20260213_102919
At epoch 2168, test loss = 3.9792
...model saved to 15_exp/models/FloydWarshallDataset_tropical_0.0001_20000_20260213_095520_relu_best.pth...20260213_102923
At epoch 2171, test loss = 3.9559
...model saved to 15_exp/models/FloydWarshallDataset_tropical_0.0001_20000_20260213_095520_relu_best.pth...20260213_102925
At epoch 2175, test loss = 3.9542
...model saved to 15_exp/models/FloydWarshallDataset_tropical_0.0001_20000_20260213_095520_relu_best.pth...20260213_102927
At epoch 2176, test loss = 3.9491
...model saved to 15_exp/models/FloydWarshallDataset_tropical_0.0001_20000_20260213_095520_relu_best.pth...20260213_102928
At epoch 2179, test loss = 3.9447
...model saved to 15_exp/models/FloydWarshallDataset_tropical_0.0001_20000_20260213_095520_relu_best.pth...20260213_102930
At epoch 2184, test loss = 3.9437
...model saved to 15_exp/models/FloydWarshallDataset_tropical_0.0001_20000_20260213_095520_relu_best.pth...20260213_102933
At epoch 2185, test loss = 3.9374
...model saved to 15_exp/models/FloydWarshallDataset_tropical_0.0001_20000_20260213_095520_relu_best.pth...20260213_102934
At epoch 2187, test loss = 3.9301
...model saved to 15_exp/models/FloydWarshallDataset_tropical_0.0001_20000_20260213_095520_relu_best.pth...20260213_102935
At epoch 2189, test loss = 3.9212
...model saved to 15_exp/models/FloydWarshallDataset_tropical_0.0001_20000_20260213_095520_relu_best.pth...20260213_102936
At epoch 2190, test loss = 3.9139
...model saved to 15_exp/models/FloydWarshallDataset_tropical_0.0001_20000_20260213_095520_relu_best.pth...20260213_102937
At epoch 2192, test loss = 3.9126
...model saved to 15_exp/models/FloydWarshallDataset_tropical_0.0001_20000_20260213_095520_relu_best.pth...20260213_102938
At epoch 2199, test loss = 3.9013
...model saved to 15_exp/models/FloydWarshallDataset_tropical_0.0001_20000_20260213_095520_relu_best.pth...20260213_102943
At epoch 2203, test loss = 3.8991
...model saved to 15_exp/models/FloydWarshallDataset_tropical_0.0001_20000_20260213_095520_relu_best.pth...20260213_102945
At epoch 2204, test loss = 3.8958
...model saved to 15_exp/models/FloydWarshallDataset_tropical_0.0001_20000_20260213_095520_relu_best.pth...20260213_102946
At epoch 2205, test loss = 3.8859
...model saved to 15_exp/models/FloydWarshallDataset_tropical_0.0001_20000_20260213_095520_relu_best.pth...20260213_102947
At epoch 2207, test loss = 3.8835
...model saved to 15_exp/models/FloydWarshallDataset_tropical_0.0001_20000_20260213_095520_relu_best.pth...20260213_102948
At epoch 2208, test loss = 3.8807
...model saved to 15_exp/models/FloydWarshallDataset_tropical_0.0001_20000_20260213_095520_relu_best.pth...20260213_102949
At epoch 2209, test loss = 3.8749
...model saved to 15_exp/models/FloydWarshallDataset_tropical_0.0001_20000_20260213_095520_relu_best.pth...20260213_102949
At epoch 2211, test loss = 3.8652
...model saved to 15_exp/models/FloydWarshallDataset_tropical_0.0001_20000_20260213_095520_relu_best.pth...20260213_102951
At epoch 2213, test loss = 3.8541
...model saved to 15_exp/models/FloydWarshallDataset_tropical_0.0001_20000_20260213_095520_relu_best.pth...20260213_102952
At epoch 2221, test loss = 3.8454
...model saved to 15_exp/models/FloydWarshallDataset_tropical_0.0001_20000_20260213_095520_relu_best.pth...20260213_102957
At epoch 2227, test loss = 3.8407
...model saved to 15_exp/models/FloydWarshallDataset_tropical_0.0001_20000_20260213_095520_relu_best.pth...20260213_103001
At epoch 2228, test loss = 3.8387
...model saved to 15_exp/models/FloydWarshallDataset_tropical_0.0001_20000_20260213_095520_relu_best.pth...20260213_103002
At epoch 2229, test loss = 3.8301
...model saved to 15_exp/models/FloydWarshallDataset_tropical_0.0001_20000_20260213_095520_relu_best.pth...20260213_103002
At epoch 2234, test loss = 3.8291
...model saved to 15_exp/models/FloydWarshallDataset_tropical_0.0001_20000_20260213_095520_relu_best.pth...20260213_103006
At epoch 2236, test loss = 3.8172
...model saved to 15_exp/models/FloydWarshallDataset_tropical_0.0001_20000_20260213_095520_relu_best.pth...20260213_103007
At epoch 2239, test loss = 3.7943
...model saved to 15_exp/models/FloydWarshallDataset_tropical_0.0001_20000_20260213_095520_relu_best.pth...20260213_103009
At epoch 2243, test loss = 3.7870
...model saved to 15_exp/models/FloydWarshallDataset_tropical_0.0001_20000_20260213_095520_relu_best.pth...20260213_103011
At epoch 2251, test loss = 3.7860
...model saved to 15_exp/models/FloydWarshallDataset_tropical_0.0001_20000_20260213_095520_relu_best.pth...20260213_103017
At epoch 2252, test loss = 3.7788
...model saved to 15_exp/models/FloydWarshallDataset_tropical_0.0001_20000_20260213_095520_relu_best.pth...20260213_103017
At epoch 2259, test loss = 3.7653
...model saved to 15_exp/models/FloydWarshallDataset_tropical_0.0001_20000_20260213_095520_relu_best.pth...20260213_103022
At epoch 2264, test loss = 3.7643
...model saved to 15_exp/models/FloydWarshallDataset_tropical_0.0001_20000_20260213_095520_relu_best.pth...20260213_103025
At epoch 2265, test loss = 3.7460
...model saved to 15_exp/models/FloydWarshallDataset_tropical_0.0001_20000_20260213_095520_relu_best.pth...20260213_103026
At epoch 2271, test loss = 3.7247
...model saved to 15_exp/models/FloydWarshallDataset_tropical_0.0001_20000_20260213_095520_relu_best.pth...20260213_103030
At epoch 2284, test loss = 3.7055
...model saved to 15_exp/models/FloydWarshallDataset_tropical_0.0001_20000_20260213_095520_relu_best.pth...20260213_103038
At epoch 2289, test loss = 3.6966
...model saved to 15_exp/models/FloydWarshallDataset_tropical_0.0001_20000_20260213_095520_relu_best.pth...20260213_103041
At epoch 2296, test loss = 3.6862
...model saved to 15_exp/models/FloydWarshallDataset_tropical_0.0001_20000_20260213_095520_relu_best.pth...20260213_103046
At epoch 2304, test loss = 3.6796
...model saved to 15_exp/models/FloydWarshallDataset_tropical_0.0001_20000_20260213_095520_relu_best.pth...20260213_103051
At epoch 2306, test loss = 3.6704
...model saved to 15_exp/models/FloydWarshallDataset_tropical_0.0001_20000_20260213_095520_relu_best.pth...20260213_103052
At epoch 2307, test loss = 3.6671
...model saved to 15_exp/models/FloydWarshallDataset_tropical_0.0001_20000_20260213_095520_relu_best.pth...20260213_103053
At epoch 2313, test loss = 3.6613
...model saved to 15_exp/models/FloydWarshallDataset_tropical_0.0001_20000_20260213_095520_relu_best.pth...20260213_103057
At epoch 2317, test loss = 3.6514
...model saved to 15_exp/models/FloydWarshallDataset_tropical_0.0001_20000_20260213_095520_relu_best.pth...20260213_103100
At epoch 2321, test loss = 3.6380
...model saved to 15_exp/models/FloydWarshallDataset_tropical_0.0001_20000_20260213_095520_relu_best.pth...20260213_103103
At epoch 2331, test loss = 3.6303
...model saved to 15_exp/models/FloydWarshallDataset_tropical_0.0001_20000_20260213_095520_relu_best.pth...20260213_103110
At epoch 2333, test loss = 3.6268
...model saved to 15_exp/models/FloydWarshallDataset_tropical_0.0001_20000_20260213_095520_relu_best.pth...20260213_103111
At epoch 2334, test loss = 3.6194
...model saved to 15_exp/models/FloydWarshallDataset_tropical_0.0001_20000_20260213_095520_relu_best.pth...20260213_103112
At epoch 2340, test loss = 3.6031
...model saved to 15_exp/models/FloydWarshallDataset_tropical_0.0001_20000_20260213_095520_relu_best.pth...20260213_103116
At epoch 2344, test loss = 3.5998
...model saved to 15_exp/models/FloydWarshallDataset_tropical_0.0001_20000_20260213_095520_relu_best.pth...20260213_103119
At epoch 2352, test loss = 3.5777
...model saved to 15_exp/models/FloydWarshallDataset_tropical_0.0001_20000_20260213_095520_relu_best.pth...20260213_103124
At epoch 2354, test loss = 3.5670
...model saved to 15_exp/models/FloydWarshallDataset_tropical_0.0001_20000_20260213_095520_relu_best.pth...20260213_103126
At epoch 2365, test loss = 3.5629
...model saved to 15_exp/models/FloydWarshallDataset_tropical_0.0001_20000_20260213_095520_relu_best.pth...20260213_103133
At epoch 2370, test loss = 3.5598
...model saved to 15_exp/models/FloydWarshallDataset_tropical_0.0001_20000_20260213_095520_relu_best.pth...20260213_103136
At epoch 2372, test loss = 3.5459
...model saved to 15_exp/models/FloydWarshallDataset_tropical_0.0001_20000_20260213_095520_relu_best.pth...20260213_103138
At epoch 2379, test loss = 3.5381
...model saved to 15_exp/models/FloydWarshallDataset_tropical_0.0001_20000_20260213_095520_relu_best.pth...20260213_103142
At epoch 2383, test loss = 3.5355
...model saved to 15_exp/models/FloydWarshallDataset_tropical_0.0001_20000_20260213_095520_relu_best.pth...20260213_103145
At epoch 2386, test loss = 3.5342
...model saved to 15_exp/models/FloydWarshallDataset_tropical_0.0001_20000_20260213_095520_relu_best.pth...20260213_103147
At epoch 2392, test loss = 3.5135
...model saved to 15_exp/models/FloydWarshallDataset_tropical_0.0001_20000_20260213_095520_relu_best.pth...20260213_103150
At epoch 2397, test loss = 3.5051
...model saved to 15_exp/models/FloydWarshallDataset_tropical_0.0001_20000_20260213_095520_relu_best.pth...20260213_103154
At epoch 2402, test loss = 3.5030
...model saved to 15_exp/models/FloydWarshallDataset_tropical_0.0001_20000_20260213_095520_relu_best.pth...20260213_103157
At epoch 2404, test loss = 3.5029
...model saved to 15_exp/models/FloydWarshallDataset_tropical_0.0001_20000_20260213_095520_relu_best.pth...20260213_103158
At epoch 2406, test loss = 3.4872
...model saved to 15_exp/models/FloydWarshallDataset_tropical_0.0001_20000_20260213_095520_relu_best.pth...20260213_103200
At epoch 2410, test loss = 3.4841
...model saved to 15_exp/models/FloydWarshallDataset_tropical_0.0001_20000_20260213_095520_relu_best.pth...20260213_103202
At epoch 2413, test loss = 3.4796
...model saved to 15_exp/models/FloydWarshallDataset_tropical_0.0001_20000_20260213_095520_relu_best.pth...20260213_103204
At epoch 2419, test loss = 3.4770
...model saved to 15_exp/models/FloydWarshallDataset_tropical_0.0001_20000_20260213_095520_relu_best.pth...20260213_103208
At epoch 2421, test loss = 3.4655
...model saved to 15_exp/models/FloydWarshallDataset_tropical_0.0001_20000_20260213_095520_relu_best.pth...20260213_103209
At epoch 2431, test loss = 3.4592
...model saved to 15_exp/models/FloydWarshallDataset_tropical_0.0001_20000_20260213_095520_relu_best.pth...20260213_103216
At epoch 2433, test loss = 3.4491
...model saved to 15_exp/models/FloydWarshallDataset_tropical_0.0001_20000_20260213_095520_relu_best.pth...20260213_103218
At epoch 2442, test loss = 3.4475
...model saved to 15_exp/models/FloydWarshallDataset_tropical_0.0001_20000_20260213_095520_relu_best.pth...20260213_103223
At epoch 2443, test loss = 3.4336
...model saved to 15_exp/models/FloydWarshallDataset_tropical_0.0001_20000_20260213_095520_relu_best.pth...20260213_103224
At epoch 2451, test loss = 3.4274
...model saved to 15_exp/models/FloydWarshallDataset_tropical_0.0001_20000_20260213_095520_relu_best.pth...20260213_103229
At epoch 2453, test loss = 3.4227
...model saved to 15_exp/models/FloydWarshallDataset_tropical_0.0001_20000_20260213_095520_relu_best.pth...20260213_103231
At epoch 2458, test loss = 3.4221
...model saved to 15_exp/models/FloydWarshallDataset_tropical_0.0001_20000_20260213_095520_relu_best.pth...20260213_103234
At epoch 2459, test loss = 3.4184
...model saved to 15_exp/models/FloydWarshallDataset_tropical_0.0001_20000_20260213_095520_relu_best.pth...20260213_103235
At epoch 2460, test loss = 3.4102
...model saved to 15_exp/models/FloydWarshallDataset_tropical_0.0001_20000_20260213_095520_relu_best.pth...20260213_103235
At epoch 2464, test loss = 3.4085
...model saved to 15_exp/models/FloydWarshallDataset_tropical_0.0001_20000_20260213_095520_relu_best.pth...20260213_103238
At epoch 2469, test loss = 3.3972
...model saved to 15_exp/models/FloydWarshallDataset_tropical_0.0001_20000_20260213_095520_relu_best.pth...20260213_103241
At epoch 2474, test loss = 3.3931
...model saved to 15_exp/models/FloydWarshallDataset_tropical_0.0001_20000_20260213_095520_relu_best.pth...20260213_103245
At epoch 2476, test loss = 3.3910
...model saved to 15_exp/models/FloydWarshallDataset_tropical_0.0001_20000_20260213_095520_relu_best.pth...20260213_103246
At epoch 2478, test loss = 3.3880
...model saved to 15_exp/models/FloydWarshallDataset_tropical_0.0001_20000_20260213_095520_relu_best.pth...20260213_103247
At epoch 2484, test loss = 3.3794
...model saved to 15_exp/models/FloydWarshallDataset_tropical_0.0001_20000_20260213_095520_relu_best.pth...20260213_103251
At epoch 2492, test loss = 3.3517
...model saved to 15_exp/models/FloydWarshallDataset_tropical_0.0001_20000_20260213_095520_relu_best.pth...20260213_103256
At epoch 2500, test loss = 3.3498
...model saved to 15_exp/models/FloydWarshallDataset_tropical_0.0001_20000_20260213_095520_relu_best.pth...20260213_103302
At epoch 2509, test loss = 3.3451
...model saved to 15_exp/models/FloydWarshallDataset_tropical_0.0001_20000_20260213_095520_relu_best.pth...20260213_103307
At epoch 2511, test loss = 3.3306
...model saved to 15_exp/models/FloydWarshallDataset_tropical_0.0001_20000_20260213_095520_relu_best.pth...20260213_103309
At epoch 2514, test loss = 3.3304
...model saved to 15_exp/models/FloydWarshallDataset_tropical_0.0001_20000_20260213_095520_relu_best.pth...20260213_103311
At epoch 2525, test loss = 3.3291
...model saved to 15_exp/models/FloydWarshallDataset_tropical_0.0001_20000_20260213_095520_relu_best.pth...20260213_103318
At epoch 2529, test loss = 3.3100
...model saved to 15_exp/models/FloydWarshallDataset_tropical_0.0001_20000_20260213_095520_relu_best.pth...20260213_103320
At epoch 2533, test loss = 3.3093
...model saved to 15_exp/models/FloydWarshallDataset_tropical_0.0001_20000_20260213_095520_relu_best.pth...20260213_103323
At epoch 2534, test loss = 3.3066
...model saved to 15_exp/models/FloydWarshallDataset_tropical_0.0001_20000_20260213_095520_relu_best.pth...20260213_103324
At epoch 2536, test loss = 3.3043
...model saved to 15_exp/models/FloydWarshallDataset_tropical_0.0001_20000_20260213_095520_relu_best.pth...20260213_103325
At epoch 2540, test loss = 3.2896
...model saved to 15_exp/models/FloydWarshallDataset_tropical_0.0001_20000_20260213_095520_relu_best.pth...20260213_103328
At epoch 2544, test loss = 3.2852
...model saved to 15_exp/models/FloydWarshallDataset_tropical_0.0001_20000_20260213_095520_relu_best.pth...20260213_103330
At epoch 2548, test loss = 3.2843
...model saved to 15_exp/models/FloydWarshallDataset_tropical_0.0001_20000_20260213_095520_relu_best.pth...20260213_103333
At epoch 2551, test loss = 3.2818
...model saved to 15_exp/models/FloydWarshallDataset_tropical_0.0001_20000_20260213_095520_relu_best.pth...20260213_103335
At epoch 2556, test loss = 3.2732
...model saved to 15_exp/models/FloydWarshallDataset_tropical_0.0001_20000_20260213_095520_relu_best.pth...20260213_103338
At epoch 2565, test loss = 3.2726
...model saved to 15_exp/models/FloydWarshallDataset_tropical_0.0001_20000_20260213_095520_relu_best.pth...20260213_103344
At epoch 2567, test loss = 3.2717
...model saved to 15_exp/models/FloydWarshallDataset_tropical_0.0001_20000_20260213_095520_relu_best.pth...20260213_103346
At epoch 2572, test loss = 3.2645
...model saved to 15_exp/models/FloydWarshallDataset_tropical_0.0001_20000_20260213_095520_relu_best.pth...20260213_103349
At epoch 2574, test loss = 3.2567
...model saved to 15_exp/models/FloydWarshallDataset_tropical_0.0001_20000_20260213_095520_relu_best.pth...20260213_103350
At epoch 2583, test loss = 3.2564
...model saved to 15_exp/models/FloydWarshallDataset_tropical_0.0001_20000_20260213_095520_relu_best.pth...20260213_103356
At epoch 2584, test loss = 3.2520
...model saved to 15_exp/models/FloydWarshallDataset_tropical_0.0001_20000_20260213_095520_relu_best.pth...20260213_103357
At epoch 2585, test loss = 3.2507
...model saved to 15_exp/models/FloydWarshallDataset_tropical_0.0001_20000_20260213_095520_relu_best.pth...20260213_103357
At epoch 2587, test loss = 3.2505
...model saved to 15_exp/models/FloydWarshallDataset_tropical_0.0001_20000_20260213_095520_relu_best.pth...20260213_103359
At epoch 2588, test loss = 3.2493
...model saved to 15_exp/models/FloydWarshallDataset_tropical_0.0001_20000_20260213_095520_relu_best.pth...20260213_103359
At epoch 2589, test loss = 3.2370
...model saved to 15_exp/models/FloydWarshallDataset_tropical_0.0001_20000_20260213_095520_relu_best.pth...20260213_103400
At epoch 2593, test loss = 3.2236
...model saved to 15_exp/models/FloydWarshallDataset_tropical_0.0001_20000_20260213_095520_relu_best.pth...20260213_103403
At epoch 2604, test loss = 3.2210
...model saved to 15_exp/models/FloydWarshallDataset_tropical_0.0001_20000_20260213_095520_relu_best.pth...20260213_103410
At epoch 2605, test loss = 3.2146
...model saved to 15_exp/models/FloydWarshallDataset_tropical_0.0001_20000_20260213_095520_relu_best.pth...20260213_103411
At epoch 2612, test loss = 3.2013
...model saved to 15_exp/models/FloydWarshallDataset_tropical_0.0001_20000_20260213_095520_relu_best.pth...20260213_103416
At epoch 2614, test loss = 3.2006
...model saved to 15_exp/models/FloydWarshallDataset_tropical_0.0001_20000_20260213_095520_relu_best.pth...20260213_103417
At epoch 2619, test loss = 3.1958
...model saved to 15_exp/models/FloydWarshallDataset_tropical_0.0001_20000_20260213_095520_relu_best.pth...20260213_103421
At epoch 2621, test loss = 3.1896
...model saved to 15_exp/models/FloydWarshallDataset_tropical_0.0001_20000_20260213_095520_relu_best.pth...20260213_103422
At epoch 2624, test loss = 3.1726
...model saved to 15_exp/models/FloydWarshallDataset_tropical_0.0001_20000_20260213_095520_relu_best.pth...20260213_103425
At epoch 2639, test loss = 3.1655
...model saved to 15_exp/models/FloydWarshallDataset_tropical_0.0001_20000_20260213_095520_relu_best.pth...20260213_103435
At epoch 2644, test loss = 3.1604
...model saved to 15_exp/models/FloydWarshallDataset_tropical_0.0001_20000_20260213_095520_relu_best.pth...20260213_103438
At epoch 2656, test loss = 3.1441
...model saved to 15_exp/models/FloydWarshallDataset_tropical_0.0001_20000_20260213_095520_relu_best.pth...20260213_103446
At epoch 2660, test loss = 3.1403
...model saved to 15_exp/models/FloydWarshallDataset_tropical_0.0001_20000_20260213_095520_relu_best.pth...20260213_103448
At epoch 2667, test loss = 3.1396
...model saved to 15_exp/models/FloydWarshallDataset_tropical_0.0001_20000_20260213_095520_relu_best.pth...20260213_103453
At epoch 2672, test loss = 3.1315
...model saved to 15_exp/models/FloydWarshallDataset_tropical_0.0001_20000_20260213_095520_relu_best.pth...20260213_103456
At epoch 2673, test loss = 3.1293
...model saved to 15_exp/models/FloydWarshallDataset_tropical_0.0001_20000_20260213_095520_relu_best.pth...20260213_103457
At epoch 2674, test loss = 3.1251
...model saved to 15_exp/models/FloydWarshallDataset_tropical_0.0001_20000_20260213_095520_relu_best.pth...20260213_103458
At epoch 2679, test loss = 3.1215
...model saved to 15_exp/models/FloydWarshallDataset_tropical_0.0001_20000_20260213_095520_relu_best.pth...20260213_103501
At epoch 2680, test loss = 3.1105
...model saved to 15_exp/models/FloydWarshallDataset_tropical_0.0001_20000_20260213_095520_relu_best.pth...20260213_103502
At epoch 2690, test loss = 3.1050
...model saved to 15_exp/models/FloydWarshallDataset_tropical_0.0001_20000_20260213_095520_relu_best.pth...20260213_103508
At epoch 2695, test loss = 3.1049
...model saved to 15_exp/models/FloydWarshallDataset_tropical_0.0001_20000_20260213_095520_relu_best.pth...20260213_103511
At epoch 2696, test loss = 3.1015
...model saved to 15_exp/models/FloydWarshallDataset_tropical_0.0001_20000_20260213_095520_relu_best.pth...20260213_103512
At epoch 2698, test loss = 3.0964
...model saved to 15_exp/models/FloydWarshallDataset_tropical_0.0001_20000_20260213_095520_relu_best.pth...20260213_103513
At epoch 2702, test loss = 3.0912
...model saved to 15_exp/models/FloydWarshallDataset_tropical_0.0001_20000_20260213_095520_relu_best.pth...20260213_103516
At epoch 2705, test loss = 3.0882
...model saved to 15_exp/models/FloydWarshallDataset_tropical_0.0001_20000_20260213_095520_relu_best.pth...20260213_103518
At epoch 2713, test loss = 3.0851
...model saved to 15_exp/models/FloydWarshallDataset_tropical_0.0001_20000_20260213_095520_relu_best.pth...20260213_103523
At epoch 2715, test loss = 3.0748
...model saved to 15_exp/models/FloydWarshallDataset_tropical_0.0001_20000_20260213_095520_relu_best.pth...20260213_103525
At epoch 2718, test loss = 3.0735
...model saved to 15_exp/models/FloydWarshallDataset_tropical_0.0001_20000_20260213_095520_relu_best.pth...20260213_103527
At epoch 2722, test loss = 3.0684
...model saved to 15_exp/models/FloydWarshallDataset_tropical_0.0001_20000_20260213_095520_relu_best.pth...20260213_103529
At epoch 2723, test loss = 3.0607
...model saved to 15_exp/models/FloydWarshallDataset_tropical_0.0001_20000_20260213_095520_relu_best.pth...20260213_103530
At epoch 2732, test loss = 3.0596
...model saved to 15_exp/models/FloydWarshallDataset_tropical_0.0001_20000_20260213_095520_relu_best.pth...20260213_103536
At epoch 2735, test loss = 3.0592
...model saved to 15_exp/models/FloydWarshallDataset_tropical_0.0001_20000_20260213_095520_relu_best.pth...20260213_103537
At epoch 2736, test loss = 3.0504
...model saved to 15_exp/models/FloydWarshallDataset_tropical_0.0001_20000_20260213_095520_relu_best.pth...20260213_103538
At epoch 2740, test loss = 3.0501
...model saved to 15_exp/models/FloydWarshallDataset_tropical_0.0001_20000_20260213_095520_relu_best.pth...20260213_103541
At epoch 2745, test loss = 3.0336
...model saved to 15_exp/models/FloydWarshallDataset_tropical_0.0001_20000_20260213_095520_relu_best.pth...20260213_103544
At epoch 2759, test loss = 3.0330
...model saved to 15_exp/models/FloydWarshallDataset_tropical_0.0001_20000_20260213_095520_relu_best.pth...20260213_103553
At epoch 2767, test loss = 3.0256
...model saved to 15_exp/models/FloydWarshallDataset_tropical_0.0001_20000_20260213_095520_relu_best.pth...20260213_103558
At epoch 2768, test loss = 3.0145
...model saved to 15_exp/models/FloydWarshallDataset_tropical_0.0001_20000_20260213_095520_relu_best.pth...20260213_103559
At epoch 2776, test loss = 3.0058
...model saved to 15_exp/models/FloydWarshallDataset_tropical_0.0001_20000_20260213_095520_relu_best.pth...20260213_103604
At epoch 2779, test loss = 3.0035
...model saved to 15_exp/models/FloydWarshallDataset_tropical_0.0001_20000_20260213_095520_relu_best.pth...20260213_103606
At epoch 2787, test loss = 2.9945
...model saved to 15_exp/models/FloydWarshallDataset_tropical_0.0001_20000_20260213_095520_relu_best.pth...20260213_103611
At epoch 2795, test loss = 2.9941
...model saved to 15_exp/models/FloydWarshallDataset_tropical_0.0001_20000_20260213_095520_relu_best.pth...20260213_103617
At epoch 2798, test loss = 2.9824
...model saved to 15_exp/models/FloydWarshallDataset_tropical_0.0001_20000_20260213_095520_relu_best.pth...20260213_103619
At epoch 2803, test loss = 2.9765
...model saved to 15_exp/models/FloydWarshallDataset_tropical_0.0001_20000_20260213_095520_relu_best.pth...20260213_103622
At epoch 2809, test loss = 2.9760
...model saved to 15_exp/models/FloydWarshallDataset_tropical_0.0001_20000_20260213_095520_relu_best.pth...20260213_103626
At epoch 2812, test loss = 2.9730
...model saved to 15_exp/models/FloydWarshallDataset_tropical_0.0001_20000_20260213_095520_relu_best.pth...20260213_103628
At epoch 2818, test loss = 2.9587
...model saved to 15_exp/models/FloydWarshallDataset_tropical_0.0001_20000_20260213_095520_relu_best.pth...20260213_103632
At epoch 2830, test loss = 2.9547
...model saved to 15_exp/models/FloydWarshallDataset_tropical_0.0001_20000_20260213_095520_relu_best.pth...20260213_103640
At epoch 2832, test loss = 2.9522
...model saved to 15_exp/models/FloydWarshallDataset_tropical_0.0001_20000_20260213_095520_relu_best.pth...20260213_103641
At epoch 2837, test loss = 2.9467
...model saved to 15_exp/models/FloydWarshallDataset_tropical_0.0001_20000_20260213_095520_relu_best.pth...20260213_103644
At epoch 2839, test loss = 2.9408
...model saved to 15_exp/models/FloydWarshallDataset_tropical_0.0001_20000_20260213_095520_relu_best.pth...20260213_103645
At epoch 2840, test loss = 2.9391
...model saved to 15_exp/models/FloydWarshallDataset_tropical_0.0001_20000_20260213_095520_relu_best.pth...20260213_103646
At epoch 2848, test loss = 2.9316
...model saved to 15_exp/models/FloydWarshallDataset_tropical_0.0001_20000_20260213_095520_relu_best.pth...20260213_103651
At epoch 2851, test loss = 2.9199
...model saved to 15_exp/models/FloydWarshallDataset_tropical_0.0001_20000_20260213_095520_relu_best.pth...20260213_103653
At epoch 2863, test loss = 2.9178
...model saved to 15_exp/models/FloydWarshallDataset_tropical_0.0001_20000_20260213_095520_relu_best.pth...20260213_103701
At epoch 2866, test loss = 2.9117
...model saved to 15_exp/models/FloydWarshallDataset_tropical_0.0001_20000_20260213_095520_relu_best.pth...20260213_103703
At epoch 2867, test loss = 2.9112
...model saved to 15_exp/models/FloydWarshallDataset_tropical_0.0001_20000_20260213_095520_relu_best.pth...20260213_103704
At epoch 2870, test loss = 2.9074
...model saved to 15_exp/models/FloydWarshallDataset_tropical_0.0001_20000_20260213_095520_relu_best.pth...20260213_103706
At epoch 2880, test loss = 2.8995
...model saved to 15_exp/models/FloydWarshallDataset_tropical_0.0001_20000_20260213_095520_relu_best.pth...20260213_103712
At epoch 2884, test loss = 2.8967
...model saved to 15_exp/models/FloydWarshallDataset_tropical_0.0001_20000_20260213_095520_relu_best.pth...20260213_103715
At epoch 2885, test loss = 2.8946
...model saved to 15_exp/models/FloydWarshallDataset_tropical_0.0001_20000_20260213_095520_relu_best.pth...20260213_103716
At epoch 2892, test loss = 2.8931
...model saved to 15_exp/models/FloydWarshallDataset_tropical_0.0001_20000_20260213_095520_relu_best.pth...20260213_103720
At epoch 2902, test loss = 2.8890
...model saved to 15_exp/models/FloydWarshallDataset_tropical_0.0001_20000_20260213_095520_relu_best.pth...20260213_103727
At epoch 2903, test loss = 2.8766
...model saved to 15_exp/models/FloydWarshallDataset_tropical_0.0001_20000_20260213_095520_relu_best.pth...20260213_103727
At epoch 2905, test loss = 2.8678
...model saved to 15_exp/models/FloydWarshallDataset_tropical_0.0001_20000_20260213_095520_relu_best.pth...20260213_103729
At epoch 2915, test loss = 2.8677
...model saved to 15_exp/models/FloydWarshallDataset_tropical_0.0001_20000_20260213_095520_relu_best.pth...20260213_103735
At epoch 2918, test loss = 2.8616
...model saved to 15_exp/models/FloydWarshallDataset_tropical_0.0001_20000_20260213_095520_relu_best.pth...20260213_103737
At epoch 2927, test loss = 2.8514
...model saved to 15_exp/models/FloydWarshallDataset_tropical_0.0001_20000_20260213_095520_relu_best.pth...20260213_103743
At epoch 2928, test loss = 2.8459
...model saved to 15_exp/models/FloydWarshallDataset_tropical_0.0001_20000_20260213_095520_relu_best.pth...20260213_103744
At epoch 2933, test loss = 2.8435
...model saved to 15_exp/models/FloydWarshallDataset_tropical_0.0001_20000_20260213_095520_relu_best.pth...20260213_103747
At epoch 2939, test loss = 2.8416
...model saved to 15_exp/models/FloydWarshallDataset_tropical_0.0001_20000_20260213_095520_relu_best.pth...20260213_103751
At epoch 2942, test loss = 2.8325
...model saved to 15_exp/models/FloydWarshallDataset_tropical_0.0001_20000_20260213_095520_relu_best.pth...20260213_103754
At epoch 2951, test loss = 2.8257
...model saved to 15_exp/models/FloydWarshallDataset_tropical_0.0001_20000_20260213_095520_relu_best.pth...20260213_103801
At epoch 2953, test loss = 2.8222
...model saved to 15_exp/models/FloydWarshallDataset_tropical_0.0001_20000_20260213_095520_relu_best.pth...20260213_103802
At epoch 2961, test loss = 2.8205
...model saved to 15_exp/models/FloydWarshallDataset_tropical_0.0001_20000_20260213_095520_relu_best.pth...20260213_103808
At epoch 2963, test loss = 2.8169
...model saved to 15_exp/models/FloydWarshallDataset_tropical_0.0001_20000_20260213_095520_relu_best.pth...20260213_103810
At epoch 2964, test loss = 2.8122
...model saved to 15_exp/models/FloydWarshallDataset_tropical_0.0001_20000_20260213_095520_relu_best.pth...20260213_103810
At epoch 2965, test loss = 2.8095
...model saved to 15_exp/models/FloydWarshallDataset_tropical_0.0001_20000_20260213_095520_relu_best.pth...20260213_103811
At epoch 2972, test loss = 2.8085
...model saved to 15_exp/models/FloydWarshallDataset_tropical_0.0001_20000_20260213_095520_relu_best.pth...20260213_103816
At epoch 2973, test loss = 2.8070
...model saved to 15_exp/models/FloydWarshallDataset_tropical_0.0001_20000_20260213_095520_relu_best.pth...20260213_103817
At epoch 2975, test loss = 2.8041
...model saved to 15_exp/models/FloydWarshallDataset_tropical_0.0001_20000_20260213_095520_relu_best.pth...20260213_103818
At epoch 2982, test loss = 2.8024
...model saved to 15_exp/models/FloydWarshallDataset_tropical_0.0001_20000_20260213_095520_relu_best.pth...20260213_103823
At epoch 2989, test loss = 2.7898
...model saved to 15_exp/models/FloydWarshallDataset_tropical_0.0001_20000_20260213_095520_relu_best.pth...20260213_103828
At epoch 2990, test loss = 2.7844
...model saved to 15_exp/models/FloydWarshallDataset_tropical_0.0001_20000_20260213_095520_relu_best.pth...20260213_103829
At epoch 2995, test loss = 2.7809
...model saved to 15_exp/models/FloydWarshallDataset_tropical_0.0001_20000_20260213_095520_relu_best.pth...20260213_103833
At epoch 3003, test loss = 2.7804
...model saved to 15_exp/models/FloydWarshallDataset_tropical_0.0001_20000_20260213_095520_relu_best.pth...20260213_103838
At epoch 3004, test loss = 2.7736
...model saved to 15_exp/models/FloydWarshallDataset_tropical_0.0001_20000_20260213_095520_relu_best.pth...20260213_103839
At epoch 3012, test loss = 2.7598
...model saved to 15_exp/models/FloydWarshallDataset_tropical_0.0001_20000_20260213_095520_relu_best.pth...20260213_103845
At epoch 3023, test loss = 2.7579
...model saved to 15_exp/models/FloydWarshallDataset_tropical_0.0001_20000_20260213_095520_relu_best.pth...20260213_103853
At epoch 3031, test loss = 2.7499
...model saved to 15_exp/models/FloydWarshallDataset_tropical_0.0001_20000_20260213_095520_relu_best.pth...20260213_103858
At epoch 3035, test loss = 2.7499
...model saved to 15_exp/models/FloydWarshallDataset_tropical_0.0001_20000_20260213_095520_relu_best.pth...20260213_103901
At epoch 3045, test loss = 2.7420
...model saved to 15_exp/models/FloydWarshallDataset_tropical_0.0001_20000_20260213_095520_relu_best.pth...20260213_103907
At epoch 3047, test loss = 2.7341
...model saved to 15_exp/models/FloydWarshallDataset_tropical_0.0001_20000_20260213_095520_relu_best.pth...20260213_103909
At epoch 3053, test loss = 2.7324
...model saved to 15_exp/models/FloydWarshallDataset_tropical_0.0001_20000_20260213_095520_relu_best.pth...20260213_103913
At epoch 3058, test loss = 2.7270
...model saved to 15_exp/models/FloydWarshallDataset_tropical_0.0001_20000_20260213_095520_relu_best.pth...20260213_103916
At epoch 3063, test loss = 2.7255
...model saved to 15_exp/models/FloydWarshallDataset_tropical_0.0001_20000_20260213_095520_relu_best.pth...20260213_103919
At epoch 3065, test loss = 2.7221
...model saved to 15_exp/models/FloydWarshallDataset_tropical_0.0001_20000_20260213_095520_relu_best.pth...20260213_103921
At epoch 3069, test loss = 2.7201
...model saved to 15_exp/models/FloydWarshallDataset_tropical_0.0001_20000_20260213_095520_relu_best.pth...20260213_103923
At epoch 3072, test loss = 2.7179
...model saved to 15_exp/models/FloydWarshallDataset_tropical_0.0001_20000_20260213_095520_relu_best.pth...20260213_103925
At epoch 3076, test loss = 2.7149
...model saved to 15_exp/models/FloydWarshallDataset_tropical_0.0001_20000_20260213_095520_relu_best.pth...20260213_103928
At epoch 3077, test loss = 2.7135
...model saved to 15_exp/models/FloydWarshallDataset_tropical_0.0001_20000_20260213_095520_relu_best.pth...20260213_103928
At epoch 3082, test loss = 2.6990
...model saved to 15_exp/models/FloydWarshallDataset_tropical_0.0001_20000_20260213_095520_relu_best.pth...20260213_103932
At epoch 3095, test loss = 2.6957
...model saved to 15_exp/models/FloydWarshallDataset_tropical_0.0001_20000_20260213_095520_relu_best.pth...20260213_103940
At epoch 3098, test loss = 2.6903
...model saved to 15_exp/models/FloydWarshallDataset_tropical_0.0001_20000_20260213_095520_relu_best.pth...20260213_103942
At epoch 3105, test loss = 2.6880
...model saved to 15_exp/models/FloydWarshallDataset_tropical_0.0001_20000_20260213_095520_relu_best.pth...20260213_103947
At epoch 3108, test loss = 2.6792
...model saved to 15_exp/models/FloydWarshallDataset_tropical_0.0001_20000_20260213_095520_relu_best.pth...20260213_103949
At epoch 3110, test loss = 2.6767
...model saved to 15_exp/models/FloydWarshallDataset_tropical_0.0001_20000_20260213_095520_relu_best.pth...20260213_103950
At epoch 3122, test loss = 2.6663
...model saved to 15_exp/models/FloydWarshallDataset_tropical_0.0001_20000_20260213_095520_relu_best.pth...20260213_103958
At epoch 3131, test loss = 2.6607
...model saved to 15_exp/models/FloydWarshallDataset_tropical_0.0001_20000_20260213_095520_relu_best.pth...20260213_104004
At epoch 3140, test loss = 2.6559
...model saved to 15_exp/models/FloydWarshallDataset_tropical_0.0001_20000_20260213_095520_relu_best.pth...20260213_104010
At epoch 3141, test loss = 2.6483
...model saved to 15_exp/models/FloydWarshallDataset_tropical_0.0001_20000_20260213_095520_relu_best.pth...20260213_104010
At epoch 3149, test loss = 2.6450
...model saved to 15_exp/models/FloydWarshallDataset_tropical_0.0001_20000_20260213_095520_relu_best.pth...20260213_104015
At epoch 3155, test loss = 2.6386
...model saved to 15_exp/models/FloydWarshallDataset_tropical_0.0001_20000_20260213_095520_relu_best.pth...20260213_104019
At epoch 3162, test loss = 2.6337
...model saved to 15_exp/models/FloydWarshallDataset_tropical_0.0001_20000_20260213_095520_relu_best.pth...20260213_104024
At epoch 3166, test loss = 2.6320
...model saved to 15_exp/models/FloydWarshallDataset_tropical_0.0001_20000_20260213_095520_relu_best.pth...20260213_104027
At epoch 3168, test loss = 2.6295
...model saved to 15_exp/models/FloydWarshallDataset_tropical_0.0001_20000_20260213_095520_relu_best.pth...20260213_104028
At epoch 3172, test loss = 2.6194
...model saved to 15_exp/models/FloydWarshallDataset_tropical_0.0001_20000_20260213_095520_relu_best.pth...20260213_104030
At epoch 3178, test loss = 2.6175
...model saved to 15_exp/models/FloydWarshallDataset_tropical_0.0001_20000_20260213_095520_relu_best.pth...20260213_104034
At epoch 3183, test loss = 2.6117
...model saved to 15_exp/models/FloydWarshallDataset_tropical_0.0001_20000_20260213_095520_relu_best.pth...20260213_104038
At epoch 3192, test loss = 2.6068
...model saved to 15_exp/models/FloydWarshallDataset_tropical_0.0001_20000_20260213_095520_relu_best.pth...20260213_104043
At epoch 3193, test loss = 2.5992
...model saved to 15_exp/models/FloydWarshallDataset_tropical_0.0001_20000_20260213_095520_relu_best.pth...20260213_104044
At epoch 3209, test loss = 2.5946
...model saved to 15_exp/models/FloydWarshallDataset_tropical_0.0001_20000_20260213_095520_relu_best.pth...20260213_104054
At epoch 3216, test loss = 2.5903
...model saved to 15_exp/models/FloydWarshallDataset_tropical_0.0001_20000_20260213_095520_relu_best.pth...20260213_104059
At epoch 3225, test loss = 2.5890
...model saved to 15_exp/models/FloydWarshallDataset_tropical_0.0001_20000_20260213_095520_relu_best.pth...20260213_104105
At epoch 3226, test loss = 2.5766
...model saved to 15_exp/models/FloydWarshallDataset_tropical_0.0001_20000_20260213_095520_relu_best.pth...20260213_104105
At epoch 3233, test loss = 2.5762
...model saved to 15_exp/models/FloydWarshallDataset_tropical_0.0001_20000_20260213_095520_relu_best.pth...20260213_104110
At epoch 3236, test loss = 2.5688
...model saved to 15_exp/models/FloydWarshallDataset_tropical_0.0001_20000_20260213_095520_relu_best.pth...20260213_104112
At epoch 3243, test loss = 2.5669
...model saved to 15_exp/models/FloydWarshallDataset_tropical_0.0001_20000_20260213_095520_relu_best.pth...20260213_104116
At epoch 3250, test loss = 2.5654
...model saved to 15_exp/models/FloydWarshallDataset_tropical_0.0001_20000_20260213_095520_relu_best.pth...20260213_104121
At epoch 3254, test loss = 2.5630
...model saved to 15_exp/models/FloydWarshallDataset_tropical_0.0001_20000_20260213_095520_relu_best.pth...20260213_104124
At epoch 3258, test loss = 2.5536
...model saved to 15_exp/models/FloydWarshallDataset_tropical_0.0001_20000_20260213_095520_relu_best.pth...20260213_104126
At epoch 3263, test loss = 2.5524
...model saved to 15_exp/models/FloydWarshallDataset_tropical_0.0001_20000_20260213_095520_relu_best.pth...20260213_104129
At epoch 3268, test loss = 2.5508
...model saved to 15_exp/models/FloydWarshallDataset_tropical_0.0001_20000_20260213_095520_relu_best.pth...20260213_104133
At epoch 3271, test loss = 2.5420
...model saved to 15_exp/models/FloydWarshallDataset_tropical_0.0001_20000_20260213_095520_relu_best.pth...20260213_104135
At epoch 3274, test loss = 2.5411
...model saved to 15_exp/models/FloydWarshallDataset_tropical_0.0001_20000_20260213_095520_relu_best.pth...20260213_104137
At epoch 3278, test loss = 2.5404
...model saved to 15_exp/models/FloydWarshallDataset_tropical_0.0001_20000_20260213_095520_relu_best.pth...20260213_104139
At epoch 3280, test loss = 2.5376
...model saved to 15_exp/models/FloydWarshallDataset_tropical_0.0001_20000_20260213_095520_relu_best.pth...20260213_104141
At epoch 3283, test loss = 2.5348
...model saved to 15_exp/models/FloydWarshallDataset_tropical_0.0001_20000_20260213_095520_relu_best.pth...20260213_104143
At epoch 3292, test loss = 2.5296
...model saved to 15_exp/models/FloydWarshallDataset_tropical_0.0001_20000_20260213_095520_relu_best.pth...20260213_104149
At epoch 3298, test loss = 2.5290
...model saved to 15_exp/models/FloydWarshallDataset_tropical_0.0001_20000_20260213_095520_relu_best.pth...20260213_104152
At epoch 3299, test loss = 2.5184
...model saved to 15_exp/models/FloydWarshallDataset_tropical_0.0001_20000_20260213_095520_relu_best.pth...20260213_104153
At epoch 3305, test loss = 2.5174
...model saved to 15_exp/models/FloydWarshallDataset_tropical_0.0001_20000_20260213_095520_relu_best.pth...20260213_104157
At epoch 3306, test loss = 2.5152
...model saved to 15_exp/models/FloydWarshallDataset_tropical_0.0001_20000_20260213_095520_relu_best.pth...20260213_104158
At epoch 3307, test loss = 2.5132
...model saved to 15_exp/models/FloydWarshallDataset_tropical_0.0001_20000_20260213_095520_relu_best.pth...20260213_104158
At epoch 3319, test loss = 2.5062
...model saved to 15_exp/models/FloydWarshallDataset_tropical_0.0001_20000_20260213_095520_relu_best.pth...20260213_104206
At epoch 3328, test loss = 2.4995
...model saved to 15_exp/models/FloydWarshallDataset_tropical_0.0001_20000_20260213_095520_relu_best.pth...20260213_104212
At epoch 3338, test loss = 2.4958
...model saved to 15_exp/models/FloydWarshallDataset_tropical_0.0001_20000_20260213_095520_relu_best.pth...20260213_104218
At epoch 3339, test loss = 2.4938
...model saved to 15_exp/models/FloydWarshallDataset_tropical_0.0001_20000_20260213_095520_relu_best.pth...20260213_104219
At epoch 3343, test loss = 2.4904
...model saved to 15_exp/models/FloydWarshallDataset_tropical_0.0001_20000_20260213_095520_relu_best.pth...20260213_104222
At epoch 3351, test loss = 2.4844
...model saved to 15_exp/models/FloydWarshallDataset_tropical_0.0001_20000_20260213_095520_relu_best.pth...20260213_104227
At epoch 3354, test loss = 2.4841
...model saved to 15_exp/models/FloydWarshallDataset_tropical_0.0001_20000_20260213_095520_relu_best.pth...20260213_104229
At epoch 3357, test loss = 2.4825
...model saved to 15_exp/models/FloydWarshallDataset_tropical_0.0001_20000_20260213_095520_relu_best.pth...20260213_104231
At epoch 3364, test loss = 2.4813
...model saved to 15_exp/models/FloydWarshallDataset_tropical_0.0001_20000_20260213_095520_relu_best.pth...20260213_104235
At epoch 3369, test loss = 2.4790
...model saved to 15_exp/models/FloydWarshallDataset_tropical_0.0001_20000_20260213_095520_relu_best.pth...20260213_104238
At epoch 3374, test loss = 2.4687
...model saved to 15_exp/models/FloydWarshallDataset_tropical_0.0001_20000_20260213_095520_relu_best.pth...20260213_104242
At epoch 3377, test loss = 2.4648
...model saved to 15_exp/models/FloydWarshallDataset_tropical_0.0001_20000_20260213_095520_relu_best.pth...20260213_104244
At epoch 3392, test loss = 2.4601
...model saved to 15_exp/models/FloydWarshallDataset_tropical_0.0001_20000_20260213_095520_relu_best.pth...20260213_104253
At epoch 3393, test loss = 2.4547
...model saved to 15_exp/models/FloydWarshallDataset_tropical_0.0001_20000_20260213_095520_relu_best.pth...20260213_104254
At epoch 3409, test loss = 2.4485
...model saved to 15_exp/models/FloydWarshallDataset_tropical_0.0001_20000_20260213_095520_relu_best.pth...20260213_104304
At epoch 3422, test loss = 2.4415
...model saved to 15_exp/models/FloydWarshallDataset_tropical_0.0001_20000_20260213_095520_relu_best.pth...20260213_104313
At epoch 3428, test loss = 2.4356
...model saved to 15_exp/models/FloydWarshallDataset_tropical_0.0001_20000_20260213_095520_relu_best.pth...20260213_104316
At epoch 3432, test loss = 2.4338
...model saved to 15_exp/models/FloydWarshallDataset_tropical_0.0001_20000_20260213_095520_relu_best.pth...20260213_104319
At epoch 3434, test loss = 2.4286
...model saved to 15_exp/models/FloydWarshallDataset_tropical_0.0001_20000_20260213_095520_relu_best.pth...20260213_104321
At epoch 3437, test loss = 2.4267
...model saved to 15_exp/models/FloydWarshallDataset_tropical_0.0001_20000_20260213_095520_relu_best.pth...20260213_104322
At epoch 3447, test loss = 2.4264
...model saved to 15_exp/models/FloydWarshallDataset_tropical_0.0001_20000_20260213_095520_relu_best.pth...20260213_104329
At epoch 3448, test loss = 2.4252
...model saved to 15_exp/models/FloydWarshallDataset_tropical_0.0001_20000_20260213_095520_relu_best.pth...20260213_104330
At epoch 3450, test loss = 2.4237
...model saved to 15_exp/models/FloydWarshallDataset_tropical_0.0001_20000_20260213_095520_relu_best.pth...20260213_104331
At epoch 3451, test loss = 2.4087
...model saved to 15_exp/models/FloydWarshallDataset_tropical_0.0001_20000_20260213_095520_relu_best.pth...20260213_104332
At epoch 3473, test loss = 2.4064
...model saved to 15_exp/models/FloydWarshallDataset_tropical_0.0001_20000_20260213_095520_relu_best.pth...20260213_104346
At epoch 3480, test loss = 2.3997
...model saved to 15_exp/models/FloydWarshallDataset_tropical_0.0001_20000_20260213_095520_relu_best.pth...20260213_104351
At epoch 3489, test loss = 2.3966
...model saved to 15_exp/models/FloydWarshallDataset_tropical_0.0001_20000_20260213_095520_relu_best.pth...20260213_104357
At epoch 3490, test loss = 2.3933
...model saved to 15_exp/models/FloydWarshallDataset_tropical_0.0001_20000_20260213_095520_relu_best.pth...20260213_104357
At epoch 3494, test loss = 2.3867
...model saved to 15_exp/models/FloydWarshallDataset_tropical_0.0001_20000_20260213_095520_relu_best.pth...20260213_104400
At epoch 3514, test loss = 2.3802
...model saved to 15_exp/models/FloydWarshallDataset_tropical_0.0001_20000_20260213_095520_relu_best.pth...20260213_104413
At epoch 3523, test loss = 2.3799
...model saved to 15_exp/models/FloydWarshallDataset_tropical_0.0001_20000_20260213_095520_relu_best.pth...20260213_104419
At epoch 3527, test loss = 2.3745
...model saved to 15_exp/models/FloydWarshallDataset_tropical_0.0001_20000_20260213_095520_relu_best.pth...20260213_104422
At epoch 3528, test loss = 2.3734
...model saved to 15_exp/models/FloydWarshallDataset_tropical_0.0001_20000_20260213_095520_relu_best.pth...20260213_104422
At epoch 3532, test loss = 2.3696
...model saved to 15_exp/models/FloydWarshallDataset_tropical_0.0001_20000_20260213_095520_relu_best.pth...20260213_104425
At epoch 3533, test loss = 2.3547
...model saved to 15_exp/models/FloydWarshallDataset_tropical_0.0001_20000_20260213_095520_relu_best.pth...20260213_104426
At epoch 3559, test loss = 2.3462
...model saved to 15_exp/models/FloydWarshallDataset_tropical_0.0001_20000_20260213_095520_relu_best.pth...20260213_104442
At epoch 3574, test loss = 2.3410
...model saved to 15_exp/models/FloydWarshallDataset_tropical_0.0001_20000_20260213_095520_relu_best.pth...20260213_104452
At epoch 3588, test loss = 2.3357
...model saved to 15_exp/models/FloydWarshallDataset_tropical_0.0001_20000_20260213_095520_relu_best.pth...20260213_104501
At epoch 3590, test loss = 2.3356
...model saved to 15_exp/models/FloydWarshallDataset_tropical_0.0001_20000_20260213_095520_relu_best.pth...20260213_104503
At epoch 3597, test loss = 2.3238
...model saved to 15_exp/models/FloydWarshallDataset_tropical_0.0001_20000_20260213_095520_relu_best.pth...20260213_104507
At epoch 3614, test loss = 2.3206
...model saved to 15_exp/models/FloydWarshallDataset_tropical_0.0001_20000_20260213_095520_relu_best.pth...20260213_104518
At epoch 3618, test loss = 2.3094
...model saved to 15_exp/models/FloydWarshallDataset_tropical_0.0001_20000_20260213_095520_relu_best.pth...20260213_104521
At epoch 3633, test loss = 2.3043
...model saved to 15_exp/models/FloydWarshallDataset_tropical_0.0001_20000_20260213_095520_relu_best.pth...20260213_104531
At epoch 3651, test loss = 2.3001
...model saved to 15_exp/models/FloydWarshallDataset_tropical_0.0001_20000_20260213_095520_relu_best.pth...20260213_104542
At epoch 3653, test loss = 2.2998
...model saved to 15_exp/models/FloydWarshallDataset_tropical_0.0001_20000_20260213_095520_relu_best.pth...20260213_104544
At epoch 3659, test loss = 2.2919
...model saved to 15_exp/models/FloydWarshallDataset_tropical_0.0001_20000_20260213_095520_relu_best.pth...20260213_104548
At epoch 3664, test loss = 2.2873
...model saved to 15_exp/models/FloydWarshallDataset_tropical_0.0001_20000_20260213_095520_relu_best.pth...20260213_104551
At epoch 3668, test loss = 2.2817
...model saved to 15_exp/models/FloydWarshallDataset_tropical_0.0001_20000_20260213_095520_relu_best.pth...20260213_104554
At epoch 3682, test loss = 2.2778
...model saved to 15_exp/models/FloydWarshallDataset_tropical_0.0001_20000_20260213_095520_relu_best.pth...20260213_104603
At epoch 3698, test loss = 2.2703
...model saved to 15_exp/models/FloydWarshallDataset_tropical_0.0001_20000_20260213_095520_relu_best.pth...20260213_104613
At epoch 3701, test loss = 2.2637
...model saved to 15_exp/models/FloydWarshallDataset_tropical_0.0001_20000_20260213_095520_relu_best.pth...20260213_104615
At epoch 3717, test loss = 2.2604
...model saved to 15_exp/models/FloydWarshallDataset_tropical_0.0001_20000_20260213_095520_relu_best.pth...20260213_104626
At epoch 3718, test loss = 2.2585
...model saved to 15_exp/models/FloydWarshallDataset_tropical_0.0001_20000_20260213_095520_relu_best.pth...20260213_104626
At epoch 3724, test loss = 2.2547
...model saved to 15_exp/models/FloydWarshallDataset_tropical_0.0001_20000_20260213_095520_relu_best.pth...20260213_104630
At epoch 3732, test loss = 2.2511
...model saved to 15_exp/models/FloydWarshallDataset_tropical_0.0001_20000_20260213_095520_relu_best.pth...20260213_104635
At epoch 3743, test loss = 2.2486
...model saved to 15_exp/models/FloydWarshallDataset_tropical_0.0001_20000_20260213_095520_relu_best.pth...20260213_104643
At epoch 3745, test loss = 2.2360
...model saved to 15_exp/models/FloydWarshallDataset_tropical_0.0001_20000_20260213_095520_relu_best.pth...20260213_104644
At epoch 3754, test loss = 2.2330
...model saved to 15_exp/models/FloydWarshallDataset_tropical_0.0001_20000_20260213_095520_relu_best.pth...20260213_104650
At epoch 3760, test loss = 2.2325
...model saved to 15_exp/models/FloydWarshallDataset_tropical_0.0001_20000_20260213_095520_relu_best.pth...20260213_104654
At epoch 3763, test loss = 2.2316
...model saved to 15_exp/models/FloydWarshallDataset_tropical_0.0001_20000_20260213_095520_relu_best.pth...20260213_104656
At epoch 3769, test loss = 2.2272
...model saved to 15_exp/models/FloydWarshallDataset_tropical_0.0001_20000_20260213_095520_relu_best.pth...20260213_104700
At epoch 3787, test loss = 2.2245
...model saved to 15_exp/models/FloydWarshallDataset_tropical_0.0001_20000_20260213_095520_relu_best.pth...20260213_104711
At epoch 3790, test loss = 2.2233
...model saved to 15_exp/models/FloydWarshallDataset_tropical_0.0001_20000_20260213_095520_relu_best.pth...20260213_104713
At epoch 3794, test loss = 2.2187
...model saved to 15_exp/models/FloydWarshallDataset_tropical_0.0001_20000_20260213_095520_relu_best.pth...20260213_104716
At epoch 3806, test loss = 2.2132
...model saved to 15_exp/models/FloydWarshallDataset_tropical_0.0001_20000_20260213_095520_relu_best.pth...20260213_104724
At epoch 3808, test loss = 2.2116
...model saved to 15_exp/models/FloydWarshallDataset_tropical_0.0001_20000_20260213_095520_relu_best.pth...20260213_104725
At epoch 3819, test loss = 2.2115
...model saved to 15_exp/models/FloydWarshallDataset_tropical_0.0001_20000_20260213_095520_relu_best.pth...20260213_104732
At epoch 3821, test loss = 2.2049
...model saved to 15_exp/models/FloydWarshallDataset_tropical_0.0001_20000_20260213_095520_relu_best.pth...20260213_104733
At epoch 3827, test loss = 2.2041
...model saved to 15_exp/models/FloydWarshallDataset_tropical_0.0001_20000_20260213_095520_relu_best.pth...20260213_104738
At epoch 3834, test loss = 2.2019
...model saved to 15_exp/models/FloydWarshallDataset_tropical_0.0001_20000_20260213_095520_relu_best.pth...20260213_104742
At epoch 3836, test loss = 2.1979
...model saved to 15_exp/models/FloydWarshallDataset_tropical_0.0001_20000_20260213_095520_relu_best.pth...20260213_104744
At epoch 3841, test loss = 2.1852
...model saved to 15_exp/models/FloydWarshallDataset_tropical_0.0001_20000_20260213_095520_relu_best.pth...20260213_104747
At epoch 3878, test loss = 2.1784
...model saved to 15_exp/models/FloydWarshallDataset_tropical_0.0001_20000_20260213_095520_relu_best.pth...20260213_104811
At epoch 3883, test loss = 2.1779
...model saved to 15_exp/models/FloydWarshallDataset_tropical_0.0001_20000_20260213_095520_relu_best.pth...20260213_104814
At epoch 3887, test loss = 2.1777
...model saved to 15_exp/models/FloydWarshallDataset_tropical_0.0001_20000_20260213_095520_relu_best.pth...20260213_104817
At epoch 3891, test loss = 2.1771
...model saved to 15_exp/models/FloydWarshallDataset_tropical_0.0001_20000_20260213_095520_relu_best.pth...20260213_104820
At epoch 3894, test loss = 2.1724
...model saved to 15_exp/models/FloydWarshallDataset_tropical_0.0001_20000_20260213_095520_relu_best.pth...20260213_104822
At epoch 3900, test loss = 2.1649
...model saved to 15_exp/models/FloydWarshallDataset_tropical_0.0001_20000_20260213_095520_relu_best.pth...20260213_104825
At epoch 3906, test loss = 2.1612
...model saved to 15_exp/models/FloydWarshallDataset_tropical_0.0001_20000_20260213_095520_relu_best.pth...20260213_104829
At epoch 3912, test loss = 2.1515
...model saved to 15_exp/models/FloydWarshallDataset_tropical_0.0001_20000_20260213_095520_relu_best.pth...20260213_104833
At epoch 3941, test loss = 2.1487
...model saved to 15_exp/models/FloydWarshallDataset_tropical_0.0001_20000_20260213_095520_relu_best.pth...20260213_104852
At epoch 3943, test loss = 2.1404
...model saved to 15_exp/models/FloydWarshallDataset_tropical_0.0001_20000_20260213_095520_relu_best.pth...20260213_104853
At epoch 3951, test loss = 2.1332
...model saved to 15_exp/models/FloydWarshallDataset_tropical_0.0001_20000_20260213_095520_relu_best.pth...20260213_104858
At epoch 3977, test loss = 2.1230
...model saved to 15_exp/models/FloydWarshallDataset_tropical_0.0001_20000_20260213_095520_relu_best.pth...20260213_104915
At epoch 3990, test loss = 2.1187
...model saved to 15_exp/models/FloydWarshallDataset_tropical_0.0001_20000_20260213_095520_relu_best.pth...20260213_104924
At epoch 3994, test loss = 2.1172
...model saved to 15_exp/models/FloydWarshallDataset_tropical_0.0001_20000_20260213_095520_relu_best.pth...20260213_104926
At epoch 4004, test loss = 2.1133
...model saved to 15_exp/models/FloydWarshallDataset_tropical_0.0001_20000_20260213_095520_relu_best.pth...20260213_104933
At epoch 4025, test loss = 2.1111
...model saved to 15_exp/models/FloydWarshallDataset_tropical_0.0001_20000_20260213_095520_relu_best.pth...20260213_104946
At epoch 4030, test loss = 2.1067
...model saved to 15_exp/models/FloydWarshallDataset_tropical_0.0001_20000_20260213_095520_relu_best.pth...20260213_104949
At epoch 4033, test loss = 2.1035
...model saved to 15_exp/models/FloydWarshallDataset_tropical_0.0001_20000_20260213_095520_relu_best.pth...20260213_104951
At epoch 4046, test loss = 2.0972
...model saved to 15_exp/models/FloydWarshallDataset_tropical_0.0001_20000_20260213_095520_relu_best.pth...20260213_105000
At epoch 4052, test loss = 2.0898
...model saved to 15_exp/models/FloydWarshallDataset_tropical_0.0001_20000_20260213_095520_relu_best.pth...20260213_105004
At epoch 4070, test loss = 2.0882
...model saved to 15_exp/models/FloydWarshallDataset_tropical_0.0001_20000_20260213_095520_relu_best.pth...20260213_105015
At epoch 4079, test loss = 2.0813
...model saved to 15_exp/models/FloydWarshallDataset_tropical_0.0001_20000_20260213_095520_relu_best.pth...20260213_105021
At epoch 4083, test loss = 2.0807
...model saved to 15_exp/models/FloydWarshallDataset_tropical_0.0001_20000_20260213_095520_relu_best.pth...20260213_105024
At epoch 4086, test loss = 2.0752
...model saved to 15_exp/models/FloydWarshallDataset_tropical_0.0001_20000_20260213_095520_relu_best.pth...20260213_105026
At epoch 4095, test loss = 2.0716
...model saved to 15_exp/models/FloydWarshallDataset_tropical_0.0001_20000_20260213_095520_relu_best.pth...20260213_105032
At epoch 4100, test loss = 2.0713
...model saved to 15_exp/models/FloydWarshallDataset_tropical_0.0001_20000_20260213_095520_relu_best.pth...20260213_105035
At epoch 4111, test loss = 2.0697
...model saved to 15_exp/models/FloydWarshallDataset_tropical_0.0001_20000_20260213_095520_relu_best.pth...20260213_105042
At epoch 4113, test loss = 2.0674
...model saved to 15_exp/models/FloydWarshallDataset_tropical_0.0001_20000_20260213_095520_relu_best.pth...20260213_105044
At epoch 4119, test loss = 2.0674
...model saved to 15_exp/models/FloydWarshallDataset_tropical_0.0001_20000_20260213_095520_relu_best.pth...20260213_105048
At epoch 4125, test loss = 2.0606
...model saved to 15_exp/models/FloydWarshallDataset_tropical_0.0001_20000_20260213_095520_relu_best.pth...20260213_105052
At epoch 4130, test loss = 2.0603
...model saved to 15_exp/models/FloydWarshallDataset_tropical_0.0001_20000_20260213_095520_relu_best.pth...20260213_105056
At epoch 4143, test loss = 2.0503
...model saved to 15_exp/models/FloydWarshallDataset_tropical_0.0001_20000_20260213_095520_relu_best.pth...20260213_105105
At epoch 4168, test loss = 2.0489
...model saved to 15_exp/models/FloydWarshallDataset_tropical_0.0001_20000_20260213_095520_relu_best.pth...20260213_105122
At epoch 4170, test loss = 2.0454
...model saved to 15_exp/models/FloydWarshallDataset_tropical_0.0001_20000_20260213_095520_relu_best.pth...20260213_105124
At epoch 4174, test loss = 2.0447
...model saved to 15_exp/models/FloydWarshallDataset_tropical_0.0001_20000_20260213_095520_relu_best.pth...20260213_105126
At epoch 4177, test loss = 2.0445
...model saved to 15_exp/models/FloydWarshallDataset_tropical_0.0001_20000_20260213_095520_relu_best.pth...20260213_105129
At epoch 4179, test loss = 2.0349
...model saved to 15_exp/models/FloydWarshallDataset_tropical_0.0001_20000_20260213_095520_relu_best.pth...20260213_105130
At epoch 4181, test loss = 2.0349
...model saved to 15_exp/models/FloydWarshallDataset_tropical_0.0001_20000_20260213_095520_relu_best.pth...20260213_105131
At epoch 4191, test loss = 2.0342
...model saved to 15_exp/models/FloydWarshallDataset_tropical_0.0001_20000_20260213_095520_relu_best.pth...20260213_105138
At epoch 4206, test loss = 2.0342
...model saved to 15_exp/models/FloydWarshallDataset_tropical_0.0001_20000_20260213_095520_relu_best.pth...20260213_105148
At epoch 4208, test loss = 2.0261
...model saved to 15_exp/models/FloydWarshallDataset_tropical_0.0001_20000_20260213_095520_relu_best.pth...20260213_105150
At epoch 4215, test loss = 2.0209
...model saved to 15_exp/models/FloydWarshallDataset_tropical_0.0001_20000_20260213_095520_relu_best.pth...20260213_105154
At epoch 4220, test loss = 2.0199
...model saved to 15_exp/models/FloydWarshallDataset_tropical_0.0001_20000_20260213_095520_relu_best.pth...20260213_105158
At epoch 4224, test loss = 2.0173
...model saved to 15_exp/models/FloydWarshallDataset_tropical_0.0001_20000_20260213_095520_relu_best.pth...20260213_105200
At epoch 4225, test loss = 2.0160
...model saved to 15_exp/models/FloydWarshallDataset_tropical_0.0001_20000_20260213_095520_relu_best.pth...20260213_105201
At epoch 4241, test loss = 2.0103
...model saved to 15_exp/models/FloydWarshallDataset_tropical_0.0001_20000_20260213_095520_relu_best.pth...20260213_105211
At epoch 4253, test loss = 2.0092
...model saved to 15_exp/models/FloydWarshallDataset_tropical_0.0001_20000_20260213_095520_relu_best.pth...20260213_105219
At epoch 4254, test loss = 2.0087
...model saved to 15_exp/models/FloydWarshallDataset_tropical_0.0001_20000_20260213_095520_relu_best.pth...20260213_105219
At epoch 4258, test loss = 2.0054
...model saved to 15_exp/models/FloydWarshallDataset_tropical_0.0001_20000_20260213_095520_relu_best.pth...20260213_105222
At epoch 4271, test loss = 2.0022
...model saved to 15_exp/models/FloydWarshallDataset_tropical_0.0001_20000_20260213_095520_relu_best.pth...20260213_105230
At epoch 4281, test loss = 1.9915
...model saved to 15_exp/models/FloydWarshallDataset_tropical_0.0001_20000_20260213_095520_relu_best.pth...20260213_105237
At epoch 4284, test loss = 1.9811
...model saved to 15_exp/models/FloydWarshallDataset_tropical_0.0001_20000_20260213_095520_relu_best.pth...20260213_105239
At epoch 4327, test loss = 1.9773
...model saved to 15_exp/models/FloydWarshallDataset_tropical_0.0001_20000_20260213_095520_relu_best.pth...20260213_105309
At epoch 4338, test loss = 1.9676
...model saved to 15_exp/models/FloydWarshallDataset_tropical_0.0001_20000_20260213_095520_relu_best.pth...20260213_105317
At epoch 4347, test loss = 1.9673
...model saved to 15_exp/models/FloydWarshallDataset_tropical_0.0001_20000_20260213_095520_relu_best.pth...20260213_105323
At epoch 4358, test loss = 1.9652
...model saved to 15_exp/models/FloydWarshallDataset_tropical_0.0001_20000_20260213_095520_relu_best.pth...20260213_105330
At epoch 4368, test loss = 1.9587
...model saved to 15_exp/models/FloydWarshallDataset_tropical_0.0001_20000_20260213_095520_relu_best.pth...20260213_105337
At epoch 4375, test loss = 1.9586
...model saved to 15_exp/models/FloydWarshallDataset_tropical_0.0001_20000_20260213_095520_relu_best.pth...20260213_105342
At epoch 4376, test loss = 1.9566
...model saved to 15_exp/models/FloydWarshallDataset_tropical_0.0001_20000_20260213_095520_relu_best.pth...20260213_105343
At epoch 4386, test loss = 1.9510
...model saved to 15_exp/models/FloydWarshallDataset_tropical_0.0001_20000_20260213_095520_relu_best.pth...20260213_105350
At epoch 4407, test loss = 1.9490
...model saved to 15_exp/models/FloydWarshallDataset_tropical_0.0001_20000_20260213_095520_relu_best.pth...20260213_105405
At epoch 4410, test loss = 1.9455
...model saved to 15_exp/models/FloydWarshallDataset_tropical_0.0001_20000_20260213_095520_relu_best.pth...20260213_105407
At epoch 4422, test loss = 1.9383
...model saved to 15_exp/models/FloydWarshallDataset_tropical_0.0001_20000_20260213_095520_relu_best.pth...20260213_105416
At epoch 4434, test loss = 1.9368
...model saved to 15_exp/models/FloydWarshallDataset_tropical_0.0001_20000_20260213_095520_relu_best.pth...20260213_105424
At epoch 4439, test loss = 1.9324
...model saved to 15_exp/models/FloydWarshallDataset_tropical_0.0001_20000_20260213_095520_relu_best.pth...20260213_105427
At epoch 4441, test loss = 1.9298
...model saved to 15_exp/models/FloydWarshallDataset_tropical_0.0001_20000_20260213_095520_relu_best.pth...20260213_105429
At epoch 4457, test loss = 1.9280
...model saved to 15_exp/models/FloydWarshallDataset_tropical_0.0001_20000_20260213_095520_relu_best.pth...20260213_105440
At epoch 4469, test loss = 1.9274
...model saved to 15_exp/models/FloydWarshallDataset_tropical_0.0001_20000_20260213_095520_relu_best.pth...20260213_105448
At epoch 4472, test loss = 1.9253
...model saved to 15_exp/models/FloydWarshallDataset_tropical_0.0001_20000_20260213_095520_relu_best.pth...20260213_105451
At epoch 4476, test loss = 1.9241
...model saved to 15_exp/models/FloydWarshallDataset_tropical_0.0001_20000_20260213_095520_relu_best.pth...20260213_105454
At epoch 4478, test loss = 1.9220
...model saved to 15_exp/models/FloydWarshallDataset_tropical_0.0001_20000_20260213_095520_relu_best.pth...20260213_105455
At epoch 4486, test loss = 1.9096
...model saved to 15_exp/models/FloydWarshallDataset_tropical_0.0001_20000_20260213_095520_relu_best.pth...20260213_105500
At epoch 4513, test loss = 1.9054
...model saved to 15_exp/models/FloydWarshallDataset_tropical_0.0001_20000_20260213_095520_relu_best.pth...20260213_105519
At epoch 4520, test loss = 1.9035
...model saved to 15_exp/models/FloydWarshallDataset_tropical_0.0001_20000_20260213_095520_relu_best.pth...20260213_105524
At epoch 4535, test loss = 1.8947
...model saved to 15_exp/models/FloydWarshallDataset_tropical_0.0001_20000_20260213_095520_relu_best.pth...20260213_105535
At epoch 4550, test loss = 1.8934
...model saved to 15_exp/models/FloydWarshallDataset_tropical_0.0001_20000_20260213_095520_relu_best.pth...20260213_105545
At epoch 4560, test loss = 1.8897
...model saved to 15_exp/models/FloydWarshallDataset_tropical_0.0001_20000_20260213_095520_relu_best.pth...20260213_105552
At epoch 4563, test loss = 1.8893
...model saved to 15_exp/models/FloydWarshallDataset_tropical_0.0001_20000_20260213_095520_relu_best.pth...20260213_105554
At epoch 4570, test loss = 1.8844
...model saved to 15_exp/models/FloydWarshallDataset_tropical_0.0001_20000_20260213_095520_relu_best.pth...20260213_105559
At epoch 4572, test loss = 1.8819
...model saved to 15_exp/models/FloydWarshallDataset_tropical_0.0001_20000_20260213_095520_relu_best.pth...20260213_105600
At epoch 4595, test loss = 1.8796
...model saved to 15_exp/models/FloydWarshallDataset_tropical_0.0001_20000_20260213_095520_relu_best.pth...20260213_105616
At epoch 4604, test loss = 1.8690
...model saved to 15_exp/models/FloydWarshallDataset_tropical_0.0001_20000_20260213_095520_relu_best.pth...20260213_105623
At epoch 4612, test loss = 1.8642
...model saved to 15_exp/models/FloydWarshallDataset_tropical_0.0001_20000_20260213_095520_relu_best.pth...20260213_105628
At epoch 4636, test loss = 1.8615
...model saved to 15_exp/models/FloydWarshallDataset_tropical_0.0001_20000_20260213_095520_relu_best.pth...20260213_105646
At epoch 4643, test loss = 1.8614
...model saved to 15_exp/models/FloydWarshallDataset_tropical_0.0001_20000_20260213_095520_relu_best.pth...20260213_105651
At epoch 4653, test loss = 1.8605
...model saved to 15_exp/models/FloydWarshallDataset_tropical_0.0001_20000_20260213_095520_relu_best.pth...20260213_105658
At epoch 4655, test loss = 1.8581
...model saved to 15_exp/models/FloydWarshallDataset_tropical_0.0001_20000_20260213_095520_relu_best.pth...20260213_105700
At epoch 4657, test loss = 1.8557
...model saved to 15_exp/models/FloydWarshallDataset_tropical_0.0001_20000_20260213_095520_relu_best.pth...20260213_105701
At epoch 4668, test loss = 1.8509
...model saved to 15_exp/models/FloydWarshallDataset_tropical_0.0001_20000_20260213_095520_relu_best.pth...20260213_105709
At epoch 4676, test loss = 1.8451
...model saved to 15_exp/models/FloydWarshallDataset_tropical_0.0001_20000_20260213_095520_relu_best.pth...20260213_105714
At epoch 4679, test loss = 1.8404
...model saved to 15_exp/models/FloydWarshallDataset_tropical_0.0001_20000_20260213_095520_relu_best.pth...20260213_105717
At epoch 4711, test loss = 1.8359
...model saved to 15_exp/models/FloydWarshallDataset_tropical_0.0001_20000_20260213_095520_relu_best.pth...20260213_105739
At epoch 4721, test loss = 1.8294
...model saved to 15_exp/models/FloydWarshallDataset_tropical_0.0001_20000_20260213_095520_relu_best.pth...20260213_105746
At epoch 4735, test loss = 1.8263
...model saved to 15_exp/models/FloydWarshallDataset_tropical_0.0001_20000_20260213_095520_relu_best.pth...20260213_105755
At epoch 4747, test loss = 1.8249
...model saved to 15_exp/models/FloydWarshallDataset_tropical_0.0001_20000_20260213_095520_relu_best.pth...20260213_105804
At epoch 4755, test loss = 1.8192
...model saved to 15_exp/models/FloydWarshallDataset_tropical_0.0001_20000_20260213_095520_relu_best.pth...20260213_105809
At epoch 4767, test loss = 1.8185
...model saved to 15_exp/models/FloydWarshallDataset_tropical_0.0001_20000_20260213_095520_relu_best.pth...20260213_105817
At epoch 4771, test loss = 1.8156
...model saved to 15_exp/models/FloydWarshallDataset_tropical_0.0001_20000_20260213_095520_relu_best.pth...20260213_105820
At epoch 4781, test loss = 1.8098
...model saved to 15_exp/models/FloydWarshallDataset_tropical_0.0001_20000_20260213_095520_relu_best.pth...20260213_105826
At epoch 4800, test loss = 1.8084
...model saved to 15_exp/models/FloydWarshallDataset_tropical_0.0001_20000_20260213_095520_relu_best.pth...20260213_105839
At epoch 4819, test loss = 1.8022
...model saved to 15_exp/models/FloydWarshallDataset_tropical_0.0001_20000_20260213_095520_relu_best.pth...20260213_105851
At epoch 4831, test loss = 1.8000
...model saved to 15_exp/models/FloydWarshallDataset_tropical_0.0001_20000_20260213_095520_relu_best.pth...20260213_105900
At epoch 4838, test loss = 1.7887
...model saved to 15_exp/models/FloydWarshallDataset_tropical_0.0001_20000_20260213_095520_relu_best.pth...20260213_105905
At epoch 4874, test loss = 1.7849
...model saved to 15_exp/models/FloydWarshallDataset_tropical_0.0001_20000_20260213_095520_relu_best.pth...20260213_105930
At epoch 4876, test loss = 1.7831
...model saved to 15_exp/models/FloydWarshallDataset_tropical_0.0001_20000_20260213_095520_relu_best.pth...20260213_105932
At epoch 4885, test loss = 1.7771
...model saved to 15_exp/models/FloydWarshallDataset_tropical_0.0001_20000_20260213_095520_relu_best.pth...20260213_105938
At epoch 4912, test loss = 1.7739
...model saved to 15_exp/models/FloydWarshallDataset_tropical_0.0001_20000_20260213_095520_relu_best.pth...20260213_105957
At epoch 4927, test loss = 1.7723
...model saved to 15_exp/models/FloydWarshallDataset_tropical_0.0001_20000_20260213_095520_relu_best.pth...20260213_110008
At epoch 4942, test loss = 1.7704
...model saved to 15_exp/models/FloydWarshallDataset_tropical_0.0001_20000_20260213_095520_relu_best.pth...20260213_110018
At epoch 4952, test loss = 1.7701
...model saved to 15_exp/models/FloydWarshallDataset_tropical_0.0001_20000_20260213_095520_relu_best.pth...20260213_110025
At epoch 4960, test loss = 1.7689
...model saved to 15_exp/models/FloydWarshallDataset_tropical_0.0001_20000_20260213_095520_relu_best.pth...20260213_110031
At epoch 4962, test loss = 1.7676
...model saved to 15_exp/models/FloydWarshallDataset_tropical_0.0001_20000_20260213_095520_relu_best.pth...20260213_110032
At epoch 4963, test loss = 1.7662
...model saved to 15_exp/models/FloydWarshallDataset_tropical_0.0001_20000_20260213_095520_relu_best.pth...20260213_110033
At epoch 4964, test loss = 1.7652
...model saved to 15_exp/models/FloydWarshallDataset_tropical_0.0001_20000_20260213_095520_relu_best.pth...20260213_110034
At epoch 4970, test loss = 1.7511
...model saved to 15_exp/models/FloydWarshallDataset_tropical_0.0001_20000_20260213_095520_relu_best.pth...20260213_110038
At epoch 4996, test loss = 1.7482
...model saved to 15_exp/models/FloydWarshallDataset_tropical_0.0001_20000_20260213_095520_relu_best.pth...20260213_110056
At epoch 5013, test loss = 1.7476
...model saved to 15_exp/models/FloydWarshallDataset_tropical_0.0001_20000_20260213_095520_relu_best.pth...20260213_110108
At epoch 5016, test loss = 1.7467
...model saved to 15_exp/models/FloydWarshallDataset_tropical_0.0001_20000_20260213_095520_relu_best.pth...20260213_110110
At epoch 5017, test loss = 1.7452
...model saved to 15_exp/models/FloydWarshallDataset_tropical_0.0001_20000_20260213_095520_relu_best.pth...20260213_110111
At epoch 5021, test loss = 1.7405
...model saved to 15_exp/models/FloydWarshallDataset_tropical_0.0001_20000_20260213_095520_relu_best.pth...20260213_110114
At epoch 5050, test loss = 1.7394
...model saved to 15_exp/models/FloydWarshallDataset_tropical_0.0001_20000_20260213_095520_relu_best.pth...20260213_110134
At epoch 5052, test loss = 1.7280
...model saved to 15_exp/models/FloydWarshallDataset_tropical_0.0001_20000_20260213_095520_relu_best.pth...20260213_110136
At epoch 5088, test loss = 1.7236
...model saved to 15_exp/models/FloydWarshallDataset_tropical_0.0001_20000_20260213_095520_relu_best.pth...20260213_110201
At epoch 5101, test loss = 1.7192
...model saved to 15_exp/models/FloydWarshallDataset_tropical_0.0001_20000_20260213_095520_relu_best.pth...20260213_110210
At epoch 5106, test loss = 1.7145
...model saved to 15_exp/models/FloydWarshallDataset_tropical_0.0001_20000_20260213_095520_relu_best.pth...20260213_110214
At epoch 5120, test loss = 1.7129
...model saved to 15_exp/models/FloydWarshallDataset_tropical_0.0001_20000_20260213_095520_relu_best.pth...20260213_110224
At epoch 5133, test loss = 1.7089
...model saved to 15_exp/models/FloydWarshallDataset_tropical_0.0001_20000_20260213_095520_relu_best.pth...20260213_110233
At epoch 5136, test loss = 1.7073
...model saved to 15_exp/models/FloydWarshallDataset_tropical_0.0001_20000_20260213_095520_relu_best.pth...20260213_110235
At epoch 5147, test loss = 1.7070
...model saved to 15_exp/models/FloydWarshallDataset_tropical_0.0001_20000_20260213_095520_relu_best.pth...20260213_110243
At epoch 5167, test loss = 1.7007
...model saved to 15_exp/models/FloydWarshallDataset_tropical_0.0001_20000_20260213_095520_relu_best.pth...20260213_110257
At epoch 5195, test loss = 1.7002
...model saved to 15_exp/models/FloydWarshallDataset_tropical_0.0001_20000_20260213_095520_relu_best.pth...20260213_110316
At epoch 5198, test loss = 1.6963
...model saved to 15_exp/models/FloydWarshallDataset_tropical_0.0001_20000_20260213_095520_relu_best.pth...20260213_110318
At epoch 5199, test loss = 1.6955
...model saved to 15_exp/models/FloydWarshallDataset_tropical_0.0001_20000_20260213_095520_relu_best.pth...20260213_110319
At epoch 5210, test loss = 1.6911
...model saved to 15_exp/models/FloydWarshallDataset_tropical_0.0001_20000_20260213_095520_relu_best.pth...20260213_110326
At epoch 5217, test loss = 1.6855
...model saved to 15_exp/models/FloydWarshallDataset_tropical_0.0001_20000_20260213_095520_relu_best.pth...20260213_110331
At epoch 5248, test loss = 1.6817
...model saved to 15_exp/models/FloydWarshallDataset_tropical_0.0001_20000_20260213_095520_relu_best.pth...20260213_110351
At epoch 5252, test loss = 1.6785
...model saved to 15_exp/models/FloydWarshallDataset_tropical_0.0001_20000_20260213_095520_relu_best.pth...20260213_110353
At epoch 5267, test loss = 1.6758
...model saved to 15_exp/models/FloydWarshallDataset_tropical_0.0001_20000_20260213_095520_relu_best.pth...20260213_110403
At epoch 5280, test loss = 1.6753
...model saved to 15_exp/models/FloydWarshallDataset_tropical_0.0001_20000_20260213_095520_relu_best.pth...20260213_110412
At epoch 5284, test loss = 1.6694
...model saved to 15_exp/models/FloydWarshallDataset_tropical_0.0001_20000_20260213_095520_relu_best.pth...20260213_110414
At epoch 5292, test loss = 1.6679
...model saved to 15_exp/models/FloydWarshallDataset_tropical_0.0001_20000_20260213_095520_relu_best.pth...20260213_110419
At epoch 5315, test loss = 1.6619
...model saved to 15_exp/models/FloydWarshallDataset_tropical_0.0001_20000_20260213_095520_relu_best.pth...20260213_110434
At epoch 5342, test loss = 1.6569
...model saved to 15_exp/models/FloydWarshallDataset_tropical_0.0001_20000_20260213_095520_relu_best.pth...20260213_110452
At epoch 5363, test loss = 1.6558
...model saved to 15_exp/models/FloydWarshallDataset_tropical_0.0001_20000_20260213_095520_relu_best.pth...20260213_110506
At epoch 5366, test loss = 1.6555
...model saved to 15_exp/models/FloydWarshallDataset_tropical_0.0001_20000_20260213_095520_relu_best.pth...20260213_110508
At epoch 5374, test loss = 1.6541
...model saved to 15_exp/models/FloydWarshallDataset_tropical_0.0001_20000_20260213_095520_relu_best.pth...20260213_110513
At epoch 5377, test loss = 1.6478
...model saved to 15_exp/models/FloydWarshallDataset_tropical_0.0001_20000_20260213_095520_relu_best.pth...20260213_110515
At epoch 5385, test loss = 1.6459
...model saved to 15_exp/models/FloydWarshallDataset_tropical_0.0001_20000_20260213_095520_relu_best.pth...20260213_110520
At epoch 5405, test loss = 1.6429
...model saved to 15_exp/models/FloydWarshallDataset_tropical_0.0001_20000_20260213_095520_relu_best.pth...20260213_110534
At epoch 5412, test loss = 1.6389
...model saved to 15_exp/models/FloydWarshallDataset_tropical_0.0001_20000_20260213_095520_relu_best.pth...20260213_110539
At epoch 5430, test loss = 1.6347
...model saved to 15_exp/models/FloydWarshallDataset_tropical_0.0001_20000_20260213_095520_relu_best.pth...20260213_110551
At epoch 5447, test loss = 1.6323
...model saved to 15_exp/models/FloydWarshallDataset_tropical_0.0001_20000_20260213_095520_relu_best.pth...20260213_110603
At epoch 5454, test loss = 1.6316
...model saved to 15_exp/models/FloydWarshallDataset_tropical_0.0001_20000_20260213_095520_relu_best.pth...20260213_110608
At epoch 5465, test loss = 1.6271
...model saved to 15_exp/models/FloydWarshallDataset_tropical_0.0001_20000_20260213_095520_relu_best.pth...20260213_110616
At epoch 5475, test loss = 1.6236
...model saved to 15_exp/models/FloydWarshallDataset_tropical_0.0001_20000_20260213_095520_relu_best.pth...20260213_110623
At epoch 5482, test loss = 1.6231
...model saved to 15_exp/models/FloydWarshallDataset_tropical_0.0001_20000_20260213_095520_relu_best.pth...20260213_110628
At epoch 5513, test loss = 1.6199
...model saved to 15_exp/models/FloydWarshallDataset_tropical_0.0001_20000_20260213_095520_relu_best.pth...20260213_110648
At epoch 5523, test loss = 1.6180
...model saved to 15_exp/models/FloydWarshallDataset_tropical_0.0001_20000_20260213_095520_relu_best.pth...20260213_110654
At epoch 5526, test loss = 1.6163
...model saved to 15_exp/models/FloydWarshallDataset_tropical_0.0001_20000_20260213_095520_relu_best.pth...20260213_110656
At epoch 5532, test loss = 1.6159
...model saved to 15_exp/models/FloydWarshallDataset_tropical_0.0001_20000_20260213_095520_relu_best.pth...20260213_110700
At epoch 5556, test loss = 1.6119
...model saved to 15_exp/models/FloydWarshallDataset_tropical_0.0001_20000_20260213_095520_relu_best.pth...20260213_110716
At epoch 5557, test loss = 1.6071
...model saved to 15_exp/models/FloydWarshallDataset_tropical_0.0001_20000_20260213_095520_relu_best.pth...20260213_110717
At epoch 5584, test loss = 1.6065
...model saved to 15_exp/models/FloydWarshallDataset_tropical_0.0001_20000_20260213_095520_relu_best.pth...20260213_110736
At epoch 5585, test loss = 1.6060
...model saved to 15_exp/models/FloydWarshallDataset_tropical_0.0001_20000_20260213_095520_relu_best.pth...20260213_110737
At epoch 5596, test loss = 1.6014
...model saved to 15_exp/models/FloydWarshallDataset_tropical_0.0001_20000_20260213_095520_relu_best.pth...20260213_110745
At epoch 5620, test loss = 1.6014
...model saved to 15_exp/models/FloydWarshallDataset_tropical_0.0001_20000_20260213_095520_relu_best.pth...20260213_110802
At epoch 5622, test loss = 1.5968
...model saved to 15_exp/models/FloydWarshallDataset_tropical_0.0001_20000_20260213_095520_relu_best.pth...20260213_110804
At epoch 5641, test loss = 1.5915
...model saved to 15_exp/models/FloydWarshallDataset_tropical_0.0001_20000_20260213_095520_relu_best.pth...20260213_110817
At epoch 5665, test loss = 1.5896
...model saved to 15_exp/models/FloydWarshallDataset_tropical_0.0001_20000_20260213_095520_relu_best.pth...20260213_110834
At epoch 5680, test loss = 1.5868
...model saved to 15_exp/models/FloydWarshallDataset_tropical_0.0001_20000_20260213_095520_relu_best.pth...20260213_110845
At epoch 5694, test loss = 1.5836
...model saved to 15_exp/models/FloydWarshallDataset_tropical_0.0001_20000_20260213_095520_relu_best.pth...20260213_110855
At epoch 5696, test loss = 1.5805
...model saved to 15_exp/models/FloydWarshallDataset_tropical_0.0001_20000_20260213_095520_relu_best.pth...20260213_110856
At epoch 5718, test loss = 1.5801
...model saved to 15_exp/models/FloydWarshallDataset_tropical_0.0001_20000_20260213_095520_relu_best.pth...20260213_110912
At epoch 5719, test loss = 1.5784
...model saved to 15_exp/models/FloydWarshallDataset_tropical_0.0001_20000_20260213_095520_relu_best.pth...20260213_110912
At epoch 5731, test loss = 1.5768
...model saved to 15_exp/models/FloydWarshallDataset_tropical_0.0001_20000_20260213_095520_relu_best.pth...20260213_110921
At epoch 5740, test loss = 1.5757
...model saved to 15_exp/models/FloydWarshallDataset_tropical_0.0001_20000_20260213_095520_relu_best.pth...20260213_110927
At epoch 5745, test loss = 1.5679
...model saved to 15_exp/models/FloydWarshallDataset_tropical_0.0001_20000_20260213_095520_relu_best.pth...20260213_110931
At epoch 5763, test loss = 1.5668
...model saved to 15_exp/models/FloydWarshallDataset_tropical_0.0001_20000_20260213_095520_relu_best.pth...20260213_110944
At epoch 5787, test loss = 1.5651
...model saved to 15_exp/models/FloydWarshallDataset_tropical_0.0001_20000_20260213_095520_relu_best.pth...20260213_111000
At epoch 5792, test loss = 1.5619
...model saved to 15_exp/models/FloydWarshallDataset_tropical_0.0001_20000_20260213_095520_relu_best.pth...20260213_111003
At epoch 5793, test loss = 1.5597
...model saved to 15_exp/models/FloydWarshallDataset_tropical_0.0001_20000_20260213_095520_relu_best.pth...20260213_111004
At epoch 5832, test loss = 1.5584
...model saved to 15_exp/models/FloydWarshallDataset_tropical_0.0001_20000_20260213_095520_relu_best.pth...20260213_111029
At epoch 5833, test loss = 1.5569
...model saved to 15_exp/models/FloydWarshallDataset_tropical_0.0001_20000_20260213_095520_relu_best.pth...20260213_111030
At epoch 5838, test loss = 1.5529
...model saved to 15_exp/models/FloydWarshallDataset_tropical_0.0001_20000_20260213_095520_relu_best.pth...20260213_111033
At epoch 5855, test loss = 1.5479
...model saved to 15_exp/models/FloydWarshallDataset_tropical_0.0001_20000_20260213_095520_relu_best.pth...20260213_111044
At epoch 5896, test loss = 1.5435
...model saved to 15_exp/models/FloydWarshallDataset_tropical_0.0001_20000_20260213_095520_relu_best.pth...20260213_111111
At epoch 5906, test loss = 1.5418
...model saved to 15_exp/models/FloydWarshallDataset_tropical_0.0001_20000_20260213_095520_relu_best.pth...20260213_111117
At epoch 5930, test loss = 1.5380
...model saved to 15_exp/models/FloydWarshallDataset_tropical_0.0001_20000_20260213_095520_relu_best.pth...20260213_111133
At epoch 5942, test loss = 1.5378
...model saved to 15_exp/models/FloydWarshallDataset_tropical_0.0001_20000_20260213_095520_relu_best.pth...20260213_111141
At epoch 5951, test loss = 1.5332
...model saved to 15_exp/models/FloydWarshallDataset_tropical_0.0001_20000_20260213_095520_relu_best.pth...20260213_111147
At epoch 5974, test loss = 1.5327
...model saved to 15_exp/models/FloydWarshallDataset_tropical_0.0001_20000_20260213_095520_relu_best.pth...20260213_111202
At epoch 5975, test loss = 1.5297
...model saved to 15_exp/models/FloydWarshallDataset_tropical_0.0001_20000_20260213_095520_relu_best.pth...20260213_111202
At epoch 5992, test loss = 1.5246
...model saved to 15_exp/models/FloydWarshallDataset_tropical_0.0001_20000_20260213_095520_relu_best.pth...20260213_111213
At epoch 6006, test loss = 1.5243
...model saved to 15_exp/models/FloydWarshallDataset_tropical_0.0001_20000_20260213_095520_relu_best.pth...20260213_111222
At epoch 6012, test loss = 1.5242
...model saved to 15_exp/models/FloydWarshallDataset_tropical_0.0001_20000_20260213_095520_relu_best.pth...20260213_111227
At epoch 6015, test loss = 1.5171
...model saved to 15_exp/models/FloydWarshallDataset_tropical_0.0001_20000_20260213_095520_relu_best.pth...20260213_111229
At epoch 6069, test loss = 1.5138
...model saved to 15_exp/models/FloydWarshallDataset_tropical_0.0001_20000_20260213_095520_relu_best.pth...20260213_111304
At epoch 6081, test loss = 1.5127
...model saved to 15_exp/models/FloydWarshallDataset_tropical_0.0001_20000_20260213_095520_relu_best.pth...20260213_111312
At epoch 6095, test loss = 1.5116
...model saved to 15_exp/models/FloydWarshallDataset_tropical_0.0001_20000_20260213_095520_relu_best.pth...20260213_111321
At epoch 6115, test loss = 1.5062
...model saved to 15_exp/models/FloydWarshallDataset_tropical_0.0001_20000_20260213_095520_relu_best.pth...20260213_111334
At epoch 6120, test loss = 1.5020
...model saved to 15_exp/models/FloydWarshallDataset_tropical_0.0001_20000_20260213_095520_relu_best.pth...20260213_111337
At epoch 6141, test loss = 1.5009
...model saved to 15_exp/models/FloydWarshallDataset_tropical_0.0001_20000_20260213_095520_relu_best.pth...20260213_111351
At epoch 6143, test loss = 1.4997
...model saved to 15_exp/models/FloydWarshallDataset_tropical_0.0001_20000_20260213_095520_relu_best.pth...20260213_111352
At epoch 6160, test loss = 1.4981
...model saved to 15_exp/models/FloydWarshallDataset_tropical_0.0001_20000_20260213_095520_relu_best.pth...20260213_111403
At epoch 6185, test loss = 1.4978
...model saved to 15_exp/models/FloydWarshallDataset_tropical_0.0001_20000_20260213_095520_relu_best.pth...20260213_111419
At epoch 6198, test loss = 1.4958
...model saved to 15_exp/models/FloydWarshallDataset_tropical_0.0001_20000_20260213_095520_relu_best.pth...20260213_111428
At epoch 6212, test loss = 1.4926
...model saved to 15_exp/models/FloydWarshallDataset_tropical_0.0001_20000_20260213_095520_relu_best.pth...20260213_111437
At epoch 6213, test loss = 1.4890
...model saved to 15_exp/models/FloydWarshallDataset_tropical_0.0001_20000_20260213_095520_relu_best.pth...20260213_111437
At epoch 6218, test loss = 1.4867
...model saved to 15_exp/models/FloydWarshallDataset_tropical_0.0001_20000_20260213_095520_relu_best.pth...20260213_111441
At epoch 6229, test loss = 1.4852
...model saved to 15_exp/models/FloydWarshallDataset_tropical_0.0001_20000_20260213_095520_relu_best.pth...20260213_111448
At epoch 6233, test loss = 1.4837
...model saved to 15_exp/models/FloydWarshallDataset_tropical_0.0001_20000_20260213_095520_relu_best.pth...20260213_111451
At epoch 6236, test loss = 1.4826
...model saved to 15_exp/models/FloydWarshallDataset_tropical_0.0001_20000_20260213_095520_relu_best.pth...20260213_111453
At epoch 6257, test loss = 1.4780
...model saved to 15_exp/models/FloydWarshallDataset_tropical_0.0001_20000_20260213_095520_relu_best.pth...20260213_111507
At epoch 6280, test loss = 1.4767
...model saved to 15_exp/models/FloydWarshallDataset_tropical_0.0001_20000_20260213_095520_relu_best.pth...20260213_111522
At epoch 6284, test loss = 1.4716
...model saved to 15_exp/models/FloydWarshallDataset_tropical_0.0001_20000_20260213_095520_relu_best.pth...20260213_111524
At epoch 6315, test loss = 1.4677
...model saved to 15_exp/models/FloydWarshallDataset_tropical_0.0001_20000_20260213_095520_relu_best.pth...20260213_111544
At epoch 6357, test loss = 1.4652
...model saved to 15_exp/models/FloydWarshallDataset_tropical_0.0001_20000_20260213_095520_relu_best.pth...20260213_111611
At epoch 6359, test loss = 1.4638
...model saved to 15_exp/models/FloydWarshallDataset_tropical_0.0001_20000_20260213_095520_relu_best.pth...20260213_111613
At epoch 6379, test loss = 1.4637
...model saved to 15_exp/models/FloydWarshallDataset_tropical_0.0001_20000_20260213_095520_relu_best.pth...20260213_111626
At epoch 6393, test loss = 1.4563
...model saved to 15_exp/models/FloydWarshallDataset_tropical_0.0001_20000_20260213_095520_relu_best.pth...20260213_111635
At epoch 6417, test loss = 1.4555
...model saved to 15_exp/models/FloydWarshallDataset_tropical_0.0001_20000_20260213_095520_relu_best.pth...20260213_111650
At epoch 6426, test loss = 1.4496
...model saved to 15_exp/models/FloydWarshallDataset_tropical_0.0001_20000_20260213_095520_relu_best.pth...20260213_111656
At epoch 6446, test loss = 1.4486
...model saved to 15_exp/models/FloydWarshallDataset_tropical_0.0001_20000_20260213_095520_relu_best.pth...20260213_111709
At epoch 6481, test loss = 1.4476
...model saved to 15_exp/models/FloydWarshallDataset_tropical_0.0001_20000_20260213_095520_relu_best.pth...20260213_111732
At epoch 6490, test loss = 1.4451
...model saved to 15_exp/models/FloydWarshallDataset_tropical_0.0001_20000_20260213_095520_relu_best.pth...20260213_111738
At epoch 6514, test loss = 1.4403
...model saved to 15_exp/models/FloydWarshallDataset_tropical_0.0001_20000_20260213_095520_relu_best.pth...20260213_111753
At epoch 6520, test loss = 1.4384
...model saved to 15_exp/models/FloydWarshallDataset_tropical_0.0001_20000_20260213_095520_relu_best.pth...20260213_111757
At epoch 6540, test loss = 1.4355
...model saved to 15_exp/models/FloydWarshallDataset_tropical_0.0001_20000_20260213_095520_relu_best.pth...20260213_111810
At epoch 6546, test loss = 1.4338
...model saved to 15_exp/models/FloydWarshallDataset_tropical_0.0001_20000_20260213_095520_relu_best.pth...20260213_111814
At epoch 6549, test loss = 1.4337
...model saved to 15_exp/models/FloydWarshallDataset_tropical_0.0001_20000_20260213_095520_relu_best.pth...20260213_111816
At epoch 6569, test loss = 1.4302
...model saved to 15_exp/models/FloydWarshallDataset_tropical_0.0001_20000_20260213_095520_relu_best.pth...20260213_111829
At epoch 6575, test loss = 1.4266
...model saved to 15_exp/models/FloydWarshallDataset_tropical_0.0001_20000_20260213_095520_relu_best.pth...20260213_111833
At epoch 6604, test loss = 1.4226
...model saved to 15_exp/models/FloydWarshallDataset_tropical_0.0001_20000_20260213_095520_relu_best.pth...20260213_111852
At epoch 6623, test loss = 1.4200
...model saved to 15_exp/models/FloydWarshallDataset_tropical_0.0001_20000_20260213_095520_relu_best.pth...20260213_111904
At epoch 6638, test loss = 1.4180
...model saved to 15_exp/models/FloydWarshallDataset_tropical_0.0001_20000_20260213_095520_relu_best.pth...20260213_111914
At epoch 6670, test loss = 1.4146
...model saved to 15_exp/models/FloydWarshallDataset_tropical_0.0001_20000_20260213_095520_relu_best.pth...20260213_111934
At epoch 6674, test loss = 1.4138
...model saved to 15_exp/models/FloydWarshallDataset_tropical_0.0001_20000_20260213_095520_relu_best.pth...20260213_111937
At epoch 6683, test loss = 1.4128
...model saved to 15_exp/models/FloydWarshallDataset_tropical_0.0001_20000_20260213_095520_relu_best.pth...20260213_111943
At epoch 6698, test loss = 1.4117
...model saved to 15_exp/models/FloydWarshallDataset_tropical_0.0001_20000_20260213_095520_relu_best.pth...20260213_111953
At epoch 6702, test loss = 1.4108
...model saved to 15_exp/models/FloydWarshallDataset_tropical_0.0001_20000_20260213_095520_relu_best.pth...20260213_111955
At epoch 6712, test loss = 1.4075
...model saved to 15_exp/models/FloydWarshallDataset_tropical_0.0001_20000_20260213_095520_relu_best.pth...20260213_112002
At epoch 6727, test loss = 1.4075
...model saved to 15_exp/models/FloydWarshallDataset_tropical_0.0001_20000_20260213_095520_relu_best.pth...20260213_112012
At epoch 6746, test loss = 1.4051
...model saved to 15_exp/models/FloydWarshallDataset_tropical_0.0001_20000_20260213_095520_relu_best.pth...20260213_112024
At epoch 6750, test loss = 1.4050
...model saved to 15_exp/models/FloydWarshallDataset_tropical_0.0001_20000_20260213_095520_relu_best.pth...20260213_112027
At epoch 6758, test loss = 1.4019
...model saved to 15_exp/models/FloydWarshallDataset_tropical_0.0001_20000_20260213_095520_relu_best.pth...20260213_112033
At epoch 6775, test loss = 1.4007
...model saved to 15_exp/models/FloydWarshallDataset_tropical_0.0001_20000_20260213_095520_relu_best.pth...20260213_112044
At epoch 6776, test loss = 1.3994
...model saved to 15_exp/models/FloydWarshallDataset_tropical_0.0001_20000_20260213_095520_relu_best.pth...20260213_112045
At epoch 6787, test loss = 1.3962
...model saved to 15_exp/models/FloydWarshallDataset_tropical_0.0001_20000_20260213_095520_relu_best.pth...20260213_112053
At epoch 6814, test loss = 1.3936
...model saved to 15_exp/models/FloydWarshallDataset_tropical_0.0001_20000_20260213_095520_relu_best.pth...20260213_112112
At epoch 6817, test loss = 1.3923
...model saved to 15_exp/models/FloydWarshallDataset_tropical_0.0001_20000_20260213_095520_relu_best.pth...20260213_112114
At epoch 6829, test loss = 1.3898
...model saved to 15_exp/models/FloydWarshallDataset_tropical_0.0001_20000_20260213_095520_relu_best.pth...20260213_112122
At epoch 6846, test loss = 1.3874
...model saved to 15_exp/models/FloydWarshallDataset_tropical_0.0001_20000_20260213_095520_relu_best.pth...20260213_112134
At epoch 6864, test loss = 1.3847
...model saved to 15_exp/models/FloydWarshallDataset_tropical_0.0001_20000_20260213_095520_relu_best.pth...20260213_112146
At epoch 6896, test loss = 1.3791
...model saved to 15_exp/models/FloydWarshallDataset_tropical_0.0001_20000_20260213_095520_relu_best.pth...20260213_112207
At epoch 6910, test loss = 1.3721
...model saved to 15_exp/models/FloydWarshallDataset_tropical_0.0001_20000_20260213_095520_relu_best.pth...20260213_112217
At epoch 6974, test loss = 1.3708
...model saved to 15_exp/models/FloydWarshallDataset_tropical_0.0001_20000_20260213_095520_relu_best.pth...20260213_112301
At epoch 6977, test loss = 1.3675
...model saved to 15_exp/models/FloydWarshallDataset_tropical_0.0001_20000_20260213_095520_relu_best.pth...20260213_112303
At epoch 6998, test loss = 1.3640
...model saved to 15_exp/models/FloydWarshallDataset_tropical_0.0001_20000_20260213_095520_relu_best.pth...20260213_112318
At epoch 7017, test loss = 1.3632
...model saved to 15_exp/models/FloydWarshallDataset_tropical_0.0001_20000_20260213_095520_relu_best.pth...20260213_112331
At epoch 7054, test loss = 1.3574
...model saved to 15_exp/models/FloydWarshallDataset_tropical_0.0001_20000_20260213_095520_relu_best.pth...20260213_112357
At epoch 7089, test loss = 1.3559
...model saved to 15_exp/models/FloydWarshallDataset_tropical_0.0001_20000_20260213_095520_relu_best.pth...20260213_112421
At epoch 7096, test loss = 1.3559
...model saved to 15_exp/models/FloydWarshallDataset_tropical_0.0001_20000_20260213_095520_relu_best.pth...20260213_112426
At epoch 7106, test loss = 1.3540
...model saved to 15_exp/models/FloydWarshallDataset_tropical_0.0001_20000_20260213_095520_relu_best.pth...20260213_112433
At epoch 7125, test loss = 1.3525
...model saved to 15_exp/models/FloydWarshallDataset_tropical_0.0001_20000_20260213_095520_relu_best.pth...20260213_112445
At epoch 7127, test loss = 1.3505
...model saved to 15_exp/models/FloydWarshallDataset_tropical_0.0001_20000_20260213_095520_relu_best.pth...20260213_112447
At epoch 7128, test loss = 1.3485
...model saved to 15_exp/models/FloydWarshallDataset_tropical_0.0001_20000_20260213_095520_relu_best.pth...20260213_112447
At epoch 7162, test loss = 1.3471
...model saved to 15_exp/models/FloydWarshallDataset_tropical_0.0001_20000_20260213_095520_relu_best.pth...20260213_112509
At epoch 7165, test loss = 1.3437
...model saved to 15_exp/models/FloydWarshallDataset_tropical_0.0001_20000_20260213_095520_relu_best.pth...20260213_112511
At epoch 7185, test loss = 1.3432
...model saved to 15_exp/models/FloydWarshallDataset_tropical_0.0001_20000_20260213_095520_relu_best.pth...20260213_112525
At epoch 7190, test loss = 1.3367
...model saved to 15_exp/models/FloydWarshallDataset_tropical_0.0001_20000_20260213_095520_relu_best.pth...20260213_112528
At epoch 7237, test loss = 1.3307
...model saved to 15_exp/models/FloydWarshallDataset_tropical_0.0001_20000_20260213_095520_relu_best.pth...20260213_112558
At epoch 7245, test loss = 1.3297
...model saved to 15_exp/models/FloydWarshallDataset_tropical_0.0001_20000_20260213_095520_relu_best.pth...20260213_112603
At epoch 7279, test loss = 1.3281
...model saved to 15_exp/models/FloydWarshallDataset_tropical_0.0001_20000_20260213_095520_relu_best.pth...20260213_112626
At epoch 7301, test loss = 1.3281
...model saved to 15_exp/models/FloydWarshallDataset_tropical_0.0001_20000_20260213_095520_relu_best.pth...20260213_112640
At epoch 7312, test loss = 1.3255
...model saved to 15_exp/models/FloydWarshallDataset_tropical_0.0001_20000_20260213_095520_relu_best.pth...20260213_112647
At epoch 7335, test loss = 1.3248
...model saved to 15_exp/models/FloydWarshallDataset_tropical_0.0001_20000_20260213_095520_relu_best.pth...20260213_112702
At epoch 7352, test loss = 1.3224
...model saved to 15_exp/models/FloydWarshallDataset_tropical_0.0001_20000_20260213_095520_relu_best.pth...20260213_112713
At epoch 7356, test loss = 1.3192
...model saved to 15_exp/models/FloydWarshallDataset_tropical_0.0001_20000_20260213_095520_relu_best.pth...20260213_112716
At epoch 7374, test loss = 1.3190
...model saved to 15_exp/models/FloydWarshallDataset_tropical_0.0001_20000_20260213_095520_relu_best.pth...20260213_112729
At epoch 7377, test loss = 1.3137
...model saved to 15_exp/models/FloydWarshallDataset_tropical_0.0001_20000_20260213_095520_relu_best.pth...20260213_112731
At epoch 7394, test loss = 1.3125
...model saved to 15_exp/models/FloydWarshallDataset_tropical_0.0001_20000_20260213_095520_relu_best.pth...20260213_112742
At epoch 7439, test loss = 1.3086
...model saved to 15_exp/models/FloydWarshallDataset_tropical_0.0001_20000_20260213_095520_relu_best.pth...20260213_112813
At epoch 7447, test loss = 1.3045
...model saved to 15_exp/models/FloydWarshallDataset_tropical_0.0001_20000_20260213_095520_relu_best.pth...20260213_112819
At epoch 7501, test loss = 1.3018
...model saved to 15_exp/models/FloydWarshallDataset_tropical_0.0001_20000_20260213_095520_relu_best.pth...20260213_112856
At epoch 7504, test loss = 1.3008
...model saved to 15_exp/models/FloydWarshallDataset_tropical_0.0001_20000_20260213_095520_relu_best.pth...20260213_112858
At epoch 7518, test loss = 1.2999
...model saved to 15_exp/models/FloydWarshallDataset_tropical_0.0001_20000_20260213_095520_relu_best.pth...20260213_112908
At epoch 7542, test loss = 1.2976
...model saved to 15_exp/models/FloydWarshallDataset_tropical_0.0001_20000_20260213_095520_relu_best.pth...20260213_112924
At epoch 7558, test loss = 1.2964
...model saved to 15_exp/models/FloydWarshallDataset_tropical_0.0001_20000_20260213_095520_relu_best.pth...20260213_112935
At epoch 7567, test loss = 1.2925
...model saved to 15_exp/models/FloydWarshallDataset_tropical_0.0001_20000_20260213_095520_relu_best.pth...20260213_112942
At epoch 7577, test loss = 1.2911
...model saved to 15_exp/models/FloydWarshallDataset_tropical_0.0001_20000_20260213_095520_relu_best.pth...20260213_112949
At epoch 7625, test loss = 1.2887
...model saved to 15_exp/models/FloydWarshallDataset_tropical_0.0001_20000_20260213_095520_relu_best.pth...20260213_113021
At epoch 7640, test loss = 1.2877
...model saved to 15_exp/models/FloydWarshallDataset_tropical_0.0001_20000_20260213_095520_relu_best.pth...20260213_113030
At epoch 7642, test loss = 1.2874
...model saved to 15_exp/models/FloydWarshallDataset_tropical_0.0001_20000_20260213_095520_relu_best.pth...20260213_113032
At epoch 7655, test loss = 1.2837
...model saved to 15_exp/models/FloydWarshallDataset_tropical_0.0001_20000_20260213_095520_relu_best.pth...20260213_113040
At epoch 7669, test loss = 1.2835
...model saved to 15_exp/models/FloydWarshallDataset_tropical_0.0001_20000_20260213_095520_relu_best.pth...20260213_113049
At epoch 7673, test loss = 1.2831
...model saved to 15_exp/models/FloydWarshallDataset_tropical_0.0001_20000_20260213_095520_relu_best.pth...20260213_113052
At epoch 7681, test loss = 1.2796
...model saved to 15_exp/models/FloydWarshallDataset_tropical_0.0001_20000_20260213_095520_relu_best.pth...20260213_113057
At epoch 7720, test loss = 1.2764
...model saved to 15_exp/models/FloydWarshallDataset_tropical_0.0001_20000_20260213_095520_relu_best.pth...20260213_113122
At epoch 7748, test loss = 1.2748
...model saved to 15_exp/models/FloydWarshallDataset_tropical_0.0001_20000_20260213_095520_relu_best.pth...20260213_113140
At epoch 7779, test loss = 1.2720
...model saved to 15_exp/models/FloydWarshallDataset_tropical_0.0001_20000_20260213_095520_relu_best.pth...20260213_113200
At epoch 7798, test loss = 1.2696
...model saved to 15_exp/models/FloydWarshallDataset_tropical_0.0001_20000_20260213_095520_relu_best.pth...20260213_113213
At epoch 7822, test loss = 1.2693
...model saved to 15_exp/models/FloydWarshallDataset_tropical_0.0001_20000_20260213_095520_relu_best.pth...20260213_113228
At epoch 7826, test loss = 1.2684
...model saved to 15_exp/models/FloydWarshallDataset_tropical_0.0001_20000_20260213_095520_relu_best.pth...20260213_113231
At epoch 7839, test loss = 1.2670
...model saved to 15_exp/models/FloydWarshallDataset_tropical_0.0001_20000_20260213_095520_relu_best.pth...20260213_113240
At epoch 7852, test loss = 1.2669
...model saved to 15_exp/models/FloydWarshallDataset_tropical_0.0001_20000_20260213_095520_relu_best.pth...20260213_113248
At epoch 7861, test loss = 1.2601
...model saved to 15_exp/models/FloydWarshallDataset_tropical_0.0001_20000_20260213_095520_relu_best.pth...20260213_113254
At epoch 7909, test loss = 1.2588
...model saved to 15_exp/models/FloydWarshallDataset_tropical_0.0001_20000_20260213_095520_relu_best.pth...20260213_113325
At epoch 7922, test loss = 1.2565
...model saved to 15_exp/models/FloydWarshallDataset_tropical_0.0001_20000_20260213_095520_relu_best.pth...20260213_113334
At epoch 7943, test loss = 1.2556
...model saved to 15_exp/models/FloydWarshallDataset_tropical_0.0001_20000_20260213_095520_relu_best.pth...20260213_113347
At epoch 7970, test loss = 1.2511
...model saved to 15_exp/models/FloydWarshallDataset_tropical_0.0001_20000_20260213_095520_relu_best.pth...20260213_113405
At epoch 7983, test loss = 1.2509
...model saved to 15_exp/models/FloydWarshallDataset_tropical_0.0001_20000_20260213_095520_relu_best.pth...20260213_113414
At epoch 7989, test loss = 1.2508
...model saved to 15_exp/models/FloydWarshallDataset_tropical_0.0001_20000_20260213_095520_relu_best.pth...20260213_113417
At epoch 8006, test loss = 1.2443
...model saved to 15_exp/models/FloydWarshallDataset_tropical_0.0001_20000_20260213_095520_relu_best.pth...20260213_113428
At epoch 8070, test loss = 1.2426
...model saved to 15_exp/models/FloydWarshallDataset_tropical_0.0001_20000_20260213_095520_relu_best.pth...20260213_113510
At epoch 8092, test loss = 1.2412
...model saved to 15_exp/models/FloydWarshallDataset_tropical_0.0001_20000_20260213_095520_relu_best.pth...20260213_113525
At epoch 8120, test loss = 1.2405
...model saved to 15_exp/models/FloydWarshallDataset_tropical_0.0001_20000_20260213_095520_relu_best.pth...20260213_113543
At epoch 8141, test loss = 1.2382
...model saved to 15_exp/models/FloydWarshallDataset_tropical_0.0001_20000_20260213_095520_relu_best.pth...20260213_113557
At epoch 8145, test loss = 1.2373
...model saved to 15_exp/models/FloydWarshallDataset_tropical_0.0001_20000_20260213_095520_relu_best.pth...20260213_113559
At epoch 8176, test loss = 1.2338
...model saved to 15_exp/models/FloydWarshallDataset_tropical_0.0001_20000_20260213_095520_relu_best.pth...20260213_113619
At epoch 8200, test loss = 1.2324
...model saved to 15_exp/models/FloydWarshallDataset_tropical_0.0001_20000_20260213_095520_relu_best.pth...20260213_113635
At epoch 8203, test loss = 1.2312
...model saved to 15_exp/models/FloydWarshallDataset_tropical_0.0001_20000_20260213_095520_relu_best.pth...20260213_113638
At epoch 8225, test loss = 1.2275
...model saved to 15_exp/models/FloydWarshallDataset_tropical_0.0001_20000_20260213_095520_relu_best.pth...20260213_113653
At epoch 8229, test loss = 1.2268
...model saved to 15_exp/models/FloydWarshallDataset_tropical_0.0001_20000_20260213_095520_relu_best.pth...20260213_113656
At epoch 8285, test loss = 1.2263
...model saved to 15_exp/models/FloydWarshallDataset_tropical_0.0001_20000_20260213_095520_relu_best.pth...20260213_113735
At epoch 8288, test loss = 1.2250
...model saved to 15_exp/models/FloydWarshallDataset_tropical_0.0001_20000_20260213_095520_relu_best.pth...20260213_113737
At epoch 8298, test loss = 1.2209
...model saved to 15_exp/models/FloydWarshallDataset_tropical_0.0001_20000_20260213_095520_relu_best.pth...20260213_113744
At epoch 8350, test loss = 1.2156
...model saved to 15_exp/models/FloydWarshallDataset_tropical_0.0001_20000_20260213_095520_relu_best.pth...20260213_113820
At epoch 8386, test loss = 1.2140
...model saved to 15_exp/models/FloydWarshallDataset_tropical_0.0001_20000_20260213_095520_relu_best.pth...20260213_113845
At epoch 8412, test loss = 1.2105
...model saved to 15_exp/models/FloydWarshallDataset_tropical_0.0001_20000_20260213_095520_relu_best.pth...20260213_113903
At epoch 8427, test loss = 1.2081
...model saved to 15_exp/models/FloydWarshallDataset_tropical_0.0001_20000_20260213_095520_relu_best.pth...20260213_113913
At epoch 8473, test loss = 1.2066
...model saved to 15_exp/models/FloydWarshallDataset_tropical_0.0001_20000_20260213_095520_relu_best.pth...20260213_113945
At epoch 8475, test loss = 1.2023
...model saved to 15_exp/models/FloydWarshallDataset_tropical_0.0001_20000_20260213_095520_relu_best.pth...20260213_113946
At epoch 8500, test loss = 1.2021
...model saved to 15_exp/models/FloydWarshallDataset_tropical_0.0001_20000_20260213_095520_relu_best.pth...20260213_114003
At epoch 8536, test loss = 1.1996
...model saved to 15_exp/models/FloydWarshallDataset_tropical_0.0001_20000_20260213_095520_relu_best.pth...20260213_114028
At epoch 8544, test loss = 1.1996
...model saved to 15_exp/models/FloydWarshallDataset_tropical_0.0001_20000_20260213_095520_relu_best.pth...20260213_114033
At epoch 8550, test loss = 1.1942
...model saved to 15_exp/models/FloydWarshallDataset_tropical_0.0001_20000_20260213_095520_relu_best.pth...20260213_114037
At epoch 8553, test loss = 1.1924
...model saved to 15_exp/models/FloydWarshallDataset_tropical_0.0001_20000_20260213_095520_relu_best.pth...20260213_114039
At epoch 8580, test loss = 1.1906
...model saved to 15_exp/models/FloydWarshallDataset_tropical_0.0001_20000_20260213_095520_relu_best.pth...20260213_114056
At epoch 8604, test loss = 1.1900
...model saved to 15_exp/models/FloydWarshallDataset_tropical_0.0001_20000_20260213_095520_relu_best.pth...20260213_114111
At epoch 8623, test loss = 1.1892
...model saved to 15_exp/models/FloydWarshallDataset_tropical_0.0001_20000_20260213_095520_relu_best.pth...20260213_114124
At epoch 8638, test loss = 1.1860
...model saved to 15_exp/models/FloydWarshallDataset_tropical_0.0001_20000_20260213_095520_relu_best.pth...20260213_114133
At epoch 8669, test loss = 1.1827
...model saved to 15_exp/models/FloydWarshallDataset_tropical_0.0001_20000_20260213_095520_relu_best.pth...20260213_114154
At epoch 8672, test loss = 1.1794
...model saved to 15_exp/models/FloydWarshallDataset_tropical_0.0001_20000_20260213_095520_relu_best.pth...20260213_114156
At epoch 8689, test loss = 1.1767
...model saved to 15_exp/models/FloydWarshallDataset_tropical_0.0001_20000_20260213_095520_relu_best.pth...20260213_114208
At epoch 8735, test loss = 1.1763
...model saved to 15_exp/models/FloydWarshallDataset_tropical_0.0001_20000_20260213_095520_relu_best.pth...20260213_114239
At epoch 8736, test loss = 1.1760
...model saved to 15_exp/models/FloydWarshallDataset_tropical_0.0001_20000_20260213_095520_relu_best.pth...20260213_114240
At epoch 8752, test loss = 1.1752
...model saved to 15_exp/models/FloydWarshallDataset_tropical_0.0001_20000_20260213_095520_relu_best.pth...20260213_114250
At epoch 8756, test loss = 1.1746
...model saved to 15_exp/models/FloydWarshallDataset_tropical_0.0001_20000_20260213_095520_relu_best.pth...20260213_114253
At epoch 8760, test loss = 1.1729
...model saved to 15_exp/models/FloydWarshallDataset_tropical_0.0001_20000_20260213_095520_relu_best.pth...20260213_114256
At epoch 8764, test loss = 1.1691
...model saved to 15_exp/models/FloydWarshallDataset_tropical_0.0001_20000_20260213_095520_relu_best.pth...20260213_114258
At epoch 8812, test loss = 1.1651
...model saved to 15_exp/models/FloydWarshallDataset_tropical_0.0001_20000_20260213_095520_relu_best.pth...20260213_114329
At epoch 8848, test loss = 1.1612
...model saved to 15_exp/models/FloydWarshallDataset_tropical_0.0001_20000_20260213_095520_relu_best.pth...20260213_114352
At epoch 8893, test loss = 1.1573
...model saved to 15_exp/models/FloydWarshallDataset_tropical_0.0001_20000_20260213_095520_relu_best.pth...20260213_114422
At epoch 8912, test loss = 1.1534
...model saved to 15_exp/models/FloydWarshallDataset_tropical_0.0001_20000_20260213_095520_relu_best.pth...20260213_114434
At epoch 8963, test loss = 1.1526
...model saved to 15_exp/models/FloydWarshallDataset_tropical_0.0001_20000_20260213_095520_relu_best.pth...20260213_114507
At epoch 8968, test loss = 1.1458
...model saved to 15_exp/models/FloydWarshallDataset_tropical_0.0001_20000_20260213_095520_relu_best.pth...20260213_114510
At epoch 9048, test loss = 1.1441
...model saved to 15_exp/models/FloydWarshallDataset_tropical_0.0001_20000_20260213_095520_relu_best.pth...20260213_114602
At epoch 9123, test loss = 1.1417
...model saved to 15_exp/models/FloydWarshallDataset_tropical_0.0001_20000_20260213_095520_relu_best.pth...20260213_114650
At epoch 9131, test loss = 1.1405
...model saved to 15_exp/models/FloydWarshallDataset_tropical_0.0001_20000_20260213_095520_relu_best.pth...20260213_114655
At epoch 9140, test loss = 1.1378
...model saved to 15_exp/models/FloydWarshallDataset_tropical_0.0001_20000_20260213_095520_relu_best.pth...20260213_114701
At epoch 9159, test loss = 1.1357
...model saved to 15_exp/models/FloydWarshallDataset_tropical_0.0001_20000_20260213_095520_relu_best.pth...20260213_114714
At epoch 9168, test loss = 1.1348
...model saved to 15_exp/models/FloydWarshallDataset_tropical_0.0001_20000_20260213_095520_relu_best.pth...20260213_114719
At epoch 9169, test loss = 1.1340
...model saved to 15_exp/models/FloydWarshallDataset_tropical_0.0001_20000_20260213_095520_relu_best.pth...20260213_114720
At epoch 9176, test loss = 1.1321
...model saved to 15_exp/models/FloydWarshallDataset_tropical_0.0001_20000_20260213_095520_relu_best.pth...20260213_114725
At epoch 9231, test loss = 1.1272
...model saved to 15_exp/models/FloydWarshallDataset_tropical_0.0001_20000_20260213_095520_relu_best.pth...20260213_114800
At epoch 9248, test loss = 1.1262
...model saved to 15_exp/models/FloydWarshallDataset_tropical_0.0001_20000_20260213_095520_relu_best.pth...20260213_114811
At epoch 9249, test loss = 1.1256
...model saved to 15_exp/models/FloydWarshallDataset_tropical_0.0001_20000_20260213_095520_relu_best.pth...20260213_114812
At epoch 9255, test loss = 1.1233
...model saved to 15_exp/models/FloydWarshallDataset_tropical_0.0001_20000_20260213_095520_relu_best.pth...20260213_114816
At epoch 9278, test loss = 1.1217
...model saved to 15_exp/models/FloydWarshallDataset_tropical_0.0001_20000_20260213_095520_relu_best.pth...20260213_114831
At epoch 9299, test loss = 1.1201
...model saved to 15_exp/models/FloydWarshallDataset_tropical_0.0001_20000_20260213_095520_relu_best.pth...20260213_114845
At epoch 9321, test loss = 1.1166
...model saved to 15_exp/models/FloydWarshallDataset_tropical_0.0001_20000_20260213_095520_relu_best.pth...20260213_114859
At epoch 9327, test loss = 1.1164
...model saved to 15_exp/models/FloydWarshallDataset_tropical_0.0001_20000_20260213_095520_relu_best.pth...20260213_114903
At epoch 9356, test loss = 1.1158
...model saved to 15_exp/models/FloydWarshallDataset_tropical_0.0001_20000_20260213_095520_relu_best.pth...20260213_114922
At epoch 9361, test loss = 1.1121
...model saved to 15_exp/models/FloydWarshallDataset_tropical_0.0001_20000_20260213_095520_relu_best.pth...20260213_114925
At epoch 9421, test loss = 1.1112
...model saved to 15_exp/models/FloydWarshallDataset_tropical_0.0001_20000_20260213_095520_relu_best.pth...20260213_115004
At epoch 9437, test loss = 1.1094
...model saved to 15_exp/models/FloydWarshallDataset_tropical_0.0001_20000_20260213_095520_relu_best.pth...20260213_115014
At epoch 9465, test loss = 1.1088
...model saved to 15_exp/models/FloydWarshallDataset_tropical_0.0001_20000_20260213_095520_relu_best.pth...20260213_115032
At epoch 9467, test loss = 1.1079
...model saved to 15_exp/models/FloydWarshallDataset_tropical_0.0001_20000_20260213_095520_relu_best.pth...20260213_115033
At epoch 9469, test loss = 1.1034
...model saved to 15_exp/models/FloydWarshallDataset_tropical_0.0001_20000_20260213_095520_relu_best.pth...20260213_115035
At epoch 9485, test loss = 1.1017
...model saved to 15_exp/models/FloydWarshallDataset_tropical_0.0001_20000_20260213_095520_relu_best.pth...20260213_115045
At epoch 9541, test loss = 1.0992
...model saved to 15_exp/models/FloydWarshallDataset_tropical_0.0001_20000_20260213_095520_relu_best.pth...20260213_115121
At epoch 9550, test loss = 1.0971
...model saved to 15_exp/models/FloydWarshallDataset_tropical_0.0001_20000_20260213_095520_relu_best.pth...20260213_115127
At epoch 9564, test loss = 1.0942
...model saved to 15_exp/models/FloydWarshallDataset_tropical_0.0001_20000_20260213_095520_relu_best.pth...20260213_115136
At epoch 9597, test loss = 1.0924
...model saved to 15_exp/models/FloydWarshallDataset_tropical_0.0001_20000_20260213_095520_relu_best.pth...20260213_115157
At epoch 9663, test loss = 1.0923
...model saved to 15_exp/models/FloydWarshallDataset_tropical_0.0001_20000_20260213_095520_relu_best.pth...20260213_115240
At epoch 9683, test loss = 1.0904
...model saved to 15_exp/models/FloydWarshallDataset_tropical_0.0001_20000_20260213_095520_relu_best.pth...20260213_115253
At epoch 9684, test loss = 1.0888
...model saved to 15_exp/models/FloydWarshallDataset_tropical_0.0001_20000_20260213_095520_relu_best.pth...20260213_115253
At epoch 9694, test loss = 1.0874
...model saved to 15_exp/models/FloydWarshallDataset_tropical_0.0001_20000_20260213_095520_relu_best.pth...20260213_115300
At epoch 9708, test loss = 1.0865
...model saved to 15_exp/models/FloydWarshallDataset_tropical_0.0001_20000_20260213_095520_relu_best.pth...20260213_115309
At epoch 9739, test loss = 1.0854
...model saved to 15_exp/models/FloydWarshallDataset_tropical_0.0001_20000_20260213_095520_relu_best.pth...20260213_115329
At epoch 9744, test loss = 1.0852
...model saved to 15_exp/models/FloydWarshallDataset_tropical_0.0001_20000_20260213_095520_relu_best.pth...20260213_115332
At epoch 9786, test loss = 1.0826
...model saved to 15_exp/models/FloydWarshallDataset_tropical_0.0001_20000_20260213_095520_relu_best.pth...20260213_115400
At epoch 9804, test loss = 1.0792
...model saved to 15_exp/models/FloydWarshallDataset_tropical_0.0001_20000_20260213_095520_relu_best.pth...20260213_115413
At epoch 9828, test loss = 1.0774
...model saved to 15_exp/models/FloydWarshallDataset_tropical_0.0001_20000_20260213_095520_relu_best.pth...20260213_115429
At epoch 9848, test loss = 1.0754
...model saved to 15_exp/models/FloydWarshallDataset_tropical_0.0001_20000_20260213_095520_relu_best.pth...20260213_115443
At epoch 9889, test loss = 1.0716
...model saved to 15_exp/models/FloydWarshallDataset_tropical_0.0001_20000_20260213_095520_relu_best.pth...20260213_115512
At epoch 9921, test loss = 1.0689
...model saved to 15_exp/models/FloydWarshallDataset_tropical_0.0001_20000_20260213_095520_relu_best.pth...20260213_115534
At epoch 9988, test loss = 1.0662
...model saved to 15_exp/models/FloydWarshallDataset_tropical_0.0001_20000_20260213_095520_relu_best.pth...20260213_115618
At epoch 10015, test loss = 1.0651
...model saved to 15_exp/models/FloydWarshallDataset_tropical_0.0001_20000_20260213_095520_relu_best.pth...20260213_115636
At epoch 10049, test loss = 1.0641
...model saved to 15_exp/models/FloydWarshallDataset_tropical_0.0001_20000_20260213_095520_relu_best.pth...20260213_115659
At epoch 10061, test loss = 1.0571
...model saved to 15_exp/models/FloydWarshallDataset_tropical_0.0001_20000_20260213_095520_relu_best.pth...20260213_115707
At epoch 10143, test loss = 1.0552
...model saved to 15_exp/models/FloydWarshallDataset_tropical_0.0001_20000_20260213_095520_relu_best.pth...20260213_115802
At epoch 10181, test loss = 1.0501
...model saved to 15_exp/models/FloydWarshallDataset_tropical_0.0001_20000_20260213_095520_relu_best.pth...20260213_115829
At epoch 10231, test loss = 1.0492
...model saved to 15_exp/models/FloydWarshallDataset_tropical_0.0001_20000_20260213_095520_relu_best.pth...20260213_115904
At epoch 10254, test loss = 1.0472
...model saved to 15_exp/models/FloydWarshallDataset_tropical_0.0001_20000_20260213_095520_relu_best.pth...20260213_115920
At epoch 10258, test loss = 1.0462
...model saved to 15_exp/models/FloydWarshallDataset_tropical_0.0001_20000_20260213_095520_relu_best.pth...20260213_115922
At epoch 10271, test loss = 1.0460
...model saved to 15_exp/models/FloydWarshallDataset_tropical_0.0001_20000_20260213_095520_relu_best.pth...20260213_115931
At epoch 10286, test loss = 1.0442
...model saved to 15_exp/models/FloydWarshallDataset_tropical_0.0001_20000_20260213_095520_relu_best.pth...20260213_115940
At epoch 10296, test loss = 1.0423
...model saved to 15_exp/models/FloydWarshallDataset_tropical_0.0001_20000_20260213_095520_relu_best.pth...20260213_115947
At epoch 10318, test loss = 1.0422
...model saved to 15_exp/models/FloydWarshallDataset_tropical_0.0001_20000_20260213_095520_relu_best.pth...20260213_120001
At epoch 10346, test loss = 1.0403
...model saved to 15_exp/models/FloydWarshallDataset_tropical_0.0001_20000_20260213_095520_relu_best.pth...20260213_120019
At epoch 10351, test loss = 1.0380
...model saved to 15_exp/models/FloydWarshallDataset_tropical_0.0001_20000_20260213_095520_relu_best.pth...20260213_120022
At epoch 10407, test loss = 1.0377
...model saved to 15_exp/models/FloydWarshallDataset_tropical_0.0001_20000_20260213_095520_relu_best.pth...20260213_120058
At epoch 10433, test loss = 1.0359
...model saved to 15_exp/models/FloydWarshallDataset_tropical_0.0001_20000_20260213_095520_relu_best.pth...20260213_120115
At epoch 10477, test loss = 1.0333
...model saved to 15_exp/models/FloydWarshallDataset_tropical_0.0001_20000_20260213_095520_relu_best.pth...20260213_120143
At epoch 10484, test loss = 1.0312
...model saved to 15_exp/models/FloydWarshallDataset_tropical_0.0001_20000_20260213_095520_relu_best.pth...20260213_120148
At epoch 10564, test loss = 1.0303
...model saved to 15_exp/models/FloydWarshallDataset_tropical_0.0001_20000_20260213_095520_relu_best.pth...20260213_120239
At epoch 10571, test loss = 1.0300
...model saved to 15_exp/models/FloydWarshallDataset_tropical_0.0001_20000_20260213_095520_relu_best.pth...20260213_120244
At epoch 10581, test loss = 1.0282
...model saved to 15_exp/models/FloydWarshallDataset_tropical_0.0001_20000_20260213_095520_relu_best.pth...20260213_120250
At epoch 10585, test loss = 1.0277
...model saved to 15_exp/models/FloydWarshallDataset_tropical_0.0001_20000_20260213_095520_relu_best.pth...20260213_120253
At epoch 10596, test loss = 1.0240
...model saved to 15_exp/models/FloydWarshallDataset_tropical_0.0001_20000_20260213_095520_relu_best.pth...20260213_120300
At epoch 10614, test loss = 1.0232
...model saved to 15_exp/models/FloydWarshallDataset_tropical_0.0001_20000_20260213_095520_relu_best.pth...20260213_120312
At epoch 10694, test loss = 1.0224
...model saved to 15_exp/models/FloydWarshallDataset_tropical_0.0001_20000_20260213_095520_relu_best.pth...20260213_120404
At epoch 10696, test loss = 1.0183
...model saved to 15_exp/models/FloydWarshallDataset_tropical_0.0001_20000_20260213_095520_relu_best.pth...20260213_120405
At epoch 10775, test loss = 1.0175
...model saved to 15_exp/models/FloydWarshallDataset_tropical_0.0001_20000_20260213_095520_relu_best.pth...20260213_120456
At epoch 10821, test loss = 1.0161
...model saved to 15_exp/models/FloydWarshallDataset_tropical_0.0001_20000_20260213_095520_relu_best.pth...20260213_120526
At epoch 10830, test loss = 1.0141
...model saved to 15_exp/models/FloydWarshallDataset_tropical_0.0001_20000_20260213_095520_relu_best.pth...20260213_120532
At epoch 10874, test loss = 1.0139
...model saved to 15_exp/models/FloydWarshallDataset_tropical_0.0001_20000_20260213_095520_relu_best.pth...20260213_120603
At epoch 10894, test loss = 1.0091
...model saved to 15_exp/models/FloydWarshallDataset_tropical_0.0001_20000_20260213_095520_relu_best.pth...20260213_120617
At epoch 10912, test loss = 1.0069
...model saved to 15_exp/models/FloydWarshallDataset_tropical_0.0001_20000_20260213_095520_relu_best.pth...20260213_120629
At epoch 11006, test loss = 1.0049
...model saved to 15_exp/models/FloydWarshallDataset_tropical_0.0001_20000_20260213_095520_relu_best.pth...20260213_120731
At epoch 11072, test loss = 1.0040
...model saved to 15_exp/models/FloydWarshallDataset_tropical_0.0001_20000_20260213_095520_relu_best.pth...20260213_120814
At epoch 11091, test loss = 1.0039
...model saved to 15_exp/models/FloydWarshallDataset_tropical_0.0001_20000_20260213_095520_relu_best.pth...20260213_120826
At epoch 11098, test loss = 0.9977
...model saved to 15_exp/models/FloydWarshallDataset_tropical_0.0001_20000_20260213_095520_relu_best.pth...20260213_120831
At epoch 11180, test loss = 0.9967
...model saved to 15_exp/models/FloydWarshallDataset_tropical_0.0001_20000_20260213_095520_relu_best.pth...20260213_120924
At epoch 11208, test loss = 0.9964
...model saved to 15_exp/models/FloydWarshallDataset_tropical_0.0001_20000_20260213_095520_relu_best.pth...20260213_120942
At epoch 11223, test loss = 0.9956
...model saved to 15_exp/models/FloydWarshallDataset_tropical_0.0001_20000_20260213_095520_relu_best.pth...20260213_120952
At epoch 11265, test loss = 0.9897
...model saved to 15_exp/models/FloydWarshallDataset_tropical_0.0001_20000_20260213_095520_relu_best.pth...20260213_121020
At epoch 11359, test loss = 0.9890
...model saved to 15_exp/models/FloydWarshallDataset_tropical_0.0001_20000_20260213_095520_relu_best.pth...20260213_121125
At epoch 11364, test loss = 0.9878
...model saved to 15_exp/models/FloydWarshallDataset_tropical_0.0001_20000_20260213_095520_relu_best.pth...20260213_121128
At epoch 11436, test loss = 0.9873
...model saved to 15_exp/models/FloydWarshallDataset_tropical_0.0001_20000_20260213_095520_relu_best.pth...20260213_121218
At epoch 11457, test loss = 0.9869
...model saved to 15_exp/models/FloydWarshallDataset_tropical_0.0001_20000_20260213_095520_relu_best.pth...20260213_121233
At epoch 11476, test loss = 0.9861
...model saved to 15_exp/models/FloydWarshallDataset_tropical_0.0001_20000_20260213_095520_relu_best.pth...20260213_121246
At epoch 11490, test loss = 0.9847
...model saved to 15_exp/models/FloydWarshallDataset_tropical_0.0001_20000_20260213_095520_relu_best.pth...20260213_121256
At epoch 11496, test loss = 0.9827
...model saved to 15_exp/models/FloydWarshallDataset_tropical_0.0001_20000_20260213_095520_relu_best.pth...20260213_121300
At epoch 11548, test loss = 0.9770
...model saved to 15_exp/models/FloydWarshallDataset_tropical_0.0001_20000_20260213_095520_relu_best.pth...20260213_121334
At epoch 11657, test loss = 0.9755
...model saved to 15_exp/models/FloydWarshallDataset_tropical_0.0001_20000_20260213_095520_relu_best.pth...20260213_121445
At epoch 11662, test loss = 0.9728
...model saved to 15_exp/models/FloydWarshallDataset_tropical_0.0001_20000_20260213_095520_relu_best.pth...20260213_121448
At epoch 11699, test loss = 0.9712
...model saved to 15_exp/models/FloydWarshallDataset_tropical_0.0001_20000_20260213_095520_relu_best.pth...20260213_121512
At epoch 11700, test loss = 0.9711
...model saved to 15_exp/models/FloydWarshallDataset_tropical_0.0001_20000_20260213_095520_relu_best.pth...20260213_121513
At epoch 11741, test loss = 0.9687
...model saved to 15_exp/models/FloydWarshallDataset_tropical_0.0001_20000_20260213_095520_relu_best.pth...20260213_121539
At epoch 11769, test loss = 0.9680
...model saved to 15_exp/models/FloydWarshallDataset_tropical_0.0001_20000_20260213_095520_relu_best.pth...20260213_121557
At epoch 11837, test loss = 0.9669
...model saved to 15_exp/models/FloydWarshallDataset_tropical_0.0001_20000_20260213_095520_relu_best.pth...20260213_121641
At epoch 11856, test loss = 0.9655
...model saved to 15_exp/models/FloydWarshallDataset_tropical_0.0001_20000_20260213_095520_relu_best.pth...20260213_121654
At epoch 11898, test loss = 0.9649
...model saved to 15_exp/models/FloydWarshallDataset_tropical_0.0001_20000_20260213_095520_relu_best.pth...20260213_121721
At epoch 11904, test loss = 0.9642
...model saved to 15_exp/models/FloydWarshallDataset_tropical_0.0001_20000_20260213_095520_relu_best.pth...20260213_121725
At epoch 11909, test loss = 0.9640
...model saved to 15_exp/models/FloydWarshallDataset_tropical_0.0001_20000_20260213_095520_relu_best.pth...20260213_121728
At epoch 11918, test loss = 0.9638
...model saved to 15_exp/models/FloydWarshallDataset_tropical_0.0001_20000_20260213_095520_relu_best.pth...20260213_121734
At epoch 11930, test loss = 0.9629
...model saved to 15_exp/models/FloydWarshallDataset_tropical_0.0001_20000_20260213_095520_relu_best.pth...20260213_121741
At epoch 11961, test loss = 0.9603
...model saved to 15_exp/models/FloydWarshallDataset_tropical_0.0001_20000_20260213_095520_relu_best.pth...20260213_121803
At epoch 11979, test loss = 0.9596
...model saved to 15_exp/models/FloydWarshallDataset_tropical_0.0001_20000_20260213_095520_relu_best.pth...20260213_121815
At epoch 11985, test loss = 0.9564
...model saved to 15_exp/models/FloydWarshallDataset_tropical_0.0001_20000_20260213_095520_relu_best.pth...20260213_121820
At epoch 12154, test loss = 0.9551
...model saved to 15_exp/models/FloydWarshallDataset_tropical_0.0001_20000_20260213_095520_relu_best.pth...20260213_122012
At epoch 12161, test loss = 0.9497
...model saved to 15_exp/models/FloydWarshallDataset_tropical_0.0001_20000_20260213_095520_relu_best.pth...20260213_122016
At epoch 12205, test loss = 0.9471
...model saved to 15_exp/models/FloydWarshallDataset_tropical_0.0001_20000_20260213_095520_relu_best.pth...20260213_122045
At epoch 12343, test loss = 0.9468
...model saved to 15_exp/models/FloydWarshallDataset_tropical_0.0001_20000_20260213_095520_relu_best.pth...20260213_122214
At epoch 12419, test loss = 0.9445
...model saved to 15_exp/models/FloydWarshallDataset_tropical_0.0001_20000_20260213_095520_relu_best.pth...20260213_122304
At epoch 12474, test loss = 0.9436
...model saved to 15_exp/models/FloydWarshallDataset_tropical_0.0001_20000_20260213_095520_relu_best.pth...20260213_122339
At epoch 12486, test loss = 0.9424
...model saved to 15_exp/models/FloydWarshallDataset_tropical_0.0001_20000_20260213_095520_relu_best.pth...20260213_122347
At epoch 12524, test loss = 0.9397
...model saved to 15_exp/models/FloydWarshallDataset_tropical_0.0001_20000_20260213_095520_relu_best.pth...20260213_122411
At epoch 12584, test loss = 0.9383
...model saved to 15_exp/models/FloydWarshallDataset_tropical_0.0001_20000_20260213_095520_relu_best.pth...20260213_122450
At epoch 12594, test loss = 0.9360
...model saved to 15_exp/models/FloydWarshallDataset_tropical_0.0001_20000_20260213_095520_relu_best.pth...20260213_122456
At epoch 12668, test loss = 0.9358
...model saved to 15_exp/models/FloydWarshallDataset_tropical_0.0001_20000_20260213_095520_relu_best.pth...20260213_122544
At epoch 12681, test loss = 0.9340
...model saved to 15_exp/models/FloydWarshallDataset_tropical_0.0001_20000_20260213_095520_relu_best.pth...20260213_122553
At epoch 12711, test loss = 0.9319
...model saved to 15_exp/models/FloydWarshallDataset_tropical_0.0001_20000_20260213_095520_relu_best.pth...20260213_122612
At epoch 12749, test loss = 0.9290
...model saved to 15_exp/models/FloydWarshallDataset_tropical_0.0001_20000_20260213_095520_relu_best.pth...20260213_122637
At epoch 12956, test loss = 0.9288
...model saved to 15_exp/models/FloydWarshallDataset_tropical_0.0001_20000_20260213_095520_relu_best.pth...20260213_122851
At epoch 12977, test loss = 0.9263
...model saved to 15_exp/models/FloydWarshallDataset_tropical_0.0001_20000_20260213_095520_relu_best.pth...20260213_122905
At epoch 13003, test loss = 0.9233
...model saved to 15_exp/models/FloydWarshallDataset_tropical_0.0001_20000_20260213_095520_relu_best.pth...20260213_122922
At epoch 13094, test loss = 0.9222
...model saved to 15_exp/models/FloydWarshallDataset_tropical_0.0001_20000_20260213_095520_relu_best.pth...20260213_123021
At epoch 13139, test loss = 0.9208
...model saved to 15_exp/models/FloydWarshallDataset_tropical_0.0001_20000_20260213_095520_relu_best.pth...20260213_123050
At epoch 13177, test loss = 0.9201
...model saved to 15_exp/models/FloydWarshallDataset_tropical_0.0001_20000_20260213_095520_relu_best.pth...20260213_123114
At epoch 13301, test loss = 0.9178
...model saved to 15_exp/models/FloydWarshallDataset_tropical_0.0001_20000_20260213_095520_relu_best.pth...20260213_123236
At epoch 13350, test loss = 0.9178
...model saved to 15_exp/models/FloydWarshallDataset_tropical_0.0001_20000_20260213_095520_relu_best.pth...20260213_123307
At epoch 13362, test loss = 0.9172
...model saved to 15_exp/models/FloydWarshallDataset_tropical_0.0001_20000_20260213_095520_relu_best.pth...20260213_123315
At epoch 13376, test loss = 0.9156
...model saved to 15_exp/models/FloydWarshallDataset_tropical_0.0001_20000_20260213_095520_relu_best.pth...20260213_123324
At epoch 13460, test loss = 0.9113
...model saved to 15_exp/models/FloydWarshallDataset_tropical_0.0001_20000_20260213_095520_relu_best.pth...20260213_123419
At epoch 13573, test loss = 0.9092
...model saved to 15_exp/models/FloydWarshallDataset_tropical_0.0001_20000_20260213_095520_relu_best.pth...20260213_123532
At epoch 13645, test loss = 0.9086
...model saved to 15_exp/models/FloydWarshallDataset_tropical_0.0001_20000_20260213_095520_relu_best.pth...20260213_123619
At epoch 13733, test loss = 0.9071
...model saved to 15_exp/models/FloydWarshallDataset_tropical_0.0001_20000_20260213_095520_relu_best.pth...20260213_123715
At epoch 13740, test loss = 0.9053
...model saved to 15_exp/models/FloydWarshallDataset_tropical_0.0001_20000_20260213_095520_relu_best.pth...20260213_123720
At epoch 13795, test loss = 0.9042
...model saved to 15_exp/models/FloydWarshallDataset_tropical_0.0001_20000_20260213_095520_relu_best.pth...20260213_123755
At epoch 13923, test loss = 0.9041
...model saved to 15_exp/models/FloydWarshallDataset_tropical_0.0001_20000_20260213_095520_relu_best.pth...20260213_123919
At epoch 13975, test loss = 0.9028
...model saved to 15_exp/models/FloydWarshallDataset_tropical_0.0001_20000_20260213_095520_relu_best.pth...20260213_123952
At epoch 13994, test loss = 0.8977
...model saved to 15_exp/models/FloydWarshallDataset_tropical_0.0001_20000_20260213_095520_relu_best.pth...20260213_124004
At epoch 14204, test loss = 0.8958
...model saved to 15_exp/models/FloydWarshallDataset_tropical_0.0001_20000_20260213_095520_relu_best.pth...20260213_124221
At epoch 14276, test loss = 0.8931
...model saved to 15_exp/models/FloydWarshallDataset_tropical_0.0001_20000_20260213_095520_relu_best.pth...20260213_124308
At epoch 14318, test loss = 0.8923
...model saved to 15_exp/models/FloydWarshallDataset_tropical_0.0001_20000_20260213_095520_relu_best.pth...20260213_124335
At epoch 14418, test loss = 0.8908
...model saved to 15_exp/models/FloydWarshallDataset_tropical_0.0001_20000_20260213_095520_relu_best.pth...20260213_124440
At epoch 14455, test loss = 0.8898
...model saved to 15_exp/models/FloydWarshallDataset_tropical_0.0001_20000_20260213_095520_relu_best.pth...20260213_124504
At epoch 14469, test loss = 0.8864
...model saved to 15_exp/models/FloydWarshallDataset_tropical_0.0001_20000_20260213_095520_relu_best.pth...20260213_124513
At epoch 14647, test loss = 0.8853
...model saved to 15_exp/models/FloydWarshallDataset_tropical_0.0001_20000_20260213_095520_relu_best.pth...20260213_124708
At epoch 14658, test loss = 0.8845
...model saved to 15_exp/models/FloydWarshallDataset_tropical_0.0001_20000_20260213_095520_relu_best.pth...20260213_124716
At epoch 14770, test loss = 0.8844
...model saved to 15_exp/models/FloydWarshallDataset_tropical_0.0001_20000_20260213_095520_relu_best.pth...20260213_124829
At epoch 14790, test loss = 0.8826
...model saved to 15_exp/models/FloydWarshallDataset_tropical_0.0001_20000_20260213_095520_relu_best.pth...20260213_124842
At epoch 14792, test loss = 0.8816
...model saved to 15_exp/models/FloydWarshallDataset_tropical_0.0001_20000_20260213_095520_relu_best.pth...20260213_124843
At epoch 14890, test loss = 0.8798
...model saved to 15_exp/models/FloydWarshallDataset_tropical_0.0001_20000_20260213_095520_relu_best.pth...20260213_124947
At epoch 14967, test loss = 0.8763
...model saved to 15_exp/models/FloydWarshallDataset_tropical_0.0001_20000_20260213_095520_relu_best.pth...20260213_125037
At epoch 15096, test loss = 0.8762
...model saved to 15_exp/models/FloydWarshallDataset_tropical_0.0001_20000_20260213_095520_relu_best.pth...20260213_125200
At epoch 15114, test loss = 0.8745
...model saved to 15_exp/models/FloydWarshallDataset_tropical_0.0001_20000_20260213_095520_relu_best.pth...20260213_125212
At epoch 15119, test loss = 0.8745
...model saved to 15_exp/models/FloydWarshallDataset_tropical_0.0001_20000_20260213_095520_relu_best.pth...20260213_125215
At epoch 15157, test loss = 0.8697
...model saved to 15_exp/models/FloydWarshallDataset_tropical_0.0001_20000_20260213_095520_relu_best.pth...20260213_125239
At epoch 15430, test loss = 0.8690
...model saved to 15_exp/models/FloydWarshallDataset_tropical_0.0001_20000_20260213_095520_relu_best.pth...20260213_125536
At epoch 15507, test loss = 0.8689
...model saved to 15_exp/models/FloydWarshallDataset_tropical_0.0001_20000_20260213_095520_relu_best.pth...20260213_125625
At epoch 15524, test loss = 0.8675
...model saved to 15_exp/models/FloydWarshallDataset_tropical_0.0001_20000_20260213_095520_relu_best.pth...20260213_125636
At epoch 15540, test loss = 0.8617
...model saved to 15_exp/models/FloydWarshallDataset_tropical_0.0001_20000_20260213_095520_relu_best.pth...20260213_125647
At epoch 15668, test loss = 0.8608
...model saved to 15_exp/models/FloydWarshallDataset_tropical_0.0001_20000_20260213_095520_relu_best.pth...20260213_125809
At epoch 15922, test loss = 0.8605
...model saved to 15_exp/models/FloydWarshallDataset_tropical_0.0001_20000_20260213_095520_relu_best.pth...20260213_130054
At epoch 15927, test loss = 0.8569
...model saved to 15_exp/models/FloydWarshallDataset_tropical_0.0001_20000_20260213_095520_relu_best.pth...20260213_130057
At epoch 16009, test loss = 0.8562
...model saved to 15_exp/models/FloydWarshallDataset_tropical_0.0001_20000_20260213_095520_relu_best.pth...20260213_130150
At epoch 16105, test loss = 0.8530
...model saved to 15_exp/models/FloydWarshallDataset_tropical_0.0001_20000_20260213_095520_relu_best.pth...20260213_130252
At epoch 16217, test loss = 0.8526
...model saved to 15_exp/models/FloydWarshallDataset_tropical_0.0001_20000_20260213_095520_relu_best.pth...20260213_130404
At epoch 16386, test loss = 0.8513
...model saved to 15_exp/models/FloydWarshallDataset_tropical_0.0001_20000_20260213_095520_relu_best.pth...20260213_130553
At epoch 16420, test loss = 0.8511
...model saved to 15_exp/models/FloydWarshallDataset_tropical_0.0001_20000_20260213_095520_relu_best.pth...20260213_130616
At epoch 16432, test loss = 0.8492
...model saved to 15_exp/models/FloydWarshallDataset_tropical_0.0001_20000_20260213_095520_relu_best.pth...20260213_130623
At epoch 16625, test loss = 0.8477
...model saved to 15_exp/models/FloydWarshallDataset_tropical_0.0001_20000_20260213_095520_relu_best.pth...20260213_130829
At epoch 16685, test loss = 0.8462
...model saved to 15_exp/models/FloydWarshallDataset_tropical_0.0001_20000_20260213_095520_relu_best.pth...20260213_130908
At epoch 16751, test loss = 0.8457
...model saved to 15_exp/models/FloydWarshallDataset_tropical_0.0001_20000_20260213_095520_relu_best.pth...20260213_130951
At epoch 16759, test loss = 0.8445
...model saved to 15_exp/models/FloydWarshallDataset_tropical_0.0001_20000_20260213_095520_relu_best.pth...20260213_130957
At epoch 16820, test loss = 0.8430
...model saved to 15_exp/models/FloydWarshallDataset_tropical_0.0001_20000_20260213_095520_relu_best.pth...20260213_131036
At epoch 16875, test loss = 0.8428
...model saved to 15_exp/models/FloydWarshallDataset_tropical_0.0001_20000_20260213_095520_relu_best.pth...20260213_131112
At epoch 16900, test loss = 0.8406
...model saved to 15_exp/models/FloydWarshallDataset_tropical_0.0001_20000_20260213_095520_relu_best.pth...20260213_131129
At epoch 17233, test loss = 0.8384
...model saved to 15_exp/models/FloydWarshallDataset_tropical_0.0001_20000_20260213_095520_relu_best.pth...20260213_131505
At epoch 17326, test loss = 0.8335
...model saved to 15_exp/models/FloydWarshallDataset_tropical_0.0001_20000_20260213_095520_relu_best.pth...20260213_131606
At epoch 17390, test loss = 0.8327
...model saved to 15_exp/models/FloydWarshallDataset_tropical_0.0001_20000_20260213_095520_relu_best.pth...20260213_131647
At epoch 17618, test loss = 0.8324
...model saved to 15_exp/models/FloydWarshallDataset_tropical_0.0001_20000_20260213_095520_relu_best.pth...20260213_131917
At epoch 17793, test loss = 0.8276
...model saved to 15_exp/models/FloydWarshallDataset_tropical_0.0001_20000_20260213_095520_relu_best.pth...20260213_132111
At epoch 18051, test loss = 0.8266
...model saved to 15_exp/models/FloydWarshallDataset_tropical_0.0001_20000_20260213_095520_relu_best.pth...20260213_132403
At epoch 18079, test loss = 0.8262
...model saved to 15_exp/models/FloydWarshallDataset_tropical_0.0001_20000_20260213_095520_relu_best.pth...20260213_132423
At epoch 18130, test loss = 0.8230
...model saved to 15_exp/models/FloydWarshallDataset_tropical_0.0001_20000_20260213_095520_relu_best.pth...20260213_132459
At epoch 18134, test loss = 0.8220
...model saved to 15_exp/models/FloydWarshallDataset_tropical_0.0001_20000_20260213_095520_relu_best.pth...20260213_132502
At epoch 18343, test loss = 0.8201
...model saved to 15_exp/models/FloydWarshallDataset_tropical_0.0001_20000_20260213_095520_relu_best.pth...20260213_132729
At epoch 18621, test loss = 0.8187
...model saved to 15_exp/models/FloydWarshallDataset_tropical_0.0001_20000_20260213_095520_relu_best.pth...20260213_133044
At epoch 18726, test loss = 0.8173
...model saved to 15_exp/models/FloydWarshallDataset_tropical_0.0001_20000_20260213_095520_relu_best.pth...20260213_133154
At epoch 18758, test loss = 0.8157
...model saved to 15_exp/models/FloydWarshallDataset_tropical_0.0001_20000_20260213_095520_relu_best.pth...20260213_133215
At epoch 18783, test loss = 0.8132
...model saved to 15_exp/models/FloydWarshallDataset_tropical_0.0001_20000_20260213_095520_relu_best.pth...20260213_133232
At epoch 19010, test loss = 0.8120
...model saved to 15_exp/models/FloydWarshallDataset_tropical_0.0001_20000_20260213_095520_relu_best.pth...20260213_133502
At epoch 19087, test loss = 0.8115
...model saved to 15_exp/models/FloydWarshallDataset_tropical_0.0001_20000_20260213_095520_relu_best.pth...20260213_133554
At epoch 19115, test loss = 0.8109
...model saved to 15_exp/models/FloydWarshallDataset_tropical_0.0001_20000_20260213_095520_relu_best.pth...20260213_133612
At epoch 19182, test loss = 0.8103
...model saved to 15_exp/models/FloydWarshallDataset_tropical_0.0001_20000_20260213_095520_relu_best.pth...20260213_133657
At epoch 19269, test loss = 0.8103
...model saved to 15_exp/models/FloydWarshallDataset_tropical_0.0001_20000_20260213_095520_relu_best.pth...20260213_133756
At epoch 19353, test loss = 0.8099
...model saved to 15_exp/models/FloydWarshallDataset_tropical_0.0001_20000_20260213_095520_relu_best.pth...20260213_133854
At epoch 19380, test loss = 0.8096
...model saved to 15_exp/models/FloydWarshallDataset_tropical_0.0001_20000_20260213_095520_relu_best.pth...20260213_133913
At epoch 19382, test loss = 0.8079
...model saved to 15_exp/models/FloydWarshallDataset_tropical_0.0001_20000_20260213_095520_relu_best.pth...20260213_133915
At epoch 19605, test loss = 0.8062
...model saved to 15_exp/models/FloydWarshallDataset_tropical_0.0001_20000_20260213_095520_relu_best.pth...20260213_134143
At epoch 19839, test loss = 0.8057
...model saved to 15_exp/models/FloydWarshallDataset_tropical_0.0001_20000_20260213_095520_relu_best.pth...20260213_134419
At epoch 19852, test loss = 0.8020
...model saved to 15_exp/models/FloydWarshallDataset_tropical_0.0001_20000_20260213_095520_relu_best.pth...20260213_134429
...plot saved to 15_exp/plots/plots_FloydWarshallDataset_tropical_0.0001_20000_20260213_095520_relu.png...
