CUDA available? True
GPU device: NVIDIA A100-SXM4-80GB
CUDA_VISIBLE_DEVICES=0,1,2,3
SLURM_JOB_GPUS=0,1,2,3

 Running config: {'task': 'train', 'model_type': 'tropical', 'dataset_name': 'FloydWarshallDataset', 'input_dim': 3, 'd_model': 32, 'n_heads': 4, 'num_layers': 4, 'num_epochs': 20000, 'dropout': 0.05, 'lr': 0.0001, 'seed': 999, 'n_samples': 50000, 'batch_size': 1000, 'target_range': 'na', 'weight_range': 'na', 'adversarial_range': '(10,20)', 'length_range': '(8,8)', 'noise_prob': 0, 'value_range': '(1,15)'}
FloydWarshallDataset_tropical_0.0001_20000_20260225_015437_relu
...setting dataloader...20260225_015437
...setting model object...20260225_015452
...training model...20260225_015452
At epoch 0, test loss = 405.6082
...model saved to 15_exp/models/FloydWarshallDataset_tropical_0.0001_20000_20260225_015437_relu_best.pth...20260225_015508
At epoch 1, test loss = 385.7934
...model saved to 15_exp/models/FloydWarshallDataset_tropical_0.0001_20000_20260225_015437_relu_best.pth...20260225_015509
At epoch 2, test loss = 353.1501
...model saved to 15_exp/models/FloydWarshallDataset_tropical_0.0001_20000_20260225_015437_relu_best.pth...20260225_015510
At epoch 3, test loss = 305.6224
...model saved to 15_exp/models/FloydWarshallDataset_tropical_0.0001_20000_20260225_015437_relu_best.pth...20260225_015510
At epoch 4, test loss = 246.2136
...model saved to 15_exp/models/FloydWarshallDataset_tropical_0.0001_20000_20260225_015437_relu_best.pth...20260225_015511
At epoch 5, test loss = 187.8291
...model saved to 15_exp/models/FloydWarshallDataset_tropical_0.0001_20000_20260225_015437_relu_best.pth...20260225_015512
At epoch 6, test loss = 146.8740
...model saved to 15_exp/models/FloydWarshallDataset_tropical_0.0001_20000_20260225_015437_relu_best.pth...20260225_015513
At epoch 7, test loss = 124.8150
...model saved to 15_exp/models/FloydWarshallDataset_tropical_0.0001_20000_20260225_015437_relu_best.pth...20260225_015513
At epoch 8, test loss = 113.2219
...model saved to 15_exp/models/FloydWarshallDataset_tropical_0.0001_20000_20260225_015437_relu_best.pth...20260225_015514
At epoch 9, test loss = 106.6888
...model saved to 15_exp/models/FloydWarshallDataset_tropical_0.0001_20000_20260225_015437_relu_best.pth...20260225_015515
At epoch 10, test loss = 102.9020
...model saved to 15_exp/models/FloydWarshallDataset_tropical_0.0001_20000_20260225_015437_relu_best.pth...20260225_015515
At epoch 11, test loss = 100.6787
...model saved to 15_exp/models/FloydWarshallDataset_tropical_0.0001_20000_20260225_015437_relu_best.pth...20260225_015516
At epoch 12, test loss = 99.3625
...model saved to 15_exp/models/FloydWarshallDataset_tropical_0.0001_20000_20260225_015437_relu_best.pth...20260225_015517
At epoch 13, test loss = 98.5780
...model saved to 15_exp/models/FloydWarshallDataset_tropical_0.0001_20000_20260225_015437_relu_best.pth...20260225_015518
At epoch 14, test loss = 98.0971
...model saved to 15_exp/models/FloydWarshallDataset_tropical_0.0001_20000_20260225_015437_relu_best.pth...20260225_015518
At epoch 15, test loss = 97.7836
...model saved to 15_exp/models/FloydWarshallDataset_tropical_0.0001_20000_20260225_015437_relu_best.pth...20260225_015519
At epoch 16, test loss = 97.5430
...model saved to 15_exp/models/FloydWarshallDataset_tropical_0.0001_20000_20260225_015437_relu_best.pth...20260225_015520
At epoch 17, test loss = 97.2728
...model saved to 15_exp/models/FloydWarshallDataset_tropical_0.0001_20000_20260225_015437_relu_best.pth...20260225_015520
At epoch 18, test loss = 96.6427
...model saved to 15_exp/models/FloydWarshallDataset_tropical_0.0001_20000_20260225_015437_relu_best.pth...20260225_015521
At epoch 19, test loss = 95.9422
...model saved to 15_exp/models/FloydWarshallDataset_tropical_0.0001_20000_20260225_015437_relu_best.pth...20260225_015522
At epoch 20, test loss = 95.5273
...model saved to 15_exp/models/FloydWarshallDataset_tropical_0.0001_20000_20260225_015437_relu_best.pth...20260225_015522
At epoch 21, test loss = 95.2452
...model saved to 15_exp/models/FloydWarshallDataset_tropical_0.0001_20000_20260225_015437_relu_best.pth...20260225_015523
At epoch 22, test loss = 94.9870
...model saved to 15_exp/models/FloydWarshallDataset_tropical_0.0001_20000_20260225_015437_relu_best.pth...20260225_015524
At epoch 23, test loss = 94.7889
...model saved to 15_exp/models/FloydWarshallDataset_tropical_0.0001_20000_20260225_015437_relu_best.pth...20260225_015524
At epoch 24, test loss = 94.6062
...model saved to 15_exp/models/FloydWarshallDataset_tropical_0.0001_20000_20260225_015437_relu_best.pth...20260225_015525
At epoch 25, test loss = 94.4120
...model saved to 15_exp/models/FloydWarshallDataset_tropical_0.0001_20000_20260225_015437_relu_best.pth...20260225_015526
At epoch 26, test loss = 94.2135
...model saved to 15_exp/models/FloydWarshallDataset_tropical_0.0001_20000_20260225_015437_relu_best.pth...20260225_015526
At epoch 27, test loss = 94.0105
...model saved to 15_exp/models/FloydWarshallDataset_tropical_0.0001_20000_20260225_015437_relu_best.pth...20260225_015527
At epoch 28, test loss = 93.8323
...model saved to 15_exp/models/FloydWarshallDataset_tropical_0.0001_20000_20260225_015437_relu_best.pth...20260225_015528
At epoch 29, test loss = 93.6787
...model saved to 15_exp/models/FloydWarshallDataset_tropical_0.0001_20000_20260225_015437_relu_best.pth...20260225_015528
At epoch 30, test loss = 93.5296
...model saved to 15_exp/models/FloydWarshallDataset_tropical_0.0001_20000_20260225_015437_relu_best.pth...20260225_015529
At epoch 31, test loss = 93.4067
...model saved to 15_exp/models/FloydWarshallDataset_tropical_0.0001_20000_20260225_015437_relu_best.pth...20260225_015530
At epoch 32, test loss = 93.2870
...model saved to 15_exp/models/FloydWarshallDataset_tropical_0.0001_20000_20260225_015437_relu_best.pth...20260225_015531
At epoch 33, test loss = 93.1847
...model saved to 15_exp/models/FloydWarshallDataset_tropical_0.0001_20000_20260225_015437_relu_best.pth...20260225_015531
At epoch 34, test loss = 93.0592
...model saved to 15_exp/models/FloydWarshallDataset_tropical_0.0001_20000_20260225_015437_relu_best.pth...20260225_015532
At epoch 35, test loss = 92.9544
...model saved to 15_exp/models/FloydWarshallDataset_tropical_0.0001_20000_20260225_015437_relu_best.pth...20260225_015533
At epoch 36, test loss = 92.8613
...model saved to 15_exp/models/FloydWarshallDataset_tropical_0.0001_20000_20260225_015437_relu_best.pth...20260225_015533
At epoch 37, test loss = 92.7576
...model saved to 15_exp/models/FloydWarshallDataset_tropical_0.0001_20000_20260225_015437_relu_best.pth...20260225_015534
At epoch 38, test loss = 92.6598
...model saved to 15_exp/models/FloydWarshallDataset_tropical_0.0001_20000_20260225_015437_relu_best.pth...20260225_015535
At epoch 39, test loss = 92.5852
...model saved to 15_exp/models/FloydWarshallDataset_tropical_0.0001_20000_20260225_015437_relu_best.pth...20260225_015535
At epoch 40, test loss = 92.4629
...model saved to 15_exp/models/FloydWarshallDataset_tropical_0.0001_20000_20260225_015437_relu_best.pth...20260225_015536
At epoch 41, test loss = 92.3609
...model saved to 15_exp/models/FloydWarshallDataset_tropical_0.0001_20000_20260225_015437_relu_best.pth...20260225_015537
At epoch 42, test loss = 92.2729
...model saved to 15_exp/models/FloydWarshallDataset_tropical_0.0001_20000_20260225_015437_relu_best.pth...20260225_015538
At epoch 43, test loss = 92.1642
...model saved to 15_exp/models/FloydWarshallDataset_tropical_0.0001_20000_20260225_015437_relu_best.pth...20260225_015538
At epoch 44, test loss = 92.0632
...model saved to 15_exp/models/FloydWarshallDataset_tropical_0.0001_20000_20260225_015437_relu_best.pth...20260225_015539
At epoch 45, test loss = 91.9470
...model saved to 15_exp/models/FloydWarshallDataset_tropical_0.0001_20000_20260225_015437_relu_best.pth...20260225_015540
At epoch 46, test loss = 91.8456
...model saved to 15_exp/models/FloydWarshallDataset_tropical_0.0001_20000_20260225_015437_relu_best.pth...20260225_015540
At epoch 47, test loss = 91.7393
...model saved to 15_exp/models/FloydWarshallDataset_tropical_0.0001_20000_20260225_015437_relu_best.pth...20260225_015541
At epoch 48, test loss = 91.6283
...model saved to 15_exp/models/FloydWarshallDataset_tropical_0.0001_20000_20260225_015437_relu_best.pth...20260225_015542
At epoch 49, test loss = 91.5243
...model saved to 15_exp/models/FloydWarshallDataset_tropical_0.0001_20000_20260225_015437_relu_best.pth...20260225_015542
At epoch 50, test loss = 91.4300
...model saved to 15_exp/models/FloydWarshallDataset_tropical_0.0001_20000_20260225_015437_relu_best.pth...20260225_015543
At epoch 51, test loss = 91.2800
...model saved to 15_exp/models/FloydWarshallDataset_tropical_0.0001_20000_20260225_015437_relu_best.pth...20260225_015544
At epoch 52, test loss = 91.1718
...model saved to 15_exp/models/FloydWarshallDataset_tropical_0.0001_20000_20260225_015437_relu_best.pth...20260225_015544
At epoch 53, test loss = 91.0467
...model saved to 15_exp/models/FloydWarshallDataset_tropical_0.0001_20000_20260225_015437_relu_best.pth...20260225_015545
At epoch 54, test loss = 90.9183
...model saved to 15_exp/models/FloydWarshallDataset_tropical_0.0001_20000_20260225_015437_relu_best.pth...20260225_015546
At epoch 55, test loss = 90.7811
...model saved to 15_exp/models/FloydWarshallDataset_tropical_0.0001_20000_20260225_015437_relu_best.pth...20260225_015546
At epoch 56, test loss = 90.6496
...model saved to 15_exp/models/FloydWarshallDataset_tropical_0.0001_20000_20260225_015437_relu_best.pth...20260225_015547
At epoch 57, test loss = 90.5115
...model saved to 15_exp/models/FloydWarshallDataset_tropical_0.0001_20000_20260225_015437_relu_best.pth...20260225_015548
At epoch 58, test loss = 90.3677
...model saved to 15_exp/models/FloydWarshallDataset_tropical_0.0001_20000_20260225_015437_relu_best.pth...20260225_015549
At epoch 59, test loss = 90.2223
...model saved to 15_exp/models/FloydWarshallDataset_tropical_0.0001_20000_20260225_015437_relu_best.pth...20260225_015549
At epoch 60, test loss = 90.0666
...model saved to 15_exp/models/FloydWarshallDataset_tropical_0.0001_20000_20260225_015437_relu_best.pth...20260225_015550
At epoch 61, test loss = 89.9122
...model saved to 15_exp/models/FloydWarshallDataset_tropical_0.0001_20000_20260225_015437_relu_best.pth...20260225_015551
At epoch 62, test loss = 89.7680
...model saved to 15_exp/models/FloydWarshallDataset_tropical_0.0001_20000_20260225_015437_relu_best.pth...20260225_015551
At epoch 63, test loss = 89.5959
...model saved to 15_exp/models/FloydWarshallDataset_tropical_0.0001_20000_20260225_015437_relu_best.pth...20260225_015552
At epoch 64, test loss = 89.4462
...model saved to 15_exp/models/FloydWarshallDataset_tropical_0.0001_20000_20260225_015437_relu_best.pth...20260225_015553
At epoch 65, test loss = 89.2439
...model saved to 15_exp/models/FloydWarshallDataset_tropical_0.0001_20000_20260225_015437_relu_best.pth...20260225_015553
At epoch 66, test loss = 89.0599
...model saved to 15_exp/models/FloydWarshallDataset_tropical_0.0001_20000_20260225_015437_relu_best.pth...20260225_015554
At epoch 67, test loss = 88.8799
...model saved to 15_exp/models/FloydWarshallDataset_tropical_0.0001_20000_20260225_015437_relu_best.pth...20260225_015555
At epoch 68, test loss = 88.6624
...model saved to 15_exp/models/FloydWarshallDataset_tropical_0.0001_20000_20260225_015437_relu_best.pth...20260225_015555
At epoch 69, test loss = 88.4484
...model saved to 15_exp/models/FloydWarshallDataset_tropical_0.0001_20000_20260225_015437_relu_best.pth...20260225_015556
At epoch 70, test loss = 88.2127
...model saved to 15_exp/models/FloydWarshallDataset_tropical_0.0001_20000_20260225_015437_relu_best.pth...20260225_015557
At epoch 71, test loss = 88.0008
...model saved to 15_exp/models/FloydWarshallDataset_tropical_0.0001_20000_20260225_015437_relu_best.pth...20260225_015557
At epoch 72, test loss = 87.7837
...model saved to 15_exp/models/FloydWarshallDataset_tropical_0.0001_20000_20260225_015437_relu_best.pth...20260225_015558
At epoch 73, test loss = 87.5140
...model saved to 15_exp/models/FloydWarshallDataset_tropical_0.0001_20000_20260225_015437_relu_best.pth...20260225_015559
At epoch 74, test loss = 87.2662
...model saved to 15_exp/models/FloydWarshallDataset_tropical_0.0001_20000_20260225_015437_relu_best.pth...20260225_015600
At epoch 75, test loss = 86.9861
...model saved to 15_exp/models/FloydWarshallDataset_tropical_0.0001_20000_20260225_015437_relu_best.pth...20260225_015600
At epoch 76, test loss = 86.6694
...model saved to 15_exp/models/FloydWarshallDataset_tropical_0.0001_20000_20260225_015437_relu_best.pth...20260225_015601
At epoch 77, test loss = 86.3674
...model saved to 15_exp/models/FloydWarshallDataset_tropical_0.0001_20000_20260225_015437_relu_best.pth...20260225_015602
At epoch 78, test loss = 86.0776
...model saved to 15_exp/models/FloydWarshallDataset_tropical_0.0001_20000_20260225_015437_relu_best.pth...20260225_015602
At epoch 79, test loss = 85.7499
...model saved to 15_exp/models/FloydWarshallDataset_tropical_0.0001_20000_20260225_015437_relu_best.pth...20260225_015603
At epoch 80, test loss = 85.4365
...model saved to 15_exp/models/FloydWarshallDataset_tropical_0.0001_20000_20260225_015437_relu_best.pth...20260225_015604
At epoch 81, test loss = 85.1006
...model saved to 15_exp/models/FloydWarshallDataset_tropical_0.0001_20000_20260225_015437_relu_best.pth...20260225_015604
At epoch 82, test loss = 84.6928
...model saved to 15_exp/models/FloydWarshallDataset_tropical_0.0001_20000_20260225_015437_relu_best.pth...20260225_015605
At epoch 83, test loss = 84.3217
...model saved to 15_exp/models/FloydWarshallDataset_tropical_0.0001_20000_20260225_015437_relu_best.pth...20260225_015606
At epoch 84, test loss = 83.9493
...model saved to 15_exp/models/FloydWarshallDataset_tropical_0.0001_20000_20260225_015437_relu_best.pth...20260225_015607
At epoch 85, test loss = 83.5681
...model saved to 15_exp/models/FloydWarshallDataset_tropical_0.0001_20000_20260225_015437_relu_best.pth...20260225_015607
At epoch 86, test loss = 83.2011
...model saved to 15_exp/models/FloydWarshallDataset_tropical_0.0001_20000_20260225_015437_relu_best.pth...20260225_015608
At epoch 87, test loss = 82.8103
...model saved to 15_exp/models/FloydWarshallDataset_tropical_0.0001_20000_20260225_015437_relu_best.pth...20260225_015609
At epoch 88, test loss = 82.4303
...model saved to 15_exp/models/FloydWarshallDataset_tropical_0.0001_20000_20260225_015437_relu_best.pth...20260225_015610
At epoch 89, test loss = 82.0460
...model saved to 15_exp/models/FloydWarshallDataset_tropical_0.0001_20000_20260225_015437_relu_best.pth...20260225_015610
At epoch 90, test loss = 81.6875
...model saved to 15_exp/models/FloydWarshallDataset_tropical_0.0001_20000_20260225_015437_relu_best.pth...20260225_015611
At epoch 91, test loss = 81.3056
...model saved to 15_exp/models/FloydWarshallDataset_tropical_0.0001_20000_20260225_015437_relu_best.pth...20260225_015612
At epoch 92, test loss = 80.9263
...model saved to 15_exp/models/FloydWarshallDataset_tropical_0.0001_20000_20260225_015437_relu_best.pth...20260225_015612
At epoch 93, test loss = 80.5797
...model saved to 15_exp/models/FloydWarshallDataset_tropical_0.0001_20000_20260225_015437_relu_best.pth...20260225_015613
At epoch 94, test loss = 80.1388
...model saved to 15_exp/models/FloydWarshallDataset_tropical_0.0001_20000_20260225_015437_relu_best.pth...20260225_015614
At epoch 95, test loss = 79.7768
...model saved to 15_exp/models/FloydWarshallDataset_tropical_0.0001_20000_20260225_015437_relu_best.pth...20260225_015614
At epoch 96, test loss = 79.3987
...model saved to 15_exp/models/FloydWarshallDataset_tropical_0.0001_20000_20260225_015437_relu_best.pth...20260225_015615
At epoch 97, test loss = 78.9974
...model saved to 15_exp/models/FloydWarshallDataset_tropical_0.0001_20000_20260225_015437_relu_best.pth...20260225_015616
At epoch 98, test loss = 78.6319
...model saved to 15_exp/models/FloydWarshallDataset_tropical_0.0001_20000_20260225_015437_relu_best.pth...20260225_015617
At epoch 99, test loss = 78.2844
...model saved to 15_exp/models/FloydWarshallDataset_tropical_0.0001_20000_20260225_015437_relu_best.pth...20260225_015617
At epoch 100, test loss = 77.8774
...model saved to 15_exp/models/FloydWarshallDataset_tropical_0.0001_20000_20260225_015437_relu_best.pth...20260225_015618
At epoch 101, test loss = 77.4833
...model saved to 15_exp/models/FloydWarshallDataset_tropical_0.0001_20000_20260225_015437_relu_best.pth...20260225_015619
At epoch 102, test loss = 77.1041
...model saved to 15_exp/models/FloydWarshallDataset_tropical_0.0001_20000_20260225_015437_relu_best.pth...20260225_015619
At epoch 103, test loss = 76.7292
...model saved to 15_exp/models/FloydWarshallDataset_tropical_0.0001_20000_20260225_015437_relu_best.pth...20260225_015620
At epoch 104, test loss = 76.3444
...model saved to 15_exp/models/FloydWarshallDataset_tropical_0.0001_20000_20260225_015437_relu_best.pth...20260225_015621
At epoch 105, test loss = 75.9800
...model saved to 15_exp/models/FloydWarshallDataset_tropical_0.0001_20000_20260225_015437_relu_best.pth...20260225_015621
At epoch 106, test loss = 75.5961
...model saved to 15_exp/models/FloydWarshallDataset_tropical_0.0001_20000_20260225_015437_relu_best.pth...20260225_015622
At epoch 107, test loss = 75.2137
...model saved to 15_exp/models/FloydWarshallDataset_tropical_0.0001_20000_20260225_015437_relu_best.pth...20260225_015623
At epoch 108, test loss = 74.8400
...model saved to 15_exp/models/FloydWarshallDataset_tropical_0.0001_20000_20260225_015437_relu_best.pth...20260225_015624
At epoch 109, test loss = 74.4853
...model saved to 15_exp/models/FloydWarshallDataset_tropical_0.0001_20000_20260225_015437_relu_best.pth...20260225_015624
At epoch 110, test loss = 74.0911
...model saved to 15_exp/models/FloydWarshallDataset_tropical_0.0001_20000_20260225_015437_relu_best.pth...20260225_015625
At epoch 111, test loss = 73.7442
...model saved to 15_exp/models/FloydWarshallDataset_tropical_0.0001_20000_20260225_015437_relu_best.pth...20260225_015626
At epoch 112, test loss = 73.3367
...model saved to 15_exp/models/FloydWarshallDataset_tropical_0.0001_20000_20260225_015437_relu_best.pth...20260225_015626
At epoch 113, test loss = 72.9642
...model saved to 15_exp/models/FloydWarshallDataset_tropical_0.0001_20000_20260225_015437_relu_best.pth...20260225_015627
At epoch 114, test loss = 72.5722
...model saved to 15_exp/models/FloydWarshallDataset_tropical_0.0001_20000_20260225_015437_relu_best.pth...20260225_015628
At epoch 115, test loss = 72.2030
...model saved to 15_exp/models/FloydWarshallDataset_tropical_0.0001_20000_20260225_015437_relu_best.pth...20260225_015629
At epoch 116, test loss = 71.8006
...model saved to 15_exp/models/FloydWarshallDataset_tropical_0.0001_20000_20260225_015437_relu_best.pth...20260225_015629
At epoch 117, test loss = 71.4311
...model saved to 15_exp/models/FloydWarshallDataset_tropical_0.0001_20000_20260225_015437_relu_best.pth...20260225_015630
At epoch 118, test loss = 71.0612
...model saved to 15_exp/models/FloydWarshallDataset_tropical_0.0001_20000_20260225_015437_relu_best.pth...20260225_015631
At epoch 119, test loss = 70.6500
...model saved to 15_exp/models/FloydWarshallDataset_tropical_0.0001_20000_20260225_015437_relu_best.pth...20260225_015631
At epoch 120, test loss = 70.3092
...model saved to 15_exp/models/FloydWarshallDataset_tropical_0.0001_20000_20260225_015437_relu_best.pth...20260225_015632
At epoch 121, test loss = 69.9000
...model saved to 15_exp/models/FloydWarshallDataset_tropical_0.0001_20000_20260225_015437_relu_best.pth...20260225_015633
At epoch 122, test loss = 69.5285
...model saved to 15_exp/models/FloydWarshallDataset_tropical_0.0001_20000_20260225_015437_relu_best.pth...20260225_015633
At epoch 123, test loss = 69.1593
...model saved to 15_exp/models/FloydWarshallDataset_tropical_0.0001_20000_20260225_015437_relu_best.pth...20260225_015634
At epoch 124, test loss = 68.8380
...model saved to 15_exp/models/FloydWarshallDataset_tropical_0.0001_20000_20260225_015437_relu_best.pth...20260225_015635
At epoch 125, test loss = 68.4656
...model saved to 15_exp/models/FloydWarshallDataset_tropical_0.0001_20000_20260225_015437_relu_best.pth...20260225_015635
At epoch 126, test loss = 68.0942
...model saved to 15_exp/models/FloydWarshallDataset_tropical_0.0001_20000_20260225_015437_relu_best.pth...20260225_015636
At epoch 127, test loss = 67.7481
...model saved to 15_exp/models/FloydWarshallDataset_tropical_0.0001_20000_20260225_015437_relu_best.pth...20260225_015637
At epoch 128, test loss = 67.3951
...model saved to 15_exp/models/FloydWarshallDataset_tropical_0.0001_20000_20260225_015437_relu_best.pth...20260225_015638
At epoch 129, test loss = 67.0686
...model saved to 15_exp/models/FloydWarshallDataset_tropical_0.0001_20000_20260225_015437_relu_best.pth...20260225_015638
At epoch 130, test loss = 66.7087
...model saved to 15_exp/models/FloydWarshallDataset_tropical_0.0001_20000_20260225_015437_relu_best.pth...20260225_015639
At epoch 131, test loss = 66.3376
...model saved to 15_exp/models/FloydWarshallDataset_tropical_0.0001_20000_20260225_015437_relu_best.pth...20260225_015640
At epoch 132, test loss = 65.9831
...model saved to 15_exp/models/FloydWarshallDataset_tropical_0.0001_20000_20260225_015437_relu_best.pth...20260225_015640
At epoch 133, test loss = 65.6512
...model saved to 15_exp/models/FloydWarshallDataset_tropical_0.0001_20000_20260225_015437_relu_best.pth...20260225_015641
At epoch 134, test loss = 65.2784
...model saved to 15_exp/models/FloydWarshallDataset_tropical_0.0001_20000_20260225_015437_relu_best.pth...20260225_015642
At epoch 135, test loss = 64.8891
...model saved to 15_exp/models/FloydWarshallDataset_tropical_0.0001_20000_20260225_015437_relu_best.pth...20260225_015642
At epoch 136, test loss = 64.5281
...model saved to 15_exp/models/FloydWarshallDataset_tropical_0.0001_20000_20260225_015437_relu_best.pth...20260225_015643
At epoch 137, test loss = 64.1606
...model saved to 15_exp/models/FloydWarshallDataset_tropical_0.0001_20000_20260225_015437_relu_best.pth...20260225_015644
At epoch 138, test loss = 63.8323
...model saved to 15_exp/models/FloydWarshallDataset_tropical_0.0001_20000_20260225_015437_relu_best.pth...20260225_015645
At epoch 139, test loss = 63.4758
...model saved to 15_exp/models/FloydWarshallDataset_tropical_0.0001_20000_20260225_015437_relu_best.pth...20260225_015645
At epoch 140, test loss = 63.1224
...model saved to 15_exp/models/FloydWarshallDataset_tropical_0.0001_20000_20260225_015437_relu_best.pth...20260225_015646
At epoch 141, test loss = 62.7729
...model saved to 15_exp/models/FloydWarshallDataset_tropical_0.0001_20000_20260225_015437_relu_best.pth...20260225_015647
At epoch 142, test loss = 62.4376
...model saved to 15_exp/models/FloydWarshallDataset_tropical_0.0001_20000_20260225_015437_relu_best.pth...20260225_015647
At epoch 143, test loss = 62.1054
...model saved to 15_exp/models/FloydWarshallDataset_tropical_0.0001_20000_20260225_015437_relu_best.pth...20260225_015648
At epoch 144, test loss = 61.8013
...model saved to 15_exp/models/FloydWarshallDataset_tropical_0.0001_20000_20260225_015437_relu_best.pth...20260225_015649
At epoch 145, test loss = 61.4887
...model saved to 15_exp/models/FloydWarshallDataset_tropical_0.0001_20000_20260225_015437_relu_best.pth...20260225_015650
At epoch 146, test loss = 61.1558
...model saved to 15_exp/models/FloydWarshallDataset_tropical_0.0001_20000_20260225_015437_relu_best.pth...20260225_015650
At epoch 147, test loss = 60.9057
...model saved to 15_exp/models/FloydWarshallDataset_tropical_0.0001_20000_20260225_015437_relu_best.pth...20260225_015651
At epoch 148, test loss = 60.5502
...model saved to 15_exp/models/FloydWarshallDataset_tropical_0.0001_20000_20260225_015437_relu_best.pth...20260225_015652
At epoch 149, test loss = 60.2610
...model saved to 15_exp/models/FloydWarshallDataset_tropical_0.0001_20000_20260225_015437_relu_best.pth...20260225_015652
At epoch 150, test loss = 59.9921
...model saved to 15_exp/models/FloydWarshallDataset_tropical_0.0001_20000_20260225_015437_relu_best.pth...20260225_015653
At epoch 151, test loss = 59.6902
...model saved to 15_exp/models/FloydWarshallDataset_tropical_0.0001_20000_20260225_015437_relu_best.pth...20260225_015654
At epoch 152, test loss = 59.3768
...model saved to 15_exp/models/FloydWarshallDataset_tropical_0.0001_20000_20260225_015437_relu_best.pth...20260225_015654
At epoch 153, test loss = 59.1201
...model saved to 15_exp/models/FloydWarshallDataset_tropical_0.0001_20000_20260225_015437_relu_best.pth...20260225_015655
At epoch 154, test loss = 58.8266
...model saved to 15_exp/models/FloydWarshallDataset_tropical_0.0001_20000_20260225_015437_relu_best.pth...20260225_015656
At epoch 155, test loss = 58.5179
...model saved to 15_exp/models/FloydWarshallDataset_tropical_0.0001_20000_20260225_015437_relu_best.pth...20260225_015656
At epoch 156, test loss = 58.2225
...model saved to 15_exp/models/FloydWarshallDataset_tropical_0.0001_20000_20260225_015437_relu_best.pth...20260225_015657
At epoch 157, test loss = 57.9790
...model saved to 15_exp/models/FloydWarshallDataset_tropical_0.0001_20000_20260225_015437_relu_best.pth...20260225_015658
At epoch 158, test loss = 57.6888
...model saved to 15_exp/models/FloydWarshallDataset_tropical_0.0001_20000_20260225_015437_relu_best.pth...20260225_015659
At epoch 159, test loss = 57.4392
...model saved to 15_exp/models/FloydWarshallDataset_tropical_0.0001_20000_20260225_015437_relu_best.pth...20260225_015659
At epoch 160, test loss = 57.1376
...model saved to 15_exp/models/FloydWarshallDataset_tropical_0.0001_20000_20260225_015437_relu_best.pth...20260225_015700
At epoch 161, test loss = 56.8510
...model saved to 15_exp/models/FloydWarshallDataset_tropical_0.0001_20000_20260225_015437_relu_best.pth...20260225_015701
At epoch 162, test loss = 56.5428
...model saved to 15_exp/models/FloydWarshallDataset_tropical_0.0001_20000_20260225_015437_relu_best.pth...20260225_015701
At epoch 163, test loss = 56.2642
...model saved to 15_exp/models/FloydWarshallDataset_tropical_0.0001_20000_20260225_015437_relu_best.pth...20260225_015702
At epoch 164, test loss = 55.9727
...model saved to 15_exp/models/FloydWarshallDataset_tropical_0.0001_20000_20260225_015437_relu_best.pth...20260225_015703
At epoch 165, test loss = 55.6997
...model saved to 15_exp/models/FloydWarshallDataset_tropical_0.0001_20000_20260225_015437_relu_best.pth...20260225_015703
At epoch 166, test loss = 55.3758
...model saved to 15_exp/models/FloydWarshallDataset_tropical_0.0001_20000_20260225_015437_relu_best.pth...20260225_015704
At epoch 167, test loss = 55.0981
...model saved to 15_exp/models/FloydWarshallDataset_tropical_0.0001_20000_20260225_015437_relu_best.pth...20260225_015705
At epoch 168, test loss = 54.7951
...model saved to 15_exp/models/FloydWarshallDataset_tropical_0.0001_20000_20260225_015437_relu_best.pth...20260225_015705
At epoch 169, test loss = 54.4786
...model saved to 15_exp/models/FloydWarshallDataset_tropical_0.0001_20000_20260225_015437_relu_best.pth...20260225_015706
At epoch 170, test loss = 54.1876
...model saved to 15_exp/models/FloydWarshallDataset_tropical_0.0001_20000_20260225_015437_relu_best.pth...20260225_015707
At epoch 171, test loss = 53.8741
...model saved to 15_exp/models/FloydWarshallDataset_tropical_0.0001_20000_20260225_015437_relu_best.pth...20260225_015708
At epoch 172, test loss = 53.5903
...model saved to 15_exp/models/FloydWarshallDataset_tropical_0.0001_20000_20260225_015437_relu_best.pth...20260225_015708
At epoch 173, test loss = 53.2597
...model saved to 15_exp/models/FloydWarshallDataset_tropical_0.0001_20000_20260225_015437_relu_best.pth...20260225_015709
At epoch 174, test loss = 52.9559
...model saved to 15_exp/models/FloydWarshallDataset_tropical_0.0001_20000_20260225_015437_relu_best.pth...20260225_015710
At epoch 175, test loss = 52.6573
...model saved to 15_exp/models/FloydWarshallDataset_tropical_0.0001_20000_20260225_015437_relu_best.pth...20260225_015711
At epoch 176, test loss = 52.3634
...model saved to 15_exp/models/FloydWarshallDataset_tropical_0.0001_20000_20260225_015437_relu_best.pth...20260225_015711
At epoch 177, test loss = 52.0780
...model saved to 15_exp/models/FloydWarshallDataset_tropical_0.0001_20000_20260225_015437_relu_best.pth...20260225_015712
At epoch 178, test loss = 51.7608
...model saved to 15_exp/models/FloydWarshallDataset_tropical_0.0001_20000_20260225_015437_relu_best.pth...20260225_015713
At epoch 179, test loss = 51.4812
...model saved to 15_exp/models/FloydWarshallDataset_tropical_0.0001_20000_20260225_015437_relu_best.pth...20260225_015713
At epoch 180, test loss = 51.1655
...model saved to 15_exp/models/FloydWarshallDataset_tropical_0.0001_20000_20260225_015437_relu_best.pth...20260225_015714
At epoch 181, test loss = 50.8692
...model saved to 15_exp/models/FloydWarshallDataset_tropical_0.0001_20000_20260225_015437_relu_best.pth...20260225_015715
At epoch 182, test loss = 50.6046
...model saved to 15_exp/models/FloydWarshallDataset_tropical_0.0001_20000_20260225_015437_relu_best.pth...20260225_015716
At epoch 183, test loss = 50.3225
...model saved to 15_exp/models/FloydWarshallDataset_tropical_0.0001_20000_20260225_015437_relu_best.pth...20260225_015716
At epoch 184, test loss = 50.0904
...model saved to 15_exp/models/FloydWarshallDataset_tropical_0.0001_20000_20260225_015437_relu_best.pth...20260225_015717
At epoch 185, test loss = 49.8775
...model saved to 15_exp/models/FloydWarshallDataset_tropical_0.0001_20000_20260225_015437_relu_best.pth...20260225_015718
At epoch 186, test loss = 49.6015
...model saved to 15_exp/models/FloydWarshallDataset_tropical_0.0001_20000_20260225_015437_relu_best.pth...20260225_015719
At epoch 187, test loss = 49.3577
...model saved to 15_exp/models/FloydWarshallDataset_tropical_0.0001_20000_20260225_015437_relu_best.pth...20260225_015719
At epoch 188, test loss = 49.1031
...model saved to 15_exp/models/FloydWarshallDataset_tropical_0.0001_20000_20260225_015437_relu_best.pth...20260225_015720
At epoch 189, test loss = 48.8921
...model saved to 15_exp/models/FloydWarshallDataset_tropical_0.0001_20000_20260225_015437_relu_best.pth...20260225_015721
At epoch 190, test loss = 48.6730
...model saved to 15_exp/models/FloydWarshallDataset_tropical_0.0001_20000_20260225_015437_relu_best.pth...20260225_015721
At epoch 191, test loss = 48.4602
...model saved to 15_exp/models/FloydWarshallDataset_tropical_0.0001_20000_20260225_015437_relu_best.pth...20260225_015722
At epoch 192, test loss = 48.2558
...model saved to 15_exp/models/FloydWarshallDataset_tropical_0.0001_20000_20260225_015437_relu_best.pth...20260225_015723
At epoch 193, test loss = 48.0819
...model saved to 15_exp/models/FloydWarshallDataset_tropical_0.0001_20000_20260225_015437_relu_best.pth...20260225_015723
At epoch 194, test loss = 47.8529
...model saved to 15_exp/models/FloydWarshallDataset_tropical_0.0001_20000_20260225_015437_relu_best.pth...20260225_015724
At epoch 195, test loss = 47.6379
...model saved to 15_exp/models/FloydWarshallDataset_tropical_0.0001_20000_20260225_015437_relu_best.pth...20260225_015725
At epoch 196, test loss = 47.4791
...model saved to 15_exp/models/FloydWarshallDataset_tropical_0.0001_20000_20260225_015437_relu_best.pth...20260225_015725
At epoch 197, test loss = 47.2699
...model saved to 15_exp/models/FloydWarshallDataset_tropical_0.0001_20000_20260225_015437_relu_best.pth...20260225_015726
At epoch 198, test loss = 47.0597
...model saved to 15_exp/models/FloydWarshallDataset_tropical_0.0001_20000_20260225_015437_relu_best.pth...20260225_015727
At epoch 199, test loss = 46.8910
...model saved to 15_exp/models/FloydWarshallDataset_tropical_0.0001_20000_20260225_015437_relu_best.pth...20260225_015727
At epoch 200, test loss = 46.6829
...model saved to 15_exp/models/FloydWarshallDataset_tropical_0.0001_20000_20260225_015437_relu_best.pth...20260225_015728
At epoch 201, test loss = 46.5098
...model saved to 15_exp/models/FloydWarshallDataset_tropical_0.0001_20000_20260225_015437_relu_best.pth...20260225_015729
At epoch 202, test loss = 46.3488
...model saved to 15_exp/models/FloydWarshallDataset_tropical_0.0001_20000_20260225_015437_relu_best.pth...20260225_015730
At epoch 203, test loss = 46.1174
...model saved to 15_exp/models/FloydWarshallDataset_tropical_0.0001_20000_20260225_015437_relu_best.pth...20260225_015730
At epoch 204, test loss = 45.9367
...model saved to 15_exp/models/FloydWarshallDataset_tropical_0.0001_20000_20260225_015437_relu_best.pth...20260225_015731
At epoch 205, test loss = 45.7737
...model saved to 15_exp/models/FloydWarshallDataset_tropical_0.0001_20000_20260225_015437_relu_best.pth...20260225_015732
At epoch 206, test loss = 45.5986
...model saved to 15_exp/models/FloydWarshallDataset_tropical_0.0001_20000_20260225_015437_relu_best.pth...20260225_015732
At epoch 207, test loss = 45.4168
...model saved to 15_exp/models/FloydWarshallDataset_tropical_0.0001_20000_20260225_015437_relu_best.pth...20260225_015733
At epoch 208, test loss = 45.2472
...model saved to 15_exp/models/FloydWarshallDataset_tropical_0.0001_20000_20260225_015437_relu_best.pth...20260225_015734
At epoch 209, test loss = 45.0640
...model saved to 15_exp/models/FloydWarshallDataset_tropical_0.0001_20000_20260225_015437_relu_best.pth...20260225_015734
At epoch 210, test loss = 44.9265
...model saved to 15_exp/models/FloydWarshallDataset_tropical_0.0001_20000_20260225_015437_relu_best.pth...20260225_015735
At epoch 211, test loss = 44.7644
...model saved to 15_exp/models/FloydWarshallDataset_tropical_0.0001_20000_20260225_015437_relu_best.pth...20260225_015736
At epoch 212, test loss = 44.6330
...model saved to 15_exp/models/FloydWarshallDataset_tropical_0.0001_20000_20260225_015437_relu_best.pth...20260225_015736
At epoch 213, test loss = 44.4485
...model saved to 15_exp/models/FloydWarshallDataset_tropical_0.0001_20000_20260225_015437_relu_best.pth...20260225_015737
At epoch 214, test loss = 44.3016
...model saved to 15_exp/models/FloydWarshallDataset_tropical_0.0001_20000_20260225_015437_relu_best.pth...20260225_015738
At epoch 215, test loss = 44.1712
...model saved to 15_exp/models/FloydWarshallDataset_tropical_0.0001_20000_20260225_015437_relu_best.pth...20260225_015738
At epoch 216, test loss = 44.0362
...model saved to 15_exp/models/FloydWarshallDataset_tropical_0.0001_20000_20260225_015437_relu_best.pth...20260225_015739
At epoch 217, test loss = 43.9096
...model saved to 15_exp/models/FloydWarshallDataset_tropical_0.0001_20000_20260225_015437_relu_best.pth...20260225_015740
At epoch 218, test loss = 43.7324
...model saved to 15_exp/models/FloydWarshallDataset_tropical_0.0001_20000_20260225_015437_relu_best.pth...20260225_015740
At epoch 219, test loss = 43.6203
...model saved to 15_exp/models/FloydWarshallDataset_tropical_0.0001_20000_20260225_015437_relu_best.pth...20260225_015741
At epoch 220, test loss = 43.5150
...model saved to 15_exp/models/FloydWarshallDataset_tropical_0.0001_20000_20260225_015437_relu_best.pth...20260225_015742
At epoch 221, test loss = 43.3501
...model saved to 15_exp/models/FloydWarshallDataset_tropical_0.0001_20000_20260225_015437_relu_best.pth...20260225_015742
At epoch 222, test loss = 43.2327
...model saved to 15_exp/models/FloydWarshallDataset_tropical_0.0001_20000_20260225_015437_relu_best.pth...20260225_015743
At epoch 223, test loss = 43.0936
...model saved to 15_exp/models/FloydWarshallDataset_tropical_0.0001_20000_20260225_015437_relu_best.pth...20260225_015744
At epoch 224, test loss = 42.9689
...model saved to 15_exp/models/FloydWarshallDataset_tropical_0.0001_20000_20260225_015437_relu_best.pth...20260225_015744
At epoch 225, test loss = 42.8629
...model saved to 15_exp/models/FloydWarshallDataset_tropical_0.0001_20000_20260225_015437_relu_best.pth...20260225_015745
At epoch 226, test loss = 42.7770
...model saved to 15_exp/models/FloydWarshallDataset_tropical_0.0001_20000_20260225_015437_relu_best.pth...20260225_015746
At epoch 227, test loss = 42.6811
...model saved to 15_exp/models/FloydWarshallDataset_tropical_0.0001_20000_20260225_015437_relu_best.pth...20260225_015746
At epoch 228, test loss = 42.5808
...model saved to 15_exp/models/FloydWarshallDataset_tropical_0.0001_20000_20260225_015437_relu_best.pth...20260225_015747
At epoch 229, test loss = 42.4506
...model saved to 15_exp/models/FloydWarshallDataset_tropical_0.0001_20000_20260225_015437_relu_best.pth...20260225_015748
At epoch 230, test loss = 42.3760
...model saved to 15_exp/models/FloydWarshallDataset_tropical_0.0001_20000_20260225_015437_relu_best.pth...20260225_015749
At epoch 231, test loss = 42.2878
...model saved to 15_exp/models/FloydWarshallDataset_tropical_0.0001_20000_20260225_015437_relu_best.pth...20260225_015749
At epoch 232, test loss = 42.2042
...model saved to 15_exp/models/FloydWarshallDataset_tropical_0.0001_20000_20260225_015437_relu_best.pth...20260225_015750
At epoch 233, test loss = 42.1175
...model saved to 15_exp/models/FloydWarshallDataset_tropical_0.0001_20000_20260225_015437_relu_best.pth...20260225_015751
At epoch 234, test loss = 42.0458
...model saved to 15_exp/models/FloydWarshallDataset_tropical_0.0001_20000_20260225_015437_relu_best.pth...20260225_015751
At epoch 235, test loss = 41.9950
...model saved to 15_exp/models/FloydWarshallDataset_tropical_0.0001_20000_20260225_015437_relu_best.pth...20260225_015752
At epoch 236, test loss = 41.8871
...model saved to 15_exp/models/FloydWarshallDataset_tropical_0.0001_20000_20260225_015437_relu_best.pth...20260225_015753
At epoch 237, test loss = 41.8192
...model saved to 15_exp/models/FloydWarshallDataset_tropical_0.0001_20000_20260225_015437_relu_best.pth...20260225_015753
At epoch 238, test loss = 41.8096
...model saved to 15_exp/models/FloydWarshallDataset_tropical_0.0001_20000_20260225_015437_relu_best.pth...20260225_015754
At epoch 239, test loss = 41.6993
...model saved to 15_exp/models/FloydWarshallDataset_tropical_0.0001_20000_20260225_015437_relu_best.pth...20260225_015755
At epoch 240, test loss = 41.6430
...model saved to 15_exp/models/FloydWarshallDataset_tropical_0.0001_20000_20260225_015437_relu_best.pth...20260225_015755
At epoch 241, test loss = 41.5842
...model saved to 15_exp/models/FloydWarshallDataset_tropical_0.0001_20000_20260225_015437_relu_best.pth...20260225_015756
At epoch 242, test loss = 41.5169
...model saved to 15_exp/models/FloydWarshallDataset_tropical_0.0001_20000_20260225_015437_relu_best.pth...20260225_015757
At epoch 243, test loss = 41.4668
...model saved to 15_exp/models/FloydWarshallDataset_tropical_0.0001_20000_20260225_015437_relu_best.pth...20260225_015757
At epoch 244, test loss = 41.3954
...model saved to 15_exp/models/FloydWarshallDataset_tropical_0.0001_20000_20260225_015437_relu_best.pth...20260225_015758
At epoch 245, test loss = 41.3366
...model saved to 15_exp/models/FloydWarshallDataset_tropical_0.0001_20000_20260225_015437_relu_best.pth...20260225_015759
At epoch 246, test loss = 41.2738
...model saved to 15_exp/models/FloydWarshallDataset_tropical_0.0001_20000_20260225_015437_relu_best.pth...20260225_015759
At epoch 247, test loss = 41.2626
...model saved to 15_exp/models/FloydWarshallDataset_tropical_0.0001_20000_20260225_015437_relu_best.pth...20260225_015800
At epoch 248, test loss = 41.1784
...model saved to 15_exp/models/FloydWarshallDataset_tropical_0.0001_20000_20260225_015437_relu_best.pth...20260225_015801
At epoch 249, test loss = 41.1282
...model saved to 15_exp/models/FloydWarshallDataset_tropical_0.0001_20000_20260225_015437_relu_best.pth...20260225_015801
At epoch 250, test loss = 41.0614
...model saved to 15_exp/models/FloydWarshallDataset_tropical_0.0001_20000_20260225_015437_relu_best.pth...20260225_015802
At epoch 252, test loss = 40.9732
...model saved to 15_exp/models/FloydWarshallDataset_tropical_0.0001_20000_20260225_015437_relu_best.pth...20260225_015804
At epoch 253, test loss = 40.9475
...model saved to 15_exp/models/FloydWarshallDataset_tropical_0.0001_20000_20260225_015437_relu_best.pth...20260225_015804
At epoch 254, test loss = 40.8652
...model saved to 15_exp/models/FloydWarshallDataset_tropical_0.0001_20000_20260225_015437_relu_best.pth...20260225_015805
At epoch 255, test loss = 40.7925
...model saved to 15_exp/models/FloydWarshallDataset_tropical_0.0001_20000_20260225_015437_relu_best.pth...20260225_015806
At epoch 256, test loss = 40.7635
...model saved to 15_exp/models/FloydWarshallDataset_tropical_0.0001_20000_20260225_015437_relu_best.pth...20260225_015806
At epoch 257, test loss = 40.7255
...model saved to 15_exp/models/FloydWarshallDataset_tropical_0.0001_20000_20260225_015437_relu_best.pth...20260225_015807
At epoch 258, test loss = 40.6700
...model saved to 15_exp/models/FloydWarshallDataset_tropical_0.0001_20000_20260225_015437_relu_best.pth...20260225_015808
At epoch 259, test loss = 40.6067
...model saved to 15_exp/models/FloydWarshallDataset_tropical_0.0001_20000_20260225_015437_relu_best.pth...20260225_015808
At epoch 260, test loss = 40.5635
...model saved to 15_exp/models/FloydWarshallDataset_tropical_0.0001_20000_20260225_015437_relu_best.pth...20260225_015809
At epoch 261, test loss = 40.5187
...model saved to 15_exp/models/FloydWarshallDataset_tropical_0.0001_20000_20260225_015437_relu_best.pth...20260225_015810
At epoch 262, test loss = 40.4937
...model saved to 15_exp/models/FloydWarshallDataset_tropical_0.0001_20000_20260225_015437_relu_best.pth...20260225_015810
At epoch 263, test loss = 40.4222
...model saved to 15_exp/models/FloydWarshallDataset_tropical_0.0001_20000_20260225_015437_relu_best.pth...20260225_015811
At epoch 264, test loss = 40.3614
...model saved to 15_exp/models/FloydWarshallDataset_tropical_0.0001_20000_20260225_015437_relu_best.pth...20260225_015812
At epoch 265, test loss = 40.3092
...model saved to 15_exp/models/FloydWarshallDataset_tropical_0.0001_20000_20260225_015437_relu_best.pth...20260225_015812
At epoch 266, test loss = 40.2711
...model saved to 15_exp/models/FloydWarshallDataset_tropical_0.0001_20000_20260225_015437_relu_best.pth...20260225_015813
At epoch 267, test loss = 40.1963
...model saved to 15_exp/models/FloydWarshallDataset_tropical_0.0001_20000_20260225_015437_relu_best.pth...20260225_015814
At epoch 268, test loss = 40.1609
...model saved to 15_exp/models/FloydWarshallDataset_tropical_0.0001_20000_20260225_015437_relu_best.pth...20260225_015815
At epoch 269, test loss = 40.1368
...model saved to 15_exp/models/FloydWarshallDataset_tropical_0.0001_20000_20260225_015437_relu_best.pth...20260225_015815
At epoch 270, test loss = 40.0535
...model saved to 15_exp/models/FloydWarshallDataset_tropical_0.0001_20000_20260225_015437_relu_best.pth...20260225_015816
At epoch 271, test loss = 40.0357
...model saved to 15_exp/models/FloydWarshallDataset_tropical_0.0001_20000_20260225_015437_relu_best.pth...20260225_015817
At epoch 272, test loss = 39.9568
...model saved to 15_exp/models/FloydWarshallDataset_tropical_0.0001_20000_20260225_015437_relu_best.pth...20260225_015817
At epoch 273, test loss = 39.9362
...model saved to 15_exp/models/FloydWarshallDataset_tropical_0.0001_20000_20260225_015437_relu_best.pth...20260225_015818
At epoch 274, test loss = 39.8886
...model saved to 15_exp/models/FloydWarshallDataset_tropical_0.0001_20000_20260225_015437_relu_best.pth...20260225_015819
At epoch 275, test loss = 39.8019
...model saved to 15_exp/models/FloydWarshallDataset_tropical_0.0001_20000_20260225_015437_relu_best.pth...20260225_015819
At epoch 276, test loss = 39.7332
...model saved to 15_exp/models/FloydWarshallDataset_tropical_0.0001_20000_20260225_015437_relu_best.pth...20260225_015820
At epoch 277, test loss = 39.7008
...model saved to 15_exp/models/FloydWarshallDataset_tropical_0.0001_20000_20260225_015437_relu_best.pth...20260225_015821
At epoch 278, test loss = 39.6594
...model saved to 15_exp/models/FloydWarshallDataset_tropical_0.0001_20000_20260225_015437_relu_best.pth...20260225_015821
At epoch 279, test loss = 39.6066
...model saved to 15_exp/models/FloydWarshallDataset_tropical_0.0001_20000_20260225_015437_relu_best.pth...20260225_015822
At epoch 280, test loss = 39.5656
...model saved to 15_exp/models/FloydWarshallDataset_tropical_0.0001_20000_20260225_015437_relu_best.pth...20260225_015823
At epoch 281, test loss = 39.4574
...model saved to 15_exp/models/FloydWarshallDataset_tropical_0.0001_20000_20260225_015437_relu_best.pth...20260225_015823
At epoch 282, test loss = 39.4324
...model saved to 15_exp/models/FloydWarshallDataset_tropical_0.0001_20000_20260225_015437_relu_best.pth...20260225_015824
At epoch 283, test loss = 39.3305
...model saved to 15_exp/models/FloydWarshallDataset_tropical_0.0001_20000_20260225_015437_relu_best.pth...20260225_015825
At epoch 284, test loss = 39.2970
...model saved to 15_exp/models/FloydWarshallDataset_tropical_0.0001_20000_20260225_015437_relu_best.pth...20260225_015825
At epoch 285, test loss = 39.2156
...model saved to 15_exp/models/FloydWarshallDataset_tropical_0.0001_20000_20260225_015437_relu_best.pth...20260225_015826
At epoch 286, test loss = 39.1859
...model saved to 15_exp/models/FloydWarshallDataset_tropical_0.0001_20000_20260225_015437_relu_best.pth...20260225_015827
At epoch 287, test loss = 39.1054
...model saved to 15_exp/models/FloydWarshallDataset_tropical_0.0001_20000_20260225_015437_relu_best.pth...20260225_015827
At epoch 288, test loss = 39.0434
...model saved to 15_exp/models/FloydWarshallDataset_tropical_0.0001_20000_20260225_015437_relu_best.pth...20260225_015828
At epoch 289, test loss = 39.0088
...model saved to 15_exp/models/FloydWarshallDataset_tropical_0.0001_20000_20260225_015437_relu_best.pth...20260225_015829
At epoch 290, test loss = 38.9171
...model saved to 15_exp/models/FloydWarshallDataset_tropical_0.0001_20000_20260225_015437_relu_best.pth...20260225_015830
At epoch 291, test loss = 38.8295
...model saved to 15_exp/models/FloydWarshallDataset_tropical_0.0001_20000_20260225_015437_relu_best.pth...20260225_015830
At epoch 292, test loss = 38.7918
...model saved to 15_exp/models/FloydWarshallDataset_tropical_0.0001_20000_20260225_015437_relu_best.pth...20260225_015831
At epoch 293, test loss = 38.7208
...model saved to 15_exp/models/FloydWarshallDataset_tropical_0.0001_20000_20260225_015437_relu_best.pth...20260225_015832
At epoch 294, test loss = 38.6381
...model saved to 15_exp/models/FloydWarshallDataset_tropical_0.0001_20000_20260225_015437_relu_best.pth...20260225_015832
At epoch 295, test loss = 38.5630
...model saved to 15_exp/models/FloydWarshallDataset_tropical_0.0001_20000_20260225_015437_relu_best.pth...20260225_015833
At epoch 296, test loss = 38.4922
...model saved to 15_exp/models/FloydWarshallDataset_tropical_0.0001_20000_20260225_015437_relu_best.pth...20260225_015834
At epoch 297, test loss = 38.4032
...model saved to 15_exp/models/FloydWarshallDataset_tropical_0.0001_20000_20260225_015437_relu_best.pth...20260225_015834
At epoch 298, test loss = 38.3510
...model saved to 15_exp/models/FloydWarshallDataset_tropical_0.0001_20000_20260225_015437_relu_best.pth...20260225_015835
At epoch 299, test loss = 38.2698
...model saved to 15_exp/models/FloydWarshallDataset_tropical_0.0001_20000_20260225_015437_relu_best.pth...20260225_015836
At epoch 300, test loss = 38.2135
...model saved to 15_exp/models/FloydWarshallDataset_tropical_0.0001_20000_20260225_015437_relu_best.pth...20260225_015836
At epoch 301, test loss = 38.1382
...model saved to 15_exp/models/FloydWarshallDataset_tropical_0.0001_20000_20260225_015437_relu_best.pth...20260225_015837
At epoch 302, test loss = 38.0548
...model saved to 15_exp/models/FloydWarshallDataset_tropical_0.0001_20000_20260225_015437_relu_best.pth...20260225_015838
At epoch 303, test loss = 37.9943
...model saved to 15_exp/models/FloydWarshallDataset_tropical_0.0001_20000_20260225_015437_relu_best.pth...20260225_015838
At epoch 304, test loss = 37.9137
...model saved to 15_exp/models/FloydWarshallDataset_tropical_0.0001_20000_20260225_015437_relu_best.pth...20260225_015839
At epoch 305, test loss = 37.8341
...model saved to 15_exp/models/FloydWarshallDataset_tropical_0.0001_20000_20260225_015437_relu_best.pth...20260225_015840
At epoch 306, test loss = 37.7883
...model saved to 15_exp/models/FloydWarshallDataset_tropical_0.0001_20000_20260225_015437_relu_best.pth...20260225_015840
At epoch 307, test loss = 37.7100
...model saved to 15_exp/models/FloydWarshallDataset_tropical_0.0001_20000_20260225_015437_relu_best.pth...20260225_015841
At epoch 308, test loss = 37.6303
...model saved to 15_exp/models/FloydWarshallDataset_tropical_0.0001_20000_20260225_015437_relu_best.pth...20260225_015842
At epoch 309, test loss = 37.6154
...model saved to 15_exp/models/FloydWarshallDataset_tropical_0.0001_20000_20260225_015437_relu_best.pth...20260225_015842
At epoch 310, test loss = 37.5055
...model saved to 15_exp/models/FloydWarshallDataset_tropical_0.0001_20000_20260225_015437_relu_best.pth...20260225_015843
At epoch 311, test loss = 37.4450
...model saved to 15_exp/models/FloydWarshallDataset_tropical_0.0001_20000_20260225_015437_relu_best.pth...20260225_015844
At epoch 312, test loss = 37.4065
...model saved to 15_exp/models/FloydWarshallDataset_tropical_0.0001_20000_20260225_015437_relu_best.pth...20260225_015844
At epoch 313, test loss = 37.3561
...model saved to 15_exp/models/FloydWarshallDataset_tropical_0.0001_20000_20260225_015437_relu_best.pth...20260225_015845
At epoch 314, test loss = 37.2753
...model saved to 15_exp/models/FloydWarshallDataset_tropical_0.0001_20000_20260225_015437_relu_best.pth...20260225_015846
At epoch 315, test loss = 37.2126
...model saved to 15_exp/models/FloydWarshallDataset_tropical_0.0001_20000_20260225_015437_relu_best.pth...20260225_015846
At epoch 316, test loss = 37.1505
...model saved to 15_exp/models/FloydWarshallDataset_tropical_0.0001_20000_20260225_015437_relu_best.pth...20260225_015847
At epoch 317, test loss = 37.1111
...model saved to 15_exp/models/FloydWarshallDataset_tropical_0.0001_20000_20260225_015437_relu_best.pth...20260225_015848
At epoch 318, test loss = 37.0584
...model saved to 15_exp/models/FloydWarshallDataset_tropical_0.0001_20000_20260225_015437_relu_best.pth...20260225_015848
At epoch 319, test loss = 37.0187
...model saved to 15_exp/models/FloydWarshallDataset_tropical_0.0001_20000_20260225_015437_relu_best.pth...20260225_015849
At epoch 320, test loss = 36.9505
...model saved to 15_exp/models/FloydWarshallDataset_tropical_0.0001_20000_20260225_015437_relu_best.pth...20260225_015850
At epoch 321, test loss = 36.9307
...model saved to 15_exp/models/FloydWarshallDataset_tropical_0.0001_20000_20260225_015437_relu_best.pth...20260225_015850
At epoch 322, test loss = 36.8491
...model saved to 15_exp/models/FloydWarshallDataset_tropical_0.0001_20000_20260225_015437_relu_best.pth...20260225_015851
At epoch 323, test loss = 36.8057
...model saved to 15_exp/models/FloydWarshallDataset_tropical_0.0001_20000_20260225_015437_relu_best.pth...20260225_015852
At epoch 324, test loss = 36.7981
...model saved to 15_exp/models/FloydWarshallDataset_tropical_0.0001_20000_20260225_015437_relu_best.pth...20260225_015853
At epoch 325, test loss = 36.7065
...model saved to 15_exp/models/FloydWarshallDataset_tropical_0.0001_20000_20260225_015437_relu_best.pth...20260225_015853
At epoch 326, test loss = 36.6602
...model saved to 15_exp/models/FloydWarshallDataset_tropical_0.0001_20000_20260225_015437_relu_best.pth...20260225_015854
At epoch 328, test loss = 36.5743
...model saved to 15_exp/models/FloydWarshallDataset_tropical_0.0001_20000_20260225_015437_relu_best.pth...20260225_015855
At epoch 329, test loss = 36.5278
...model saved to 15_exp/models/FloydWarshallDataset_tropical_0.0001_20000_20260225_015437_relu_best.pth...20260225_015856
At epoch 330, test loss = 36.5271
...model saved to 15_exp/models/FloydWarshallDataset_tropical_0.0001_20000_20260225_015437_relu_best.pth...20260225_015857
At epoch 331, test loss = 36.5118
...model saved to 15_exp/models/FloydWarshallDataset_tropical_0.0001_20000_20260225_015437_relu_best.pth...20260225_015857
At epoch 332, test loss = 36.4433
...model saved to 15_exp/models/FloydWarshallDataset_tropical_0.0001_20000_20260225_015437_relu_best.pth...20260225_015858
At epoch 333, test loss = 36.4164
...model saved to 15_exp/models/FloydWarshallDataset_tropical_0.0001_20000_20260225_015437_relu_best.pth...20260225_015859
At epoch 334, test loss = 36.3753
...model saved to 15_exp/models/FloydWarshallDataset_tropical_0.0001_20000_20260225_015437_relu_best.pth...20260225_015859
At epoch 335, test loss = 36.3259
...model saved to 15_exp/models/FloydWarshallDataset_tropical_0.0001_20000_20260225_015437_relu_best.pth...20260225_015900
At epoch 336, test loss = 36.2892
...model saved to 15_exp/models/FloydWarshallDataset_tropical_0.0001_20000_20260225_015437_relu_best.pth...20260225_015901
At epoch 337, test loss = 36.2576
...model saved to 15_exp/models/FloydWarshallDataset_tropical_0.0001_20000_20260225_015437_relu_best.pth...20260225_015901
At epoch 338, test loss = 36.2338
...model saved to 15_exp/models/FloydWarshallDataset_tropical_0.0001_20000_20260225_015437_relu_best.pth...20260225_015902
At epoch 339, test loss = 36.1997
...model saved to 15_exp/models/FloydWarshallDataset_tropical_0.0001_20000_20260225_015437_relu_best.pth...20260225_015903
At epoch 340, test loss = 36.1800
...model saved to 15_exp/models/FloydWarshallDataset_tropical_0.0001_20000_20260225_015437_relu_best.pth...20260225_015903
At epoch 341, test loss = 36.1306
...model saved to 15_exp/models/FloydWarshallDataset_tropical_0.0001_20000_20260225_015437_relu_best.pth...20260225_015904
At epoch 342, test loss = 36.1266
...model saved to 15_exp/models/FloydWarshallDataset_tropical_0.0001_20000_20260225_015437_relu_best.pth...20260225_015905
At epoch 343, test loss = 36.0706
...model saved to 15_exp/models/FloydWarshallDataset_tropical_0.0001_20000_20260225_015437_relu_best.pth...20260225_015905
At epoch 344, test loss = 36.0472
...model saved to 15_exp/models/FloydWarshallDataset_tropical_0.0001_20000_20260225_015437_relu_best.pth...20260225_015906
At epoch 345, test loss = 36.0274
...model saved to 15_exp/models/FloydWarshallDataset_tropical_0.0001_20000_20260225_015437_relu_best.pth...20260225_015907
At epoch 346, test loss = 35.9939
...model saved to 15_exp/models/FloydWarshallDataset_tropical_0.0001_20000_20260225_015437_relu_best.pth...20260225_015908
At epoch 347, test loss = 35.9522
...model saved to 15_exp/models/FloydWarshallDataset_tropical_0.0001_20000_20260225_015437_relu_best.pth...20260225_015908
At epoch 348, test loss = 35.9150
...model saved to 15_exp/models/FloydWarshallDataset_tropical_0.0001_20000_20260225_015437_relu_best.pth...20260225_015909
At epoch 349, test loss = 35.8847
...model saved to 15_exp/models/FloydWarshallDataset_tropical_0.0001_20000_20260225_015437_relu_best.pth...20260225_015910
At epoch 350, test loss = 35.8477
...model saved to 15_exp/models/FloydWarshallDataset_tropical_0.0001_20000_20260225_015437_relu_best.pth...20260225_015910
At epoch 352, test loss = 35.7937
...model saved to 15_exp/models/FloydWarshallDataset_tropical_0.0001_20000_20260225_015437_relu_best.pth...20260225_015912
At epoch 353, test loss = 35.7591
...model saved to 15_exp/models/FloydWarshallDataset_tropical_0.0001_20000_20260225_015437_relu_best.pth...20260225_015912
At epoch 355, test loss = 35.7458
...model saved to 15_exp/models/FloydWarshallDataset_tropical_0.0001_20000_20260225_015437_relu_best.pth...20260225_015914
At epoch 356, test loss = 35.6648
...model saved to 15_exp/models/FloydWarshallDataset_tropical_0.0001_20000_20260225_015437_relu_best.pth...20260225_015914
At epoch 357, test loss = 35.6575
...model saved to 15_exp/models/FloydWarshallDataset_tropical_0.0001_20000_20260225_015437_relu_best.pth...20260225_015915
At epoch 358, test loss = 35.6119
...model saved to 15_exp/models/FloydWarshallDataset_tropical_0.0001_20000_20260225_015437_relu_best.pth...20260225_015916
At epoch 359, test loss = 35.5713
...model saved to 15_exp/models/FloydWarshallDataset_tropical_0.0001_20000_20260225_015437_relu_best.pth...20260225_015916
At epoch 360, test loss = 35.5572
...model saved to 15_exp/models/FloydWarshallDataset_tropical_0.0001_20000_20260225_015437_relu_best.pth...20260225_015917
At epoch 361, test loss = 35.5134
...model saved to 15_exp/models/FloydWarshallDataset_tropical_0.0001_20000_20260225_015437_relu_best.pth...20260225_015918
At epoch 362, test loss = 35.4871
...model saved to 15_exp/models/FloydWarshallDataset_tropical_0.0001_20000_20260225_015437_relu_best.pth...20260225_015918
At epoch 363, test loss = 35.4829
...model saved to 15_exp/models/FloydWarshallDataset_tropical_0.0001_20000_20260225_015437_relu_best.pth...20260225_015919
At epoch 364, test loss = 35.4653
...model saved to 15_exp/models/FloydWarshallDataset_tropical_0.0001_20000_20260225_015437_relu_best.pth...20260225_015920
At epoch 365, test loss = 35.4512
...model saved to 15_exp/models/FloydWarshallDataset_tropical_0.0001_20000_20260225_015437_relu_best.pth...20260225_015920
At epoch 366, test loss = 35.4215
...model saved to 15_exp/models/FloydWarshallDataset_tropical_0.0001_20000_20260225_015437_relu_best.pth...20260225_015921
At epoch 367, test loss = 35.3513
...model saved to 15_exp/models/FloydWarshallDataset_tropical_0.0001_20000_20260225_015437_relu_best.pth...20260225_015922
At epoch 368, test loss = 35.3338
...model saved to 15_exp/models/FloydWarshallDataset_tropical_0.0001_20000_20260225_015437_relu_best.pth...20260225_015922
At epoch 369, test loss = 35.2855
...model saved to 15_exp/models/FloydWarshallDataset_tropical_0.0001_20000_20260225_015437_relu_best.pth...20260225_015923
At epoch 370, test loss = 35.2387
...model saved to 15_exp/models/FloydWarshallDataset_tropical_0.0001_20000_20260225_015437_relu_best.pth...20260225_015924
At epoch 373, test loss = 35.1648
...model saved to 15_exp/models/FloydWarshallDataset_tropical_0.0001_20000_20260225_015437_relu_best.pth...20260225_015926
At epoch 374, test loss = 35.1513
...model saved to 15_exp/models/FloydWarshallDataset_tropical_0.0001_20000_20260225_015437_relu_best.pth...20260225_015926
At epoch 375, test loss = 35.1278
...model saved to 15_exp/models/FloydWarshallDataset_tropical_0.0001_20000_20260225_015437_relu_best.pth...20260225_015927
At epoch 376, test loss = 35.0929
...model saved to 15_exp/models/FloydWarshallDataset_tropical_0.0001_20000_20260225_015437_relu_best.pth...20260225_015928
At epoch 377, test loss = 35.0303
...model saved to 15_exp/models/FloydWarshallDataset_tropical_0.0001_20000_20260225_015437_relu_best.pth...20260225_015928
At epoch 380, test loss = 34.9777
...model saved to 15_exp/models/FloydWarshallDataset_tropical_0.0001_20000_20260225_015437_relu_best.pth...20260225_015930
At epoch 381, test loss = 34.9401
...model saved to 15_exp/models/FloydWarshallDataset_tropical_0.0001_20000_20260225_015437_relu_best.pth...20260225_015931
At epoch 382, test loss = 34.8953
...model saved to 15_exp/models/FloydWarshallDataset_tropical_0.0001_20000_20260225_015437_relu_best.pth...20260225_015932
At epoch 383, test loss = 34.8623
...model saved to 15_exp/models/FloydWarshallDataset_tropical_0.0001_20000_20260225_015437_relu_best.pth...20260225_015932
At epoch 384, test loss = 34.8349
...model saved to 15_exp/models/FloydWarshallDataset_tropical_0.0001_20000_20260225_015437_relu_best.pth...20260225_015933
At epoch 385, test loss = 34.8218
...model saved to 15_exp/models/FloydWarshallDataset_tropical_0.0001_20000_20260225_015437_relu_best.pth...20260225_015934
At epoch 386, test loss = 34.7513
...model saved to 15_exp/models/FloydWarshallDataset_tropical_0.0001_20000_20260225_015437_relu_best.pth...20260225_015934
At epoch 387, test loss = 34.7354
...model saved to 15_exp/models/FloydWarshallDataset_tropical_0.0001_20000_20260225_015437_relu_best.pth...20260225_015935
At epoch 388, test loss = 34.6854
...model saved to 15_exp/models/FloydWarshallDataset_tropical_0.0001_20000_20260225_015437_relu_best.pth...20260225_015936
At epoch 389, test loss = 34.6682
...model saved to 15_exp/models/FloydWarshallDataset_tropical_0.0001_20000_20260225_015437_relu_best.pth...20260225_015936
At epoch 390, test loss = 34.6287
...model saved to 15_exp/models/FloydWarshallDataset_tropical_0.0001_20000_20260225_015437_relu_best.pth...20260225_015937
At epoch 391, test loss = 34.5903
...model saved to 15_exp/models/FloydWarshallDataset_tropical_0.0001_20000_20260225_015437_relu_best.pth...20260225_015938
At epoch 392, test loss = 34.5595
...model saved to 15_exp/models/FloydWarshallDataset_tropical_0.0001_20000_20260225_015437_relu_best.pth...20260225_015939
At epoch 393, test loss = 34.5329
...model saved to 15_exp/models/FloydWarshallDataset_tropical_0.0001_20000_20260225_015437_relu_best.pth...20260225_015939
At epoch 394, test loss = 34.4771
...model saved to 15_exp/models/FloydWarshallDataset_tropical_0.0001_20000_20260225_015437_relu_best.pth...20260225_015940
At epoch 395, test loss = 34.4657
...model saved to 15_exp/models/FloydWarshallDataset_tropical_0.0001_20000_20260225_015437_relu_best.pth...20260225_015941
At epoch 396, test loss = 34.4518
...model saved to 15_exp/models/FloydWarshallDataset_tropical_0.0001_20000_20260225_015437_relu_best.pth...20260225_015941
At epoch 397, test loss = 34.3856
...model saved to 15_exp/models/FloydWarshallDataset_tropical_0.0001_20000_20260225_015437_relu_best.pth...20260225_015942
At epoch 398, test loss = 34.3525
...model saved to 15_exp/models/FloydWarshallDataset_tropical_0.0001_20000_20260225_015437_relu_best.pth...20260225_015943
At epoch 399, test loss = 34.3258
...model saved to 15_exp/models/FloydWarshallDataset_tropical_0.0001_20000_20260225_015437_relu_best.pth...20260225_015943
At epoch 400, test loss = 34.3235
...model saved to 15_exp/models/FloydWarshallDataset_tropical_0.0001_20000_20260225_015437_relu_best.pth...20260225_015944
At epoch 401, test loss = 34.2561
...model saved to 15_exp/models/FloydWarshallDataset_tropical_0.0001_20000_20260225_015437_relu_best.pth...20260225_015945
At epoch 402, test loss = 34.2124
...model saved to 15_exp/models/FloydWarshallDataset_tropical_0.0001_20000_20260225_015437_relu_best.pth...20260225_015945
At epoch 403, test loss = 34.1944
...model saved to 15_exp/models/FloydWarshallDataset_tropical_0.0001_20000_20260225_015437_relu_best.pth...20260225_015946
At epoch 404, test loss = 34.1485
...model saved to 15_exp/models/FloydWarshallDataset_tropical_0.0001_20000_20260225_015437_relu_best.pth...20260225_015947
At epoch 405, test loss = 34.1324
...model saved to 15_exp/models/FloydWarshallDataset_tropical_0.0001_20000_20260225_015437_relu_best.pth...20260225_015947
At epoch 406, test loss = 34.1159
...model saved to 15_exp/models/FloydWarshallDataset_tropical_0.0001_20000_20260225_015437_relu_best.pth...20260225_015948
At epoch 407, test loss = 34.0542
...model saved to 15_exp/models/FloydWarshallDataset_tropical_0.0001_20000_20260225_015437_relu_best.pth...20260225_015949
At epoch 408, test loss = 34.0386
...model saved to 15_exp/models/FloydWarshallDataset_tropical_0.0001_20000_20260225_015437_relu_best.pth...20260225_015949
At epoch 409, test loss = 33.9935
...model saved to 15_exp/models/FloydWarshallDataset_tropical_0.0001_20000_20260225_015437_relu_best.pth...20260225_015950
At epoch 410, test loss = 33.9708
...model saved to 15_exp/models/FloydWarshallDataset_tropical_0.0001_20000_20260225_015437_relu_best.pth...20260225_015951
At epoch 411, test loss = 33.9324
...model saved to 15_exp/models/FloydWarshallDataset_tropical_0.0001_20000_20260225_015437_relu_best.pth...20260225_015952
At epoch 413, test loss = 33.9000
...model saved to 15_exp/models/FloydWarshallDataset_tropical_0.0001_20000_20260225_015437_relu_best.pth...20260225_015953
At epoch 414, test loss = 33.8566
...model saved to 15_exp/models/FloydWarshallDataset_tropical_0.0001_20000_20260225_015437_relu_best.pth...20260225_015954
At epoch 415, test loss = 33.8035
...model saved to 15_exp/models/FloydWarshallDataset_tropical_0.0001_20000_20260225_015437_relu_best.pth...20260225_015954
At epoch 416, test loss = 33.7806
...model saved to 15_exp/models/FloydWarshallDataset_tropical_0.0001_20000_20260225_015437_relu_best.pth...20260225_015955
At epoch 417, test loss = 33.7523
...model saved to 15_exp/models/FloydWarshallDataset_tropical_0.0001_20000_20260225_015437_relu_best.pth...20260225_015956
At epoch 418, test loss = 33.7078
...model saved to 15_exp/models/FloydWarshallDataset_tropical_0.0001_20000_20260225_015437_relu_best.pth...20260225_015956
At epoch 419, test loss = 33.6946
...model saved to 15_exp/models/FloydWarshallDataset_tropical_0.0001_20000_20260225_015437_relu_best.pth...20260225_015957
At epoch 420, test loss = 33.6776
...model saved to 15_exp/models/FloydWarshallDataset_tropical_0.0001_20000_20260225_015437_relu_best.pth...20260225_015958
At epoch 421, test loss = 33.6077
...model saved to 15_exp/models/FloydWarshallDataset_tropical_0.0001_20000_20260225_015437_relu_best.pth...20260225_015958
At epoch 422, test loss = 33.5808
...model saved to 15_exp/models/FloydWarshallDataset_tropical_0.0001_20000_20260225_015437_relu_best.pth...20260225_015959
At epoch 423, test loss = 33.5124
...model saved to 15_exp/models/FloydWarshallDataset_tropical_0.0001_20000_20260225_015437_relu_best.pth...20260225_020000
At epoch 424, test loss = 33.4976
...model saved to 15_exp/models/FloydWarshallDataset_tropical_0.0001_20000_20260225_015437_relu_best.pth...20260225_020000
At epoch 425, test loss = 33.4477
...model saved to 15_exp/models/FloydWarshallDataset_tropical_0.0001_20000_20260225_015437_relu_best.pth...20260225_020001
At epoch 426, test loss = 33.4298
...model saved to 15_exp/models/FloydWarshallDataset_tropical_0.0001_20000_20260225_015437_relu_best.pth...20260225_020002
At epoch 427, test loss = 33.4195
...model saved to 15_exp/models/FloydWarshallDataset_tropical_0.0001_20000_20260225_015437_relu_best.pth...20260225_020002
At epoch 428, test loss = 33.3949
...model saved to 15_exp/models/FloydWarshallDataset_tropical_0.0001_20000_20260225_015437_relu_best.pth...20260225_020003
At epoch 429, test loss = 33.3908
...model saved to 15_exp/models/FloydWarshallDataset_tropical_0.0001_20000_20260225_015437_relu_best.pth...20260225_020004
At epoch 430, test loss = 33.3738
...model saved to 15_exp/models/FloydWarshallDataset_tropical_0.0001_20000_20260225_015437_relu_best.pth...20260225_020004
At epoch 431, test loss = 33.2965
...model saved to 15_exp/models/FloydWarshallDataset_tropical_0.0001_20000_20260225_015437_relu_best.pth...20260225_020005
At epoch 432, test loss = 33.2526
...model saved to 15_exp/models/FloydWarshallDataset_tropical_0.0001_20000_20260225_015437_relu_best.pth...20260225_020006
At epoch 434, test loss = 33.2050
...model saved to 15_exp/models/FloydWarshallDataset_tropical_0.0001_20000_20260225_015437_relu_best.pth...20260225_020007
At epoch 435, test loss = 33.1735
...model saved to 15_exp/models/FloydWarshallDataset_tropical_0.0001_20000_20260225_015437_relu_best.pth...20260225_020008
At epoch 436, test loss = 33.1555
...model saved to 15_exp/models/FloydWarshallDataset_tropical_0.0001_20000_20260225_015437_relu_best.pth...20260225_020008
At epoch 437, test loss = 33.1184
...model saved to 15_exp/models/FloydWarshallDataset_tropical_0.0001_20000_20260225_015437_relu_best.pth...20260225_020009
At epoch 438, test loss = 33.0695
...model saved to 15_exp/models/FloydWarshallDataset_tropical_0.0001_20000_20260225_015437_relu_best.pth...20260225_020010
At epoch 439, test loss = 33.0335
...model saved to 15_exp/models/FloydWarshallDataset_tropical_0.0001_20000_20260225_015437_relu_best.pth...20260225_020010
At epoch 440, test loss = 32.9939
...model saved to 15_exp/models/FloydWarshallDataset_tropical_0.0001_20000_20260225_015437_relu_best.pth...20260225_020011
At epoch 441, test loss = 32.9816
...model saved to 15_exp/models/FloydWarshallDataset_tropical_0.0001_20000_20260225_015437_relu_best.pth...20260225_020012
At epoch 442, test loss = 32.9407
...model saved to 15_exp/models/FloydWarshallDataset_tropical_0.0001_20000_20260225_015437_relu_best.pth...20260225_020012
At epoch 443, test loss = 32.9133
...model saved to 15_exp/models/FloydWarshallDataset_tropical_0.0001_20000_20260225_015437_relu_best.pth...20260225_020013
At epoch 444, test loss = 32.8457
...model saved to 15_exp/models/FloydWarshallDataset_tropical_0.0001_20000_20260225_015437_relu_best.pth...20260225_020014
At epoch 445, test loss = 32.8209
...model saved to 15_exp/models/FloydWarshallDataset_tropical_0.0001_20000_20260225_015437_relu_best.pth...20260225_020014
At epoch 447, test loss = 32.7972
...model saved to 15_exp/models/FloydWarshallDataset_tropical_0.0001_20000_20260225_015437_relu_best.pth...20260225_020016
At epoch 448, test loss = 32.7510
...model saved to 15_exp/models/FloydWarshallDataset_tropical_0.0001_20000_20260225_015437_relu_best.pth...20260225_020016
At epoch 449, test loss = 32.7054
...model saved to 15_exp/models/FloydWarshallDataset_tropical_0.0001_20000_20260225_015437_relu_best.pth...20260225_020017
At epoch 450, test loss = 32.6856
...model saved to 15_exp/models/FloydWarshallDataset_tropical_0.0001_20000_20260225_015437_relu_best.pth...20260225_020018
At epoch 451, test loss = 32.6636
...model saved to 15_exp/models/FloydWarshallDataset_tropical_0.0001_20000_20260225_015437_relu_best.pth...20260225_020019
At epoch 452, test loss = 32.6216
...model saved to 15_exp/models/FloydWarshallDataset_tropical_0.0001_20000_20260225_015437_relu_best.pth...20260225_020019
At epoch 453, test loss = 32.6201
...model saved to 15_exp/models/FloydWarshallDataset_tropical_0.0001_20000_20260225_015437_relu_best.pth...20260225_020020
At epoch 454, test loss = 32.5702
...model saved to 15_exp/models/FloydWarshallDataset_tropical_0.0001_20000_20260225_015437_relu_best.pth...20260225_020021
At epoch 455, test loss = 32.5214
...model saved to 15_exp/models/FloydWarshallDataset_tropical_0.0001_20000_20260225_015437_relu_best.pth...20260225_020021
At epoch 456, test loss = 32.5095
...model saved to 15_exp/models/FloydWarshallDataset_tropical_0.0001_20000_20260225_015437_relu_best.pth...20260225_020022
At epoch 457, test loss = 32.4468
...model saved to 15_exp/models/FloydWarshallDataset_tropical_0.0001_20000_20260225_015437_relu_best.pth...20260225_020023
At epoch 459, test loss = 32.3879
...model saved to 15_exp/models/FloydWarshallDataset_tropical_0.0001_20000_20260225_015437_relu_best.pth...20260225_020024
At epoch 460, test loss = 32.3593
...model saved to 15_exp/models/FloydWarshallDataset_tropical_0.0001_20000_20260225_015437_relu_best.pth...20260225_020025
At epoch 461, test loss = 32.3194
...model saved to 15_exp/models/FloydWarshallDataset_tropical_0.0001_20000_20260225_015437_relu_best.pth...20260225_020025
At epoch 462, test loss = 32.2875
...model saved to 15_exp/models/FloydWarshallDataset_tropical_0.0001_20000_20260225_015437_relu_best.pth...20260225_020026
At epoch 463, test loss = 32.2630
...model saved to 15_exp/models/FloydWarshallDataset_tropical_0.0001_20000_20260225_015437_relu_best.pth...20260225_020027
At epoch 464, test loss = 32.2304
...model saved to 15_exp/models/FloydWarshallDataset_tropical_0.0001_20000_20260225_015437_relu_best.pth...20260225_020027
At epoch 465, test loss = 32.2085
...model saved to 15_exp/models/FloydWarshallDataset_tropical_0.0001_20000_20260225_015437_relu_best.pth...20260225_020028
At epoch 466, test loss = 32.1770
...model saved to 15_exp/models/FloydWarshallDataset_tropical_0.0001_20000_20260225_015437_relu_best.pth...20260225_020029
At epoch 467, test loss = 32.1572
...model saved to 15_exp/models/FloydWarshallDataset_tropical_0.0001_20000_20260225_015437_relu_best.pth...20260225_020029
At epoch 468, test loss = 32.0764
...model saved to 15_exp/models/FloydWarshallDataset_tropical_0.0001_20000_20260225_015437_relu_best.pth...20260225_020030
At epoch 470, test loss = 32.0497
...model saved to 15_exp/models/FloydWarshallDataset_tropical_0.0001_20000_20260225_015437_relu_best.pth...20260225_020031
At epoch 471, test loss = 32.0138
...model saved to 15_exp/models/FloydWarshallDataset_tropical_0.0001_20000_20260225_015437_relu_best.pth...20260225_020032
At epoch 472, test loss = 31.9898
...model saved to 15_exp/models/FloydWarshallDataset_tropical_0.0001_20000_20260225_015437_relu_best.pth...20260225_020033
At epoch 473, test loss = 31.9250
...model saved to 15_exp/models/FloydWarshallDataset_tropical_0.0001_20000_20260225_015437_relu_best.pth...20260225_020033
At epoch 474, test loss = 31.9023
...model saved to 15_exp/models/FloydWarshallDataset_tropical_0.0001_20000_20260225_015437_relu_best.pth...20260225_020034
At epoch 475, test loss = 31.8814
...model saved to 15_exp/models/FloydWarshallDataset_tropical_0.0001_20000_20260225_015437_relu_best.pth...20260225_020035
At epoch 476, test loss = 31.8077
...model saved to 15_exp/models/FloydWarshallDataset_tropical_0.0001_20000_20260225_015437_relu_best.pth...20260225_020035
At epoch 477, test loss = 31.7867
...model saved to 15_exp/models/FloydWarshallDataset_tropical_0.0001_20000_20260225_015437_relu_best.pth...20260225_020036
At epoch 478, test loss = 31.7752
...model saved to 15_exp/models/FloydWarshallDataset_tropical_0.0001_20000_20260225_015437_relu_best.pth...20260225_020037
At epoch 479, test loss = 31.7366
...model saved to 15_exp/models/FloydWarshallDataset_tropical_0.0001_20000_20260225_015437_relu_best.pth...20260225_020038
At epoch 480, test loss = 31.7096
...model saved to 15_exp/models/FloydWarshallDataset_tropical_0.0001_20000_20260225_015437_relu_best.pth...20260225_020038
At epoch 481, test loss = 31.6545
...model saved to 15_exp/models/FloydWarshallDataset_tropical_0.0001_20000_20260225_015437_relu_best.pth...20260225_020039
At epoch 482, test loss = 31.6300
...model saved to 15_exp/models/FloydWarshallDataset_tropical_0.0001_20000_20260225_015437_relu_best.pth...20260225_020040
At epoch 483, test loss = 31.5964
...model saved to 15_exp/models/FloydWarshallDataset_tropical_0.0001_20000_20260225_015437_relu_best.pth...20260225_020040
At epoch 484, test loss = 31.5700
...model saved to 15_exp/models/FloydWarshallDataset_tropical_0.0001_20000_20260225_015437_relu_best.pth...20260225_020041
At epoch 485, test loss = 31.5257
...model saved to 15_exp/models/FloydWarshallDataset_tropical_0.0001_20000_20260225_015437_relu_best.pth...20260225_020042
At epoch 486, test loss = 31.4713
...model saved to 15_exp/models/FloydWarshallDataset_tropical_0.0001_20000_20260225_015437_relu_best.pth...20260225_020042
At epoch 488, test loss = 31.4103
...model saved to 15_exp/models/FloydWarshallDataset_tropical_0.0001_20000_20260225_015437_relu_best.pth...20260225_020044
At epoch 489, test loss = 31.3831
...model saved to 15_exp/models/FloydWarshallDataset_tropical_0.0001_20000_20260225_015437_relu_best.pth...20260225_020044
At epoch 490, test loss = 31.3507
...model saved to 15_exp/models/FloydWarshallDataset_tropical_0.0001_20000_20260225_015437_relu_best.pth...20260225_020045
At epoch 491, test loss = 31.3119
...model saved to 15_exp/models/FloydWarshallDataset_tropical_0.0001_20000_20260225_015437_relu_best.pth...20260225_020046
At epoch 492, test loss = 31.2787
...model saved to 15_exp/models/FloydWarshallDataset_tropical_0.0001_20000_20260225_015437_relu_best.pth...20260225_020047
At epoch 493, test loss = 31.2687
...model saved to 15_exp/models/FloydWarshallDataset_tropical_0.0001_20000_20260225_015437_relu_best.pth...20260225_020047
At epoch 494, test loss = 31.2204
...model saved to 15_exp/models/FloydWarshallDataset_tropical_0.0001_20000_20260225_015437_relu_best.pth...20260225_020048
At epoch 495, test loss = 31.1543
...model saved to 15_exp/models/FloydWarshallDataset_tropical_0.0001_20000_20260225_015437_relu_best.pth...20260225_020049
At epoch 496, test loss = 31.1343
...model saved to 15_exp/models/FloydWarshallDataset_tropical_0.0001_20000_20260225_015437_relu_best.pth...20260225_020049
At epoch 497, test loss = 31.1193
...model saved to 15_exp/models/FloydWarshallDataset_tropical_0.0001_20000_20260225_015437_relu_best.pth...20260225_020050
At epoch 498, test loss = 31.0636
...model saved to 15_exp/models/FloydWarshallDataset_tropical_0.0001_20000_20260225_015437_relu_best.pth...20260225_020051
At epoch 499, test loss = 31.0325
...model saved to 15_exp/models/FloydWarshallDataset_tropical_0.0001_20000_20260225_015437_relu_best.pth...20260225_020051
At epoch 500, test loss = 30.9889
...model saved to 15_exp/models/FloydWarshallDataset_tropical_0.0001_20000_20260225_015437_relu_best.pth...20260225_020052
At epoch 501, test loss = 30.9775
...model saved to 15_exp/models/FloydWarshallDataset_tropical_0.0001_20000_20260225_015437_relu_best.pth...20260225_020053
At epoch 502, test loss = 30.9509
...model saved to 15_exp/models/FloydWarshallDataset_tropical_0.0001_20000_20260225_015437_relu_best.pth...20260225_020053
At epoch 503, test loss = 30.8813
...model saved to 15_exp/models/FloydWarshallDataset_tropical_0.0001_20000_20260225_015437_relu_best.pth...20260225_020054
At epoch 504, test loss = 30.8729
...model saved to 15_exp/models/FloydWarshallDataset_tropical_0.0001_20000_20260225_015437_relu_best.pth...20260225_020055
At epoch 505, test loss = 30.8214
...model saved to 15_exp/models/FloydWarshallDataset_tropical_0.0001_20000_20260225_015437_relu_best.pth...20260225_020055
At epoch 506, test loss = 30.7816
...model saved to 15_exp/models/FloydWarshallDataset_tropical_0.0001_20000_20260225_015437_relu_best.pth...20260225_020056
At epoch 507, test loss = 30.7430
...model saved to 15_exp/models/FloydWarshallDataset_tropical_0.0001_20000_20260225_015437_relu_best.pth...20260225_020057
At epoch 508, test loss = 30.7089
...model saved to 15_exp/models/FloydWarshallDataset_tropical_0.0001_20000_20260225_015437_relu_best.pth...20260225_020058
At epoch 509, test loss = 30.6662
...model saved to 15_exp/models/FloydWarshallDataset_tropical_0.0001_20000_20260225_015437_relu_best.pth...20260225_020058
At epoch 511, test loss = 30.5979
...model saved to 15_exp/models/FloydWarshallDataset_tropical_0.0001_20000_20260225_015437_relu_best.pth...20260225_020100
At epoch 512, test loss = 30.5630
...model saved to 15_exp/models/FloydWarshallDataset_tropical_0.0001_20000_20260225_015437_relu_best.pth...20260225_020100
At epoch 513, test loss = 30.5619
...model saved to 15_exp/models/FloydWarshallDataset_tropical_0.0001_20000_20260225_015437_relu_best.pth...20260225_020101
At epoch 514, test loss = 30.5211
...model saved to 15_exp/models/FloydWarshallDataset_tropical_0.0001_20000_20260225_015437_relu_best.pth...20260225_020102
At epoch 515, test loss = 30.4580
...model saved to 15_exp/models/FloydWarshallDataset_tropical_0.0001_20000_20260225_015437_relu_best.pth...20260225_020103
At epoch 516, test loss = 30.4150
...model saved to 15_exp/models/FloydWarshallDataset_tropical_0.0001_20000_20260225_015437_relu_best.pth...20260225_020103
At epoch 518, test loss = 30.3591
...model saved to 15_exp/models/FloydWarshallDataset_tropical_0.0001_20000_20260225_015437_relu_best.pth...20260225_020105
At epoch 519, test loss = 30.3417
...model saved to 15_exp/models/FloydWarshallDataset_tropical_0.0001_20000_20260225_015437_relu_best.pth...20260225_020105
At epoch 520, test loss = 30.2750
...model saved to 15_exp/models/FloydWarshallDataset_tropical_0.0001_20000_20260225_015437_relu_best.pth...20260225_020106
At epoch 521, test loss = 30.2571
...model saved to 15_exp/models/FloydWarshallDataset_tropical_0.0001_20000_20260225_015437_relu_best.pth...20260225_020107
At epoch 522, test loss = 30.2337
...model saved to 15_exp/models/FloydWarshallDataset_tropical_0.0001_20000_20260225_015437_relu_best.pth...20260225_020107
At epoch 523, test loss = 30.1918
...model saved to 15_exp/models/FloydWarshallDataset_tropical_0.0001_20000_20260225_015437_relu_best.pth...20260225_020108
At epoch 524, test loss = 30.1520
...model saved to 15_exp/models/FloydWarshallDataset_tropical_0.0001_20000_20260225_015437_relu_best.pth...20260225_020109
At epoch 525, test loss = 30.1079
...model saved to 15_exp/models/FloydWarshallDataset_tropical_0.0001_20000_20260225_015437_relu_best.pth...20260225_020109
At epoch 526, test loss = 30.0701
...model saved to 15_exp/models/FloydWarshallDataset_tropical_0.0001_20000_20260225_015437_relu_best.pth...20260225_020110
At epoch 527, test loss = 30.0643
...model saved to 15_exp/models/FloydWarshallDataset_tropical_0.0001_20000_20260225_015437_relu_best.pth...20260225_020111
At epoch 528, test loss = 29.9973
...model saved to 15_exp/models/FloydWarshallDataset_tropical_0.0001_20000_20260225_015437_relu_best.pth...20260225_020112
At epoch 529, test loss = 29.9646
...model saved to 15_exp/models/FloydWarshallDataset_tropical_0.0001_20000_20260225_015437_relu_best.pth...20260225_020112
At epoch 530, test loss = 29.9416
...model saved to 15_exp/models/FloydWarshallDataset_tropical_0.0001_20000_20260225_015437_relu_best.pth...20260225_020113
At epoch 531, test loss = 29.8883
...model saved to 15_exp/models/FloydWarshallDataset_tropical_0.0001_20000_20260225_015437_relu_best.pth...20260225_020114
At epoch 532, test loss = 29.8573
...model saved to 15_exp/models/FloydWarshallDataset_tropical_0.0001_20000_20260225_015437_relu_best.pth...20260225_020115
At epoch 533, test loss = 29.7924
...model saved to 15_exp/models/FloydWarshallDataset_tropical_0.0001_20000_20260225_015437_relu_best.pth...20260225_020115
At epoch 534, test loss = 29.7758
...model saved to 15_exp/models/FloydWarshallDataset_tropical_0.0001_20000_20260225_015437_relu_best.pth...20260225_020116
At epoch 535, test loss = 29.7518
...model saved to 15_exp/models/FloydWarshallDataset_tropical_0.0001_20000_20260225_015437_relu_best.pth...20260225_020117
At epoch 536, test loss = 29.6953
...model saved to 15_exp/models/FloydWarshallDataset_tropical_0.0001_20000_20260225_015437_relu_best.pth...20260225_020117
At epoch 538, test loss = 29.6367
...model saved to 15_exp/models/FloydWarshallDataset_tropical_0.0001_20000_20260225_015437_relu_best.pth...20260225_020119
At epoch 539, test loss = 29.6203
...model saved to 15_exp/models/FloydWarshallDataset_tropical_0.0001_20000_20260225_015437_relu_best.pth...20260225_020120
At epoch 540, test loss = 29.5847
...model saved to 15_exp/models/FloydWarshallDataset_tropical_0.0001_20000_20260225_015437_relu_best.pth...20260225_020120
At epoch 541, test loss = 29.5446
...model saved to 15_exp/models/FloydWarshallDataset_tropical_0.0001_20000_20260225_015437_relu_best.pth...20260225_020121
At epoch 542, test loss = 29.4717
...model saved to 15_exp/models/FloydWarshallDataset_tropical_0.0001_20000_20260225_015437_relu_best.pth...20260225_020122
At epoch 543, test loss = 29.4456
...model saved to 15_exp/models/FloydWarshallDataset_tropical_0.0001_20000_20260225_015437_relu_best.pth...20260225_020123
At epoch 544, test loss = 29.4125
...model saved to 15_exp/models/FloydWarshallDataset_tropical_0.0001_20000_20260225_015437_relu_best.pth...20260225_020123
At epoch 545, test loss = 29.3884
...model saved to 15_exp/models/FloydWarshallDataset_tropical_0.0001_20000_20260225_015437_relu_best.pth...20260225_020124
At epoch 546, test loss = 29.3640
...model saved to 15_exp/models/FloydWarshallDataset_tropical_0.0001_20000_20260225_015437_relu_best.pth...20260225_020125
At epoch 547, test loss = 29.3026
...model saved to 15_exp/models/FloydWarshallDataset_tropical_0.0001_20000_20260225_015437_relu_best.pth...20260225_020125
At epoch 548, test loss = 29.2782
...model saved to 15_exp/models/FloydWarshallDataset_tropical_0.0001_20000_20260225_015437_relu_best.pth...20260225_020126
At epoch 549, test loss = 29.2212
...model saved to 15_exp/models/FloydWarshallDataset_tropical_0.0001_20000_20260225_015437_relu_best.pth...20260225_020127
At epoch 551, test loss = 29.1558
...model saved to 15_exp/models/FloydWarshallDataset_tropical_0.0001_20000_20260225_015437_relu_best.pth...20260225_020128
At epoch 552, test loss = 29.1124
...model saved to 15_exp/models/FloydWarshallDataset_tropical_0.0001_20000_20260225_015437_relu_best.pth...20260225_020129
At epoch 553, test loss = 29.0802
...model saved to 15_exp/models/FloydWarshallDataset_tropical_0.0001_20000_20260225_015437_relu_best.pth...20260225_020130
At epoch 554, test loss = 29.0386
...model saved to 15_exp/models/FloydWarshallDataset_tropical_0.0001_20000_20260225_015437_relu_best.pth...20260225_020130
At epoch 555, test loss = 29.0094
...model saved to 15_exp/models/FloydWarshallDataset_tropical_0.0001_20000_20260225_015437_relu_best.pth...20260225_020131
At epoch 556, test loss = 28.9411
...model saved to 15_exp/models/FloydWarshallDataset_tropical_0.0001_20000_20260225_015437_relu_best.pth...20260225_020132
At epoch 557, test loss = 28.9119
...model saved to 15_exp/models/FloydWarshallDataset_tropical_0.0001_20000_20260225_015437_relu_best.pth...20260225_020133
At epoch 558, test loss = 28.8941
...model saved to 15_exp/models/FloydWarshallDataset_tropical_0.0001_20000_20260225_015437_relu_best.pth...20260225_020133
At epoch 560, test loss = 28.8199
...model saved to 15_exp/models/FloydWarshallDataset_tropical_0.0001_20000_20260225_015437_relu_best.pth...20260225_020135
At epoch 561, test loss = 28.7801
...model saved to 15_exp/models/FloydWarshallDataset_tropical_0.0001_20000_20260225_015437_relu_best.pth...20260225_020135
At epoch 562, test loss = 28.7621
...model saved to 15_exp/models/FloydWarshallDataset_tropical_0.0001_20000_20260225_015437_relu_best.pth...20260225_020136
At epoch 563, test loss = 28.6988
...model saved to 15_exp/models/FloydWarshallDataset_tropical_0.0001_20000_20260225_015437_relu_best.pth...20260225_020137
At epoch 564, test loss = 28.6587
...model saved to 15_exp/models/FloydWarshallDataset_tropical_0.0001_20000_20260225_015437_relu_best.pth...20260225_020138
At epoch 565, test loss = 28.6279
...model saved to 15_exp/models/FloydWarshallDataset_tropical_0.0001_20000_20260225_015437_relu_best.pth...20260225_020138
At epoch 566, test loss = 28.6164
...model saved to 15_exp/models/FloydWarshallDataset_tropical_0.0001_20000_20260225_015437_relu_best.pth...20260225_020139
At epoch 567, test loss = 28.5329
...model saved to 15_exp/models/FloydWarshallDataset_tropical_0.0001_20000_20260225_015437_relu_best.pth...20260225_020140
At epoch 568, test loss = 28.5087
...model saved to 15_exp/models/FloydWarshallDataset_tropical_0.0001_20000_20260225_015437_relu_best.pth...20260225_020141
At epoch 569, test loss = 28.4778
...model saved to 15_exp/models/FloydWarshallDataset_tropical_0.0001_20000_20260225_015437_relu_best.pth...20260225_020141
At epoch 570, test loss = 28.4359
...model saved to 15_exp/models/FloydWarshallDataset_tropical_0.0001_20000_20260225_015437_relu_best.pth...20260225_020142
At epoch 572, test loss = 28.3537
...model saved to 15_exp/models/FloydWarshallDataset_tropical_0.0001_20000_20260225_015437_relu_best.pth...20260225_020143
At epoch 573, test loss = 28.3156
...model saved to 15_exp/models/FloydWarshallDataset_tropical_0.0001_20000_20260225_015437_relu_best.pth...20260225_020144
At epoch 574, test loss = 28.2706
...model saved to 15_exp/models/FloydWarshallDataset_tropical_0.0001_20000_20260225_015437_relu_best.pth...20260225_020145
At epoch 575, test loss = 28.2388
...model saved to 15_exp/models/FloydWarshallDataset_tropical_0.0001_20000_20260225_015437_relu_best.pth...20260225_020146
At epoch 576, test loss = 28.2162
...model saved to 15_exp/models/FloydWarshallDataset_tropical_0.0001_20000_20260225_015437_relu_best.pth...20260225_020146
At epoch 577, test loss = 28.1419
...model saved to 15_exp/models/FloydWarshallDataset_tropical_0.0001_20000_20260225_015437_relu_best.pth...20260225_020147
At epoch 578, test loss = 28.1176
...model saved to 15_exp/models/FloydWarshallDataset_tropical_0.0001_20000_20260225_015437_relu_best.pth...20260225_020148
At epoch 579, test loss = 28.0841
...model saved to 15_exp/models/FloydWarshallDataset_tropical_0.0001_20000_20260225_015437_relu_best.pth...20260225_020149
At epoch 580, test loss = 28.0378
...model saved to 15_exp/models/FloydWarshallDataset_tropical_0.0001_20000_20260225_015437_relu_best.pth...20260225_020149
At epoch 582, test loss = 27.9457
...model saved to 15_exp/models/FloydWarshallDataset_tropical_0.0001_20000_20260225_015437_relu_best.pth...20260225_020151
At epoch 584, test loss = 27.8841
...model saved to 15_exp/models/FloydWarshallDataset_tropical_0.0001_20000_20260225_015437_relu_best.pth...20260225_020152
At epoch 585, test loss = 27.8505
...model saved to 15_exp/models/FloydWarshallDataset_tropical_0.0001_20000_20260225_015437_relu_best.pth...20260225_020153
At epoch 586, test loss = 27.8008
...model saved to 15_exp/models/FloydWarshallDataset_tropical_0.0001_20000_20260225_015437_relu_best.pth...20260225_020154
At epoch 587, test loss = 27.7607
...model saved to 15_exp/models/FloydWarshallDataset_tropical_0.0001_20000_20260225_015437_relu_best.pth...20260225_020154
At epoch 588, test loss = 27.7388
...model saved to 15_exp/models/FloydWarshallDataset_tropical_0.0001_20000_20260225_015437_relu_best.pth...20260225_020155
At epoch 589, test loss = 27.7048
...model saved to 15_exp/models/FloydWarshallDataset_tropical_0.0001_20000_20260225_015437_relu_best.pth...20260225_020156
At epoch 590, test loss = 27.6357
...model saved to 15_exp/models/FloydWarshallDataset_tropical_0.0001_20000_20260225_015437_relu_best.pth...20260225_020156
At epoch 591, test loss = 27.6083
...model saved to 15_exp/models/FloydWarshallDataset_tropical_0.0001_20000_20260225_015437_relu_best.pth...20260225_020157
At epoch 592, test loss = 27.5723
...model saved to 15_exp/models/FloydWarshallDataset_tropical_0.0001_20000_20260225_015437_relu_best.pth...20260225_020158
At epoch 593, test loss = 27.5348
...model saved to 15_exp/models/FloydWarshallDataset_tropical_0.0001_20000_20260225_015437_relu_best.pth...20260225_020159
At epoch 594, test loss = 27.4726
...model saved to 15_exp/models/FloydWarshallDataset_tropical_0.0001_20000_20260225_015437_relu_best.pth...20260225_020159
At epoch 595, test loss = 27.4201
...model saved to 15_exp/models/FloydWarshallDataset_tropical_0.0001_20000_20260225_015437_relu_best.pth...20260225_020200
At epoch 596, test loss = 27.4113
...model saved to 15_exp/models/FloydWarshallDataset_tropical_0.0001_20000_20260225_015437_relu_best.pth...20260225_020201
At epoch 597, test loss = 27.3506
...model saved to 15_exp/models/FloydWarshallDataset_tropical_0.0001_20000_20260225_015437_relu_best.pth...20260225_020202
At epoch 598, test loss = 27.3189
...model saved to 15_exp/models/FloydWarshallDataset_tropical_0.0001_20000_20260225_015437_relu_best.pth...20260225_020202
At epoch 599, test loss = 27.2932
...model saved to 15_exp/models/FloydWarshallDataset_tropical_0.0001_20000_20260225_015437_relu_best.pth...20260225_020203
At epoch 600, test loss = 27.2148
...model saved to 15_exp/models/FloydWarshallDataset_tropical_0.0001_20000_20260225_015437_relu_best.pth...20260225_020204
At epoch 601, test loss = 27.1865
...model saved to 15_exp/models/FloydWarshallDataset_tropical_0.0001_20000_20260225_015437_relu_best.pth...20260225_020205
At epoch 602, test loss = 27.1665
...model saved to 15_exp/models/FloydWarshallDataset_tropical_0.0001_20000_20260225_015437_relu_best.pth...20260225_020205
At epoch 603, test loss = 27.1289
...model saved to 15_exp/models/FloydWarshallDataset_tropical_0.0001_20000_20260225_015437_relu_best.pth...20260225_020206
At epoch 604, test loss = 27.0820
...model saved to 15_exp/models/FloydWarshallDataset_tropical_0.0001_20000_20260225_015437_relu_best.pth...20260225_020207
At epoch 605, test loss = 27.0727
...model saved to 15_exp/models/FloydWarshallDataset_tropical_0.0001_20000_20260225_015437_relu_best.pth...20260225_020207
At epoch 606, test loss = 26.9897
...model saved to 15_exp/models/FloydWarshallDataset_tropical_0.0001_20000_20260225_015437_relu_best.pth...20260225_020208
At epoch 607, test loss = 26.9435
...model saved to 15_exp/models/FloydWarshallDataset_tropical_0.0001_20000_20260225_015437_relu_best.pth...20260225_020209
At epoch 608, test loss = 26.9183
...model saved to 15_exp/models/FloydWarshallDataset_tropical_0.0001_20000_20260225_015437_relu_best.pth...20260225_020210
At epoch 609, test loss = 26.8525
...model saved to 15_exp/models/FloydWarshallDataset_tropical_0.0001_20000_20260225_015437_relu_best.pth...20260225_020210
At epoch 610, test loss = 26.8156
...model saved to 15_exp/models/FloydWarshallDataset_tropical_0.0001_20000_20260225_015437_relu_best.pth...20260225_020211
At epoch 611, test loss = 26.8036
...model saved to 15_exp/models/FloydWarshallDataset_tropical_0.0001_20000_20260225_015437_relu_best.pth...20260225_020212
At epoch 612, test loss = 26.7614
...model saved to 15_exp/models/FloydWarshallDataset_tropical_0.0001_20000_20260225_015437_relu_best.pth...20260225_020212
At epoch 613, test loss = 26.7098
...model saved to 15_exp/models/FloydWarshallDataset_tropical_0.0001_20000_20260225_015437_relu_best.pth...20260225_020213
At epoch 614, test loss = 26.6650
...model saved to 15_exp/models/FloydWarshallDataset_tropical_0.0001_20000_20260225_015437_relu_best.pth...20260225_020214
At epoch 615, test loss = 26.6085
...model saved to 15_exp/models/FloydWarshallDataset_tropical_0.0001_20000_20260225_015437_relu_best.pth...20260225_020215
At epoch 616, test loss = 26.5731
...model saved to 15_exp/models/FloydWarshallDataset_tropical_0.0001_20000_20260225_015437_relu_best.pth...20260225_020215
At epoch 617, test loss = 26.5421
...model saved to 15_exp/models/FloydWarshallDataset_tropical_0.0001_20000_20260225_015437_relu_best.pth...20260225_020216
At epoch 618, test loss = 26.4722
...model saved to 15_exp/models/FloydWarshallDataset_tropical_0.0001_20000_20260225_015437_relu_best.pth...20260225_020217
At epoch 619, test loss = 26.4624
...model saved to 15_exp/models/FloydWarshallDataset_tropical_0.0001_20000_20260225_015437_relu_best.pth...20260225_020218
At epoch 620, test loss = 26.4160
...model saved to 15_exp/models/FloydWarshallDataset_tropical_0.0001_20000_20260225_015437_relu_best.pth...20260225_020218
At epoch 621, test loss = 26.3448
...model saved to 15_exp/models/FloydWarshallDataset_tropical_0.0001_20000_20260225_015437_relu_best.pth...20260225_020219
At epoch 622, test loss = 26.2901
...model saved to 15_exp/models/FloydWarshallDataset_tropical_0.0001_20000_20260225_015437_relu_best.pth...20260225_020220
At epoch 623, test loss = 26.2856
...model saved to 15_exp/models/FloydWarshallDataset_tropical_0.0001_20000_20260225_015437_relu_best.pth...20260225_020221
At epoch 624, test loss = 26.2588
...model saved to 15_exp/models/FloydWarshallDataset_tropical_0.0001_20000_20260225_015437_relu_best.pth...20260225_020221
At epoch 625, test loss = 26.1853
...model saved to 15_exp/models/FloydWarshallDataset_tropical_0.0001_20000_20260225_015437_relu_best.pth...20260225_020222
At epoch 626, test loss = 26.1462
...model saved to 15_exp/models/FloydWarshallDataset_tropical_0.0001_20000_20260225_015437_relu_best.pth...20260225_020223
At epoch 627, test loss = 26.0991
...model saved to 15_exp/models/FloydWarshallDataset_tropical_0.0001_20000_20260225_015437_relu_best.pth...20260225_020224
At epoch 628, test loss = 26.0344
...model saved to 15_exp/models/FloydWarshallDataset_tropical_0.0001_20000_20260225_015437_relu_best.pth...20260225_020224
At epoch 629, test loss = 25.9903
...model saved to 15_exp/models/FloydWarshallDataset_tropical_0.0001_20000_20260225_015437_relu_best.pth...20260225_020225
At epoch 630, test loss = 25.9569
...model saved to 15_exp/models/FloydWarshallDataset_tropical_0.0001_20000_20260225_015437_relu_best.pth...20260225_020226
At epoch 631, test loss = 25.8983
...model saved to 15_exp/models/FloydWarshallDataset_tropical_0.0001_20000_20260225_015437_relu_best.pth...20260225_020226
At epoch 632, test loss = 25.8725
...model saved to 15_exp/models/FloydWarshallDataset_tropical_0.0001_20000_20260225_015437_relu_best.pth...20260225_020227
At epoch 634, test loss = 25.7653
...model saved to 15_exp/models/FloydWarshallDataset_tropical_0.0001_20000_20260225_015437_relu_best.pth...20260225_020228
At epoch 635, test loss = 25.7566
...model saved to 15_exp/models/FloydWarshallDataset_tropical_0.0001_20000_20260225_015437_relu_best.pth...20260225_020229
At epoch 636, test loss = 25.6851
...model saved to 15_exp/models/FloydWarshallDataset_tropical_0.0001_20000_20260225_015437_relu_best.pth...20260225_020230
At epoch 637, test loss = 25.6803
...model saved to 15_exp/models/FloydWarshallDataset_tropical_0.0001_20000_20260225_015437_relu_best.pth...20260225_020230
At epoch 638, test loss = 25.6049
...model saved to 15_exp/models/FloydWarshallDataset_tropical_0.0001_20000_20260225_015437_relu_best.pth...20260225_020231
At epoch 639, test loss = 25.5421
...model saved to 15_exp/models/FloydWarshallDataset_tropical_0.0001_20000_20260225_015437_relu_best.pth...20260225_020232
At epoch 640, test loss = 25.5284
...model saved to 15_exp/models/FloydWarshallDataset_tropical_0.0001_20000_20260225_015437_relu_best.pth...20260225_020232
At epoch 641, test loss = 25.4996
...model saved to 15_exp/models/FloydWarshallDataset_tropical_0.0001_20000_20260225_015437_relu_best.pth...20260225_020233
At epoch 642, test loss = 25.4778
...model saved to 15_exp/models/FloydWarshallDataset_tropical_0.0001_20000_20260225_015437_relu_best.pth...20260225_020234
At epoch 643, test loss = 25.3844
...model saved to 15_exp/models/FloydWarshallDataset_tropical_0.0001_20000_20260225_015437_relu_best.pth...20260225_020234
At epoch 644, test loss = 25.3336
...model saved to 15_exp/models/FloydWarshallDataset_tropical_0.0001_20000_20260225_015437_relu_best.pth...20260225_020235
At epoch 645, test loss = 25.3309
...model saved to 15_exp/models/FloydWarshallDataset_tropical_0.0001_20000_20260225_015437_relu_best.pth...20260225_020236
At epoch 646, test loss = 25.2462
...model saved to 15_exp/models/FloydWarshallDataset_tropical_0.0001_20000_20260225_015437_relu_best.pth...20260225_020236
At epoch 647, test loss = 25.2094
...model saved to 15_exp/models/FloydWarshallDataset_tropical_0.0001_20000_20260225_015437_relu_best.pth...20260225_020237
At epoch 648, test loss = 25.1672
...model saved to 15_exp/models/FloydWarshallDataset_tropical_0.0001_20000_20260225_015437_relu_best.pth...20260225_020238
At epoch 649, test loss = 25.1329
...model saved to 15_exp/models/FloydWarshallDataset_tropical_0.0001_20000_20260225_015437_relu_best.pth...20260225_020239
At epoch 650, test loss = 25.0556
...model saved to 15_exp/models/FloydWarshallDataset_tropical_0.0001_20000_20260225_015437_relu_best.pth...20260225_020239
At epoch 651, test loss = 25.0221
...model saved to 15_exp/models/FloydWarshallDataset_tropical_0.0001_20000_20260225_015437_relu_best.pth...20260225_020240
At epoch 652, test loss = 24.9766
...model saved to 15_exp/models/FloydWarshallDataset_tropical_0.0001_20000_20260225_015437_relu_best.pth...20260225_020241
At epoch 653, test loss = 24.9214
...model saved to 15_exp/models/FloydWarshallDataset_tropical_0.0001_20000_20260225_015437_relu_best.pth...20260225_020241
At epoch 654, test loss = 24.8669
...model saved to 15_exp/models/FloydWarshallDataset_tropical_0.0001_20000_20260225_015437_relu_best.pth...20260225_020242
At epoch 655, test loss = 24.8351
...model saved to 15_exp/models/FloydWarshallDataset_tropical_0.0001_20000_20260225_015437_relu_best.pth...20260225_020243
At epoch 656, test loss = 24.7800
...model saved to 15_exp/models/FloydWarshallDataset_tropical_0.0001_20000_20260225_015437_relu_best.pth...20260225_020243
At epoch 657, test loss = 24.7441
...model saved to 15_exp/models/FloydWarshallDataset_tropical_0.0001_20000_20260225_015437_relu_best.pth...20260225_020244
At epoch 658, test loss = 24.6964
...model saved to 15_exp/models/FloydWarshallDataset_tropical_0.0001_20000_20260225_015437_relu_best.pth...20260225_020245
At epoch 659, test loss = 24.6681
...model saved to 15_exp/models/FloydWarshallDataset_tropical_0.0001_20000_20260225_015437_relu_best.pth...20260225_020245
At epoch 660, test loss = 24.6148
...model saved to 15_exp/models/FloydWarshallDataset_tropical_0.0001_20000_20260225_015437_relu_best.pth...20260225_020246
At epoch 661, test loss = 24.5816
...model saved to 15_exp/models/FloydWarshallDataset_tropical_0.0001_20000_20260225_015437_relu_best.pth...20260225_020247
At epoch 662, test loss = 24.5076
...model saved to 15_exp/models/FloydWarshallDataset_tropical_0.0001_20000_20260225_015437_relu_best.pth...20260225_020248
At epoch 663, test loss = 24.4560
...model saved to 15_exp/models/FloydWarshallDataset_tropical_0.0001_20000_20260225_015437_relu_best.pth...20260225_020248
At epoch 664, test loss = 24.4003
...model saved to 15_exp/models/FloydWarshallDataset_tropical_0.0001_20000_20260225_015437_relu_best.pth...20260225_020249
At epoch 665, test loss = 24.3687
...model saved to 15_exp/models/FloydWarshallDataset_tropical_0.0001_20000_20260225_015437_relu_best.pth...20260225_020250
At epoch 666, test loss = 24.3289
...model saved to 15_exp/models/FloydWarshallDataset_tropical_0.0001_20000_20260225_015437_relu_best.pth...20260225_020251
At epoch 667, test loss = 24.2816
...model saved to 15_exp/models/FloydWarshallDataset_tropical_0.0001_20000_20260225_015437_relu_best.pth...20260225_020251
At epoch 668, test loss = 24.2361
...model saved to 15_exp/models/FloydWarshallDataset_tropical_0.0001_20000_20260225_015437_relu_best.pth...20260225_020252
At epoch 669, test loss = 24.1764
...model saved to 15_exp/models/FloydWarshallDataset_tropical_0.0001_20000_20260225_015437_relu_best.pth...20260225_020253
At epoch 670, test loss = 24.1230
...model saved to 15_exp/models/FloydWarshallDataset_tropical_0.0001_20000_20260225_015437_relu_best.pth...20260225_020253
At epoch 671, test loss = 24.0799
...model saved to 15_exp/models/FloydWarshallDataset_tropical_0.0001_20000_20260225_015437_relu_best.pth...20260225_020254
At epoch 672, test loss = 24.0123
...model saved to 15_exp/models/FloydWarshallDataset_tropical_0.0001_20000_20260225_015437_relu_best.pth...20260225_020255
At epoch 673, test loss = 23.9659
...model saved to 15_exp/models/FloydWarshallDataset_tropical_0.0001_20000_20260225_015437_relu_best.pth...20260225_020256
At epoch 674, test loss = 23.9647
...model saved to 15_exp/models/FloydWarshallDataset_tropical_0.0001_20000_20260225_015437_relu_best.pth...20260225_020256
At epoch 675, test loss = 23.8722
...model saved to 15_exp/models/FloydWarshallDataset_tropical_0.0001_20000_20260225_015437_relu_best.pth...20260225_020257
At epoch 676, test loss = 23.8320
...model saved to 15_exp/models/FloydWarshallDataset_tropical_0.0001_20000_20260225_015437_relu_best.pth...20260225_020258
At epoch 678, test loss = 23.7419
...model saved to 15_exp/models/FloydWarshallDataset_tropical_0.0001_20000_20260225_015437_relu_best.pth...20260225_020259
At epoch 679, test loss = 23.7066
...model saved to 15_exp/models/FloydWarshallDataset_tropical_0.0001_20000_20260225_015437_relu_best.pth...20260225_020300
At epoch 680, test loss = 23.6544
...model saved to 15_exp/models/FloydWarshallDataset_tropical_0.0001_20000_20260225_015437_relu_best.pth...20260225_020301
At epoch 681, test loss = 23.6100
...model saved to 15_exp/models/FloydWarshallDataset_tropical_0.0001_20000_20260225_015437_relu_best.pth...20260225_020301
At epoch 682, test loss = 23.5445
...model saved to 15_exp/models/FloydWarshallDataset_tropical_0.0001_20000_20260225_015437_relu_best.pth...20260225_020302
At epoch 683, test loss = 23.5301
...model saved to 15_exp/models/FloydWarshallDataset_tropical_0.0001_20000_20260225_015437_relu_best.pth...20260225_020303
At epoch 684, test loss = 23.4410
...model saved to 15_exp/models/FloydWarshallDataset_tropical_0.0001_20000_20260225_015437_relu_best.pth...20260225_020304
At epoch 685, test loss = 23.4161
...model saved to 15_exp/models/FloydWarshallDataset_tropical_0.0001_20000_20260225_015437_relu_best.pth...20260225_020304
At epoch 686, test loss = 23.3360
...model saved to 15_exp/models/FloydWarshallDataset_tropical_0.0001_20000_20260225_015437_relu_best.pth...20260225_020305
At epoch 687, test loss = 23.3202
...model saved to 15_exp/models/FloydWarshallDataset_tropical_0.0001_20000_20260225_015437_relu_best.pth...20260225_020306
At epoch 688, test loss = 23.2688
...model saved to 15_exp/models/FloydWarshallDataset_tropical_0.0001_20000_20260225_015437_relu_best.pth...20260225_020306
At epoch 689, test loss = 23.2052
...model saved to 15_exp/models/FloydWarshallDataset_tropical_0.0001_20000_20260225_015437_relu_best.pth...20260225_020307
At epoch 690, test loss = 23.1740
...model saved to 15_exp/models/FloydWarshallDataset_tropical_0.0001_20000_20260225_015437_relu_best.pth...20260225_020308
At epoch 691, test loss = 23.1275
...model saved to 15_exp/models/FloydWarshallDataset_tropical_0.0001_20000_20260225_015437_relu_best.pth...20260225_020309
At epoch 692, test loss = 23.0777
...model saved to 15_exp/models/FloydWarshallDataset_tropical_0.0001_20000_20260225_015437_relu_best.pth...20260225_020309
At epoch 693, test loss = 22.9881
...model saved to 15_exp/models/FloydWarshallDataset_tropical_0.0001_20000_20260225_015437_relu_best.pth...20260225_020310
At epoch 694, test loss = 22.9795
...model saved to 15_exp/models/FloydWarshallDataset_tropical_0.0001_20000_20260225_015437_relu_best.pth...20260225_020311
At epoch 695, test loss = 22.9101
...model saved to 15_exp/models/FloydWarshallDataset_tropical_0.0001_20000_20260225_015437_relu_best.pth...20260225_020312
At epoch 696, test loss = 22.8715
...model saved to 15_exp/models/FloydWarshallDataset_tropical_0.0001_20000_20260225_015437_relu_best.pth...20260225_020312
At epoch 697, test loss = 22.7992
...model saved to 15_exp/models/FloydWarshallDataset_tropical_0.0001_20000_20260225_015437_relu_best.pth...20260225_020313
At epoch 698, test loss = 22.7642
...model saved to 15_exp/models/FloydWarshallDataset_tropical_0.0001_20000_20260225_015437_relu_best.pth...20260225_020314
At epoch 699, test loss = 22.7224
...model saved to 15_exp/models/FloydWarshallDataset_tropical_0.0001_20000_20260225_015437_relu_best.pth...20260225_020315
At epoch 700, test loss = 22.6758
...model saved to 15_exp/models/FloydWarshallDataset_tropical_0.0001_20000_20260225_015437_relu_best.pth...20260225_020315
At epoch 701, test loss = 22.6304
...model saved to 15_exp/models/FloydWarshallDataset_tropical_0.0001_20000_20260225_015437_relu_best.pth...20260225_020316
At epoch 702, test loss = 22.5813
...model saved to 15_exp/models/FloydWarshallDataset_tropical_0.0001_20000_20260225_015437_relu_best.pth...20260225_020317
At epoch 703, test loss = 22.5220
...model saved to 15_exp/models/FloydWarshallDataset_tropical_0.0001_20000_20260225_015437_relu_best.pth...20260225_020317
At epoch 704, test loss = 22.4787
...model saved to 15_exp/models/FloydWarshallDataset_tropical_0.0001_20000_20260225_015437_relu_best.pth...20260225_020318
At epoch 705, test loss = 22.4132
...model saved to 15_exp/models/FloydWarshallDataset_tropical_0.0001_20000_20260225_015437_relu_best.pth...20260225_020319
At epoch 706, test loss = 22.3678
...model saved to 15_exp/models/FloydWarshallDataset_tropical_0.0001_20000_20260225_015437_relu_best.pth...20260225_020320
At epoch 707, test loss = 22.3265
...model saved to 15_exp/models/FloydWarshallDataset_tropical_0.0001_20000_20260225_015437_relu_best.pth...20260225_020320
At epoch 708, test loss = 22.2719
...model saved to 15_exp/models/FloydWarshallDataset_tropical_0.0001_20000_20260225_015437_relu_best.pth...20260225_020321
At epoch 709, test loss = 22.2257
...model saved to 15_exp/models/FloydWarshallDataset_tropical_0.0001_20000_20260225_015437_relu_best.pth...20260225_020322
At epoch 710, test loss = 22.1900
...model saved to 15_exp/models/FloydWarshallDataset_tropical_0.0001_20000_20260225_015437_relu_best.pth...20260225_020323
At epoch 711, test loss = 22.1323
...model saved to 15_exp/models/FloydWarshallDataset_tropical_0.0001_20000_20260225_015437_relu_best.pth...20260225_020323
At epoch 712, test loss = 22.0883
...model saved to 15_exp/models/FloydWarshallDataset_tropical_0.0001_20000_20260225_015437_relu_best.pth...20260225_020324
At epoch 713, test loss = 22.0374
...model saved to 15_exp/models/FloydWarshallDataset_tropical_0.0001_20000_20260225_015437_relu_best.pth...20260225_020325
At epoch 714, test loss = 21.9850
...model saved to 15_exp/models/FloydWarshallDataset_tropical_0.0001_20000_20260225_015437_relu_best.pth...20260225_020325
At epoch 715, test loss = 21.9195
...model saved to 15_exp/models/FloydWarshallDataset_tropical_0.0001_20000_20260225_015437_relu_best.pth...20260225_020326
At epoch 716, test loss = 21.8805
...model saved to 15_exp/models/FloydWarshallDataset_tropical_0.0001_20000_20260225_015437_relu_best.pth...20260225_020327
At epoch 717, test loss = 21.8192
...model saved to 15_exp/models/FloydWarshallDataset_tropical_0.0001_20000_20260225_015437_relu_best.pth...20260225_020327
At epoch 718, test loss = 21.7898
...model saved to 15_exp/models/FloydWarshallDataset_tropical_0.0001_20000_20260225_015437_relu_best.pth...20260225_020328
At epoch 719, test loss = 21.7005
...model saved to 15_exp/models/FloydWarshallDataset_tropical_0.0001_20000_20260225_015437_relu_best.pth...20260225_020329
At epoch 720, test loss = 21.6824
...model saved to 15_exp/models/FloydWarshallDataset_tropical_0.0001_20000_20260225_015437_relu_best.pth...20260225_020329
At epoch 721, test loss = 21.6269
...model saved to 15_exp/models/FloydWarshallDataset_tropical_0.0001_20000_20260225_015437_relu_best.pth...20260225_020330
At epoch 722, test loss = 21.5763
...model saved to 15_exp/models/FloydWarshallDataset_tropical_0.0001_20000_20260225_015437_relu_best.pth...20260225_020331
At epoch 723, test loss = 21.5698
...model saved to 15_exp/models/FloydWarshallDataset_tropical_0.0001_20000_20260225_015437_relu_best.pth...20260225_020331
At epoch 724, test loss = 21.4610
...model saved to 15_exp/models/FloydWarshallDataset_tropical_0.0001_20000_20260225_015437_relu_best.pth...20260225_020332
At epoch 725, test loss = 21.3949
...model saved to 15_exp/models/FloydWarshallDataset_tropical_0.0001_20000_20260225_015437_relu_best.pth...20260225_020333
At epoch 726, test loss = 21.3494
...model saved to 15_exp/models/FloydWarshallDataset_tropical_0.0001_20000_20260225_015437_relu_best.pth...20260225_020334
At epoch 727, test loss = 21.3156
...model saved to 15_exp/models/FloydWarshallDataset_tropical_0.0001_20000_20260225_015437_relu_best.pth...20260225_020334
At epoch 728, test loss = 21.2664
...model saved to 15_exp/models/FloydWarshallDataset_tropical_0.0001_20000_20260225_015437_relu_best.pth...20260225_020335
At epoch 729, test loss = 21.2060
...model saved to 15_exp/models/FloydWarshallDataset_tropical_0.0001_20000_20260225_015437_relu_best.pth...20260225_020336
At epoch 730, test loss = 21.1502
...model saved to 15_exp/models/FloydWarshallDataset_tropical_0.0001_20000_20260225_015437_relu_best.pth...20260225_020336
At epoch 731, test loss = 21.0990
...model saved to 15_exp/models/FloydWarshallDataset_tropical_0.0001_20000_20260225_015437_relu_best.pth...20260225_020337
At epoch 732, test loss = 21.0440
...model saved to 15_exp/models/FloydWarshallDataset_tropical_0.0001_20000_20260225_015437_relu_best.pth...20260225_020338
At epoch 733, test loss = 20.9637
...model saved to 15_exp/models/FloydWarshallDataset_tropical_0.0001_20000_20260225_015437_relu_best.pth...20260225_020338
At epoch 734, test loss = 20.9287
...model saved to 15_exp/models/FloydWarshallDataset_tropical_0.0001_20000_20260225_015437_relu_best.pth...20260225_020339
At epoch 735, test loss = 20.8944
...model saved to 15_exp/models/FloydWarshallDataset_tropical_0.0001_20000_20260225_015437_relu_best.pth...20260225_020340
At epoch 736, test loss = 20.8292
...model saved to 15_exp/models/FloydWarshallDataset_tropical_0.0001_20000_20260225_015437_relu_best.pth...20260225_020340
At epoch 737, test loss = 20.7867
...model saved to 15_exp/models/FloydWarshallDataset_tropical_0.0001_20000_20260225_015437_relu_best.pth...20260225_020341
At epoch 738, test loss = 20.7281
...model saved to 15_exp/models/FloydWarshallDataset_tropical_0.0001_20000_20260225_015437_relu_best.pth...20260225_020342
At epoch 739, test loss = 20.6900
...model saved to 15_exp/models/FloydWarshallDataset_tropical_0.0001_20000_20260225_015437_relu_best.pth...20260225_020342
At epoch 740, test loss = 20.6289
...model saved to 15_exp/models/FloydWarshallDataset_tropical_0.0001_20000_20260225_015437_relu_best.pth...20260225_020343
At epoch 741, test loss = 20.5969
...model saved to 15_exp/models/FloydWarshallDataset_tropical_0.0001_20000_20260225_015437_relu_best.pth...20260225_020344
At epoch 742, test loss = 20.5342
...model saved to 15_exp/models/FloydWarshallDataset_tropical_0.0001_20000_20260225_015437_relu_best.pth...20260225_020344
At epoch 743, test loss = 20.4523
...model saved to 15_exp/models/FloydWarshallDataset_tropical_0.0001_20000_20260225_015437_relu_best.pth...20260225_020345
At epoch 744, test loss = 20.4376
...model saved to 15_exp/models/FloydWarshallDataset_tropical_0.0001_20000_20260225_015437_relu_best.pth...20260225_020346
At epoch 745, test loss = 20.3646
...model saved to 15_exp/models/FloydWarshallDataset_tropical_0.0001_20000_20260225_015437_relu_best.pth...20260225_020346
At epoch 746, test loss = 20.3119
...model saved to 15_exp/models/FloydWarshallDataset_tropical_0.0001_20000_20260225_015437_relu_best.pth...20260225_020347
At epoch 747, test loss = 20.2499
...model saved to 15_exp/models/FloydWarshallDataset_tropical_0.0001_20000_20260225_015437_relu_best.pth...20260225_020348
At epoch 748, test loss = 20.2172
...model saved to 15_exp/models/FloydWarshallDataset_tropical_0.0001_20000_20260225_015437_relu_best.pth...20260225_020348
At epoch 749, test loss = 20.1602
...model saved to 15_exp/models/FloydWarshallDataset_tropical_0.0001_20000_20260225_015437_relu_best.pth...20260225_020349
At epoch 750, test loss = 20.0934
...model saved to 15_exp/models/FloydWarshallDataset_tropical_0.0001_20000_20260225_015437_relu_best.pth...20260225_020350
At epoch 751, test loss = 20.0494
...model saved to 15_exp/models/FloydWarshallDataset_tropical_0.0001_20000_20260225_015437_relu_best.pth...20260225_020350
At epoch 752, test loss = 19.9781
...model saved to 15_exp/models/FloydWarshallDataset_tropical_0.0001_20000_20260225_015437_relu_best.pth...20260225_020351
At epoch 753, test loss = 19.9180
...model saved to 15_exp/models/FloydWarshallDataset_tropical_0.0001_20000_20260225_015437_relu_best.pth...20260225_020352
At epoch 754, test loss = 19.8748
...model saved to 15_exp/models/FloydWarshallDataset_tropical_0.0001_20000_20260225_015437_relu_best.pth...20260225_020352
At epoch 755, test loss = 19.7975
...model saved to 15_exp/models/FloydWarshallDataset_tropical_0.0001_20000_20260225_015437_relu_best.pth...20260225_020353
At epoch 757, test loss = 19.7469
...model saved to 15_exp/models/FloydWarshallDataset_tropical_0.0001_20000_20260225_015437_relu_best.pth...20260225_020354
At epoch 758, test loss = 19.6926
...model saved to 15_exp/models/FloydWarshallDataset_tropical_0.0001_20000_20260225_015437_relu_best.pth...20260225_020355
At epoch 759, test loss = 19.5966
...model saved to 15_exp/models/FloydWarshallDataset_tropical_0.0001_20000_20260225_015437_relu_best.pth...20260225_020356
At epoch 760, test loss = 19.5324
...model saved to 15_exp/models/FloydWarshallDataset_tropical_0.0001_20000_20260225_015437_relu_best.pth...20260225_020356
At epoch 761, test loss = 19.4962
...model saved to 15_exp/models/FloydWarshallDataset_tropical_0.0001_20000_20260225_015437_relu_best.pth...20260225_020357
At epoch 762, test loss = 19.4390
...model saved to 15_exp/models/FloydWarshallDataset_tropical_0.0001_20000_20260225_015437_relu_best.pth...20260225_020358
At epoch 763, test loss = 19.3732
...model saved to 15_exp/models/FloydWarshallDataset_tropical_0.0001_20000_20260225_015437_relu_best.pth...20260225_020358
At epoch 764, test loss = 19.3449
...model saved to 15_exp/models/FloydWarshallDataset_tropical_0.0001_20000_20260225_015437_relu_best.pth...20260225_020359
At epoch 765, test loss = 19.3206
...model saved to 15_exp/models/FloydWarshallDataset_tropical_0.0001_20000_20260225_015437_relu_best.pth...20260225_020400
At epoch 766, test loss = 19.2178
...model saved to 15_exp/models/FloydWarshallDataset_tropical_0.0001_20000_20260225_015437_relu_best.pth...20260225_020401
At epoch 767, test loss = 19.1481
...model saved to 15_exp/models/FloydWarshallDataset_tropical_0.0001_20000_20260225_015437_relu_best.pth...20260225_020401
At epoch 768, test loss = 19.0984
...model saved to 15_exp/models/FloydWarshallDataset_tropical_0.0001_20000_20260225_015437_relu_best.pth...20260225_020402
At epoch 769, test loss = 19.0514
...model saved to 15_exp/models/FloydWarshallDataset_tropical_0.0001_20000_20260225_015437_relu_best.pth...20260225_020403
At epoch 770, test loss = 18.9978
...model saved to 15_exp/models/FloydWarshallDataset_tropical_0.0001_20000_20260225_015437_relu_best.pth...20260225_020403
At epoch 771, test loss = 18.9768
...model saved to 15_exp/models/FloydWarshallDataset_tropical_0.0001_20000_20260225_015437_relu_best.pth...20260225_020404
At epoch 772, test loss = 18.8649
...model saved to 15_exp/models/FloydWarshallDataset_tropical_0.0001_20000_20260225_015437_relu_best.pth...20260225_020405
At epoch 773, test loss = 18.8487
...model saved to 15_exp/models/FloydWarshallDataset_tropical_0.0001_20000_20260225_015437_relu_best.pth...20260225_020405
At epoch 774, test loss = 18.7753
...model saved to 15_exp/models/FloydWarshallDataset_tropical_0.0001_20000_20260225_015437_relu_best.pth...20260225_020406
At epoch 775, test loss = 18.7058
...model saved to 15_exp/models/FloydWarshallDataset_tropical_0.0001_20000_20260225_015437_relu_best.pth...20260225_020407
At epoch 776, test loss = 18.6730
...model saved to 15_exp/models/FloydWarshallDataset_tropical_0.0001_20000_20260225_015437_relu_best.pth...20260225_020407
At epoch 777, test loss = 18.5994
...model saved to 15_exp/models/FloydWarshallDataset_tropical_0.0001_20000_20260225_015437_relu_best.pth...20260225_020408
At epoch 778, test loss = 18.5393
...model saved to 15_exp/models/FloydWarshallDataset_tropical_0.0001_20000_20260225_015437_relu_best.pth...20260225_020409
At epoch 779, test loss = 18.5186
...model saved to 15_exp/models/FloydWarshallDataset_tropical_0.0001_20000_20260225_015437_relu_best.pth...20260225_020409
At epoch 780, test loss = 18.4329
...model saved to 15_exp/models/FloydWarshallDataset_tropical_0.0001_20000_20260225_015437_relu_best.pth...20260225_020410
At epoch 782, test loss = 18.3207
...model saved to 15_exp/models/FloydWarshallDataset_tropical_0.0001_20000_20260225_015437_relu_best.pth...20260225_020411
At epoch 783, test loss = 18.2769
...model saved to 15_exp/models/FloydWarshallDataset_tropical_0.0001_20000_20260225_015437_relu_best.pth...20260225_020412
At epoch 784, test loss = 18.2103
...model saved to 15_exp/models/FloydWarshallDataset_tropical_0.0001_20000_20260225_015437_relu_best.pth...20260225_020413
At epoch 785, test loss = 18.1759
...model saved to 15_exp/models/FloydWarshallDataset_tropical_0.0001_20000_20260225_015437_relu_best.pth...20260225_020413
At epoch 786, test loss = 18.1208
...model saved to 15_exp/models/FloydWarshallDataset_tropical_0.0001_20000_20260225_015437_relu_best.pth...20260225_020414
At epoch 787, test loss = 18.0585
...model saved to 15_exp/models/FloydWarshallDataset_tropical_0.0001_20000_20260225_015437_relu_best.pth...20260225_020415
At epoch 788, test loss = 18.0097
...model saved to 15_exp/models/FloydWarshallDataset_tropical_0.0001_20000_20260225_015437_relu_best.pth...20260225_020415
At epoch 789, test loss = 17.9492
...model saved to 15_exp/models/FloydWarshallDataset_tropical_0.0001_20000_20260225_015437_relu_best.pth...20260225_020416
At epoch 790, test loss = 17.8990
...model saved to 15_exp/models/FloydWarshallDataset_tropical_0.0001_20000_20260225_015437_relu_best.pth...20260225_020417
At epoch 791, test loss = 17.8386
...model saved to 15_exp/models/FloydWarshallDataset_tropical_0.0001_20000_20260225_015437_relu_best.pth...20260225_020417
At epoch 792, test loss = 17.7688
...model saved to 15_exp/models/FloydWarshallDataset_tropical_0.0001_20000_20260225_015437_relu_best.pth...20260225_020418
At epoch 793, test loss = 17.7292
...model saved to 15_exp/models/FloydWarshallDataset_tropical_0.0001_20000_20260225_015437_relu_best.pth...20260225_020419
At epoch 794, test loss = 17.6883
...model saved to 15_exp/models/FloydWarshallDataset_tropical_0.0001_20000_20260225_015437_relu_best.pth...20260225_020420
At epoch 795, test loss = 17.6059
...model saved to 15_exp/models/FloydWarshallDataset_tropical_0.0001_20000_20260225_015437_relu_best.pth...20260225_020420
At epoch 796, test loss = 17.5897
...model saved to 15_exp/models/FloydWarshallDataset_tropical_0.0001_20000_20260225_015437_relu_best.pth...20260225_020421
At epoch 797, test loss = 17.5373
...model saved to 15_exp/models/FloydWarshallDataset_tropical_0.0001_20000_20260225_015437_relu_best.pth...20260225_020422
At epoch 798, test loss = 17.4558
...model saved to 15_exp/models/FloydWarshallDataset_tropical_0.0001_20000_20260225_015437_relu_best.pth...20260225_020422
At epoch 799, test loss = 17.4247
...model saved to 15_exp/models/FloydWarshallDataset_tropical_0.0001_20000_20260225_015437_relu_best.pth...20260225_020423
At epoch 800, test loss = 17.3515
...model saved to 15_exp/models/FloydWarshallDataset_tropical_0.0001_20000_20260225_015437_relu_best.pth...20260225_020424
At epoch 801, test loss = 17.3130
...model saved to 15_exp/models/FloydWarshallDataset_tropical_0.0001_20000_20260225_015437_relu_best.pth...20260225_020424
At epoch 802, test loss = 17.2392
...model saved to 15_exp/models/FloydWarshallDataset_tropical_0.0001_20000_20260225_015437_relu_best.pth...20260225_020425
At epoch 803, test loss = 17.2210
...model saved to 15_exp/models/FloydWarshallDataset_tropical_0.0001_20000_20260225_015437_relu_best.pth...20260225_020426
At epoch 804, test loss = 17.1692
...model saved to 15_exp/models/FloydWarshallDataset_tropical_0.0001_20000_20260225_015437_relu_best.pth...20260225_020426
At epoch 805, test loss = 17.1267
...model saved to 15_exp/models/FloydWarshallDataset_tropical_0.0001_20000_20260225_015437_relu_best.pth...20260225_020427
At epoch 806, test loss = 17.0603
...model saved to 15_exp/models/FloydWarshallDataset_tropical_0.0001_20000_20260225_015437_relu_best.pth...20260225_020428
At epoch 807, test loss = 17.0328
...model saved to 15_exp/models/FloydWarshallDataset_tropical_0.0001_20000_20260225_015437_relu_best.pth...20260225_020428
At epoch 808, test loss = 16.9471
...model saved to 15_exp/models/FloydWarshallDataset_tropical_0.0001_20000_20260225_015437_relu_best.pth...20260225_020429
At epoch 809, test loss = 16.8949
...model saved to 15_exp/models/FloydWarshallDataset_tropical_0.0001_20000_20260225_015437_relu_best.pth...20260225_020430
At epoch 810, test loss = 16.8655
...model saved to 15_exp/models/FloydWarshallDataset_tropical_0.0001_20000_20260225_015437_relu_best.pth...20260225_020430
At epoch 811, test loss = 16.8362
...model saved to 15_exp/models/FloydWarshallDataset_tropical_0.0001_20000_20260225_015437_relu_best.pth...20260225_020431
At epoch 812, test loss = 16.7373
...model saved to 15_exp/models/FloydWarshallDataset_tropical_0.0001_20000_20260225_015437_relu_best.pth...20260225_020432
At epoch 813, test loss = 16.6979
...model saved to 15_exp/models/FloydWarshallDataset_tropical_0.0001_20000_20260225_015437_relu_best.pth...20260225_020432
At epoch 814, test loss = 16.6690
...model saved to 15_exp/models/FloydWarshallDataset_tropical_0.0001_20000_20260225_015437_relu_best.pth...20260225_020433
At epoch 815, test loss = 16.5919
...model saved to 15_exp/models/FloydWarshallDataset_tropical_0.0001_20000_20260225_015437_relu_best.pth...20260225_020434
At epoch 816, test loss = 16.5539
...model saved to 15_exp/models/FloydWarshallDataset_tropical_0.0001_20000_20260225_015437_relu_best.pth...20260225_020434
At epoch 817, test loss = 16.4998
...model saved to 15_exp/models/FloydWarshallDataset_tropical_0.0001_20000_20260225_015437_relu_best.pth...20260225_020435
At epoch 818, test loss = 16.4751
...model saved to 15_exp/models/FloydWarshallDataset_tropical_0.0001_20000_20260225_015437_relu_best.pth...20260225_020436
At epoch 819, test loss = 16.4117
...model saved to 15_exp/models/FloydWarshallDataset_tropical_0.0001_20000_20260225_015437_relu_best.pth...20260225_020436
At epoch 820, test loss = 16.3607
...model saved to 15_exp/models/FloydWarshallDataset_tropical_0.0001_20000_20260225_015437_relu_best.pth...20260225_020437
At epoch 821, test loss = 16.3187
...model saved to 15_exp/models/FloydWarshallDataset_tropical_0.0001_20000_20260225_015437_relu_best.pth...20260225_020438
At epoch 822, test loss = 16.2524
...model saved to 15_exp/models/FloydWarshallDataset_tropical_0.0001_20000_20260225_015437_relu_best.pth...20260225_020438
At epoch 823, test loss = 16.2028
...model saved to 15_exp/models/FloydWarshallDataset_tropical_0.0001_20000_20260225_015437_relu_best.pth...20260225_020439
At epoch 824, test loss = 16.1699
...model saved to 15_exp/models/FloydWarshallDataset_tropical_0.0001_20000_20260225_015437_relu_best.pth...20260225_020440
At epoch 825, test loss = 16.1279
...model saved to 15_exp/models/FloydWarshallDataset_tropical_0.0001_20000_20260225_015437_relu_best.pth...20260225_020441
At epoch 826, test loss = 16.0549
...model saved to 15_exp/models/FloydWarshallDataset_tropical_0.0001_20000_20260225_015437_relu_best.pth...20260225_020441
At epoch 827, test loss = 16.0128
...model saved to 15_exp/models/FloydWarshallDataset_tropical_0.0001_20000_20260225_015437_relu_best.pth...20260225_020442
At epoch 828, test loss = 15.9524
...model saved to 15_exp/models/FloydWarshallDataset_tropical_0.0001_20000_20260225_015437_relu_best.pth...20260225_020443
At epoch 829, test loss = 15.9110
...model saved to 15_exp/models/FloydWarshallDataset_tropical_0.0001_20000_20260225_015437_relu_best.pth...20260225_020443
At epoch 830, test loss = 15.8706
...model saved to 15_exp/models/FloydWarshallDataset_tropical_0.0001_20000_20260225_015437_relu_best.pth...20260225_020444
At epoch 831, test loss = 15.8105
...model saved to 15_exp/models/FloydWarshallDataset_tropical_0.0001_20000_20260225_015437_relu_best.pth...20260225_020445
At epoch 832, test loss = 15.7510
...model saved to 15_exp/models/FloydWarshallDataset_tropical_0.0001_20000_20260225_015437_relu_best.pth...20260225_020445
At epoch 833, test loss = 15.7153
...model saved to 15_exp/models/FloydWarshallDataset_tropical_0.0001_20000_20260225_015437_relu_best.pth...20260225_020446
At epoch 834, test loss = 15.6853
...model saved to 15_exp/models/FloydWarshallDataset_tropical_0.0001_20000_20260225_015437_relu_best.pth...20260225_020447
At epoch 835, test loss = 15.6308
...model saved to 15_exp/models/FloydWarshallDataset_tropical_0.0001_20000_20260225_015437_relu_best.pth...20260225_020447
At epoch 836, test loss = 15.6044
...model saved to 15_exp/models/FloydWarshallDataset_tropical_0.0001_20000_20260225_015437_relu_best.pth...20260225_020448
At epoch 837, test loss = 15.5088
...model saved to 15_exp/models/FloydWarshallDataset_tropical_0.0001_20000_20260225_015437_relu_best.pth...20260225_020449
At epoch 838, test loss = 15.4814
...model saved to 15_exp/models/FloydWarshallDataset_tropical_0.0001_20000_20260225_015437_relu_best.pth...20260225_020449
At epoch 839, test loss = 15.4425
...model saved to 15_exp/models/FloydWarshallDataset_tropical_0.0001_20000_20260225_015437_relu_best.pth...20260225_020450
At epoch 840, test loss = 15.3644
...model saved to 15_exp/models/FloydWarshallDataset_tropical_0.0001_20000_20260225_015437_relu_best.pth...20260225_020451
At epoch 841, test loss = 15.3415
...model saved to 15_exp/models/FloydWarshallDataset_tropical_0.0001_20000_20260225_015437_relu_best.pth...20260225_020451
At epoch 842, test loss = 15.2898
...model saved to 15_exp/models/FloydWarshallDataset_tropical_0.0001_20000_20260225_015437_relu_best.pth...20260225_020452
At epoch 843, test loss = 15.2490
...model saved to 15_exp/models/FloydWarshallDataset_tropical_0.0001_20000_20260225_015437_relu_best.pth...20260225_020453
At epoch 844, test loss = 15.2209
...model saved to 15_exp/models/FloydWarshallDataset_tropical_0.0001_20000_20260225_015437_relu_best.pth...20260225_020453
At epoch 845, test loss = 15.1789
...model saved to 15_exp/models/FloydWarshallDataset_tropical_0.0001_20000_20260225_015437_relu_best.pth...20260225_020454
At epoch 846, test loss = 15.1127
...model saved to 15_exp/models/FloydWarshallDataset_tropical_0.0001_20000_20260225_015437_relu_best.pth...20260225_020455
At epoch 847, test loss = 15.0771
...model saved to 15_exp/models/FloydWarshallDataset_tropical_0.0001_20000_20260225_015437_relu_best.pth...20260225_020455
At epoch 848, test loss = 15.0448
...model saved to 15_exp/models/FloydWarshallDataset_tropical_0.0001_20000_20260225_015437_relu_best.pth...20260225_020456
At epoch 849, test loss = 14.9969
...model saved to 15_exp/models/FloydWarshallDataset_tropical_0.0001_20000_20260225_015437_relu_best.pth...20260225_020457
At epoch 850, test loss = 14.9305
...model saved to 15_exp/models/FloydWarshallDataset_tropical_0.0001_20000_20260225_015437_relu_best.pth...20260225_020457
At epoch 851, test loss = 14.8836
...model saved to 15_exp/models/FloydWarshallDataset_tropical_0.0001_20000_20260225_015437_relu_best.pth...20260225_020458
At epoch 852, test loss = 14.8331
...model saved to 15_exp/models/FloydWarshallDataset_tropical_0.0001_20000_20260225_015437_relu_best.pth...20260225_020459
At epoch 853, test loss = 14.8187
...model saved to 15_exp/models/FloydWarshallDataset_tropical_0.0001_20000_20260225_015437_relu_best.pth...20260225_020500
At epoch 854, test loss = 14.7430
...model saved to 15_exp/models/FloydWarshallDataset_tropical_0.0001_20000_20260225_015437_relu_best.pth...20260225_020500
At epoch 855, test loss = 14.7270
...model saved to 15_exp/models/FloydWarshallDataset_tropical_0.0001_20000_20260225_015437_relu_best.pth...20260225_020501
At epoch 856, test loss = 14.7026
...model saved to 15_exp/models/FloydWarshallDataset_tropical_0.0001_20000_20260225_015437_relu_best.pth...20260225_020502
At epoch 857, test loss = 14.6540
...model saved to 15_exp/models/FloydWarshallDataset_tropical_0.0001_20000_20260225_015437_relu_best.pth...20260225_020502
At epoch 858, test loss = 14.5845
...model saved to 15_exp/models/FloydWarshallDataset_tropical_0.0001_20000_20260225_015437_relu_best.pth...20260225_020503
At epoch 859, test loss = 14.5197
...model saved to 15_exp/models/FloydWarshallDataset_tropical_0.0001_20000_20260225_015437_relu_best.pth...20260225_020504
At epoch 860, test loss = 14.4849
...model saved to 15_exp/models/FloydWarshallDataset_tropical_0.0001_20000_20260225_015437_relu_best.pth...20260225_020504
At epoch 861, test loss = 14.4501
...model saved to 15_exp/models/FloydWarshallDataset_tropical_0.0001_20000_20260225_015437_relu_best.pth...20260225_020505
At epoch 862, test loss = 14.4029
...model saved to 15_exp/models/FloydWarshallDataset_tropical_0.0001_20000_20260225_015437_relu_best.pth...20260225_020506
At epoch 863, test loss = 14.3677
...model saved to 15_exp/models/FloydWarshallDataset_tropical_0.0001_20000_20260225_015437_relu_best.pth...20260225_020506
At epoch 864, test loss = 14.3387
...model saved to 15_exp/models/FloydWarshallDataset_tropical_0.0001_20000_20260225_015437_relu_best.pth...20260225_020507
At epoch 865, test loss = 14.2916
...model saved to 15_exp/models/FloydWarshallDataset_tropical_0.0001_20000_20260225_015437_relu_best.pth...20260225_020508
At epoch 866, test loss = 14.2518
...model saved to 15_exp/models/FloydWarshallDataset_tropical_0.0001_20000_20260225_015437_relu_best.pth...20260225_020508
At epoch 867, test loss = 14.2165
...model saved to 15_exp/models/FloydWarshallDataset_tropical_0.0001_20000_20260225_015437_relu_best.pth...20260225_020509
At epoch 868, test loss = 14.1538
...model saved to 15_exp/models/FloydWarshallDataset_tropical_0.0001_20000_20260225_015437_relu_best.pth...20260225_020510
At epoch 869, test loss = 14.1086
...model saved to 15_exp/models/FloydWarshallDataset_tropical_0.0001_20000_20260225_015437_relu_best.pth...20260225_020510
At epoch 870, test loss = 14.0929
...model saved to 15_exp/models/FloydWarshallDataset_tropical_0.0001_20000_20260225_015437_relu_best.pth...20260225_020511
At epoch 871, test loss = 14.0195
...model saved to 15_exp/models/FloydWarshallDataset_tropical_0.0001_20000_20260225_015437_relu_best.pth...20260225_020512
At epoch 872, test loss = 13.9726
...model saved to 15_exp/models/FloydWarshallDataset_tropical_0.0001_20000_20260225_015437_relu_best.pth...20260225_020512
At epoch 873, test loss = 13.9196
...model saved to 15_exp/models/FloydWarshallDataset_tropical_0.0001_20000_20260225_015437_relu_best.pth...20260225_020513
At epoch 874, test loss = 13.9077
...model saved to 15_exp/models/FloydWarshallDataset_tropical_0.0001_20000_20260225_015437_relu_best.pth...20260225_020514
At epoch 875, test loss = 13.8797
...model saved to 15_exp/models/FloydWarshallDataset_tropical_0.0001_20000_20260225_015437_relu_best.pth...20260225_020514
At epoch 876, test loss = 13.8120
...model saved to 15_exp/models/FloydWarshallDataset_tropical_0.0001_20000_20260225_015437_relu_best.pth...20260225_020515
At epoch 877, test loss = 13.7577
...model saved to 15_exp/models/FloydWarshallDataset_tropical_0.0001_20000_20260225_015437_relu_best.pth...20260225_020516
At epoch 878, test loss = 13.7297
...model saved to 15_exp/models/FloydWarshallDataset_tropical_0.0001_20000_20260225_015437_relu_best.pth...20260225_020516
At epoch 879, test loss = 13.7229
...model saved to 15_exp/models/FloydWarshallDataset_tropical_0.0001_20000_20260225_015437_relu_best.pth...20260225_020517
At epoch 880, test loss = 13.6843
...model saved to 15_exp/models/FloydWarshallDataset_tropical_0.0001_20000_20260225_015437_relu_best.pth...20260225_020518
At epoch 881, test loss = 13.6484
...model saved to 15_exp/models/FloydWarshallDataset_tropical_0.0001_20000_20260225_015437_relu_best.pth...20260225_020518
At epoch 882, test loss = 13.5786
...model saved to 15_exp/models/FloydWarshallDataset_tropical_0.0001_20000_20260225_015437_relu_best.pth...20260225_020519
At epoch 883, test loss = 13.5739
...model saved to 15_exp/models/FloydWarshallDataset_tropical_0.0001_20000_20260225_015437_relu_best.pth...20260225_020520
At epoch 884, test loss = 13.5110
...model saved to 15_exp/models/FloydWarshallDataset_tropical_0.0001_20000_20260225_015437_relu_best.pth...20260225_020520
At epoch 885, test loss = 13.4567
...model saved to 15_exp/models/FloydWarshallDataset_tropical_0.0001_20000_20260225_015437_relu_best.pth...20260225_020521
At epoch 886, test loss = 13.4222
...model saved to 15_exp/models/FloydWarshallDataset_tropical_0.0001_20000_20260225_015437_relu_best.pth...20260225_020522
At epoch 887, test loss = 13.3937
...model saved to 15_exp/models/FloydWarshallDataset_tropical_0.0001_20000_20260225_015437_relu_best.pth...20260225_020522
At epoch 888, test loss = 13.3557
...model saved to 15_exp/models/FloydWarshallDataset_tropical_0.0001_20000_20260225_015437_relu_best.pth...20260225_020523
At epoch 889, test loss = 13.3066
...model saved to 15_exp/models/FloydWarshallDataset_tropical_0.0001_20000_20260225_015437_relu_best.pth...20260225_020524
At epoch 890, test loss = 13.2735
...model saved to 15_exp/models/FloydWarshallDataset_tropical_0.0001_20000_20260225_015437_relu_best.pth...20260225_020524
At epoch 891, test loss = 13.2321
...model saved to 15_exp/models/FloydWarshallDataset_tropical_0.0001_20000_20260225_015437_relu_best.pth...20260225_020525
At epoch 892, test loss = 13.1884
...model saved to 15_exp/models/FloydWarshallDataset_tropical_0.0001_20000_20260225_015437_relu_best.pth...20260225_020526
At epoch 893, test loss = 13.1449
...model saved to 15_exp/models/FloydWarshallDataset_tropical_0.0001_20000_20260225_015437_relu_best.pth...20260225_020526
At epoch 894, test loss = 13.1440
...model saved to 15_exp/models/FloydWarshallDataset_tropical_0.0001_20000_20260225_015437_relu_best.pth...20260225_020527
At epoch 895, test loss = 13.0995
...model saved to 15_exp/models/FloydWarshallDataset_tropical_0.0001_20000_20260225_015437_relu_best.pth...20260225_020528
At epoch 896, test loss = 13.0618
...model saved to 15_exp/models/FloydWarshallDataset_tropical_0.0001_20000_20260225_015437_relu_best.pth...20260225_020529
At epoch 897, test loss = 13.0571
...model saved to 15_exp/models/FloydWarshallDataset_tropical_0.0001_20000_20260225_015437_relu_best.pth...20260225_020529
At epoch 898, test loss = 12.9634
...model saved to 15_exp/models/FloydWarshallDataset_tropical_0.0001_20000_20260225_015437_relu_best.pth...20260225_020530
At epoch 899, test loss = 12.9427
...model saved to 15_exp/models/FloydWarshallDataset_tropical_0.0001_20000_20260225_015437_relu_best.pth...20260225_020531
At epoch 900, test loss = 12.9013
...model saved to 15_exp/models/FloydWarshallDataset_tropical_0.0001_20000_20260225_015437_relu_best.pth...20260225_020531
At epoch 901, test loss = 12.8572
...model saved to 15_exp/models/FloydWarshallDataset_tropical_0.0001_20000_20260225_015437_relu_best.pth...20260225_020532
At epoch 902, test loss = 12.8344
...model saved to 15_exp/models/FloydWarshallDataset_tropical_0.0001_20000_20260225_015437_relu_best.pth...20260225_020533
At epoch 903, test loss = 12.7690
...model saved to 15_exp/models/FloydWarshallDataset_tropical_0.0001_20000_20260225_015437_relu_best.pth...20260225_020533
At epoch 904, test loss = 12.7490
...model saved to 15_exp/models/FloydWarshallDataset_tropical_0.0001_20000_20260225_015437_relu_best.pth...20260225_020534
At epoch 905, test loss = 12.6924
...model saved to 15_exp/models/FloydWarshallDataset_tropical_0.0001_20000_20260225_015437_relu_best.pth...20260225_020535
At epoch 906, test loss = 12.6641
...model saved to 15_exp/models/FloydWarshallDataset_tropical_0.0001_20000_20260225_015437_relu_best.pth...20260225_020535
At epoch 907, test loss = 12.6201
...model saved to 15_exp/models/FloydWarshallDataset_tropical_0.0001_20000_20260225_015437_relu_best.pth...20260225_020536
At epoch 908, test loss = 12.5835
...model saved to 15_exp/models/FloydWarshallDataset_tropical_0.0001_20000_20260225_015437_relu_best.pth...20260225_020537
At epoch 909, test loss = 12.5524
...model saved to 15_exp/models/FloydWarshallDataset_tropical_0.0001_20000_20260225_015437_relu_best.pth...20260225_020538
At epoch 910, test loss = 12.5136
...model saved to 15_exp/models/FloydWarshallDataset_tropical_0.0001_20000_20260225_015437_relu_best.pth...20260225_020538
At epoch 911, test loss = 12.5082
...model saved to 15_exp/models/FloydWarshallDataset_tropical_0.0001_20000_20260225_015437_relu_best.pth...20260225_020539
At epoch 912, test loss = 12.4189
...model saved to 15_exp/models/FloydWarshallDataset_tropical_0.0001_20000_20260225_015437_relu_best.pth...20260225_020540
At epoch 913, test loss = 12.4001
...model saved to 15_exp/models/FloydWarshallDataset_tropical_0.0001_20000_20260225_015437_relu_best.pth...20260225_020540
At epoch 914, test loss = 12.3719
...model saved to 15_exp/models/FloydWarshallDataset_tropical_0.0001_20000_20260225_015437_relu_best.pth...20260225_020541
At epoch 915, test loss = 12.3536
...model saved to 15_exp/models/FloydWarshallDataset_tropical_0.0001_20000_20260225_015437_relu_best.pth...20260225_020542
At epoch 916, test loss = 12.3036
...model saved to 15_exp/models/FloydWarshallDataset_tropical_0.0001_20000_20260225_015437_relu_best.pth...20260225_020542
At epoch 917, test loss = 12.2466
...model saved to 15_exp/models/FloydWarshallDataset_tropical_0.0001_20000_20260225_015437_relu_best.pth...20260225_020543
At epoch 918, test loss = 12.1926
...model saved to 15_exp/models/FloydWarshallDataset_tropical_0.0001_20000_20260225_015437_relu_best.pth...20260225_020544
At epoch 920, test loss = 12.1432
...model saved to 15_exp/models/FloydWarshallDataset_tropical_0.0001_20000_20260225_015437_relu_best.pth...20260225_020545
At epoch 921, test loss = 12.1245
...model saved to 15_exp/models/FloydWarshallDataset_tropical_0.0001_20000_20260225_015437_relu_best.pth...20260225_020546
At epoch 922, test loss = 12.0794
...model saved to 15_exp/models/FloydWarshallDataset_tropical_0.0001_20000_20260225_015437_relu_best.pth...20260225_020546
At epoch 923, test loss = 12.0157
...model saved to 15_exp/models/FloydWarshallDataset_tropical_0.0001_20000_20260225_015437_relu_best.pth...20260225_020547
At epoch 924, test loss = 11.9881
...model saved to 15_exp/models/FloydWarshallDataset_tropical_0.0001_20000_20260225_015437_relu_best.pth...20260225_020548
At epoch 925, test loss = 11.9607
...model saved to 15_exp/models/FloydWarshallDataset_tropical_0.0001_20000_20260225_015437_relu_best.pth...20260225_020548
At epoch 927, test loss = 11.8750
...model saved to 15_exp/models/FloydWarshallDataset_tropical_0.0001_20000_20260225_015437_relu_best.pth...20260225_020550
At epoch 928, test loss = 11.8415
...model saved to 15_exp/models/FloydWarshallDataset_tropical_0.0001_20000_20260225_015437_relu_best.pth...20260225_020550
At epoch 929, test loss = 11.8084
...model saved to 15_exp/models/FloydWarshallDataset_tropical_0.0001_20000_20260225_015437_relu_best.pth...20260225_020551
At epoch 930, test loss = 11.7934
...model saved to 15_exp/models/FloydWarshallDataset_tropical_0.0001_20000_20260225_015437_relu_best.pth...20260225_020552
At epoch 931, test loss = 11.7334
...model saved to 15_exp/models/FloydWarshallDataset_tropical_0.0001_20000_20260225_015437_relu_best.pth...20260225_020552
At epoch 933, test loss = 11.6610
...model saved to 15_exp/models/FloydWarshallDataset_tropical_0.0001_20000_20260225_015437_relu_best.pth...20260225_020554
At epoch 934, test loss = 11.6577
...model saved to 15_exp/models/FloydWarshallDataset_tropical_0.0001_20000_20260225_015437_relu_best.pth...20260225_020555
At epoch 935, test loss = 11.6524
...model saved to 15_exp/models/FloydWarshallDataset_tropical_0.0001_20000_20260225_015437_relu_best.pth...20260225_020555
At epoch 936, test loss = 11.5749
...model saved to 15_exp/models/FloydWarshallDataset_tropical_0.0001_20000_20260225_015437_relu_best.pth...20260225_020556
At epoch 937, test loss = 11.5358
...model saved to 15_exp/models/FloydWarshallDataset_tropical_0.0001_20000_20260225_015437_relu_best.pth...20260225_020557
At epoch 938, test loss = 11.4938
...model saved to 15_exp/models/FloydWarshallDataset_tropical_0.0001_20000_20260225_015437_relu_best.pth...20260225_020558
At epoch 940, test loss = 11.4365
...model saved to 15_exp/models/FloydWarshallDataset_tropical_0.0001_20000_20260225_015437_relu_best.pth...20260225_020559
At epoch 941, test loss = 11.3963
...model saved to 15_exp/models/FloydWarshallDataset_tropical_0.0001_20000_20260225_015437_relu_best.pth...20260225_020600
At epoch 942, test loss = 11.3528
...model saved to 15_exp/models/FloydWarshallDataset_tropical_0.0001_20000_20260225_015437_relu_best.pth...20260225_020600
At epoch 943, test loss = 11.3366
...model saved to 15_exp/models/FloydWarshallDataset_tropical_0.0001_20000_20260225_015437_relu_best.pth...20260225_020601
At epoch 944, test loss = 11.3200
...model saved to 15_exp/models/FloydWarshallDataset_tropical_0.0001_20000_20260225_015437_relu_best.pth...20260225_020602
At epoch 945, test loss = 11.2547
...model saved to 15_exp/models/FloydWarshallDataset_tropical_0.0001_20000_20260225_015437_relu_best.pth...20260225_020602
At epoch 946, test loss = 11.2143
...model saved to 15_exp/models/FloydWarshallDataset_tropical_0.0001_20000_20260225_015437_relu_best.pth...20260225_020603
At epoch 947, test loss = 11.1707
...model saved to 15_exp/models/FloydWarshallDataset_tropical_0.0001_20000_20260225_015437_relu_best.pth...20260225_020604
At epoch 949, test loss = 11.0997
...model saved to 15_exp/models/FloydWarshallDataset_tropical_0.0001_20000_20260225_015437_relu_best.pth...20260225_020605
At epoch 950, test loss = 11.0847
...model saved to 15_exp/models/FloydWarshallDataset_tropical_0.0001_20000_20260225_015437_relu_best.pth...20260225_020606
At epoch 951, test loss = 11.0552
...model saved to 15_exp/models/FloydWarshallDataset_tropical_0.0001_20000_20260225_015437_relu_best.pth...20260225_020606
At epoch 952, test loss = 11.0357
...model saved to 15_exp/models/FloydWarshallDataset_tropical_0.0001_20000_20260225_015437_relu_best.pth...20260225_020607
At epoch 953, test loss = 10.9807
...model saved to 15_exp/models/FloydWarshallDataset_tropical_0.0001_20000_20260225_015437_relu_best.pth...20260225_020608
At epoch 954, test loss = 10.9757
...model saved to 15_exp/models/FloydWarshallDataset_tropical_0.0001_20000_20260225_015437_relu_best.pth...20260225_020608
At epoch 955, test loss = 10.9284
...model saved to 15_exp/models/FloydWarshallDataset_tropical_0.0001_20000_20260225_015437_relu_best.pth...20260225_020609
At epoch 956, test loss = 10.8998
...model saved to 15_exp/models/FloydWarshallDataset_tropical_0.0001_20000_20260225_015437_relu_best.pth...20260225_020610
At epoch 957, test loss = 10.8642
...model saved to 15_exp/models/FloydWarshallDataset_tropical_0.0001_20000_20260225_015437_relu_best.pth...20260225_020610
At epoch 958, test loss = 10.8563
...model saved to 15_exp/models/FloydWarshallDataset_tropical_0.0001_20000_20260225_015437_relu_best.pth...20260225_020611
At epoch 959, test loss = 10.8018
...model saved to 15_exp/models/FloydWarshallDataset_tropical_0.0001_20000_20260225_015437_relu_best.pth...20260225_020612
At epoch 961, test loss = 10.7242
...model saved to 15_exp/models/FloydWarshallDataset_tropical_0.0001_20000_20260225_015437_relu_best.pth...20260225_020613
At epoch 962, test loss = 10.7098
...model saved to 15_exp/models/FloydWarshallDataset_tropical_0.0001_20000_20260225_015437_relu_best.pth...20260225_020613
At epoch 963, test loss = 10.6494
...model saved to 15_exp/models/FloydWarshallDataset_tropical_0.0001_20000_20260225_015437_relu_best.pth...20260225_020614
At epoch 964, test loss = 10.5920
...model saved to 15_exp/models/FloydWarshallDataset_tropical_0.0001_20000_20260225_015437_relu_best.pth...20260225_020615
At epoch 966, test loss = 10.5915
...model saved to 15_exp/models/FloydWarshallDataset_tropical_0.0001_20000_20260225_015437_relu_best.pth...20260225_020616
At epoch 967, test loss = 10.5552
...model saved to 15_exp/models/FloydWarshallDataset_tropical_0.0001_20000_20260225_015437_relu_best.pth...20260225_020617
At epoch 968, test loss = 10.5295
...model saved to 15_exp/models/FloydWarshallDataset_tropical_0.0001_20000_20260225_015437_relu_best.pth...20260225_020618
At epoch 969, test loss = 10.4705
...model saved to 15_exp/models/FloydWarshallDataset_tropical_0.0001_20000_20260225_015437_relu_best.pth...20260225_020618
At epoch 970, test loss = 10.4592
...model saved to 15_exp/models/FloydWarshallDataset_tropical_0.0001_20000_20260225_015437_relu_best.pth...20260225_020619
At epoch 971, test loss = 10.4188
...model saved to 15_exp/models/FloydWarshallDataset_tropical_0.0001_20000_20260225_015437_relu_best.pth...20260225_020620
At epoch 973, test loss = 10.3776
...model saved to 15_exp/models/FloydWarshallDataset_tropical_0.0001_20000_20260225_015437_relu_best.pth...20260225_020621
At epoch 974, test loss = 10.3467
...model saved to 15_exp/models/FloydWarshallDataset_tropical_0.0001_20000_20260225_015437_relu_best.pth...20260225_020622
At epoch 975, test loss = 10.2928
...model saved to 15_exp/models/FloydWarshallDataset_tropical_0.0001_20000_20260225_015437_relu_best.pth...20260225_020622
At epoch 976, test loss = 10.2862
...model saved to 15_exp/models/FloydWarshallDataset_tropical_0.0001_20000_20260225_015437_relu_best.pth...20260225_020623
At epoch 977, test loss = 10.2499
...model saved to 15_exp/models/FloydWarshallDataset_tropical_0.0001_20000_20260225_015437_relu_best.pth...20260225_020624
At epoch 978, test loss = 10.2071
...model saved to 15_exp/models/FloydWarshallDataset_tropical_0.0001_20000_20260225_015437_relu_best.pth...20260225_020624
At epoch 980, test loss = 10.1740
...model saved to 15_exp/models/FloydWarshallDataset_tropical_0.0001_20000_20260225_015437_relu_best.pth...20260225_020626
At epoch 981, test loss = 10.1362
...model saved to 15_exp/models/FloydWarshallDataset_tropical_0.0001_20000_20260225_015437_relu_best.pth...20260225_020626
At epoch 982, test loss = 10.1188
...model saved to 15_exp/models/FloydWarshallDataset_tropical_0.0001_20000_20260225_015437_relu_best.pth...20260225_020627
At epoch 983, test loss = 10.0706
...model saved to 15_exp/models/FloydWarshallDataset_tropical_0.0001_20000_20260225_015437_relu_best.pth...20260225_020628
At epoch 984, test loss = 10.0640
...model saved to 15_exp/models/FloydWarshallDataset_tropical_0.0001_20000_20260225_015437_relu_best.pth...20260225_020628
At epoch 986, test loss = 9.9963
...model saved to 15_exp/models/FloydWarshallDataset_tropical_0.0001_20000_20260225_015437_relu_best.pth...20260225_020630
At epoch 987, test loss = 9.9907
...model saved to 15_exp/models/FloydWarshallDataset_tropical_0.0001_20000_20260225_015437_relu_best.pth...20260225_020630
At epoch 988, test loss = 9.9632
...model saved to 15_exp/models/FloydWarshallDataset_tropical_0.0001_20000_20260225_015437_relu_best.pth...20260225_020631
At epoch 989, test loss = 9.9328
...model saved to 15_exp/models/FloydWarshallDataset_tropical_0.0001_20000_20260225_015437_relu_best.pth...20260225_020632
At epoch 990, test loss = 9.8991
...model saved to 15_exp/models/FloydWarshallDataset_tropical_0.0001_20000_20260225_015437_relu_best.pth...20260225_020632
At epoch 991, test loss = 9.8661
...model saved to 15_exp/models/FloydWarshallDataset_tropical_0.0001_20000_20260225_015437_relu_best.pth...20260225_020633
At epoch 992, test loss = 9.8347
...model saved to 15_exp/models/FloydWarshallDataset_tropical_0.0001_20000_20260225_015437_relu_best.pth...20260225_020634
At epoch 993, test loss = 9.8302
...model saved to 15_exp/models/FloydWarshallDataset_tropical_0.0001_20000_20260225_015437_relu_best.pth...20260225_020634
At epoch 994, test loss = 9.8288
...model saved to 15_exp/models/FloydWarshallDataset_tropical_0.0001_20000_20260225_015437_relu_best.pth...20260225_020635
At epoch 995, test loss = 9.7686
...model saved to 15_exp/models/FloydWarshallDataset_tropical_0.0001_20000_20260225_015437_relu_best.pth...20260225_020636
At epoch 997, test loss = 9.7243
...model saved to 15_exp/models/FloydWarshallDataset_tropical_0.0001_20000_20260225_015437_relu_best.pth...20260225_020637
At epoch 998, test loss = 9.6959
...model saved to 15_exp/models/FloydWarshallDataset_tropical_0.0001_20000_20260225_015437_relu_best.pth...20260225_020638
At epoch 999, test loss = 9.6914
...model saved to 15_exp/models/FloydWarshallDataset_tropical_0.0001_20000_20260225_015437_relu_best.pth...20260225_020638
At epoch 1000, test loss = 9.6481
...model saved to 15_exp/models/FloydWarshallDataset_tropical_0.0001_20000_20260225_015437_relu_best.pth...20260225_020639
At epoch 1002, test loss = 9.6008
...model saved to 15_exp/models/FloydWarshallDataset_tropical_0.0001_20000_20260225_015437_relu_best.pth...20260225_020640
At epoch 1004, test loss = 9.5747
...model saved to 15_exp/models/FloydWarshallDataset_tropical_0.0001_20000_20260225_015437_relu_best.pth...20260225_020642
At epoch 1005, test loss = 9.5374
...model saved to 15_exp/models/FloydWarshallDataset_tropical_0.0001_20000_20260225_015437_relu_best.pth...20260225_020642
At epoch 1006, test loss = 9.5118
...model saved to 15_exp/models/FloydWarshallDataset_tropical_0.0001_20000_20260225_015437_relu_best.pth...20260225_020643
At epoch 1007, test loss = 9.4797
...model saved to 15_exp/models/FloydWarshallDataset_tropical_0.0001_20000_20260225_015437_relu_best.pth...20260225_020644
At epoch 1009, test loss = 9.4466
...model saved to 15_exp/models/FloydWarshallDataset_tropical_0.0001_20000_20260225_015437_relu_best.pth...20260225_020645
At epoch 1010, test loss = 9.3991
...model saved to 15_exp/models/FloydWarshallDataset_tropical_0.0001_20000_20260225_015437_relu_best.pth...20260225_020646
At epoch 1011, test loss = 9.3991
...model saved to 15_exp/models/FloydWarshallDataset_tropical_0.0001_20000_20260225_015437_relu_best.pth...20260225_020646
At epoch 1013, test loss = 9.3599
...model saved to 15_exp/models/FloydWarshallDataset_tropical_0.0001_20000_20260225_015437_relu_best.pth...20260225_020648
At epoch 1014, test loss = 9.3375
...model saved to 15_exp/models/FloydWarshallDataset_tropical_0.0001_20000_20260225_015437_relu_best.pth...20260225_020648
At epoch 1015, test loss = 9.3351
...model saved to 15_exp/models/FloydWarshallDataset_tropical_0.0001_20000_20260225_015437_relu_best.pth...20260225_020649
At epoch 1016, test loss = 9.2878
...model saved to 15_exp/models/FloydWarshallDataset_tropical_0.0001_20000_20260225_015437_relu_best.pth...20260225_020650
At epoch 1017, test loss = 9.2714
...model saved to 15_exp/models/FloydWarshallDataset_tropical_0.0001_20000_20260225_015437_relu_best.pth...20260225_020650
At epoch 1018, test loss = 9.2309
...model saved to 15_exp/models/FloydWarshallDataset_tropical_0.0001_20000_20260225_015437_relu_best.pth...20260225_020651
At epoch 1020, test loss = 9.1941
...model saved to 15_exp/models/FloydWarshallDataset_tropical_0.0001_20000_20260225_015437_relu_best.pth...20260225_020652
At epoch 1021, test loss = 9.1939
...model saved to 15_exp/models/FloydWarshallDataset_tropical_0.0001_20000_20260225_015437_relu_best.pth...20260225_020653
At epoch 1023, test loss = 9.1196
...model saved to 15_exp/models/FloydWarshallDataset_tropical_0.0001_20000_20260225_015437_relu_best.pth...20260225_020655
At epoch 1024, test loss = 9.1046
...model saved to 15_exp/models/FloydWarshallDataset_tropical_0.0001_20000_20260225_015437_relu_best.pth...20260225_020655
At epoch 1025, test loss = 9.0892
...model saved to 15_exp/models/FloydWarshallDataset_tropical_0.0001_20000_20260225_015437_relu_best.pth...20260225_020656
At epoch 1026, test loss = 9.0739
...model saved to 15_exp/models/FloydWarshallDataset_tropical_0.0001_20000_20260225_015437_relu_best.pth...20260225_020657
At epoch 1028, test loss = 9.0453
...model saved to 15_exp/models/FloydWarshallDataset_tropical_0.0001_20000_20260225_015437_relu_best.pth...20260225_020658
At epoch 1029, test loss = 8.9965
...model saved to 15_exp/models/FloydWarshallDataset_tropical_0.0001_20000_20260225_015437_relu_best.pth...20260225_020659
At epoch 1030, test loss = 8.9819
...model saved to 15_exp/models/FloydWarshallDataset_tropical_0.0001_20000_20260225_015437_relu_best.pth...20260225_020659
At epoch 1031, test loss = 8.9639
...model saved to 15_exp/models/FloydWarshallDataset_tropical_0.0001_20000_20260225_015437_relu_best.pth...20260225_020700
At epoch 1032, test loss = 8.9299
...model saved to 15_exp/models/FloydWarshallDataset_tropical_0.0001_20000_20260225_015437_relu_best.pth...20260225_020701
At epoch 1034, test loss = 8.9121
...model saved to 15_exp/models/FloydWarshallDataset_tropical_0.0001_20000_20260225_015437_relu_best.pth...20260225_020702
At epoch 1035, test loss = 8.8993
...model saved to 15_exp/models/FloydWarshallDataset_tropical_0.0001_20000_20260225_015437_relu_best.pth...20260225_020703
At epoch 1036, test loss = 8.8916
...model saved to 15_exp/models/FloydWarshallDataset_tropical_0.0001_20000_20260225_015437_relu_best.pth...20260225_020703
At epoch 1037, test loss = 8.8517
...model saved to 15_exp/models/FloydWarshallDataset_tropical_0.0001_20000_20260225_015437_relu_best.pth...20260225_020704
At epoch 1038, test loss = 8.8400
...model saved to 15_exp/models/FloydWarshallDataset_tropical_0.0001_20000_20260225_015437_relu_best.pth...20260225_020705
At epoch 1039, test loss = 8.8137
...model saved to 15_exp/models/FloydWarshallDataset_tropical_0.0001_20000_20260225_015437_relu_best.pth...20260225_020705
At epoch 1040, test loss = 8.7865
...model saved to 15_exp/models/FloydWarshallDataset_tropical_0.0001_20000_20260225_015437_relu_best.pth...20260225_020706
At epoch 1041, test loss = 8.7787
...model saved to 15_exp/models/FloydWarshallDataset_tropical_0.0001_20000_20260225_015437_relu_best.pth...20260225_020707
At epoch 1042, test loss = 8.7383
...model saved to 15_exp/models/FloydWarshallDataset_tropical_0.0001_20000_20260225_015437_relu_best.pth...20260225_020707
At epoch 1044, test loss = 8.7335
...model saved to 15_exp/models/FloydWarshallDataset_tropical_0.0001_20000_20260225_015437_relu_best.pth...20260225_020709
At epoch 1045, test loss = 8.6627
...model saved to 15_exp/models/FloydWarshallDataset_tropical_0.0001_20000_20260225_015437_relu_best.pth...20260225_020709
At epoch 1046, test loss = 8.6389
...model saved to 15_exp/models/FloydWarshallDataset_tropical_0.0001_20000_20260225_015437_relu_best.pth...20260225_020710
At epoch 1047, test loss = 8.6338
...model saved to 15_exp/models/FloydWarshallDataset_tropical_0.0001_20000_20260225_015437_relu_best.pth...20260225_020711
At epoch 1048, test loss = 8.6282
...model saved to 15_exp/models/FloydWarshallDataset_tropical_0.0001_20000_20260225_015437_relu_best.pth...20260225_020711
At epoch 1050, test loss = 8.5583
...model saved to 15_exp/models/FloydWarshallDataset_tropical_0.0001_20000_20260225_015437_relu_best.pth...20260225_020713
At epoch 1053, test loss = 8.5283
...model saved to 15_exp/models/FloydWarshallDataset_tropical_0.0001_20000_20260225_015437_relu_best.pth...20260225_020715
At epoch 1054, test loss = 8.4869
...model saved to 15_exp/models/FloydWarshallDataset_tropical_0.0001_20000_20260225_015437_relu_best.pth...20260225_020715
At epoch 1058, test loss = 8.4038
...model saved to 15_exp/models/FloydWarshallDataset_tropical_0.0001_20000_20260225_015437_relu_best.pth...20260225_020718
At epoch 1059, test loss = 8.3920
...model saved to 15_exp/models/FloydWarshallDataset_tropical_0.0001_20000_20260225_015437_relu_best.pth...20260225_020719
At epoch 1061, test loss = 8.3574
...model saved to 15_exp/models/FloydWarshallDataset_tropical_0.0001_20000_20260225_015437_relu_best.pth...20260225_020720
At epoch 1062, test loss = 8.3387
...model saved to 15_exp/models/FloydWarshallDataset_tropical_0.0001_20000_20260225_015437_relu_best.pth...20260225_020721
At epoch 1065, test loss = 8.2932
...model saved to 15_exp/models/FloydWarshallDataset_tropical_0.0001_20000_20260225_015437_relu_best.pth...20260225_020723
At epoch 1068, test loss = 8.2294
...model saved to 15_exp/models/FloydWarshallDataset_tropical_0.0001_20000_20260225_015437_relu_best.pth...20260225_020725
At epoch 1069, test loss = 8.2160
...model saved to 15_exp/models/FloydWarshallDataset_tropical_0.0001_20000_20260225_015437_relu_best.pth...20260225_020725
At epoch 1070, test loss = 8.1809
...model saved to 15_exp/models/FloydWarshallDataset_tropical_0.0001_20000_20260225_015437_relu_best.pth...20260225_020726
At epoch 1071, test loss = 8.1793
...model saved to 15_exp/models/FloydWarshallDataset_tropical_0.0001_20000_20260225_015437_relu_best.pth...20260225_020727
At epoch 1073, test loss = 8.1395
...model saved to 15_exp/models/FloydWarshallDataset_tropical_0.0001_20000_20260225_015437_relu_best.pth...20260225_020728
At epoch 1075, test loss = 8.1102
...model saved to 15_exp/models/FloydWarshallDataset_tropical_0.0001_20000_20260225_015437_relu_best.pth...20260225_020729
At epoch 1077, test loss = 8.0946
...model saved to 15_exp/models/FloydWarshallDataset_tropical_0.0001_20000_20260225_015437_relu_best.pth...20260225_020731
At epoch 1078, test loss = 8.0570
...model saved to 15_exp/models/FloydWarshallDataset_tropical_0.0001_20000_20260225_015437_relu_best.pth...20260225_020731
At epoch 1080, test loss = 8.0207
...model saved to 15_exp/models/FloydWarshallDataset_tropical_0.0001_20000_20260225_015437_relu_best.pth...20260225_020733
At epoch 1081, test loss = 8.0187
...model saved to 15_exp/models/FloydWarshallDataset_tropical_0.0001_20000_20260225_015437_relu_best.pth...20260225_020733
At epoch 1082, test loss = 7.9837
...model saved to 15_exp/models/FloydWarshallDataset_tropical_0.0001_20000_20260225_015437_relu_best.pth...20260225_020734
At epoch 1084, test loss = 7.9704
...model saved to 15_exp/models/FloydWarshallDataset_tropical_0.0001_20000_20260225_015437_relu_best.pth...20260225_020735
At epoch 1085, test loss = 7.9478
...model saved to 15_exp/models/FloydWarshallDataset_tropical_0.0001_20000_20260225_015437_relu_best.pth...20260225_020736
At epoch 1086, test loss = 7.9217
...model saved to 15_exp/models/FloydWarshallDataset_tropical_0.0001_20000_20260225_015437_relu_best.pth...20260225_020737
At epoch 1087, test loss = 7.8999
...model saved to 15_exp/models/FloydWarshallDataset_tropical_0.0001_20000_20260225_015437_relu_best.pth...20260225_020737
At epoch 1088, test loss = 7.8922
...model saved to 15_exp/models/FloydWarshallDataset_tropical_0.0001_20000_20260225_015437_relu_best.pth...20260225_020738
At epoch 1089, test loss = 7.8743
...model saved to 15_exp/models/FloydWarshallDataset_tropical_0.0001_20000_20260225_015437_relu_best.pth...20260225_020739
At epoch 1090, test loss = 7.8493
...model saved to 15_exp/models/FloydWarshallDataset_tropical_0.0001_20000_20260225_015437_relu_best.pth...20260225_020739
At epoch 1091, test loss = 7.8446
...model saved to 15_exp/models/FloydWarshallDataset_tropical_0.0001_20000_20260225_015437_relu_best.pth...20260225_020740
At epoch 1092, test loss = 7.8105
...model saved to 15_exp/models/FloydWarshallDataset_tropical_0.0001_20000_20260225_015437_relu_best.pth...20260225_020741
At epoch 1094, test loss = 7.7932
...model saved to 15_exp/models/FloydWarshallDataset_tropical_0.0001_20000_20260225_015437_relu_best.pth...20260225_020742
At epoch 1095, test loss = 7.7822
...model saved to 15_exp/models/FloydWarshallDataset_tropical_0.0001_20000_20260225_015437_relu_best.pth...20260225_020743
At epoch 1097, test loss = 7.7530
...model saved to 15_exp/models/FloydWarshallDataset_tropical_0.0001_20000_20260225_015437_relu_best.pth...20260225_020744
At epoch 1098, test loss = 7.7362
...model saved to 15_exp/models/FloydWarshallDataset_tropical_0.0001_20000_20260225_015437_relu_best.pth...20260225_020745
At epoch 1100, test loss = 7.7105
...model saved to 15_exp/models/FloydWarshallDataset_tropical_0.0001_20000_20260225_015437_relu_best.pth...20260225_020746
At epoch 1101, test loss = 7.6767
...model saved to 15_exp/models/FloydWarshallDataset_tropical_0.0001_20000_20260225_015437_relu_best.pth...20260225_020747
At epoch 1102, test loss = 7.6643
...model saved to 15_exp/models/FloydWarshallDataset_tropical_0.0001_20000_20260225_015437_relu_best.pth...20260225_020747
At epoch 1103, test loss = 7.6425
...model saved to 15_exp/models/FloydWarshallDataset_tropical_0.0001_20000_20260225_015437_relu_best.pth...20260225_020748
At epoch 1105, test loss = 7.6067
...model saved to 15_exp/models/FloydWarshallDataset_tropical_0.0001_20000_20260225_015437_relu_best.pth...20260225_020749
At epoch 1106, test loss = 7.5904
...model saved to 15_exp/models/FloydWarshallDataset_tropical_0.0001_20000_20260225_015437_relu_best.pth...20260225_020750
At epoch 1107, test loss = 7.5798
...model saved to 15_exp/models/FloydWarshallDataset_tropical_0.0001_20000_20260225_015437_relu_best.pth...20260225_020751
At epoch 1109, test loss = 7.5645
...model saved to 15_exp/models/FloydWarshallDataset_tropical_0.0001_20000_20260225_015437_relu_best.pth...20260225_020752
At epoch 1110, test loss = 7.5301
...model saved to 15_exp/models/FloydWarshallDataset_tropical_0.0001_20000_20260225_015437_relu_best.pth...20260225_020753
At epoch 1112, test loss = 7.4998
...model saved to 15_exp/models/FloydWarshallDataset_tropical_0.0001_20000_20260225_015437_relu_best.pth...20260225_020754
At epoch 1113, test loss = 7.4930
...model saved to 15_exp/models/FloydWarshallDataset_tropical_0.0001_20000_20260225_015437_relu_best.pth...20260225_020755
At epoch 1114, test loss = 7.4823
...model saved to 15_exp/models/FloydWarshallDataset_tropical_0.0001_20000_20260225_015437_relu_best.pth...20260225_020755
At epoch 1115, test loss = 7.4601
...model saved to 15_exp/models/FloydWarshallDataset_tropical_0.0001_20000_20260225_015437_relu_best.pth...20260225_020756
At epoch 1117, test loss = 7.4280
...model saved to 15_exp/models/FloydWarshallDataset_tropical_0.0001_20000_20260225_015437_relu_best.pth...20260225_020757
At epoch 1119, test loss = 7.4008
...model saved to 15_exp/models/FloydWarshallDataset_tropical_0.0001_20000_20260225_015437_relu_best.pth...20260225_020759
At epoch 1121, test loss = 7.3760
...model saved to 15_exp/models/FloydWarshallDataset_tropical_0.0001_20000_20260225_015437_relu_best.pth...20260225_020800
At epoch 1122, test loss = 7.3693
...model saved to 15_exp/models/FloydWarshallDataset_tropical_0.0001_20000_20260225_015437_relu_best.pth...20260225_020801
At epoch 1124, test loss = 7.3500
...model saved to 15_exp/models/FloydWarshallDataset_tropical_0.0001_20000_20260225_015437_relu_best.pth...20260225_020802
At epoch 1125, test loss = 7.3297
...model saved to 15_exp/models/FloydWarshallDataset_tropical_0.0001_20000_20260225_015437_relu_best.pth...20260225_020803
At epoch 1128, test loss = 7.2979
...model saved to 15_exp/models/FloydWarshallDataset_tropical_0.0001_20000_20260225_015437_relu_best.pth...20260225_020805
At epoch 1129, test loss = 7.2516
...model saved to 15_exp/models/FloydWarshallDataset_tropical_0.0001_20000_20260225_015437_relu_best.pth...20260225_020805
At epoch 1130, test loss = 7.2494
...model saved to 15_exp/models/FloydWarshallDataset_tropical_0.0001_20000_20260225_015437_relu_best.pth...20260225_020806
At epoch 1132, test loss = 7.2168
...model saved to 15_exp/models/FloydWarshallDataset_tropical_0.0001_20000_20260225_015437_relu_best.pth...20260225_020807
At epoch 1134, test loss = 7.1941
...model saved to 15_exp/models/FloydWarshallDataset_tropical_0.0001_20000_20260225_015437_relu_best.pth...20260225_020809
At epoch 1135, test loss = 7.1833
...model saved to 15_exp/models/FloydWarshallDataset_tropical_0.0001_20000_20260225_015437_relu_best.pth...20260225_020809
At epoch 1137, test loss = 7.1641
...model saved to 15_exp/models/FloydWarshallDataset_tropical_0.0001_20000_20260225_015437_relu_best.pth...20260225_020811
At epoch 1139, test loss = 7.1572
...model saved to 15_exp/models/FloydWarshallDataset_tropical_0.0001_20000_20260225_015437_relu_best.pth...20260225_020812
At epoch 1140, test loss = 7.1314
...model saved to 15_exp/models/FloydWarshallDataset_tropical_0.0001_20000_20260225_015437_relu_best.pth...20260225_020813
At epoch 1141, test loss = 7.1237
...model saved to 15_exp/models/FloydWarshallDataset_tropical_0.0001_20000_20260225_015437_relu_best.pth...20260225_020813
At epoch 1142, test loss = 7.0888
...model saved to 15_exp/models/FloydWarshallDataset_tropical_0.0001_20000_20260225_015437_relu_best.pth...20260225_020814
At epoch 1143, test loss = 7.0790
...model saved to 15_exp/models/FloydWarshallDataset_tropical_0.0001_20000_20260225_015437_relu_best.pth...20260225_020815
At epoch 1145, test loss = 7.0582
...model saved to 15_exp/models/FloydWarshallDataset_tropical_0.0001_20000_20260225_015437_relu_best.pth...20260225_020816
At epoch 1146, test loss = 7.0425
...model saved to 15_exp/models/FloydWarshallDataset_tropical_0.0001_20000_20260225_015437_relu_best.pth...20260225_020817
At epoch 1147, test loss = 7.0212
...model saved to 15_exp/models/FloydWarshallDataset_tropical_0.0001_20000_20260225_015437_relu_best.pth...20260225_020817
At epoch 1149, test loss = 7.0004
...model saved to 15_exp/models/FloydWarshallDataset_tropical_0.0001_20000_20260225_015437_relu_best.pth...20260225_020819
At epoch 1150, test loss = 6.9842
...model saved to 15_exp/models/FloydWarshallDataset_tropical_0.0001_20000_20260225_015437_relu_best.pth...20260225_020819
At epoch 1152, test loss = 6.9594
...model saved to 15_exp/models/FloydWarshallDataset_tropical_0.0001_20000_20260225_015437_relu_best.pth...20260225_020821
At epoch 1155, test loss = 6.9371
...model saved to 15_exp/models/FloydWarshallDataset_tropical_0.0001_20000_20260225_015437_relu_best.pth...20260225_020823
At epoch 1156, test loss = 6.9074
...model saved to 15_exp/models/FloydWarshallDataset_tropical_0.0001_20000_20260225_015437_relu_best.pth...20260225_020823
At epoch 1157, test loss = 6.8929
...model saved to 15_exp/models/FloydWarshallDataset_tropical_0.0001_20000_20260225_015437_relu_best.pth...20260225_020824
At epoch 1158, test loss = 6.8864
...model saved to 15_exp/models/FloydWarshallDataset_tropical_0.0001_20000_20260225_015437_relu_best.pth...20260225_020825
At epoch 1159, test loss = 6.8703
...model saved to 15_exp/models/FloydWarshallDataset_tropical_0.0001_20000_20260225_015437_relu_best.pth...20260225_020825
At epoch 1160, test loss = 6.8687
...model saved to 15_exp/models/FloydWarshallDataset_tropical_0.0001_20000_20260225_015437_relu_best.pth...20260225_020826
At epoch 1163, test loss = 6.8300
...model saved to 15_exp/models/FloydWarshallDataset_tropical_0.0001_20000_20260225_015437_relu_best.pth...20260225_020828
At epoch 1164, test loss = 6.8150
...model saved to 15_exp/models/FloydWarshallDataset_tropical_0.0001_20000_20260225_015437_relu_best.pth...20260225_020829
At epoch 1167, test loss = 6.8059
...model saved to 15_exp/models/FloydWarshallDataset_tropical_0.0001_20000_20260225_015437_relu_best.pth...20260225_020831
At epoch 1168, test loss = 6.7943
...model saved to 15_exp/models/FloydWarshallDataset_tropical_0.0001_20000_20260225_015437_relu_best.pth...20260225_020831
At epoch 1169, test loss = 6.7649
...model saved to 15_exp/models/FloydWarshallDataset_tropical_0.0001_20000_20260225_015437_relu_best.pth...20260225_020832
At epoch 1170, test loss = 6.7624
...model saved to 15_exp/models/FloydWarshallDataset_tropical_0.0001_20000_20260225_015437_relu_best.pth...20260225_020833
At epoch 1172, test loss = 6.7259
...model saved to 15_exp/models/FloydWarshallDataset_tropical_0.0001_20000_20260225_015437_relu_best.pth...20260225_020834
At epoch 1174, test loss = 6.7226
...model saved to 15_exp/models/FloydWarshallDataset_tropical_0.0001_20000_20260225_015437_relu_best.pth...20260225_020835
At epoch 1175, test loss = 6.7049
...model saved to 15_exp/models/FloydWarshallDataset_tropical_0.0001_20000_20260225_015437_relu_best.pth...20260225_020836
At epoch 1176, test loss = 6.6862
...model saved to 15_exp/models/FloydWarshallDataset_tropical_0.0001_20000_20260225_015437_relu_best.pth...20260225_020837
At epoch 1177, test loss = 6.6810
...model saved to 15_exp/models/FloydWarshallDataset_tropical_0.0001_20000_20260225_015437_relu_best.pth...20260225_020837
At epoch 1179, test loss = 6.6408
...model saved to 15_exp/models/FloydWarshallDataset_tropical_0.0001_20000_20260225_015437_relu_best.pth...20260225_020839
At epoch 1181, test loss = 6.6265
...model saved to 15_exp/models/FloydWarshallDataset_tropical_0.0001_20000_20260225_015437_relu_best.pth...20260225_020840
At epoch 1185, test loss = 6.6256
...model saved to 15_exp/models/FloydWarshallDataset_tropical_0.0001_20000_20260225_015437_relu_best.pth...20260225_020843
At epoch 1186, test loss = 6.5742
...model saved to 15_exp/models/FloydWarshallDataset_tropical_0.0001_20000_20260225_015437_relu_best.pth...20260225_020843
At epoch 1189, test loss = 6.5362
...model saved to 15_exp/models/FloydWarshallDataset_tropical_0.0001_20000_20260225_015437_relu_best.pth...20260225_020845
At epoch 1193, test loss = 6.5123
...model saved to 15_exp/models/FloydWarshallDataset_tropical_0.0001_20000_20260225_015437_relu_best.pth...20260225_020848
At epoch 1196, test loss = 6.4751
...model saved to 15_exp/models/FloydWarshallDataset_tropical_0.0001_20000_20260225_015437_relu_best.pth...20260225_020850
At epoch 1197, test loss = 6.4729
...model saved to 15_exp/models/FloydWarshallDataset_tropical_0.0001_20000_20260225_015437_relu_best.pth...20260225_020851
At epoch 1198, test loss = 6.4701
...model saved to 15_exp/models/FloydWarshallDataset_tropical_0.0001_20000_20260225_015437_relu_best.pth...20260225_020851
At epoch 1199, test loss = 6.4405
...model saved to 15_exp/models/FloydWarshallDataset_tropical_0.0001_20000_20260225_015437_relu_best.pth...20260225_020852
At epoch 1201, test loss = 6.4299
...model saved to 15_exp/models/FloydWarshallDataset_tropical_0.0001_20000_20260225_015437_relu_best.pth...20260225_020853
At epoch 1202, test loss = 6.4288
...model saved to 15_exp/models/FloydWarshallDataset_tropical_0.0001_20000_20260225_015437_relu_best.pth...20260225_020854
At epoch 1203, test loss = 6.4053
...model saved to 15_exp/models/FloydWarshallDataset_tropical_0.0001_20000_20260225_015437_relu_best.pth...20260225_020855
At epoch 1204, test loss = 6.3839
...model saved to 15_exp/models/FloydWarshallDataset_tropical_0.0001_20000_20260225_015437_relu_best.pth...20260225_020855
At epoch 1207, test loss = 6.3666
...model saved to 15_exp/models/FloydWarshallDataset_tropical_0.0001_20000_20260225_015437_relu_best.pth...20260225_020857
At epoch 1209, test loss = 6.3359
...model saved to 15_exp/models/FloydWarshallDataset_tropical_0.0001_20000_20260225_015437_relu_best.pth...20260225_020859
At epoch 1212, test loss = 6.3185
...model saved to 15_exp/models/FloydWarshallDataset_tropical_0.0001_20000_20260225_015437_relu_best.pth...20260225_020901
At epoch 1213, test loss = 6.2914
...model saved to 15_exp/models/FloydWarshallDataset_tropical_0.0001_20000_20260225_015437_relu_best.pth...20260225_020901
At epoch 1214, test loss = 6.2869
...model saved to 15_exp/models/FloydWarshallDataset_tropical_0.0001_20000_20260225_015437_relu_best.pth...20260225_020902
At epoch 1215, test loss = 6.2856
...model saved to 15_exp/models/FloydWarshallDataset_tropical_0.0001_20000_20260225_015437_relu_best.pth...20260225_020903
At epoch 1217, test loss = 6.2598
...model saved to 15_exp/models/FloydWarshallDataset_tropical_0.0001_20000_20260225_015437_relu_best.pth...20260225_020904
At epoch 1219, test loss = 6.2385
...model saved to 15_exp/models/FloydWarshallDataset_tropical_0.0001_20000_20260225_015437_relu_best.pth...20260225_020905
At epoch 1220, test loss = 6.2322
...model saved to 15_exp/models/FloydWarshallDataset_tropical_0.0001_20000_20260225_015437_relu_best.pth...20260225_020906
At epoch 1222, test loss = 6.2206
...model saved to 15_exp/models/FloydWarshallDataset_tropical_0.0001_20000_20260225_015437_relu_best.pth...20260225_020907
At epoch 1223, test loss = 6.1989
...model saved to 15_exp/models/FloydWarshallDataset_tropical_0.0001_20000_20260225_015437_relu_best.pth...20260225_020908
At epoch 1225, test loss = 6.1958
...model saved to 15_exp/models/FloydWarshallDataset_tropical_0.0001_20000_20260225_015437_relu_best.pth...20260225_020909
At epoch 1229, test loss = 6.1917
...model saved to 15_exp/models/FloydWarshallDataset_tropical_0.0001_20000_20260225_015437_relu_best.pth...20260225_020912
At epoch 1230, test loss = 6.1555
...model saved to 15_exp/models/FloydWarshallDataset_tropical_0.0001_20000_20260225_015437_relu_best.pth...20260225_020913
At epoch 1231, test loss = 6.1492
...model saved to 15_exp/models/FloydWarshallDataset_tropical_0.0001_20000_20260225_015437_relu_best.pth...20260225_020913
At epoch 1232, test loss = 6.1396
...model saved to 15_exp/models/FloydWarshallDataset_tropical_0.0001_20000_20260225_015437_relu_best.pth...20260225_020914
At epoch 1234, test loss = 6.1071
...model saved to 15_exp/models/FloydWarshallDataset_tropical_0.0001_20000_20260225_015437_relu_best.pth...20260225_020915
At epoch 1237, test loss = 6.1026
...model saved to 15_exp/models/FloydWarshallDataset_tropical_0.0001_20000_20260225_015437_relu_best.pth...20260225_020917
At epoch 1238, test loss = 6.0752
...model saved to 15_exp/models/FloydWarshallDataset_tropical_0.0001_20000_20260225_015437_relu_best.pth...20260225_020918
At epoch 1239, test loss = 6.0638
...model saved to 15_exp/models/FloydWarshallDataset_tropical_0.0001_20000_20260225_015437_relu_best.pth...20260225_020919
At epoch 1241, test loss = 6.0470
...model saved to 15_exp/models/FloydWarshallDataset_tropical_0.0001_20000_20260225_015437_relu_best.pth...20260225_020920
At epoch 1242, test loss = 6.0372
...model saved to 15_exp/models/FloydWarshallDataset_tropical_0.0001_20000_20260225_015437_relu_best.pth...20260225_020921
At epoch 1245, test loss = 6.0289
...model saved to 15_exp/models/FloydWarshallDataset_tropical_0.0001_20000_20260225_015437_relu_best.pth...20260225_020923
At epoch 1246, test loss = 6.0139
...model saved to 15_exp/models/FloydWarshallDataset_tropical_0.0001_20000_20260225_015437_relu_best.pth...20260225_020923
At epoch 1247, test loss = 5.9883
...model saved to 15_exp/models/FloydWarshallDataset_tropical_0.0001_20000_20260225_015437_relu_best.pth...20260225_020924
At epoch 1250, test loss = 5.9845
...model saved to 15_exp/models/FloydWarshallDataset_tropical_0.0001_20000_20260225_015437_relu_best.pth...20260225_020926
At epoch 1252, test loss = 5.9672
...model saved to 15_exp/models/FloydWarshallDataset_tropical_0.0001_20000_20260225_015437_relu_best.pth...20260225_020927
At epoch 1254, test loss = 5.9624
...model saved to 15_exp/models/FloydWarshallDataset_tropical_0.0001_20000_20260225_015437_relu_best.pth...20260225_020929
At epoch 1256, test loss = 5.9303
...model saved to 15_exp/models/FloydWarshallDataset_tropical_0.0001_20000_20260225_015437_relu_best.pth...20260225_020930
At epoch 1258, test loss = 5.9157
...model saved to 15_exp/models/FloydWarshallDataset_tropical_0.0001_20000_20260225_015437_relu_best.pth...20260225_020931
At epoch 1259, test loss = 5.8895
...model saved to 15_exp/models/FloydWarshallDataset_tropical_0.0001_20000_20260225_015437_relu_best.pth...20260225_020932
At epoch 1261, test loss = 5.8718
...model saved to 15_exp/models/FloydWarshallDataset_tropical_0.0001_20000_20260225_015437_relu_best.pth...20260225_020933
At epoch 1264, test loss = 5.8699
...model saved to 15_exp/models/FloydWarshallDataset_tropical_0.0001_20000_20260225_015437_relu_best.pth...20260225_020935
At epoch 1266, test loss = 5.8409
...model saved to 15_exp/models/FloydWarshallDataset_tropical_0.0001_20000_20260225_015437_relu_best.pth...20260225_020937
At epoch 1267, test loss = 5.8337
...model saved to 15_exp/models/FloydWarshallDataset_tropical_0.0001_20000_20260225_015437_relu_best.pth...20260225_020937
At epoch 1268, test loss = 5.8299
...model saved to 15_exp/models/FloydWarshallDataset_tropical_0.0001_20000_20260225_015437_relu_best.pth...20260225_020938
At epoch 1270, test loss = 5.8289
...model saved to 15_exp/models/FloydWarshallDataset_tropical_0.0001_20000_20260225_015437_relu_best.pth...20260225_020939
At epoch 1271, test loss = 5.8287
...model saved to 15_exp/models/FloydWarshallDataset_tropical_0.0001_20000_20260225_015437_relu_best.pth...20260225_020940
At epoch 1272, test loss = 5.8050
...model saved to 15_exp/models/FloydWarshallDataset_tropical_0.0001_20000_20260225_015437_relu_best.pth...20260225_020941
At epoch 1274, test loss = 5.7839
...model saved to 15_exp/models/FloydWarshallDataset_tropical_0.0001_20000_20260225_015437_relu_best.pth...20260225_020942
At epoch 1275, test loss = 5.7805
...model saved to 15_exp/models/FloydWarshallDataset_tropical_0.0001_20000_20260225_015437_relu_best.pth...20260225_020943
At epoch 1277, test loss = 5.7660
...model saved to 15_exp/models/FloydWarshallDataset_tropical_0.0001_20000_20260225_015437_relu_best.pth...20260225_020944
At epoch 1279, test loss = 5.7571
...model saved to 15_exp/models/FloydWarshallDataset_tropical_0.0001_20000_20260225_015437_relu_best.pth...20260225_020945
At epoch 1280, test loss = 5.7408
...model saved to 15_exp/models/FloydWarshallDataset_tropical_0.0001_20000_20260225_015437_relu_best.pth...20260225_020946
At epoch 1282, test loss = 5.7262
...model saved to 15_exp/models/FloydWarshallDataset_tropical_0.0001_20000_20260225_015437_relu_best.pth...20260225_020947
At epoch 1284, test loss = 5.7165
...model saved to 15_exp/models/FloydWarshallDataset_tropical_0.0001_20000_20260225_015437_relu_best.pth...20260225_020949
At epoch 1285, test loss = 5.6962
...model saved to 15_exp/models/FloydWarshallDataset_tropical_0.0001_20000_20260225_015437_relu_best.pth...20260225_020949
At epoch 1287, test loss = 5.6776
...model saved to 15_exp/models/FloydWarshallDataset_tropical_0.0001_20000_20260225_015437_relu_best.pth...20260225_020951
At epoch 1288, test loss = 5.6743
...model saved to 15_exp/models/FloydWarshallDataset_tropical_0.0001_20000_20260225_015437_relu_best.pth...20260225_020951
At epoch 1290, test loss = 5.6630
...model saved to 15_exp/models/FloydWarshallDataset_tropical_0.0001_20000_20260225_015437_relu_best.pth...20260225_020953
At epoch 1291, test loss = 5.6520
...model saved to 15_exp/models/FloydWarshallDataset_tropical_0.0001_20000_20260225_015437_relu_best.pth...20260225_020953
At epoch 1293, test loss = 5.6433
...model saved to 15_exp/models/FloydWarshallDataset_tropical_0.0001_20000_20260225_015437_relu_best.pth...20260225_020955
At epoch 1294, test loss = 5.6211
...model saved to 15_exp/models/FloydWarshallDataset_tropical_0.0001_20000_20260225_015437_relu_best.pth...20260225_020955
At epoch 1298, test loss = 5.6122
...model saved to 15_exp/models/FloydWarshallDataset_tropical_0.0001_20000_20260225_015437_relu_best.pth...20260225_020958
At epoch 1300, test loss = 5.6072
...model saved to 15_exp/models/FloydWarshallDataset_tropical_0.0001_20000_20260225_015437_relu_best.pth...20260225_020959
At epoch 1301, test loss = 5.5908
...model saved to 15_exp/models/FloydWarshallDataset_tropical_0.0001_20000_20260225_015437_relu_best.pth...20260225_021000
At epoch 1302, test loss = 5.5848
...model saved to 15_exp/models/FloydWarshallDataset_tropical_0.0001_20000_20260225_015437_relu_best.pth...20260225_021001
At epoch 1306, test loss = 5.5483
...model saved to 15_exp/models/FloydWarshallDataset_tropical_0.0001_20000_20260225_015437_relu_best.pth...20260225_021003
At epoch 1307, test loss = 5.5260
...model saved to 15_exp/models/FloydWarshallDataset_tropical_0.0001_20000_20260225_015437_relu_best.pth...20260225_021004
At epoch 1311, test loss = 5.5075
...model saved to 15_exp/models/FloydWarshallDataset_tropical_0.0001_20000_20260225_015437_relu_best.pth...20260225_021007
At epoch 1314, test loss = 5.5035
...model saved to 15_exp/models/FloydWarshallDataset_tropical_0.0001_20000_20260225_015437_relu_best.pth...20260225_021009
At epoch 1315, test loss = 5.5001
...model saved to 15_exp/models/FloydWarshallDataset_tropical_0.0001_20000_20260225_015437_relu_best.pth...20260225_021009
At epoch 1316, test loss = 5.4792
...model saved to 15_exp/models/FloydWarshallDataset_tropical_0.0001_20000_20260225_015437_relu_best.pth...20260225_021010
At epoch 1317, test loss = 5.4735
...model saved to 15_exp/models/FloydWarshallDataset_tropical_0.0001_20000_20260225_015437_relu_best.pth...20260225_021011
At epoch 1319, test loss = 5.4691
...model saved to 15_exp/models/FloydWarshallDataset_tropical_0.0001_20000_20260225_015437_relu_best.pth...20260225_021012
At epoch 1320, test loss = 5.4445
...model saved to 15_exp/models/FloydWarshallDataset_tropical_0.0001_20000_20260225_015437_relu_best.pth...20260225_021013
At epoch 1322, test loss = 5.4395
...model saved to 15_exp/models/FloydWarshallDataset_tropical_0.0001_20000_20260225_015437_relu_best.pth...20260225_021014
At epoch 1323, test loss = 5.4264
...model saved to 15_exp/models/FloydWarshallDataset_tropical_0.0001_20000_20260225_015437_relu_best.pth...20260225_021015
At epoch 1327, test loss = 5.3981
...model saved to 15_exp/models/FloydWarshallDataset_tropical_0.0001_20000_20260225_015437_relu_best.pth...20260225_021017
At epoch 1328, test loss = 5.3870
...model saved to 15_exp/models/FloydWarshallDataset_tropical_0.0001_20000_20260225_015437_relu_best.pth...20260225_021018
At epoch 1331, test loss = 5.3763
...model saved to 15_exp/models/FloydWarshallDataset_tropical_0.0001_20000_20260225_015437_relu_best.pth...20260225_021020
At epoch 1334, test loss = 5.3626
...model saved to 15_exp/models/FloydWarshallDataset_tropical_0.0001_20000_20260225_015437_relu_best.pth...20260225_021022
At epoch 1335, test loss = 5.3457
...model saved to 15_exp/models/FloydWarshallDataset_tropical_0.0001_20000_20260225_015437_relu_best.pth...20260225_021023
At epoch 1337, test loss = 5.3320
...model saved to 15_exp/models/FloydWarshallDataset_tropical_0.0001_20000_20260225_015437_relu_best.pth...20260225_021024
At epoch 1340, test loss = 5.3131
...model saved to 15_exp/models/FloydWarshallDataset_tropical_0.0001_20000_20260225_015437_relu_best.pth...20260225_021026
At epoch 1341, test loss = 5.3103
...model saved to 15_exp/models/FloydWarshallDataset_tropical_0.0001_20000_20260225_015437_relu_best.pth...20260225_021027
At epoch 1343, test loss = 5.2908
...model saved to 15_exp/models/FloydWarshallDataset_tropical_0.0001_20000_20260225_015437_relu_best.pth...20260225_021028
At epoch 1347, test loss = 5.2907
...model saved to 15_exp/models/FloydWarshallDataset_tropical_0.0001_20000_20260225_015437_relu_best.pth...20260225_021031
At epoch 1348, test loss = 5.2682
...model saved to 15_exp/models/FloydWarshallDataset_tropical_0.0001_20000_20260225_015437_relu_best.pth...20260225_021031
At epoch 1350, test loss = 5.2586
...model saved to 15_exp/models/FloydWarshallDataset_tropical_0.0001_20000_20260225_015437_relu_best.pth...20260225_021033
At epoch 1353, test loss = 5.2466
...model saved to 15_exp/models/FloydWarshallDataset_tropical_0.0001_20000_20260225_015437_relu_best.pth...20260225_021035
At epoch 1354, test loss = 5.2352
...model saved to 15_exp/models/FloydWarshallDataset_tropical_0.0001_20000_20260225_015437_relu_best.pth...20260225_021035
At epoch 1357, test loss = 5.2054
...model saved to 15_exp/models/FloydWarshallDataset_tropical_0.0001_20000_20260225_015437_relu_best.pth...20260225_021037
At epoch 1358, test loss = 5.2024
...model saved to 15_exp/models/FloydWarshallDataset_tropical_0.0001_20000_20260225_015437_relu_best.pth...20260225_021038
At epoch 1360, test loss = 5.1880
...model saved to 15_exp/models/FloydWarshallDataset_tropical_0.0001_20000_20260225_015437_relu_best.pth...20260225_021039
At epoch 1363, test loss = 5.1836
...model saved to 15_exp/models/FloydWarshallDataset_tropical_0.0001_20000_20260225_015437_relu_best.pth...20260225_021041
At epoch 1364, test loss = 5.1741
...model saved to 15_exp/models/FloydWarshallDataset_tropical_0.0001_20000_20260225_015437_relu_best.pth...20260225_021042
At epoch 1367, test loss = 5.1721
...model saved to 15_exp/models/FloydWarshallDataset_tropical_0.0001_20000_20260225_015437_relu_best.pth...20260225_021044
At epoch 1369, test loss = 5.1465
...model saved to 15_exp/models/FloydWarshallDataset_tropical_0.0001_20000_20260225_015437_relu_best.pth...20260225_021046
At epoch 1370, test loss = 5.1406
...model saved to 15_exp/models/FloydWarshallDataset_tropical_0.0001_20000_20260225_015437_relu_best.pth...20260225_021046
At epoch 1373, test loss = 5.1159
...model saved to 15_exp/models/FloydWarshallDataset_tropical_0.0001_20000_20260225_015437_relu_best.pth...20260225_021048
At epoch 1374, test loss = 5.1133
...model saved to 15_exp/models/FloydWarshallDataset_tropical_0.0001_20000_20260225_015437_relu_best.pth...20260225_021049
At epoch 1376, test loss = 5.1106
...model saved to 15_exp/models/FloydWarshallDataset_tropical_0.0001_20000_20260225_015437_relu_best.pth...20260225_021051
At epoch 1377, test loss = 5.1006
...model saved to 15_exp/models/FloydWarshallDataset_tropical_0.0001_20000_20260225_015437_relu_best.pth...20260225_021051
At epoch 1379, test loss = 5.0844
...model saved to 15_exp/models/FloydWarshallDataset_tropical_0.0001_20000_20260225_015437_relu_best.pth...20260225_021053
At epoch 1381, test loss = 5.0693
...model saved to 15_exp/models/FloydWarshallDataset_tropical_0.0001_20000_20260225_015437_relu_best.pth...20260225_021054
At epoch 1384, test loss = 5.0684
...model saved to 15_exp/models/FloydWarshallDataset_tropical_0.0001_20000_20260225_015437_relu_best.pth...20260225_021056
At epoch 1385, test loss = 5.0541
...model saved to 15_exp/models/FloydWarshallDataset_tropical_0.0001_20000_20260225_015437_relu_best.pth...20260225_021057
At epoch 1388, test loss = 5.0475
...model saved to 15_exp/models/FloydWarshallDataset_tropical_0.0001_20000_20260225_015437_relu_best.pth...20260225_021059
At epoch 1389, test loss = 5.0433
...model saved to 15_exp/models/FloydWarshallDataset_tropical_0.0001_20000_20260225_015437_relu_best.pth...20260225_021059
At epoch 1390, test loss = 5.0386
...model saved to 15_exp/models/FloydWarshallDataset_tropical_0.0001_20000_20260225_015437_relu_best.pth...20260225_021100
At epoch 1391, test loss = 5.0374
...model saved to 15_exp/models/FloydWarshallDataset_tropical_0.0001_20000_20260225_015437_relu_best.pth...20260225_021101
At epoch 1392, test loss = 5.0025
...model saved to 15_exp/models/FloydWarshallDataset_tropical_0.0001_20000_20260225_015437_relu_best.pth...20260225_021101
At epoch 1396, test loss = 4.9997
...model saved to 15_exp/models/FloydWarshallDataset_tropical_0.0001_20000_20260225_015437_relu_best.pth...20260225_021104
At epoch 1397, test loss = 4.9993
...model saved to 15_exp/models/FloydWarshallDataset_tropical_0.0001_20000_20260225_015437_relu_best.pth...20260225_021105
At epoch 1398, test loss = 4.9859
...model saved to 15_exp/models/FloydWarshallDataset_tropical_0.0001_20000_20260225_015437_relu_best.pth...20260225_021105
At epoch 1401, test loss = 4.9577
...model saved to 15_exp/models/FloydWarshallDataset_tropical_0.0001_20000_20260225_015437_relu_best.pth...20260225_021107
At epoch 1403, test loss = 4.9554
...model saved to 15_exp/models/FloydWarshallDataset_tropical_0.0001_20000_20260225_015437_relu_best.pth...20260225_021109
At epoch 1406, test loss = 4.9436
...model saved to 15_exp/models/FloydWarshallDataset_tropical_0.0001_20000_20260225_015437_relu_best.pth...20260225_021111
At epoch 1407, test loss = 4.9174
...model saved to 15_exp/models/FloydWarshallDataset_tropical_0.0001_20000_20260225_015437_relu_best.pth...20260225_021111
At epoch 1412, test loss = 4.9021
...model saved to 15_exp/models/FloydWarshallDataset_tropical_0.0001_20000_20260225_015437_relu_best.pth...20260225_021115
At epoch 1414, test loss = 4.8958
...model saved to 15_exp/models/FloydWarshallDataset_tropical_0.0001_20000_20260225_015437_relu_best.pth...20260225_021116
At epoch 1416, test loss = 4.8908
...model saved to 15_exp/models/FloydWarshallDataset_tropical_0.0001_20000_20260225_015437_relu_best.pth...20260225_021117
At epoch 1418, test loss = 4.8836
...model saved to 15_exp/models/FloydWarshallDataset_tropical_0.0001_20000_20260225_015437_relu_best.pth...20260225_021119
At epoch 1419, test loss = 4.8655
...model saved to 15_exp/models/FloydWarshallDataset_tropical_0.0001_20000_20260225_015437_relu_best.pth...20260225_021120
At epoch 1420, test loss = 4.8632
...model saved to 15_exp/models/FloydWarshallDataset_tropical_0.0001_20000_20260225_015437_relu_best.pth...20260225_021120
At epoch 1422, test loss = 4.8568
...model saved to 15_exp/models/FloydWarshallDataset_tropical_0.0001_20000_20260225_015437_relu_best.pth...20260225_021122
At epoch 1427, test loss = 4.8214
...model saved to 15_exp/models/FloydWarshallDataset_tropical_0.0001_20000_20260225_015437_relu_best.pth...20260225_021125
At epoch 1432, test loss = 4.7969
...model saved to 15_exp/models/FloydWarshallDataset_tropical_0.0001_20000_20260225_015437_relu_best.pth...20260225_021128
At epoch 1434, test loss = 4.7957
...model saved to 15_exp/models/FloydWarshallDataset_tropical_0.0001_20000_20260225_015437_relu_best.pth...20260225_021129
At epoch 1435, test loss = 4.7926
...model saved to 15_exp/models/FloydWarshallDataset_tropical_0.0001_20000_20260225_015437_relu_best.pth...20260225_021130
At epoch 1436, test loss = 4.7800
...model saved to 15_exp/models/FloydWarshallDataset_tropical_0.0001_20000_20260225_015437_relu_best.pth...20260225_021131
At epoch 1438, test loss = 4.7797
...model saved to 15_exp/models/FloydWarshallDataset_tropical_0.0001_20000_20260225_015437_relu_best.pth...20260225_021132
At epoch 1439, test loss = 4.7736
...model saved to 15_exp/models/FloydWarshallDataset_tropical_0.0001_20000_20260225_015437_relu_best.pth...20260225_021133
At epoch 1440, test loss = 4.7679
...model saved to 15_exp/models/FloydWarshallDataset_tropical_0.0001_20000_20260225_015437_relu_best.pth...20260225_021134
At epoch 1441, test loss = 4.7658
...model saved to 15_exp/models/FloydWarshallDataset_tropical_0.0001_20000_20260225_015437_relu_best.pth...20260225_021134
At epoch 1443, test loss = 4.7511
...model saved to 15_exp/models/FloydWarshallDataset_tropical_0.0001_20000_20260225_015437_relu_best.pth...20260225_021136
At epoch 1446, test loss = 4.7362
...model saved to 15_exp/models/FloydWarshallDataset_tropical_0.0001_20000_20260225_015437_relu_best.pth...20260225_021137
At epoch 1451, test loss = 4.7279
...model saved to 15_exp/models/FloydWarshallDataset_tropical_0.0001_20000_20260225_015437_relu_best.pth...20260225_021141
At epoch 1452, test loss = 4.7146
...model saved to 15_exp/models/FloydWarshallDataset_tropical_0.0001_20000_20260225_015437_relu_best.pth...20260225_021142
At epoch 1454, test loss = 4.7012
...model saved to 15_exp/models/FloydWarshallDataset_tropical_0.0001_20000_20260225_015437_relu_best.pth...20260225_021143
At epoch 1458, test loss = 4.6860
...model saved to 15_exp/models/FloydWarshallDataset_tropical_0.0001_20000_20260225_015437_relu_best.pth...20260225_021146
At epoch 1459, test loss = 4.6739
...model saved to 15_exp/models/FloydWarshallDataset_tropical_0.0001_20000_20260225_015437_relu_best.pth...20260225_021146
At epoch 1460, test loss = 4.6728
...model saved to 15_exp/models/FloydWarshallDataset_tropical_0.0001_20000_20260225_015437_relu_best.pth...20260225_021147
At epoch 1461, test loss = 4.6656
...model saved to 15_exp/models/FloydWarshallDataset_tropical_0.0001_20000_20260225_015437_relu_best.pth...20260225_021148
At epoch 1462, test loss = 4.6599
...model saved to 15_exp/models/FloydWarshallDataset_tropical_0.0001_20000_20260225_015437_relu_best.pth...20260225_021148
At epoch 1466, test loss = 4.6516
...model saved to 15_exp/models/FloydWarshallDataset_tropical_0.0001_20000_20260225_015437_relu_best.pth...20260225_021151
At epoch 1467, test loss = 4.6395
...model saved to 15_exp/models/FloydWarshallDataset_tropical_0.0001_20000_20260225_015437_relu_best.pth...20260225_021152
At epoch 1469, test loss = 4.6354
...model saved to 15_exp/models/FloydWarshallDataset_tropical_0.0001_20000_20260225_015437_relu_best.pth...20260225_021153
At epoch 1471, test loss = 4.6231
...model saved to 15_exp/models/FloydWarshallDataset_tropical_0.0001_20000_20260225_015437_relu_best.pth...20260225_021154
At epoch 1473, test loss = 4.6049
...model saved to 15_exp/models/FloydWarshallDataset_tropical_0.0001_20000_20260225_015437_relu_best.pth...20260225_021156
At epoch 1476, test loss = 4.6028
...model saved to 15_exp/models/FloydWarshallDataset_tropical_0.0001_20000_20260225_015437_relu_best.pth...20260225_021158
At epoch 1477, test loss = 4.5834
...model saved to 15_exp/models/FloydWarshallDataset_tropical_0.0001_20000_20260225_015437_relu_best.pth...20260225_021158
At epoch 1481, test loss = 4.5701
...model saved to 15_exp/models/FloydWarshallDataset_tropical_0.0001_20000_20260225_015437_relu_best.pth...20260225_021201
At epoch 1485, test loss = 4.5646
...model saved to 15_exp/models/FloydWarshallDataset_tropical_0.0001_20000_20260225_015437_relu_best.pth...20260225_021204
At epoch 1486, test loss = 4.5593
...model saved to 15_exp/models/FloydWarshallDataset_tropical_0.0001_20000_20260225_015437_relu_best.pth...20260225_021205
At epoch 1487, test loss = 4.5513
...model saved to 15_exp/models/FloydWarshallDataset_tropical_0.0001_20000_20260225_015437_relu_best.pth...20260225_021205
At epoch 1488, test loss = 4.5476
...model saved to 15_exp/models/FloydWarshallDataset_tropical_0.0001_20000_20260225_015437_relu_best.pth...20260225_021206
At epoch 1491, test loss = 4.5296
...model saved to 15_exp/models/FloydWarshallDataset_tropical_0.0001_20000_20260225_015437_relu_best.pth...20260225_021208
At epoch 1493, test loss = 4.5219
...model saved to 15_exp/models/FloydWarshallDataset_tropical_0.0001_20000_20260225_015437_relu_best.pth...20260225_021209
At epoch 1494, test loss = 4.5136
...model saved to 15_exp/models/FloydWarshallDataset_tropical_0.0001_20000_20260225_015437_relu_best.pth...20260225_021210
At epoch 1495, test loss = 4.5128
...model saved to 15_exp/models/FloydWarshallDataset_tropical_0.0001_20000_20260225_015437_relu_best.pth...20260225_021211
At epoch 1498, test loss = 4.5031
...model saved to 15_exp/models/FloydWarshallDataset_tropical_0.0001_20000_20260225_015437_relu_best.pth...20260225_021213
At epoch 1503, test loss = 4.4797
...model saved to 15_exp/models/FloydWarshallDataset_tropical_0.0001_20000_20260225_015437_relu_best.pth...20260225_021216
At epoch 1505, test loss = 4.4675
...model saved to 15_exp/models/FloydWarshallDataset_tropical_0.0001_20000_20260225_015437_relu_best.pth...20260225_021217
At epoch 1507, test loss = 4.4604
...model saved to 15_exp/models/FloydWarshallDataset_tropical_0.0001_20000_20260225_015437_relu_best.pth...20260225_021219
At epoch 1509, test loss = 4.4533
...model saved to 15_exp/models/FloydWarshallDataset_tropical_0.0001_20000_20260225_015437_relu_best.pth...20260225_021220
At epoch 1511, test loss = 4.4424
...model saved to 15_exp/models/FloydWarshallDataset_tropical_0.0001_20000_20260225_015437_relu_best.pth...20260225_021221
At epoch 1513, test loss = 4.4375
...model saved to 15_exp/models/FloydWarshallDataset_tropical_0.0001_20000_20260225_015437_relu_best.pth...20260225_021223
At epoch 1520, test loss = 4.4143
...model saved to 15_exp/models/FloydWarshallDataset_tropical_0.0001_20000_20260225_015437_relu_best.pth...20260225_021227
At epoch 1521, test loss = 4.4035
...model saved to 15_exp/models/FloydWarshallDataset_tropical_0.0001_20000_20260225_015437_relu_best.pth...20260225_021228
At epoch 1527, test loss = 4.3855
...model saved to 15_exp/models/FloydWarshallDataset_tropical_0.0001_20000_20260225_015437_relu_best.pth...20260225_021232
At epoch 1528, test loss = 4.3778
...model saved to 15_exp/models/FloydWarshallDataset_tropical_0.0001_20000_20260225_015437_relu_best.pth...20260225_021233
At epoch 1530, test loss = 4.3739
...model saved to 15_exp/models/FloydWarshallDataset_tropical_0.0001_20000_20260225_015437_relu_best.pth...20260225_021234
At epoch 1531, test loss = 4.3737
...model saved to 15_exp/models/FloydWarshallDataset_tropical_0.0001_20000_20260225_015437_relu_best.pth...20260225_021235
At epoch 1534, test loss = 4.3572
...model saved to 15_exp/models/FloydWarshallDataset_tropical_0.0001_20000_20260225_015437_relu_best.pth...20260225_021237
At epoch 1536, test loss = 4.3475
...model saved to 15_exp/models/FloydWarshallDataset_tropical_0.0001_20000_20260225_015437_relu_best.pth...20260225_021238
At epoch 1539, test loss = 4.3470
...model saved to 15_exp/models/FloydWarshallDataset_tropical_0.0001_20000_20260225_015437_relu_best.pth...20260225_021240
At epoch 1540, test loss = 4.3394
...model saved to 15_exp/models/FloydWarshallDataset_tropical_0.0001_20000_20260225_015437_relu_best.pth...20260225_021241
At epoch 1543, test loss = 4.3289
...model saved to 15_exp/models/FloydWarshallDataset_tropical_0.0001_20000_20260225_015437_relu_best.pth...20260225_021243
At epoch 1545, test loss = 4.3217
...model saved to 15_exp/models/FloydWarshallDataset_tropical_0.0001_20000_20260225_015437_relu_best.pth...20260225_021244
At epoch 1549, test loss = 4.2960
...model saved to 15_exp/models/FloydWarshallDataset_tropical_0.0001_20000_20260225_015437_relu_best.pth...20260225_021247
At epoch 1552, test loss = 4.2843
...model saved to 15_exp/models/FloydWarshallDataset_tropical_0.0001_20000_20260225_015437_relu_best.pth...20260225_021249
At epoch 1555, test loss = 4.2776
...model saved to 15_exp/models/FloydWarshallDataset_tropical_0.0001_20000_20260225_015437_relu_best.pth...20260225_021251
At epoch 1556, test loss = 4.2683
...model saved to 15_exp/models/FloydWarshallDataset_tropical_0.0001_20000_20260225_015437_relu_best.pth...20260225_021251
At epoch 1558, test loss = 4.2673
...model saved to 15_exp/models/FloydWarshallDataset_tropical_0.0001_20000_20260225_015437_relu_best.pth...20260225_021253
At epoch 1559, test loss = 4.2670
...model saved to 15_exp/models/FloydWarshallDataset_tropical_0.0001_20000_20260225_015437_relu_best.pth...20260225_021253
At epoch 1561, test loss = 4.2646
...model saved to 15_exp/models/FloydWarshallDataset_tropical_0.0001_20000_20260225_015437_relu_best.pth...20260225_021255
At epoch 1562, test loss = 4.2533
...model saved to 15_exp/models/FloydWarshallDataset_tropical_0.0001_20000_20260225_015437_relu_best.pth...20260225_021255
At epoch 1564, test loss = 4.2451
...model saved to 15_exp/models/FloydWarshallDataset_tropical_0.0001_20000_20260225_015437_relu_best.pth...20260225_021257
At epoch 1565, test loss = 4.2364
...model saved to 15_exp/models/FloydWarshallDataset_tropical_0.0001_20000_20260225_015437_relu_best.pth...20260225_021257
At epoch 1567, test loss = 4.2120
...model saved to 15_exp/models/FloydWarshallDataset_tropical_0.0001_20000_20260225_015437_relu_best.pth...20260225_021259
At epoch 1568, test loss = 4.2117
...model saved to 15_exp/models/FloydWarshallDataset_tropical_0.0001_20000_20260225_015437_relu_best.pth...20260225_021259
At epoch 1574, test loss = 4.1936
...model saved to 15_exp/models/FloydWarshallDataset_tropical_0.0001_20000_20260225_015437_relu_best.pth...20260225_021303
At epoch 1579, test loss = 4.1872
...model saved to 15_exp/models/FloydWarshallDataset_tropical_0.0001_20000_20260225_015437_relu_best.pth...20260225_021307
At epoch 1586, test loss = 4.1733
...model saved to 15_exp/models/FloydWarshallDataset_tropical_0.0001_20000_20260225_015437_relu_best.pth...20260225_021311
At epoch 1588, test loss = 4.1634
...model saved to 15_exp/models/FloydWarshallDataset_tropical_0.0001_20000_20260225_015437_relu_best.pth...20260225_021313
At epoch 1589, test loss = 4.1484
...model saved to 15_exp/models/FloydWarshallDataset_tropical_0.0001_20000_20260225_015437_relu_best.pth...20260225_021313
At epoch 1594, test loss = 4.1474
...model saved to 15_exp/models/FloydWarshallDataset_tropical_0.0001_20000_20260225_015437_relu_best.pth...20260225_021317
At epoch 1595, test loss = 4.1364
...model saved to 15_exp/models/FloydWarshallDataset_tropical_0.0001_20000_20260225_015437_relu_best.pth...20260225_021317
At epoch 1599, test loss = 4.1117
...model saved to 15_exp/models/FloydWarshallDataset_tropical_0.0001_20000_20260225_015437_relu_best.pth...20260225_021320
At epoch 1603, test loss = 4.1041
...model saved to 15_exp/models/FloydWarshallDataset_tropical_0.0001_20000_20260225_015437_relu_best.pth...20260225_021323
At epoch 1606, test loss = 4.0974
...model saved to 15_exp/models/FloydWarshallDataset_tropical_0.0001_20000_20260225_015437_relu_best.pth...20260225_021325
At epoch 1608, test loss = 4.0927
...model saved to 15_exp/models/FloydWarshallDataset_tropical_0.0001_20000_20260225_015437_relu_best.pth...20260225_021326
At epoch 1610, test loss = 4.0900
...model saved to 15_exp/models/FloydWarshallDataset_tropical_0.0001_20000_20260225_015437_relu_best.pth...20260225_021327
At epoch 1611, test loss = 4.0878
...model saved to 15_exp/models/FloydWarshallDataset_tropical_0.0001_20000_20260225_015437_relu_best.pth...20260225_021328
At epoch 1613, test loss = 4.0751
...model saved to 15_exp/models/FloydWarshallDataset_tropical_0.0001_20000_20260225_015437_relu_best.pth...20260225_021329
At epoch 1614, test loss = 4.0708
...model saved to 15_exp/models/FloydWarshallDataset_tropical_0.0001_20000_20260225_015437_relu_best.pth...20260225_021330
At epoch 1616, test loss = 4.0669
...model saved to 15_exp/models/FloydWarshallDataset_tropical_0.0001_20000_20260225_015437_relu_best.pth...20260225_021331
At epoch 1618, test loss = 4.0641
...model saved to 15_exp/models/FloydWarshallDataset_tropical_0.0001_20000_20260225_015437_relu_best.pth...20260225_021333
At epoch 1619, test loss = 4.0616
...model saved to 15_exp/models/FloydWarshallDataset_tropical_0.0001_20000_20260225_015437_relu_best.pth...20260225_021333
At epoch 1620, test loss = 4.0403
...model saved to 15_exp/models/FloydWarshallDataset_tropical_0.0001_20000_20260225_015437_relu_best.pth...20260225_021334
At epoch 1623, test loss = 4.0357
...model saved to 15_exp/models/FloydWarshallDataset_tropical_0.0001_20000_20260225_015437_relu_best.pth...20260225_021336
At epoch 1625, test loss = 4.0280
...model saved to 15_exp/models/FloydWarshallDataset_tropical_0.0001_20000_20260225_015437_relu_best.pth...20260225_021337
At epoch 1629, test loss = 4.0162
...model saved to 15_exp/models/FloydWarshallDataset_tropical_0.0001_20000_20260225_015437_relu_best.pth...20260225_021340
At epoch 1632, test loss = 4.0053
...model saved to 15_exp/models/FloydWarshallDataset_tropical_0.0001_20000_20260225_015437_relu_best.pth...20260225_021342
At epoch 1636, test loss = 3.9986
...model saved to 15_exp/models/FloydWarshallDataset_tropical_0.0001_20000_20260225_015437_relu_best.pth...20260225_021345
At epoch 1639, test loss = 3.9933
...model saved to 15_exp/models/FloydWarshallDataset_tropical_0.0001_20000_20260225_015437_relu_best.pth...20260225_021347
At epoch 1641, test loss = 3.9837
...model saved to 15_exp/models/FloydWarshallDataset_tropical_0.0001_20000_20260225_015437_relu_best.pth...20260225_021348
At epoch 1643, test loss = 3.9759
...model saved to 15_exp/models/FloydWarshallDataset_tropical_0.0001_20000_20260225_015437_relu_best.pth...20260225_021349
At epoch 1644, test loss = 3.9685
...model saved to 15_exp/models/FloydWarshallDataset_tropical_0.0001_20000_20260225_015437_relu_best.pth...20260225_021350
At epoch 1645, test loss = 3.9572
...model saved to 15_exp/models/FloydWarshallDataset_tropical_0.0001_20000_20260225_015437_relu_best.pth...20260225_021351
At epoch 1649, test loss = 3.9505
...model saved to 15_exp/models/FloydWarshallDataset_tropical_0.0001_20000_20260225_015437_relu_best.pth...20260225_021353
At epoch 1654, test loss = 3.9424
...model saved to 15_exp/models/FloydWarshallDataset_tropical_0.0001_20000_20260225_015437_relu_best.pth...20260225_021357
At epoch 1656, test loss = 3.9382
...model saved to 15_exp/models/FloydWarshallDataset_tropical_0.0001_20000_20260225_015437_relu_best.pth...20260225_021358
At epoch 1661, test loss = 3.9345
...model saved to 15_exp/models/FloydWarshallDataset_tropical_0.0001_20000_20260225_015437_relu_best.pth...20260225_021401
At epoch 1663, test loss = 3.9233
...model saved to 15_exp/models/FloydWarshallDataset_tropical_0.0001_20000_20260225_015437_relu_best.pth...20260225_021403
At epoch 1666, test loss = 3.9133
...model saved to 15_exp/models/FloydWarshallDataset_tropical_0.0001_20000_20260225_015437_relu_best.pth...20260225_021405
At epoch 1667, test loss = 3.9071
...model saved to 15_exp/models/FloydWarshallDataset_tropical_0.0001_20000_20260225_015437_relu_best.pth...20260225_021405
At epoch 1669, test loss = 3.8999
...model saved to 15_exp/models/FloydWarshallDataset_tropical_0.0001_20000_20260225_015437_relu_best.pth...20260225_021407
At epoch 1673, test loss = 3.8981
...model saved to 15_exp/models/FloydWarshallDataset_tropical_0.0001_20000_20260225_015437_relu_best.pth...20260225_021409
At epoch 1674, test loss = 3.8819
...model saved to 15_exp/models/FloydWarshallDataset_tropical_0.0001_20000_20260225_015437_relu_best.pth...20260225_021410
At epoch 1681, test loss = 3.8690
...model saved to 15_exp/models/FloydWarshallDataset_tropical_0.0001_20000_20260225_015437_relu_best.pth...20260225_021415
At epoch 1682, test loss = 3.8654
...model saved to 15_exp/models/FloydWarshallDataset_tropical_0.0001_20000_20260225_015437_relu_best.pth...20260225_021415
At epoch 1684, test loss = 3.8471
...model saved to 15_exp/models/FloydWarshallDataset_tropical_0.0001_20000_20260225_015437_relu_best.pth...20260225_021417
At epoch 1689, test loss = 3.8382
...model saved to 15_exp/models/FloydWarshallDataset_tropical_0.0001_20000_20260225_015437_relu_best.pth...20260225_021420
At epoch 1692, test loss = 3.8263
...model saved to 15_exp/models/FloydWarshallDataset_tropical_0.0001_20000_20260225_015437_relu_best.pth...20260225_021422
At epoch 1699, test loss = 3.8037
...model saved to 15_exp/models/FloydWarshallDataset_tropical_0.0001_20000_20260225_015437_relu_best.pth...20260225_021426
At epoch 1702, test loss = 3.8029
...model saved to 15_exp/models/FloydWarshallDataset_tropical_0.0001_20000_20260225_015437_relu_best.pth...20260225_021429
At epoch 1703, test loss = 3.8003
...model saved to 15_exp/models/FloydWarshallDataset_tropical_0.0001_20000_20260225_015437_relu_best.pth...20260225_021429
At epoch 1704, test loss = 3.7998
...model saved to 15_exp/models/FloydWarshallDataset_tropical_0.0001_20000_20260225_015437_relu_best.pth...20260225_021430
At epoch 1708, test loss = 3.7887
...model saved to 15_exp/models/FloydWarshallDataset_tropical_0.0001_20000_20260225_015437_relu_best.pth...20260225_021433
At epoch 1710, test loss = 3.7760
...model saved to 15_exp/models/FloydWarshallDataset_tropical_0.0001_20000_20260225_015437_relu_best.pth...20260225_021434
At epoch 1715, test loss = 3.7758
...model saved to 15_exp/models/FloydWarshallDataset_tropical_0.0001_20000_20260225_015437_relu_best.pth...20260225_021438
At epoch 1716, test loss = 3.7591
...model saved to 15_exp/models/FloydWarshallDataset_tropical_0.0001_20000_20260225_015437_relu_best.pth...20260225_021439
At epoch 1721, test loss = 3.7457
...model saved to 15_exp/models/FloydWarshallDataset_tropical_0.0001_20000_20260225_015437_relu_best.pth...20260225_021442
At epoch 1725, test loss = 3.7421
...model saved to 15_exp/models/FloydWarshallDataset_tropical_0.0001_20000_20260225_015437_relu_best.pth...20260225_021445
At epoch 1733, test loss = 3.7411
...model saved to 15_exp/models/FloydWarshallDataset_tropical_0.0001_20000_20260225_015437_relu_best.pth...20260225_021450
At epoch 1734, test loss = 3.7127
...model saved to 15_exp/models/FloydWarshallDataset_tropical_0.0001_20000_20260225_015437_relu_best.pth...20260225_021451
At epoch 1746, test loss = 3.6965
...model saved to 15_exp/models/FloydWarshallDataset_tropical_0.0001_20000_20260225_015437_relu_best.pth...20260225_021459
At epoch 1749, test loss = 3.6843
...model saved to 15_exp/models/FloydWarshallDataset_tropical_0.0001_20000_20260225_015437_relu_best.pth...20260225_021501
At epoch 1750, test loss = 3.6806
...model saved to 15_exp/models/FloydWarshallDataset_tropical_0.0001_20000_20260225_015437_relu_best.pth...20260225_021501
At epoch 1751, test loss = 3.6701
...model saved to 15_exp/models/FloydWarshallDataset_tropical_0.0001_20000_20260225_015437_relu_best.pth...20260225_021502
At epoch 1753, test loss = 3.6690
...model saved to 15_exp/models/FloydWarshallDataset_tropical_0.0001_20000_20260225_015437_relu_best.pth...20260225_021503
At epoch 1755, test loss = 3.6686
...model saved to 15_exp/models/FloydWarshallDataset_tropical_0.0001_20000_20260225_015437_relu_best.pth...20260225_021505
At epoch 1756, test loss = 3.6675
...model saved to 15_exp/models/FloydWarshallDataset_tropical_0.0001_20000_20260225_015437_relu_best.pth...20260225_021505
At epoch 1758, test loss = 3.6572
...model saved to 15_exp/models/FloydWarshallDataset_tropical_0.0001_20000_20260225_015437_relu_best.pth...20260225_021507
At epoch 1759, test loss = 3.6567
...model saved to 15_exp/models/FloydWarshallDataset_tropical_0.0001_20000_20260225_015437_relu_best.pth...20260225_021507
At epoch 1760, test loss = 3.6551
...model saved to 15_exp/models/FloydWarshallDataset_tropical_0.0001_20000_20260225_015437_relu_best.pth...20260225_021508
At epoch 1761, test loss = 3.6496
...model saved to 15_exp/models/FloydWarshallDataset_tropical_0.0001_20000_20260225_015437_relu_best.pth...20260225_021509
At epoch 1767, test loss = 3.6408
...model saved to 15_exp/models/FloydWarshallDataset_tropical_0.0001_20000_20260225_015437_relu_best.pth...20260225_021513
At epoch 1768, test loss = 3.6388
...model saved to 15_exp/models/FloydWarshallDataset_tropical_0.0001_20000_20260225_015437_relu_best.pth...20260225_021513
At epoch 1770, test loss = 3.6354
...model saved to 15_exp/models/FloydWarshallDataset_tropical_0.0001_20000_20260225_015437_relu_best.pth...20260225_021515
At epoch 1771, test loss = 3.6342
...model saved to 15_exp/models/FloydWarshallDataset_tropical_0.0001_20000_20260225_015437_relu_best.pth...20260225_021515
At epoch 1772, test loss = 3.6248
...model saved to 15_exp/models/FloydWarshallDataset_tropical_0.0001_20000_20260225_015437_relu_best.pth...20260225_021516
At epoch 1775, test loss = 3.6143
...model saved to 15_exp/models/FloydWarshallDataset_tropical_0.0001_20000_20260225_015437_relu_best.pth...20260225_021518
At epoch 1780, test loss = 3.6079
...model saved to 15_exp/models/FloydWarshallDataset_tropical_0.0001_20000_20260225_015437_relu_best.pth...20260225_021521
At epoch 1783, test loss = 3.5972
...model saved to 15_exp/models/FloydWarshallDataset_tropical_0.0001_20000_20260225_015437_relu_best.pth...20260225_021523
At epoch 1784, test loss = 3.5949
...model saved to 15_exp/models/FloydWarshallDataset_tropical_0.0001_20000_20260225_015437_relu_best.pth...20260225_021524
At epoch 1789, test loss = 3.5943
...model saved to 15_exp/models/FloydWarshallDataset_tropical_0.0001_20000_20260225_015437_relu_best.pth...20260225_021527
At epoch 1792, test loss = 3.5829
...model saved to 15_exp/models/FloydWarshallDataset_tropical_0.0001_20000_20260225_015437_relu_best.pth...20260225_021529
At epoch 1794, test loss = 3.5755
...model saved to 15_exp/models/FloydWarshallDataset_tropical_0.0001_20000_20260225_015437_relu_best.pth...20260225_021531
At epoch 1796, test loss = 3.5711
...model saved to 15_exp/models/FloydWarshallDataset_tropical_0.0001_20000_20260225_015437_relu_best.pth...20260225_021532
At epoch 1797, test loss = 3.5706
...model saved to 15_exp/models/FloydWarshallDataset_tropical_0.0001_20000_20260225_015437_relu_best.pth...20260225_021533
At epoch 1799, test loss = 3.5646
...model saved to 15_exp/models/FloydWarshallDataset_tropical_0.0001_20000_20260225_015437_relu_best.pth...20260225_021534
At epoch 1800, test loss = 3.5555
...model saved to 15_exp/models/FloydWarshallDataset_tropical_0.0001_20000_20260225_015437_relu_best.pth...20260225_021535
At epoch 1802, test loss = 3.5500
...model saved to 15_exp/models/FloydWarshallDataset_tropical_0.0001_20000_20260225_015437_relu_best.pth...20260225_021536
At epoch 1808, test loss = 3.5433
...model saved to 15_exp/models/FloydWarshallDataset_tropical_0.0001_20000_20260225_015437_relu_best.pth...20260225_021540
At epoch 1809, test loss = 3.5303
...model saved to 15_exp/models/FloydWarshallDataset_tropical_0.0001_20000_20260225_015437_relu_best.pth...20260225_021541
At epoch 1816, test loss = 3.5264
...model saved to 15_exp/models/FloydWarshallDataset_tropical_0.0001_20000_20260225_015437_relu_best.pth...20260225_021546
At epoch 1818, test loss = 3.5212
...model saved to 15_exp/models/FloydWarshallDataset_tropical_0.0001_20000_20260225_015437_relu_best.pth...20260225_021547
At epoch 1819, test loss = 3.5086
...model saved to 15_exp/models/FloydWarshallDataset_tropical_0.0001_20000_20260225_015437_relu_best.pth...20260225_021548
At epoch 1828, test loss = 3.5021
...model saved to 15_exp/models/FloydWarshallDataset_tropical_0.0001_20000_20260225_015437_relu_best.pth...20260225_021555
At epoch 1831, test loss = 3.4960
...model saved to 15_exp/models/FloydWarshallDataset_tropical_0.0001_20000_20260225_015437_relu_best.pth...20260225_021557
At epoch 1835, test loss = 3.4815
...model saved to 15_exp/models/FloydWarshallDataset_tropical_0.0001_20000_20260225_015437_relu_best.pth...20260225_021600
At epoch 1837, test loss = 3.4810
...model saved to 15_exp/models/FloydWarshallDataset_tropical_0.0001_20000_20260225_015437_relu_best.pth...20260225_021601
At epoch 1844, test loss = 3.4722
...model saved to 15_exp/models/FloydWarshallDataset_tropical_0.0001_20000_20260225_015437_relu_best.pth...20260225_021606
At epoch 1845, test loss = 3.4610
...model saved to 15_exp/models/FloydWarshallDataset_tropical_0.0001_20000_20260225_015437_relu_best.pth...20260225_021607
At epoch 1849, test loss = 3.4546
...model saved to 15_exp/models/FloydWarshallDataset_tropical_0.0001_20000_20260225_015437_relu_best.pth...20260225_021610
At epoch 1851, test loss = 3.4526
...model saved to 15_exp/models/FloydWarshallDataset_tropical_0.0001_20000_20260225_015437_relu_best.pth...20260225_021611
At epoch 1852, test loss = 3.4476
...model saved to 15_exp/models/FloydWarshallDataset_tropical_0.0001_20000_20260225_015437_relu_best.pth...20260225_021612
At epoch 1858, test loss = 3.4377
...model saved to 15_exp/models/FloydWarshallDataset_tropical_0.0001_20000_20260225_015437_relu_best.pth...20260225_021616
At epoch 1860, test loss = 3.4177
...model saved to 15_exp/models/FloydWarshallDataset_tropical_0.0001_20000_20260225_015437_relu_best.pth...20260225_021618
At epoch 1869, test loss = 3.4091
...model saved to 15_exp/models/FloydWarshallDataset_tropical_0.0001_20000_20260225_015437_relu_best.pth...20260225_021624
At epoch 1876, test loss = 3.3971
...model saved to 15_exp/models/FloydWarshallDataset_tropical_0.0001_20000_20260225_015437_relu_best.pth...20260225_021629
At epoch 1881, test loss = 3.3966
...model saved to 15_exp/models/FloydWarshallDataset_tropical_0.0001_20000_20260225_015437_relu_best.pth...20260225_021633
At epoch 1882, test loss = 3.3902
...model saved to 15_exp/models/FloydWarshallDataset_tropical_0.0001_20000_20260225_015437_relu_best.pth...20260225_021634
At epoch 1885, test loss = 3.3867
...model saved to 15_exp/models/FloydWarshallDataset_tropical_0.0001_20000_20260225_015437_relu_best.pth...20260225_021636
At epoch 1890, test loss = 3.3711
...model saved to 15_exp/models/FloydWarshallDataset_tropical_0.0001_20000_20260225_015437_relu_best.pth...20260225_021639
At epoch 1893, test loss = 3.3644
...model saved to 15_exp/models/FloydWarshallDataset_tropical_0.0001_20000_20260225_015437_relu_best.pth...20260225_021642
At epoch 1895, test loss = 3.3636
...model saved to 15_exp/models/FloydWarshallDataset_tropical_0.0001_20000_20260225_015437_relu_best.pth...20260225_021643
At epoch 1901, test loss = 3.3525
...model saved to 15_exp/models/FloydWarshallDataset_tropical_0.0001_20000_20260225_015437_relu_best.pth...20260225_021647
At epoch 1907, test loss = 3.3365
...model saved to 15_exp/models/FloydWarshallDataset_tropical_0.0001_20000_20260225_015437_relu_best.pth...20260225_021652
At epoch 1914, test loss = 3.3286
...model saved to 15_exp/models/FloydWarshallDataset_tropical_0.0001_20000_20260225_015437_relu_best.pth...20260225_021657
At epoch 1921, test loss = 3.3227
...model saved to 15_exp/models/FloydWarshallDataset_tropical_0.0001_20000_20260225_015437_relu_best.pth...20260225_021702
At epoch 1922, test loss = 3.3130
...model saved to 15_exp/models/FloydWarshallDataset_tropical_0.0001_20000_20260225_015437_relu_best.pth...20260225_021702
At epoch 1927, test loss = 3.3129
...model saved to 15_exp/models/FloydWarshallDataset_tropical_0.0001_20000_20260225_015437_relu_best.pth...20260225_021706
At epoch 1928, test loss = 3.3042
...model saved to 15_exp/models/FloydWarshallDataset_tropical_0.0001_20000_20260225_015437_relu_best.pth...20260225_021707
At epoch 1934, test loss = 3.2846
...model saved to 15_exp/models/FloydWarshallDataset_tropical_0.0001_20000_20260225_015437_relu_best.pth...20260225_021711
At epoch 1939, test loss = 3.2829
...model saved to 15_exp/models/FloydWarshallDataset_tropical_0.0001_20000_20260225_015437_relu_best.pth...20260225_021715
At epoch 1942, test loss = 3.2792
...model saved to 15_exp/models/FloydWarshallDataset_tropical_0.0001_20000_20260225_015437_relu_best.pth...20260225_021717
At epoch 1943, test loss = 3.2751
...model saved to 15_exp/models/FloydWarshallDataset_tropical_0.0001_20000_20260225_015437_relu_best.pth...20260225_021718
At epoch 1949, test loss = 3.2719
...model saved to 15_exp/models/FloydWarshallDataset_tropical_0.0001_20000_20260225_015437_relu_best.pth...20260225_021722
At epoch 1950, test loss = 3.2715
...model saved to 15_exp/models/FloydWarshallDataset_tropical_0.0001_20000_20260225_015437_relu_best.pth...20260225_021723
At epoch 1951, test loss = 3.2576
...model saved to 15_exp/models/FloydWarshallDataset_tropical_0.0001_20000_20260225_015437_relu_best.pth...20260225_021723
At epoch 1961, test loss = 3.2576
...model saved to 15_exp/models/FloydWarshallDataset_tropical_0.0001_20000_20260225_015437_relu_best.pth...20260225_021730
At epoch 1962, test loss = 3.2498
...model saved to 15_exp/models/FloydWarshallDataset_tropical_0.0001_20000_20260225_015437_relu_best.pth...20260225_021731
At epoch 1963, test loss = 3.2446
...model saved to 15_exp/models/FloydWarshallDataset_tropical_0.0001_20000_20260225_015437_relu_best.pth...20260225_021732
At epoch 1966, test loss = 3.2385
...model saved to 15_exp/models/FloydWarshallDataset_tropical_0.0001_20000_20260225_015437_relu_best.pth...20260225_021734
At epoch 1970, test loss = 3.2374
...model saved to 15_exp/models/FloydWarshallDataset_tropical_0.0001_20000_20260225_015437_relu_best.pth...20260225_021737
At epoch 1973, test loss = 3.2319
...model saved to 15_exp/models/FloydWarshallDataset_tropical_0.0001_20000_20260225_015437_relu_best.pth...20260225_021739
At epoch 1976, test loss = 3.2211
...model saved to 15_exp/models/FloydWarshallDataset_tropical_0.0001_20000_20260225_015437_relu_best.pth...20260225_021741
At epoch 1977, test loss = 3.2152
...model saved to 15_exp/models/FloydWarshallDataset_tropical_0.0001_20000_20260225_015437_relu_best.pth...20260225_021742
At epoch 1983, test loss = 3.2085
...model saved to 15_exp/models/FloydWarshallDataset_tropical_0.0001_20000_20260225_015437_relu_best.pth...20260225_021746
At epoch 1984, test loss = 3.2024
...model saved to 15_exp/models/FloydWarshallDataset_tropical_0.0001_20000_20260225_015437_relu_best.pth...20260225_021747
At epoch 1991, test loss = 3.2001
...model saved to 15_exp/models/FloydWarshallDataset_tropical_0.0001_20000_20260225_015437_relu_best.pth...20260225_021752
At epoch 1996, test loss = 3.1999
...model saved to 15_exp/models/FloydWarshallDataset_tropical_0.0001_20000_20260225_015437_relu_best.pth...20260225_021755
At epoch 1998, test loss = 3.1796
...model saved to 15_exp/models/FloydWarshallDataset_tropical_0.0001_20000_20260225_015437_relu_best.pth...20260225_021757
At epoch 2009, test loss = 3.1764
...model saved to 15_exp/models/FloydWarshallDataset_tropical_0.0001_20000_20260225_015437_relu_best.pth...20260225_021804
At epoch 2010, test loss = 3.1720
...model saved to 15_exp/models/FloydWarshallDataset_tropical_0.0001_20000_20260225_015437_relu_best.pth...20260225_021805
At epoch 2015, test loss = 3.1655
...model saved to 15_exp/models/FloydWarshallDataset_tropical_0.0001_20000_20260225_015437_relu_best.pth...20260225_021809
At epoch 2017, test loss = 3.1636
...model saved to 15_exp/models/FloydWarshallDataset_tropical_0.0001_20000_20260225_015437_relu_best.pth...20260225_021810
At epoch 2022, test loss = 3.1590
...model saved to 15_exp/models/FloydWarshallDataset_tropical_0.0001_20000_20260225_015437_relu_best.pth...20260225_021813
At epoch 2027, test loss = 3.1396
...model saved to 15_exp/models/FloydWarshallDataset_tropical_0.0001_20000_20260225_015437_relu_best.pth...20260225_021817
At epoch 2030, test loss = 3.1351
...model saved to 15_exp/models/FloydWarshallDataset_tropical_0.0001_20000_20260225_015437_relu_best.pth...20260225_021819
At epoch 2035, test loss = 3.1267
...model saved to 15_exp/models/FloydWarshallDataset_tropical_0.0001_20000_20260225_015437_relu_best.pth...20260225_021822
At epoch 2037, test loss = 3.1243
...model saved to 15_exp/models/FloydWarshallDataset_tropical_0.0001_20000_20260225_015437_relu_best.pth...20260225_021823
At epoch 2043, test loss = 3.1174
...model saved to 15_exp/models/FloydWarshallDataset_tropical_0.0001_20000_20260225_015437_relu_best.pth...20260225_021828
At epoch 2049, test loss = 3.1140
...model saved to 15_exp/models/FloydWarshallDataset_tropical_0.0001_20000_20260225_015437_relu_best.pth...20260225_021832
At epoch 2053, test loss = 3.0863
...model saved to 15_exp/models/FloydWarshallDataset_tropical_0.0001_20000_20260225_015437_relu_best.pth...20260225_021835
At epoch 2066, test loss = 3.0759
...model saved to 15_exp/models/FloydWarshallDataset_tropical_0.0001_20000_20260225_015437_relu_best.pth...20260225_021843
At epoch 2075, test loss = 3.0722
...model saved to 15_exp/models/FloydWarshallDataset_tropical_0.0001_20000_20260225_015437_relu_best.pth...20260225_021849
At epoch 2077, test loss = 3.0593
...model saved to 15_exp/models/FloydWarshallDataset_tropical_0.0001_20000_20260225_015437_relu_best.pth...20260225_021851
At epoch 2078, test loss = 3.0563
...model saved to 15_exp/models/FloydWarshallDataset_tropical_0.0001_20000_20260225_015437_relu_best.pth...20260225_021851
At epoch 2086, test loss = 3.0505
...model saved to 15_exp/models/FloydWarshallDataset_tropical_0.0001_20000_20260225_015437_relu_best.pth...20260225_021857
At epoch 2094, test loss = 3.0434
...model saved to 15_exp/models/FloydWarshallDataset_tropical_0.0001_20000_20260225_015437_relu_best.pth...20260225_021902
At epoch 2100, test loss = 3.0410
...model saved to 15_exp/models/FloydWarshallDataset_tropical_0.0001_20000_20260225_015437_relu_best.pth...20260225_021906
At epoch 2107, test loss = 3.0263
...model saved to 15_exp/models/FloydWarshallDataset_tropical_0.0001_20000_20260225_015437_relu_best.pth...20260225_021911
At epoch 2111, test loss = 3.0248
...model saved to 15_exp/models/FloydWarshallDataset_tropical_0.0001_20000_20260225_015437_relu_best.pth...20260225_021913
At epoch 2114, test loss = 3.0237
...model saved to 15_exp/models/FloydWarshallDataset_tropical_0.0001_20000_20260225_015437_relu_best.pth...20260225_021915
At epoch 2121, test loss = 3.0052
...model saved to 15_exp/models/FloydWarshallDataset_tropical_0.0001_20000_20260225_015437_relu_best.pth...20260225_021920
At epoch 2124, test loss = 2.9980
...model saved to 15_exp/models/FloydWarshallDataset_tropical_0.0001_20000_20260225_015437_relu_best.pth...20260225_021922
At epoch 2129, test loss = 2.9961
...model saved to 15_exp/models/FloydWarshallDataset_tropical_0.0001_20000_20260225_015437_relu_best.pth...20260225_021925
At epoch 2134, test loss = 2.9899
...model saved to 15_exp/models/FloydWarshallDataset_tropical_0.0001_20000_20260225_015437_relu_best.pth...20260225_021928
At epoch 2135, test loss = 2.9833
...model saved to 15_exp/models/FloydWarshallDataset_tropical_0.0001_20000_20260225_015437_relu_best.pth...20260225_021929
At epoch 2143, test loss = 2.9752
...model saved to 15_exp/models/FloydWarshallDataset_tropical_0.0001_20000_20260225_015437_relu_best.pth...20260225_021934
At epoch 2145, test loss = 2.9720
...model saved to 15_exp/models/FloydWarshallDataset_tropical_0.0001_20000_20260225_015437_relu_best.pth...20260225_021936
At epoch 2146, test loss = 2.9687
...model saved to 15_exp/models/FloydWarshallDataset_tropical_0.0001_20000_20260225_015437_relu_best.pth...20260225_021936
At epoch 2152, test loss = 2.9570
...model saved to 15_exp/models/FloydWarshallDataset_tropical_0.0001_20000_20260225_015437_relu_best.pth...20260225_021940
At epoch 2158, test loss = 2.9558
...model saved to 15_exp/models/FloydWarshallDataset_tropical_0.0001_20000_20260225_015437_relu_best.pth...20260225_021944
At epoch 2164, test loss = 2.9503
...model saved to 15_exp/models/FloydWarshallDataset_tropical_0.0001_20000_20260225_015437_relu_best.pth...20260225_021948
At epoch 2165, test loss = 2.9457
...model saved to 15_exp/models/FloydWarshallDataset_tropical_0.0001_20000_20260225_015437_relu_best.pth...20260225_021949
At epoch 2167, test loss = 2.9368
...model saved to 15_exp/models/FloydWarshallDataset_tropical_0.0001_20000_20260225_015437_relu_best.pth...20260225_021950
At epoch 2176, test loss = 2.9293
...model saved to 15_exp/models/FloydWarshallDataset_tropical_0.0001_20000_20260225_015437_relu_best.pth...20260225_021956
At epoch 2178, test loss = 2.9287
...model saved to 15_exp/models/FloydWarshallDataset_tropical_0.0001_20000_20260225_015437_relu_best.pth...20260225_021957
At epoch 2179, test loss = 2.9224
...model saved to 15_exp/models/FloydWarshallDataset_tropical_0.0001_20000_20260225_015437_relu_best.pth...20260225_021958
At epoch 2180, test loss = 2.9216
...model saved to 15_exp/models/FloydWarshallDataset_tropical_0.0001_20000_20260225_015437_relu_best.pth...20260225_021959
At epoch 2188, test loss = 2.9192
...model saved to 15_exp/models/FloydWarshallDataset_tropical_0.0001_20000_20260225_015437_relu_best.pth...20260225_022004
At epoch 2191, test loss = 2.9087
...model saved to 15_exp/models/FloydWarshallDataset_tropical_0.0001_20000_20260225_015437_relu_best.pth...20260225_022006
At epoch 2200, test loss = 2.9014
...model saved to 15_exp/models/FloydWarshallDataset_tropical_0.0001_20000_20260225_015437_relu_best.pth...20260225_022012
At epoch 2208, test loss = 2.9001
...model saved to 15_exp/models/FloydWarshallDataset_tropical_0.0001_20000_20260225_015437_relu_best.pth...20260225_022017
At epoch 2211, test loss = 2.8832
...model saved to 15_exp/models/FloydWarshallDataset_tropical_0.0001_20000_20260225_015437_relu_best.pth...20260225_022019
At epoch 2218, test loss = 2.8795
...model saved to 15_exp/models/FloydWarshallDataset_tropical_0.0001_20000_20260225_015437_relu_best.pth...20260225_022024
At epoch 2220, test loss = 2.8785
...model saved to 15_exp/models/FloydWarshallDataset_tropical_0.0001_20000_20260225_015437_relu_best.pth...20260225_022025
At epoch 2227, test loss = 2.8747
...model saved to 15_exp/models/FloydWarshallDataset_tropical_0.0001_20000_20260225_015437_relu_best.pth...20260225_022030
At epoch 2229, test loss = 2.8700
...model saved to 15_exp/models/FloydWarshallDataset_tropical_0.0001_20000_20260225_015437_relu_best.pth...20260225_022031
At epoch 2230, test loss = 2.8662
...model saved to 15_exp/models/FloydWarshallDataset_tropical_0.0001_20000_20260225_015437_relu_best.pth...20260225_022032
At epoch 2232, test loss = 2.8597
...model saved to 15_exp/models/FloydWarshallDataset_tropical_0.0001_20000_20260225_015437_relu_best.pth...20260225_022033
At epoch 2236, test loss = 2.8559
...model saved to 15_exp/models/FloydWarshallDataset_tropical_0.0001_20000_20260225_015437_relu_best.pth...20260225_022036
At epoch 2243, test loss = 2.8542
...model saved to 15_exp/models/FloydWarshallDataset_tropical_0.0001_20000_20260225_015437_relu_best.pth...20260225_022041
At epoch 2245, test loss = 2.8522
...model saved to 15_exp/models/FloydWarshallDataset_tropical_0.0001_20000_20260225_015437_relu_best.pth...20260225_022042
At epoch 2248, test loss = 2.8470
...model saved to 15_exp/models/FloydWarshallDataset_tropical_0.0001_20000_20260225_015437_relu_best.pth...20260225_022044
At epoch 2250, test loss = 2.8467
...model saved to 15_exp/models/FloydWarshallDataset_tropical_0.0001_20000_20260225_015437_relu_best.pth...20260225_022045
At epoch 2254, test loss = 2.8451
...model saved to 15_exp/models/FloydWarshallDataset_tropical_0.0001_20000_20260225_015437_relu_best.pth...20260225_022048
At epoch 2259, test loss = 2.8408
...model saved to 15_exp/models/FloydWarshallDataset_tropical_0.0001_20000_20260225_015437_relu_best.pth...20260225_022051
At epoch 2260, test loss = 2.8378
...model saved to 15_exp/models/FloydWarshallDataset_tropical_0.0001_20000_20260225_015437_relu_best.pth...20260225_022052
At epoch 2261, test loss = 2.8314
...model saved to 15_exp/models/FloydWarshallDataset_tropical_0.0001_20000_20260225_015437_relu_best.pth...20260225_022052
At epoch 2265, test loss = 2.8279
...model saved to 15_exp/models/FloydWarshallDataset_tropical_0.0001_20000_20260225_015437_relu_best.pth...20260225_022055
At epoch 2269, test loss = 2.8264
...model saved to 15_exp/models/FloydWarshallDataset_tropical_0.0001_20000_20260225_015437_relu_best.pth...20260225_022058
At epoch 2275, test loss = 2.8192
...model saved to 15_exp/models/FloydWarshallDataset_tropical_0.0001_20000_20260225_015437_relu_best.pth...20260225_022102
At epoch 2283, test loss = 2.8149
...model saved to 15_exp/models/FloydWarshallDataset_tropical_0.0001_20000_20260225_015437_relu_best.pth...20260225_022107
At epoch 2285, test loss = 2.8146
...model saved to 15_exp/models/FloydWarshallDataset_tropical_0.0001_20000_20260225_015437_relu_best.pth...20260225_022108
At epoch 2287, test loss = 2.8103
...model saved to 15_exp/models/FloydWarshallDataset_tropical_0.0001_20000_20260225_015437_relu_best.pth...20260225_022110
At epoch 2288, test loss = 2.8022
...model saved to 15_exp/models/FloydWarshallDataset_tropical_0.0001_20000_20260225_015437_relu_best.pth...20260225_022110
At epoch 2290, test loss = 2.8005
...model saved to 15_exp/models/FloydWarshallDataset_tropical_0.0001_20000_20260225_015437_relu_best.pth...20260225_022112
At epoch 2293, test loss = 2.7983
...model saved to 15_exp/models/FloydWarshallDataset_tropical_0.0001_20000_20260225_015437_relu_best.pth...20260225_022114
At epoch 2296, test loss = 2.7945
...model saved to 15_exp/models/FloydWarshallDataset_tropical_0.0001_20000_20260225_015437_relu_best.pth...20260225_022116
At epoch 2298, test loss = 2.7891
...model saved to 15_exp/models/FloydWarshallDataset_tropical_0.0001_20000_20260225_015437_relu_best.pth...20260225_022117
At epoch 2301, test loss = 2.7891
...model saved to 15_exp/models/FloydWarshallDataset_tropical_0.0001_20000_20260225_015437_relu_best.pth...20260225_022119
At epoch 2304, test loss = 2.7815
...model saved to 15_exp/models/FloydWarshallDataset_tropical_0.0001_20000_20260225_015437_relu_best.pth...20260225_022121
At epoch 2315, test loss = 2.7807
...model saved to 15_exp/models/FloydWarshallDataset_tropical_0.0001_20000_20260225_015437_relu_best.pth...20260225_022128
At epoch 2318, test loss = 2.7751
...model saved to 15_exp/models/FloydWarshallDataset_tropical_0.0001_20000_20260225_015437_relu_best.pth...20260225_022130
At epoch 2320, test loss = 2.7722
...model saved to 15_exp/models/FloydWarshallDataset_tropical_0.0001_20000_20260225_015437_relu_best.pth...20260225_022131
At epoch 2324, test loss = 2.7650
...model saved to 15_exp/models/FloydWarshallDataset_tropical_0.0001_20000_20260225_015437_relu_best.pth...20260225_022134
At epoch 2326, test loss = 2.7556
...model saved to 15_exp/models/FloydWarshallDataset_tropical_0.0001_20000_20260225_015437_relu_best.pth...20260225_022135
At epoch 2338, test loss = 2.7451
...model saved to 15_exp/models/FloydWarshallDataset_tropical_0.0001_20000_20260225_015437_relu_best.pth...20260225_022143
At epoch 2345, test loss = 2.7343
...model saved to 15_exp/models/FloydWarshallDataset_tropical_0.0001_20000_20260225_015437_relu_best.pth...20260225_022148
At epoch 2354, test loss = 2.7334
...model saved to 15_exp/models/FloydWarshallDataset_tropical_0.0001_20000_20260225_015437_relu_best.pth...20260225_022154
At epoch 2357, test loss = 2.7283
...model saved to 15_exp/models/FloydWarshallDataset_tropical_0.0001_20000_20260225_015437_relu_best.pth...20260225_022156
At epoch 2368, test loss = 2.7211
...model saved to 15_exp/models/FloydWarshallDataset_tropical_0.0001_20000_20260225_015437_relu_best.pth...20260225_022203
At epoch 2370, test loss = 2.7129
...model saved to 15_exp/models/FloydWarshallDataset_tropical_0.0001_20000_20260225_015437_relu_best.pth...20260225_022204
At epoch 2377, test loss = 2.6983
...model saved to 15_exp/models/FloydWarshallDataset_tropical_0.0001_20000_20260225_015437_relu_best.pth...20260225_022209
At epoch 2395, test loss = 2.6974
...model saved to 15_exp/models/FloydWarshallDataset_tropical_0.0001_20000_20260225_015437_relu_best.pth...20260225_022221
At epoch 2396, test loss = 2.6891
...model saved to 15_exp/models/FloydWarshallDataset_tropical_0.0001_20000_20260225_015437_relu_best.pth...20260225_022222
At epoch 2405, test loss = 2.6836
...model saved to 15_exp/models/FloydWarshallDataset_tropical_0.0001_20000_20260225_015437_relu_best.pth...20260225_022227
At epoch 2410, test loss = 2.6819
...model saved to 15_exp/models/FloydWarshallDataset_tropical_0.0001_20000_20260225_015437_relu_best.pth...20260225_022231
At epoch 2414, test loss = 2.6799
...model saved to 15_exp/models/FloydWarshallDataset_tropical_0.0001_20000_20260225_015437_relu_best.pth...20260225_022233
At epoch 2418, test loss = 2.6729
...model saved to 15_exp/models/FloydWarshallDataset_tropical_0.0001_20000_20260225_015437_relu_best.pth...20260225_022236
At epoch 2424, test loss = 2.6666
...model saved to 15_exp/models/FloydWarshallDataset_tropical_0.0001_20000_20260225_015437_relu_best.pth...20260225_022240
At epoch 2425, test loss = 2.6662
...model saved to 15_exp/models/FloydWarshallDataset_tropical_0.0001_20000_20260225_015437_relu_best.pth...20260225_022241
At epoch 2428, test loss = 2.6656
...model saved to 15_exp/models/FloydWarshallDataset_tropical_0.0001_20000_20260225_015437_relu_best.pth...20260225_022243
At epoch 2437, test loss = 2.6631
...model saved to 15_exp/models/FloydWarshallDataset_tropical_0.0001_20000_20260225_015437_relu_best.pth...20260225_022249
At epoch 2438, test loss = 2.6616
...model saved to 15_exp/models/FloydWarshallDataset_tropical_0.0001_20000_20260225_015437_relu_best.pth...20260225_022249
At epoch 2439, test loss = 2.6584
...model saved to 15_exp/models/FloydWarshallDataset_tropical_0.0001_20000_20260225_015437_relu_best.pth...20260225_022250
At epoch 2445, test loss = 2.6502
...model saved to 15_exp/models/FloydWarshallDataset_tropical_0.0001_20000_20260225_015437_relu_best.pth...20260225_022254
At epoch 2449, test loss = 2.6453
...model saved to 15_exp/models/FloydWarshallDataset_tropical_0.0001_20000_20260225_015437_relu_best.pth...20260225_022257
At epoch 2454, test loss = 2.6382
...model saved to 15_exp/models/FloydWarshallDataset_tropical_0.0001_20000_20260225_015437_relu_best.pth...20260225_022300
At epoch 2469, test loss = 2.6247
...model saved to 15_exp/models/FloydWarshallDataset_tropical_0.0001_20000_20260225_015437_relu_best.pth...20260225_022310
At epoch 2480, test loss = 2.6239
...model saved to 15_exp/models/FloydWarshallDataset_tropical_0.0001_20000_20260225_015437_relu_best.pth...20260225_022317
At epoch 2484, test loss = 2.6175
...model saved to 15_exp/models/FloydWarshallDataset_tropical_0.0001_20000_20260225_015437_relu_best.pth...20260225_022320
At epoch 2490, test loss = 2.6149
...model saved to 15_exp/models/FloydWarshallDataset_tropical_0.0001_20000_20260225_015437_relu_best.pth...20260225_022324
At epoch 2495, test loss = 2.6098
...model saved to 15_exp/models/FloydWarshallDataset_tropical_0.0001_20000_20260225_015437_relu_best.pth...20260225_022327
At epoch 2498, test loss = 2.6068
...model saved to 15_exp/models/FloydWarshallDataset_tropical_0.0001_20000_20260225_015437_relu_best.pth...20260225_022329
At epoch 2501, test loss = 2.6023
...model saved to 15_exp/models/FloydWarshallDataset_tropical_0.0001_20000_20260225_015437_relu_best.pth...20260225_022331
At epoch 2502, test loss = 2.5997
...model saved to 15_exp/models/FloydWarshallDataset_tropical_0.0001_20000_20260225_015437_relu_best.pth...20260225_022332
At epoch 2503, test loss = 2.5930
...model saved to 15_exp/models/FloydWarshallDataset_tropical_0.0001_20000_20260225_015437_relu_best.pth...20260225_022332
At epoch 2519, test loss = 2.5871
...model saved to 15_exp/models/FloydWarshallDataset_tropical_0.0001_20000_20260225_015437_relu_best.pth...20260225_022343
At epoch 2522, test loss = 2.5836
...model saved to 15_exp/models/FloydWarshallDataset_tropical_0.0001_20000_20260225_015437_relu_best.pth...20260225_022345
At epoch 2528, test loss = 2.5834
...model saved to 15_exp/models/FloydWarshallDataset_tropical_0.0001_20000_20260225_015437_relu_best.pth...20260225_022349
At epoch 2534, test loss = 2.5788
...model saved to 15_exp/models/FloydWarshallDataset_tropical_0.0001_20000_20260225_015437_relu_best.pth...20260225_022353
At epoch 2536, test loss = 2.5664
...model saved to 15_exp/models/FloydWarshallDataset_tropical_0.0001_20000_20260225_015437_relu_best.pth...20260225_022355
At epoch 2545, test loss = 2.5649
...model saved to 15_exp/models/FloydWarshallDataset_tropical_0.0001_20000_20260225_015437_relu_best.pth...20260225_022401
At epoch 2548, test loss = 2.5618
...model saved to 15_exp/models/FloydWarshallDataset_tropical_0.0001_20000_20260225_015437_relu_best.pth...20260225_022403
At epoch 2559, test loss = 2.5609
...model saved to 15_exp/models/FloydWarshallDataset_tropical_0.0001_20000_20260225_015437_relu_best.pth...20260225_022411
At epoch 2561, test loss = 2.5582
...model saved to 15_exp/models/FloydWarshallDataset_tropical_0.0001_20000_20260225_015437_relu_best.pth...20260225_022412
At epoch 2565, test loss = 2.5551
...model saved to 15_exp/models/FloydWarshallDataset_tropical_0.0001_20000_20260225_015437_relu_best.pth...20260225_022415
At epoch 2567, test loss = 2.5501
...model saved to 15_exp/models/FloydWarshallDataset_tropical_0.0001_20000_20260225_015437_relu_best.pth...20260225_022417
At epoch 2575, test loss = 2.5468
...model saved to 15_exp/models/FloydWarshallDataset_tropical_0.0001_20000_20260225_015437_relu_best.pth...20260225_022422
At epoch 2580, test loss = 2.5407
...model saved to 15_exp/models/FloydWarshallDataset_tropical_0.0001_20000_20260225_015437_relu_best.pth...20260225_022426
At epoch 2588, test loss = 2.5354
...model saved to 15_exp/models/FloydWarshallDataset_tropical_0.0001_20000_20260225_015437_relu_best.pth...20260225_022432
At epoch 2594, test loss = 2.5286
...model saved to 15_exp/models/FloydWarshallDataset_tropical_0.0001_20000_20260225_015437_relu_best.pth...20260225_022436
At epoch 2599, test loss = 2.5190
...model saved to 15_exp/models/FloydWarshallDataset_tropical_0.0001_20000_20260225_015437_relu_best.pth...20260225_022440
At epoch 2614, test loss = 2.5165
...model saved to 15_exp/models/FloydWarshallDataset_tropical_0.0001_20000_20260225_015437_relu_best.pth...20260225_022451
At epoch 2615, test loss = 2.5068
...model saved to 15_exp/models/FloydWarshallDataset_tropical_0.0001_20000_20260225_015437_relu_best.pth...20260225_022451
At epoch 2618, test loss = 2.5032
...model saved to 15_exp/models/FloydWarshallDataset_tropical_0.0001_20000_20260225_015437_relu_best.pth...20260225_022453
At epoch 2623, test loss = 2.5027
...model saved to 15_exp/models/FloydWarshallDataset_tropical_0.0001_20000_20260225_015437_relu_best.pth...20260225_022457
At epoch 2627, test loss = 2.4953
...model saved to 15_exp/models/FloydWarshallDataset_tropical_0.0001_20000_20260225_015437_relu_best.pth...20260225_022459
At epoch 2637, test loss = 2.4914
...model saved to 15_exp/models/FloydWarshallDataset_tropical_0.0001_20000_20260225_015437_relu_best.pth...20260225_022506
At epoch 2644, test loss = 2.4841
...model saved to 15_exp/models/FloydWarshallDataset_tropical_0.0001_20000_20260225_015437_relu_best.pth...20260225_022511
At epoch 2665, test loss = 2.4812
...model saved to 15_exp/models/FloydWarshallDataset_tropical_0.0001_20000_20260225_015437_relu_best.pth...20260225_022525
At epoch 2673, test loss = 2.4719
...model saved to 15_exp/models/FloydWarshallDataset_tropical_0.0001_20000_20260225_015437_relu_best.pth...20260225_022531
At epoch 2678, test loss = 2.4675
...model saved to 15_exp/models/FloydWarshallDataset_tropical_0.0001_20000_20260225_015437_relu_best.pth...20260225_022534
At epoch 2681, test loss = 2.4618
...model saved to 15_exp/models/FloydWarshallDataset_tropical_0.0001_20000_20260225_015437_relu_best.pth...20260225_022536
At epoch 2687, test loss = 2.4556
...model saved to 15_exp/models/FloydWarshallDataset_tropical_0.0001_20000_20260225_015437_relu_best.pth...20260225_022540
At epoch 2704, test loss = 2.4410
...model saved to 15_exp/models/FloydWarshallDataset_tropical_0.0001_20000_20260225_015437_relu_best.pth...20260225_022551
At epoch 2716, test loss = 2.4363
...model saved to 15_exp/models/FloydWarshallDataset_tropical_0.0001_20000_20260225_015437_relu_best.pth...20260225_022600
At epoch 2721, test loss = 2.4353
...model saved to 15_exp/models/FloydWarshallDataset_tropical_0.0001_20000_20260225_015437_relu_best.pth...20260225_022604
At epoch 2729, test loss = 2.4258
...model saved to 15_exp/models/FloydWarshallDataset_tropical_0.0001_20000_20260225_015437_relu_best.pth...20260225_022610
At epoch 2740, test loss = 2.4155
...model saved to 15_exp/models/FloydWarshallDataset_tropical_0.0001_20000_20260225_015437_relu_best.pth...20260225_022618
At epoch 2743, test loss = 2.4125
...model saved to 15_exp/models/FloydWarshallDataset_tropical_0.0001_20000_20260225_015437_relu_best.pth...20260225_022620
At epoch 2764, test loss = 2.4038
...model saved to 15_exp/models/FloydWarshallDataset_tropical_0.0001_20000_20260225_015437_relu_best.pth...20260225_022635
At epoch 2768, test loss = 2.3982
...model saved to 15_exp/models/FloydWarshallDataset_tropical_0.0001_20000_20260225_015437_relu_best.pth...20260225_022638
At epoch 2778, test loss = 2.3888
...model saved to 15_exp/models/FloydWarshallDataset_tropical_0.0001_20000_20260225_015437_relu_best.pth...20260225_022645
At epoch 2791, test loss = 2.3872
...model saved to 15_exp/models/FloydWarshallDataset_tropical_0.0001_20000_20260225_015437_relu_best.pth...20260225_022654
At epoch 2793, test loss = 2.3862
...model saved to 15_exp/models/FloydWarshallDataset_tropical_0.0001_20000_20260225_015437_relu_best.pth...20260225_022656
At epoch 2794, test loss = 2.3851
...model saved to 15_exp/models/FloydWarshallDataset_tropical_0.0001_20000_20260225_015437_relu_best.pth...20260225_022656
At epoch 2797, test loss = 2.3821
...model saved to 15_exp/models/FloydWarshallDataset_tropical_0.0001_20000_20260225_015437_relu_best.pth...20260225_022658
At epoch 2799, test loss = 2.3754
...model saved to 15_exp/models/FloydWarshallDataset_tropical_0.0001_20000_20260225_015437_relu_best.pth...20260225_022700
At epoch 2800, test loss = 2.3690
...model saved to 15_exp/models/FloydWarshallDataset_tropical_0.0001_20000_20260225_015437_relu_best.pth...20260225_022700
At epoch 2812, test loss = 2.3681
...model saved to 15_exp/models/FloydWarshallDataset_tropical_0.0001_20000_20260225_015437_relu_best.pth...20260225_022708
At epoch 2819, test loss = 2.3665
...model saved to 15_exp/models/FloydWarshallDataset_tropical_0.0001_20000_20260225_015437_relu_best.pth...20260225_022713
At epoch 2825, test loss = 2.3631
...model saved to 15_exp/models/FloydWarshallDataset_tropical_0.0001_20000_20260225_015437_relu_best.pth...20260225_022717
At epoch 2830, test loss = 2.3594
...model saved to 15_exp/models/FloydWarshallDataset_tropical_0.0001_20000_20260225_015437_relu_best.pth...20260225_022720
At epoch 2831, test loss = 2.3509
...model saved to 15_exp/models/FloydWarshallDataset_tropical_0.0001_20000_20260225_015437_relu_best.pth...20260225_022721
At epoch 2843, test loss = 2.3472
...model saved to 15_exp/models/FloydWarshallDataset_tropical_0.0001_20000_20260225_015437_relu_best.pth...20260225_022729
At epoch 2850, test loss = 2.3466
...model saved to 15_exp/models/FloydWarshallDataset_tropical_0.0001_20000_20260225_015437_relu_best.pth...20260225_022734
At epoch 2858, test loss = 2.3360
...model saved to 15_exp/models/FloydWarshallDataset_tropical_0.0001_20000_20260225_015437_relu_best.pth...20260225_022740
At epoch 2864, test loss = 2.3341
...model saved to 15_exp/models/FloydWarshallDataset_tropical_0.0001_20000_20260225_015437_relu_best.pth...20260225_022744
At epoch 2874, test loss = 2.3219
...model saved to 15_exp/models/FloydWarshallDataset_tropical_0.0001_20000_20260225_015437_relu_best.pth...20260225_022751
At epoch 2893, test loss = 2.3152
...model saved to 15_exp/models/FloydWarshallDataset_tropical_0.0001_20000_20260225_015437_relu_best.pth...20260225_022805
At epoch 2904, test loss = 2.3103
...model saved to 15_exp/models/FloydWarshallDataset_tropical_0.0001_20000_20260225_015437_relu_best.pth...20260225_022812
At epoch 2908, test loss = 2.3068
...model saved to 15_exp/models/FloydWarshallDataset_tropical_0.0001_20000_20260225_015437_relu_best.pth...20260225_022815
At epoch 2914, test loss = 2.2999
...model saved to 15_exp/models/FloydWarshallDataset_tropical_0.0001_20000_20260225_015437_relu_best.pth...20260225_022819
At epoch 2919, test loss = 2.2991
...model saved to 15_exp/models/FloydWarshallDataset_tropical_0.0001_20000_20260225_015437_relu_best.pth...20260225_022823
At epoch 2925, test loss = 2.2989
...model saved to 15_exp/models/FloydWarshallDataset_tropical_0.0001_20000_20260225_015437_relu_best.pth...20260225_022827
At epoch 2935, test loss = 2.2918
...model saved to 15_exp/models/FloydWarshallDataset_tropical_0.0001_20000_20260225_015437_relu_best.pth...20260225_022834
At epoch 2937, test loss = 2.2908
...model saved to 15_exp/models/FloydWarshallDataset_tropical_0.0001_20000_20260225_015437_relu_best.pth...20260225_022835
At epoch 2944, test loss = 2.2848
...model saved to 15_exp/models/FloydWarshallDataset_tropical_0.0001_20000_20260225_015437_relu_best.pth...20260225_022840
At epoch 2959, test loss = 2.2802
...model saved to 15_exp/models/FloydWarshallDataset_tropical_0.0001_20000_20260225_015437_relu_best.pth...20260225_022850
At epoch 2968, test loss = 2.2759
...model saved to 15_exp/models/FloydWarshallDataset_tropical_0.0001_20000_20260225_015437_relu_best.pth...20260225_022857
At epoch 2973, test loss = 2.2690
...model saved to 15_exp/models/FloydWarshallDataset_tropical_0.0001_20000_20260225_015437_relu_best.pth...20260225_022900
At epoch 2979, test loss = 2.2592
...model saved to 15_exp/models/FloydWarshallDataset_tropical_0.0001_20000_20260225_015437_relu_best.pth...20260225_022904
At epoch 2994, test loss = 2.2590
...model saved to 15_exp/models/FloydWarshallDataset_tropical_0.0001_20000_20260225_015437_relu_best.pth...20260225_022915
At epoch 3003, test loss = 2.2557
...model saved to 15_exp/models/FloydWarshallDataset_tropical_0.0001_20000_20260225_015437_relu_best.pth...20260225_022921
At epoch 3006, test loss = 2.2511
...model saved to 15_exp/models/FloydWarshallDataset_tropical_0.0001_20000_20260225_015437_relu_best.pth...20260225_022923
At epoch 3015, test loss = 2.2467
...model saved to 15_exp/models/FloydWarshallDataset_tropical_0.0001_20000_20260225_015437_relu_best.pth...20260225_022930
At epoch 3024, test loss = 2.2443
...model saved to 15_exp/models/FloydWarshallDataset_tropical_0.0001_20000_20260225_015437_relu_best.pth...20260225_022936
At epoch 3028, test loss = 2.2392
...model saved to 15_exp/models/FloydWarshallDataset_tropical_0.0001_20000_20260225_015437_relu_best.pth...20260225_022939
At epoch 3038, test loss = 2.2348
...model saved to 15_exp/models/FloydWarshallDataset_tropical_0.0001_20000_20260225_015437_relu_best.pth...20260225_022946
At epoch 3043, test loss = 2.2318
...model saved to 15_exp/models/FloydWarshallDataset_tropical_0.0001_20000_20260225_015437_relu_best.pth...20260225_022949
At epoch 3050, test loss = 2.2264
...model saved to 15_exp/models/FloydWarshallDataset_tropical_0.0001_20000_20260225_015437_relu_best.pth...20260225_022954
At epoch 3057, test loss = 2.2263
...model saved to 15_exp/models/FloydWarshallDataset_tropical_0.0001_20000_20260225_015437_relu_best.pth...20260225_022959
At epoch 3058, test loss = 2.2219
...model saved to 15_exp/models/FloydWarshallDataset_tropical_0.0001_20000_20260225_015437_relu_best.pth...20260225_022959
At epoch 3071, test loss = 2.2208
...model saved to 15_exp/models/FloydWarshallDataset_tropical_0.0001_20000_20260225_015437_relu_best.pth...20260225_023008
At epoch 3074, test loss = 2.2201
...model saved to 15_exp/models/FloydWarshallDataset_tropical_0.0001_20000_20260225_015437_relu_best.pth...20260225_023010
At epoch 3076, test loss = 2.2170
...model saved to 15_exp/models/FloydWarshallDataset_tropical_0.0001_20000_20260225_015437_relu_best.pth...20260225_023011
At epoch 3079, test loss = 2.2146
...model saved to 15_exp/models/FloydWarshallDataset_tropical_0.0001_20000_20260225_015437_relu_best.pth...20260225_023013
At epoch 3085, test loss = 2.2076
...model saved to 15_exp/models/FloydWarshallDataset_tropical_0.0001_20000_20260225_015437_relu_best.pth...20260225_023017
At epoch 3091, test loss = 2.2062
...model saved to 15_exp/models/FloydWarshallDataset_tropical_0.0001_20000_20260225_015437_relu_best.pth...20260225_023021
At epoch 3095, test loss = 2.2043
...model saved to 15_exp/models/FloydWarshallDataset_tropical_0.0001_20000_20260225_015437_relu_best.pth...20260225_023024
At epoch 3097, test loss = 2.1978
...model saved to 15_exp/models/FloydWarshallDataset_tropical_0.0001_20000_20260225_015437_relu_best.pth...20260225_023025
At epoch 3111, test loss = 2.1935
...model saved to 15_exp/models/FloydWarshallDataset_tropical_0.0001_20000_20260225_015437_relu_best.pth...20260225_023035
At epoch 3112, test loss = 2.1921
...model saved to 15_exp/models/FloydWarshallDataset_tropical_0.0001_20000_20260225_015437_relu_best.pth...20260225_023035
At epoch 3120, test loss = 2.1804
...model saved to 15_exp/models/FloydWarshallDataset_tropical_0.0001_20000_20260225_015437_relu_best.pth...20260225_023041
At epoch 3140, test loss = 2.1735
...model saved to 15_exp/models/FloydWarshallDataset_tropical_0.0001_20000_20260225_015437_relu_best.pth...20260225_023054
At epoch 3154, test loss = 2.1719
...model saved to 15_exp/models/FloydWarshallDataset_tropical_0.0001_20000_20260225_015437_relu_best.pth...20260225_023103
At epoch 3155, test loss = 2.1633
...model saved to 15_exp/models/FloydWarshallDataset_tropical_0.0001_20000_20260225_015437_relu_best.pth...20260225_023104
At epoch 3164, test loss = 2.1623
...model saved to 15_exp/models/FloydWarshallDataset_tropical_0.0001_20000_20260225_015437_relu_best.pth...20260225_023110
At epoch 3174, test loss = 2.1574
...model saved to 15_exp/models/FloydWarshallDataset_tropical_0.0001_20000_20260225_015437_relu_best.pth...20260225_023116
At epoch 3177, test loss = 2.1568
...model saved to 15_exp/models/FloydWarshallDataset_tropical_0.0001_20000_20260225_015437_relu_best.pth...20260225_023118
At epoch 3179, test loss = 2.1548
...model saved to 15_exp/models/FloydWarshallDataset_tropical_0.0001_20000_20260225_015437_relu_best.pth...20260225_023120
At epoch 3182, test loss = 2.1529
...model saved to 15_exp/models/FloydWarshallDataset_tropical_0.0001_20000_20260225_015437_relu_best.pth...20260225_023122
At epoch 3183, test loss = 2.1523
...model saved to 15_exp/models/FloydWarshallDataset_tropical_0.0001_20000_20260225_015437_relu_best.pth...20260225_023122
At epoch 3188, test loss = 2.1480
...model saved to 15_exp/models/FloydWarshallDataset_tropical_0.0001_20000_20260225_015437_relu_best.pth...20260225_023126
At epoch 3189, test loss = 2.1456
...model saved to 15_exp/models/FloydWarshallDataset_tropical_0.0001_20000_20260225_015437_relu_best.pth...20260225_023126
At epoch 3195, test loss = 2.1415
...model saved to 15_exp/models/FloydWarshallDataset_tropical_0.0001_20000_20260225_015437_relu_best.pth...20260225_023130
At epoch 3200, test loss = 2.1381
...model saved to 15_exp/models/FloydWarshallDataset_tropical_0.0001_20000_20260225_015437_relu_best.pth...20260225_023133
At epoch 3202, test loss = 2.1312
...model saved to 15_exp/models/FloydWarshallDataset_tropical_0.0001_20000_20260225_015437_relu_best.pth...20260225_023135
At epoch 3211, test loss = 2.1237
...model saved to 15_exp/models/FloydWarshallDataset_tropical_0.0001_20000_20260225_015437_relu_best.pth...20260225_023141
At epoch 3222, test loss = 2.1204
...model saved to 15_exp/models/FloydWarshallDataset_tropical_0.0001_20000_20260225_015437_relu_best.pth...20260225_023148
At epoch 3225, test loss = 2.1146
...model saved to 15_exp/models/FloydWarshallDataset_tropical_0.0001_20000_20260225_015437_relu_best.pth...20260225_023150
At epoch 3236, test loss = 2.1136
...model saved to 15_exp/models/FloydWarshallDataset_tropical_0.0001_20000_20260225_015437_relu_best.pth...20260225_023157
At epoch 3237, test loss = 2.1129
...model saved to 15_exp/models/FloydWarshallDataset_tropical_0.0001_20000_20260225_015437_relu_best.pth...20260225_023158
At epoch 3242, test loss = 2.1125
...model saved to 15_exp/models/FloydWarshallDataset_tropical_0.0001_20000_20260225_015437_relu_best.pth...20260225_023201
At epoch 3243, test loss = 2.1108
...model saved to 15_exp/models/FloydWarshallDataset_tropical_0.0001_20000_20260225_015437_relu_best.pth...20260225_023202
At epoch 3245, test loss = 2.1099
...model saved to 15_exp/models/FloydWarshallDataset_tropical_0.0001_20000_20260225_015437_relu_best.pth...20260225_023203
At epoch 3246, test loss = 2.1038
...model saved to 15_exp/models/FloydWarshallDataset_tropical_0.0001_20000_20260225_015437_relu_best.pth...20260225_023204
At epoch 3251, test loss = 2.0974
...model saved to 15_exp/models/FloydWarshallDataset_tropical_0.0001_20000_20260225_015437_relu_best.pth...20260225_023207
At epoch 3252, test loss = 2.0928
...model saved to 15_exp/models/FloydWarshallDataset_tropical_0.0001_20000_20260225_015437_relu_best.pth...20260225_023208
At epoch 3259, test loss = 2.0914
...model saved to 15_exp/models/FloydWarshallDataset_tropical_0.0001_20000_20260225_015437_relu_best.pth...20260225_023213
At epoch 3267, test loss = 2.0875
...model saved to 15_exp/models/FloydWarshallDataset_tropical_0.0001_20000_20260225_015437_relu_best.pth...20260225_023218
At epoch 3268, test loss = 2.0825
...model saved to 15_exp/models/FloydWarshallDataset_tropical_0.0001_20000_20260225_015437_relu_best.pth...20260225_023219
At epoch 3276, test loss = 2.0793
...model saved to 15_exp/models/FloydWarshallDataset_tropical_0.0001_20000_20260225_015437_relu_best.pth...20260225_023224
At epoch 3280, test loss = 2.0771
...model saved to 15_exp/models/FloydWarshallDataset_tropical_0.0001_20000_20260225_015437_relu_best.pth...20260225_023227
At epoch 3283, test loss = 2.0726
...model saved to 15_exp/models/FloydWarshallDataset_tropical_0.0001_20000_20260225_015437_relu_best.pth...20260225_023229
At epoch 3292, test loss = 2.0691
...model saved to 15_exp/models/FloydWarshallDataset_tropical_0.0001_20000_20260225_015437_relu_best.pth...20260225_023235
At epoch 3296, test loss = 2.0660
...model saved to 15_exp/models/FloydWarshallDataset_tropical_0.0001_20000_20260225_015437_relu_best.pth...20260225_023237
At epoch 3299, test loss = 2.0632
...model saved to 15_exp/models/FloydWarshallDataset_tropical_0.0001_20000_20260225_015437_relu_best.pth...20260225_023239
At epoch 3302, test loss = 2.0583
...model saved to 15_exp/models/FloydWarshallDataset_tropical_0.0001_20000_20260225_015437_relu_best.pth...20260225_023241
At epoch 3307, test loss = 2.0565
...model saved to 15_exp/models/FloydWarshallDataset_tropical_0.0001_20000_20260225_015437_relu_best.pth...20260225_023245
At epoch 3310, test loss = 2.0542
...model saved to 15_exp/models/FloydWarshallDataset_tropical_0.0001_20000_20260225_015437_relu_best.pth...20260225_023247
At epoch 3312, test loss = 2.0541
...model saved to 15_exp/models/FloydWarshallDataset_tropical_0.0001_20000_20260225_015437_relu_best.pth...20260225_023248
At epoch 3315, test loss = 2.0443
...model saved to 15_exp/models/FloydWarshallDataset_tropical_0.0001_20000_20260225_015437_relu_best.pth...20260225_023250
At epoch 3322, test loss = 2.0385
...model saved to 15_exp/models/FloydWarshallDataset_tropical_0.0001_20000_20260225_015437_relu_best.pth...20260225_023255
At epoch 3331, test loss = 2.0326
...model saved to 15_exp/models/FloydWarshallDataset_tropical_0.0001_20000_20260225_015437_relu_best.pth...20260225_023301
At epoch 3339, test loss = 2.0321
...model saved to 15_exp/models/FloydWarshallDataset_tropical_0.0001_20000_20260225_015437_relu_best.pth...20260225_023306
At epoch 3347, test loss = 2.0291
...model saved to 15_exp/models/FloydWarshallDataset_tropical_0.0001_20000_20260225_015437_relu_best.pth...20260225_023311
At epoch 3355, test loss = 2.0240
...model saved to 15_exp/models/FloydWarshallDataset_tropical_0.0001_20000_20260225_015437_relu_best.pth...20260225_023317
At epoch 3356, test loss = 2.0219
...model saved to 15_exp/models/FloydWarshallDataset_tropical_0.0001_20000_20260225_015437_relu_best.pth...20260225_023317
At epoch 3359, test loss = 2.0167
...model saved to 15_exp/models/FloydWarshallDataset_tropical_0.0001_20000_20260225_015437_relu_best.pth...20260225_023319
At epoch 3369, test loss = 2.0124
...model saved to 15_exp/models/FloydWarshallDataset_tropical_0.0001_20000_20260225_015437_relu_best.pth...20260225_023326
At epoch 3370, test loss = 2.0098
...model saved to 15_exp/models/FloydWarshallDataset_tropical_0.0001_20000_20260225_015437_relu_best.pth...20260225_023327
At epoch 3374, test loss = 2.0069
...model saved to 15_exp/models/FloydWarshallDataset_tropical_0.0001_20000_20260225_015437_relu_best.pth...20260225_023329
At epoch 3379, test loss = 2.0060
...model saved to 15_exp/models/FloydWarshallDataset_tropical_0.0001_20000_20260225_015437_relu_best.pth...20260225_023333
At epoch 3385, test loss = 2.0043
...model saved to 15_exp/models/FloydWarshallDataset_tropical_0.0001_20000_20260225_015437_relu_best.pth...20260225_023337
At epoch 3389, test loss = 1.9972
...model saved to 15_exp/models/FloydWarshallDataset_tropical_0.0001_20000_20260225_015437_relu_best.pth...20260225_023339
At epoch 3390, test loss = 1.9965
...model saved to 15_exp/models/FloydWarshallDataset_tropical_0.0001_20000_20260225_015437_relu_best.pth...20260225_023340
At epoch 3397, test loss = 1.9957
...model saved to 15_exp/models/FloydWarshallDataset_tropical_0.0001_20000_20260225_015437_relu_best.pth...20260225_023345
At epoch 3401, test loss = 1.9945
...model saved to 15_exp/models/FloydWarshallDataset_tropical_0.0001_20000_20260225_015437_relu_best.pth...20260225_023347
At epoch 3407, test loss = 1.9939
...model saved to 15_exp/models/FloydWarshallDataset_tropical_0.0001_20000_20260225_015437_relu_best.pth...20260225_023351
At epoch 3409, test loss = 1.9881
...model saved to 15_exp/models/FloydWarshallDataset_tropical_0.0001_20000_20260225_015437_relu_best.pth...20260225_023353
At epoch 3410, test loss = 1.9860
...model saved to 15_exp/models/FloydWarshallDataset_tropical_0.0001_20000_20260225_015437_relu_best.pth...20260225_023353
At epoch 3427, test loss = 1.9828
...model saved to 15_exp/models/FloydWarshallDataset_tropical_0.0001_20000_20260225_015437_relu_best.pth...20260225_023404
At epoch 3433, test loss = 1.9789
...model saved to 15_exp/models/FloydWarshallDataset_tropical_0.0001_20000_20260225_015437_relu_best.pth...20260225_023409
At epoch 3436, test loss = 1.9752
...model saved to 15_exp/models/FloydWarshallDataset_tropical_0.0001_20000_20260225_015437_relu_best.pth...20260225_023410
At epoch 3437, test loss = 1.9748
...model saved to 15_exp/models/FloydWarshallDataset_tropical_0.0001_20000_20260225_015437_relu_best.pth...20260225_023411
At epoch 3441, test loss = 1.9642
...model saved to 15_exp/models/FloydWarshallDataset_tropical_0.0001_20000_20260225_015437_relu_best.pth...20260225_023414
At epoch 3454, test loss = 1.9592
...model saved to 15_exp/models/FloydWarshallDataset_tropical_0.0001_20000_20260225_015437_relu_best.pth...20260225_023422
At epoch 3471, test loss = 1.9570
...model saved to 15_exp/models/FloydWarshallDataset_tropical_0.0001_20000_20260225_015437_relu_best.pth...20260225_023434
At epoch 3479, test loss = 1.9554
...model saved to 15_exp/models/FloydWarshallDataset_tropical_0.0001_20000_20260225_015437_relu_best.pth...20260225_023439
At epoch 3482, test loss = 1.9529
...model saved to 15_exp/models/FloydWarshallDataset_tropical_0.0001_20000_20260225_015437_relu_best.pth...20260225_023441
At epoch 3484, test loss = 1.9489
...model saved to 15_exp/models/FloydWarshallDataset_tropical_0.0001_20000_20260225_015437_relu_best.pth...20260225_023442
At epoch 3485, test loss = 1.9472
...model saved to 15_exp/models/FloydWarshallDataset_tropical_0.0001_20000_20260225_015437_relu_best.pth...20260225_023443
At epoch 3486, test loss = 1.9472
...model saved to 15_exp/models/FloydWarshallDataset_tropical_0.0001_20000_20260225_015437_relu_best.pth...20260225_023444
At epoch 3488, test loss = 1.9446
...model saved to 15_exp/models/FloydWarshallDataset_tropical_0.0001_20000_20260225_015437_relu_best.pth...20260225_023445
At epoch 3493, test loss = 1.9412
...model saved to 15_exp/models/FloydWarshallDataset_tropical_0.0001_20000_20260225_015437_relu_best.pth...20260225_023448
At epoch 3507, test loss = 1.9367
...model saved to 15_exp/models/FloydWarshallDataset_tropical_0.0001_20000_20260225_015437_relu_best.pth...20260225_023458
At epoch 3513, test loss = 1.9317
...model saved to 15_exp/models/FloydWarshallDataset_tropical_0.0001_20000_20260225_015437_relu_best.pth...20260225_023502
At epoch 3515, test loss = 1.9295
...model saved to 15_exp/models/FloydWarshallDataset_tropical_0.0001_20000_20260225_015437_relu_best.pth...20260225_023503
At epoch 3534, test loss = 1.9239
...model saved to 15_exp/models/FloydWarshallDataset_tropical_0.0001_20000_20260225_015437_relu_best.pth...20260225_023516
At epoch 3538, test loss = 1.9222
...model saved to 15_exp/models/FloydWarshallDataset_tropical_0.0001_20000_20260225_015437_relu_best.pth...20260225_023519
At epoch 3546, test loss = 1.9186
...model saved to 15_exp/models/FloydWarshallDataset_tropical_0.0001_20000_20260225_015437_relu_best.pth...20260225_023524
At epoch 3551, test loss = 1.9183
...model saved to 15_exp/models/FloydWarshallDataset_tropical_0.0001_20000_20260225_015437_relu_best.pth...20260225_023527
At epoch 3556, test loss = 1.9109
...model saved to 15_exp/models/FloydWarshallDataset_tropical_0.0001_20000_20260225_015437_relu_best.pth...20260225_023531
At epoch 3560, test loss = 1.9097
...model saved to 15_exp/models/FloydWarshallDataset_tropical_0.0001_20000_20260225_015437_relu_best.pth...20260225_023533
At epoch 3571, test loss = 1.9067
...model saved to 15_exp/models/FloydWarshallDataset_tropical_0.0001_20000_20260225_015437_relu_best.pth...20260225_023541
At epoch 3578, test loss = 1.9028
...model saved to 15_exp/models/FloydWarshallDataset_tropical_0.0001_20000_20260225_015437_relu_best.pth...20260225_023545
At epoch 3588, test loss = 1.9023
...model saved to 15_exp/models/FloydWarshallDataset_tropical_0.0001_20000_20260225_015437_relu_best.pth...20260225_023552
At epoch 3604, test loss = 1.8967
...model saved to 15_exp/models/FloydWarshallDataset_tropical_0.0001_20000_20260225_015437_relu_best.pth...20260225_023603
At epoch 3606, test loss = 1.8926
...model saved to 15_exp/models/FloydWarshallDataset_tropical_0.0001_20000_20260225_015437_relu_best.pth...20260225_023604
At epoch 3610, test loss = 1.8923
...model saved to 15_exp/models/FloydWarshallDataset_tropical_0.0001_20000_20260225_015437_relu_best.pth...20260225_023607
At epoch 3611, test loss = 1.8889
...model saved to 15_exp/models/FloydWarshallDataset_tropical_0.0001_20000_20260225_015437_relu_best.pth...20260225_023608
At epoch 3622, test loss = 1.8869
...model saved to 15_exp/models/FloydWarshallDataset_tropical_0.0001_20000_20260225_015437_relu_best.pth...20260225_023615
At epoch 3630, test loss = 1.8848
...model saved to 15_exp/models/FloydWarshallDataset_tropical_0.0001_20000_20260225_015437_relu_best.pth...20260225_023621
At epoch 3635, test loss = 1.8828
...model saved to 15_exp/models/FloydWarshallDataset_tropical_0.0001_20000_20260225_015437_relu_best.pth...20260225_023624
At epoch 3637, test loss = 1.8817
...model saved to 15_exp/models/FloydWarshallDataset_tropical_0.0001_20000_20260225_015437_relu_best.pth...20260225_023625
At epoch 3646, test loss = 1.8808
...model saved to 15_exp/models/FloydWarshallDataset_tropical_0.0001_20000_20260225_015437_relu_best.pth...20260225_023631
At epoch 3649, test loss = 1.8785
...model saved to 15_exp/models/FloydWarshallDataset_tropical_0.0001_20000_20260225_015437_relu_best.pth...20260225_023633
At epoch 3657, test loss = 1.8757
...model saved to 15_exp/models/FloydWarshallDataset_tropical_0.0001_20000_20260225_015437_relu_best.pth...20260225_023639
At epoch 3658, test loss = 1.8717
...model saved to 15_exp/models/FloydWarshallDataset_tropical_0.0001_20000_20260225_015437_relu_best.pth...20260225_023639
At epoch 3676, test loss = 1.8701
...model saved to 15_exp/models/FloydWarshallDataset_tropical_0.0001_20000_20260225_015437_relu_best.pth...20260225_023651
At epoch 3678, test loss = 1.8632
...model saved to 15_exp/models/FloydWarshallDataset_tropical_0.0001_20000_20260225_015437_relu_best.pth...20260225_023653
At epoch 3679, test loss = 1.8602
...model saved to 15_exp/models/FloydWarshallDataset_tropical_0.0001_20000_20260225_015437_relu_best.pth...20260225_023653
At epoch 3687, test loss = 1.8556
...model saved to 15_exp/models/FloydWarshallDataset_tropical_0.0001_20000_20260225_015437_relu_best.pth...20260225_023659
At epoch 3701, test loss = 1.8545
...model saved to 15_exp/models/FloydWarshallDataset_tropical_0.0001_20000_20260225_015437_relu_best.pth...20260225_023708
At epoch 3710, test loss = 1.8543
...model saved to 15_exp/models/FloydWarshallDataset_tropical_0.0001_20000_20260225_015437_relu_best.pth...20260225_023714
At epoch 3712, test loss = 1.8527
...model saved to 15_exp/models/FloydWarshallDataset_tropical_0.0001_20000_20260225_015437_relu_best.pth...20260225_023715
At epoch 3713, test loss = 1.8509
...model saved to 15_exp/models/FloydWarshallDataset_tropical_0.0001_20000_20260225_015437_relu_best.pth...20260225_023716
At epoch 3718, test loss = 1.8485
...model saved to 15_exp/models/FloydWarshallDataset_tropical_0.0001_20000_20260225_015437_relu_best.pth...20260225_023719
At epoch 3725, test loss = 1.8477
...model saved to 15_exp/models/FloydWarshallDataset_tropical_0.0001_20000_20260225_015437_relu_best.pth...20260225_023724
At epoch 3736, test loss = 1.8460
...model saved to 15_exp/models/FloydWarshallDataset_tropical_0.0001_20000_20260225_015437_relu_best.pth...20260225_023732
At epoch 3738, test loss = 1.8386
...model saved to 15_exp/models/FloydWarshallDataset_tropical_0.0001_20000_20260225_015437_relu_best.pth...20260225_023733
At epoch 3748, test loss = 1.8362
...model saved to 15_exp/models/FloydWarshallDataset_tropical_0.0001_20000_20260225_015437_relu_best.pth...20260225_023740
At epoch 3749, test loss = 1.8335
...model saved to 15_exp/models/FloydWarshallDataset_tropical_0.0001_20000_20260225_015437_relu_best.pth...20260225_023741
At epoch 3766, test loss = 1.8323
...model saved to 15_exp/models/FloydWarshallDataset_tropical_0.0001_20000_20260225_015437_relu_best.pth...20260225_023752
At epoch 3774, test loss = 1.8303
...model saved to 15_exp/models/FloydWarshallDataset_tropical_0.0001_20000_20260225_015437_relu_best.pth...20260225_023758
At epoch 3781, test loss = 1.8279
...model saved to 15_exp/models/FloydWarshallDataset_tropical_0.0001_20000_20260225_015437_relu_best.pth...20260225_023802
At epoch 3783, test loss = 1.8262
...model saved to 15_exp/models/FloydWarshallDataset_tropical_0.0001_20000_20260225_015437_relu_best.pth...20260225_023804
At epoch 3794, test loss = 1.8246
...model saved to 15_exp/models/FloydWarshallDataset_tropical_0.0001_20000_20260225_015437_relu_best.pth...20260225_023812
At epoch 3796, test loss = 1.8220
...model saved to 15_exp/models/FloydWarshallDataset_tropical_0.0001_20000_20260225_015437_relu_best.pth...20260225_023813
At epoch 3809, test loss = 1.8151
...model saved to 15_exp/models/FloydWarshallDataset_tropical_0.0001_20000_20260225_015437_relu_best.pth...20260225_023822
At epoch 3811, test loss = 1.8132
...model saved to 15_exp/models/FloydWarshallDataset_tropical_0.0001_20000_20260225_015437_relu_best.pth...20260225_023824
At epoch 3814, test loss = 1.8115
...model saved to 15_exp/models/FloydWarshallDataset_tropical_0.0001_20000_20260225_015437_relu_best.pth...20260225_023826
At epoch 3824, test loss = 1.8060
...model saved to 15_exp/models/FloydWarshallDataset_tropical_0.0001_20000_20260225_015437_relu_best.pth...20260225_023833
At epoch 3844, test loss = 1.8040
...model saved to 15_exp/models/FloydWarshallDataset_tropical_0.0001_20000_20260225_015437_relu_best.pth...20260225_023847
At epoch 3858, test loss = 1.7906
...model saved to 15_exp/models/FloydWarshallDataset_tropical_0.0001_20000_20260225_015437_relu_best.pth...20260225_023857
At epoch 3866, test loss = 1.7904
...model saved to 15_exp/models/FloydWarshallDataset_tropical_0.0001_20000_20260225_015437_relu_best.pth...20260225_023903
At epoch 3879, test loss = 1.7855
...model saved to 15_exp/models/FloydWarshallDataset_tropical_0.0001_20000_20260225_015437_relu_best.pth...20260225_023912
At epoch 3886, test loss = 1.7771
...model saved to 15_exp/models/FloydWarshallDataset_tropical_0.0001_20000_20260225_015437_relu_best.pth...20260225_023917
At epoch 3915, test loss = 1.7702
...model saved to 15_exp/models/FloydWarshallDataset_tropical_0.0001_20000_20260225_015437_relu_best.pth...20260225_023938
At epoch 3952, test loss = 1.7601
...model saved to 15_exp/models/FloydWarshallDataset_tropical_0.0001_20000_20260225_015437_relu_best.pth...20260225_024003
At epoch 3983, test loss = 1.7527
...model saved to 15_exp/models/FloydWarshallDataset_tropical_0.0001_20000_20260225_015437_relu_best.pth...20260225_024023
At epoch 3991, test loss = 1.7525
...model saved to 15_exp/models/FloydWarshallDataset_tropical_0.0001_20000_20260225_015437_relu_best.pth...20260225_024028
At epoch 4000, test loss = 1.7476
...model saved to 15_exp/models/FloydWarshallDataset_tropical_0.0001_20000_20260225_015437_relu_best.pth...20260225_024034
At epoch 4011, test loss = 1.7419
...model saved to 15_exp/models/FloydWarshallDataset_tropical_0.0001_20000_20260225_015437_relu_best.pth...20260225_024042
At epoch 4029, test loss = 1.7359
...model saved to 15_exp/models/FloydWarshallDataset_tropical_0.0001_20000_20260225_015437_relu_best.pth...20260225_024054
At epoch 4047, test loss = 1.7291
...model saved to 15_exp/models/FloydWarshallDataset_tropical_0.0001_20000_20260225_015437_relu_best.pth...20260225_024106
At epoch 4063, test loss = 1.7260
...model saved to 15_exp/models/FloydWarshallDataset_tropical_0.0001_20000_20260225_015437_relu_best.pth...20260225_024116
At epoch 4079, test loss = 1.7245
...model saved to 15_exp/models/FloydWarshallDataset_tropical_0.0001_20000_20260225_015437_relu_best.pth...20260225_024127
At epoch 4080, test loss = 1.7199
...model saved to 15_exp/models/FloydWarshallDataset_tropical_0.0001_20000_20260225_015437_relu_best.pth...20260225_024128
At epoch 4101, test loss = 1.7154
...model saved to 15_exp/models/FloydWarshallDataset_tropical_0.0001_20000_20260225_015437_relu_best.pth...20260225_024141
At epoch 4117, test loss = 1.7147
...model saved to 15_exp/models/FloydWarshallDataset_tropical_0.0001_20000_20260225_015437_relu_best.pth...20260225_024152
At epoch 4119, test loss = 1.7100
...model saved to 15_exp/models/FloydWarshallDataset_tropical_0.0001_20000_20260225_015437_relu_best.pth...20260225_024153
At epoch 4139, test loss = 1.7022
...model saved to 15_exp/models/FloydWarshallDataset_tropical_0.0001_20000_20260225_015437_relu_best.pth...20260225_024207
At epoch 4143, test loss = 1.7019
...model saved to 15_exp/models/FloydWarshallDataset_tropical_0.0001_20000_20260225_015437_relu_best.pth...20260225_024210
At epoch 4158, test loss = 1.6962
...model saved to 15_exp/models/FloydWarshallDataset_tropical_0.0001_20000_20260225_015437_relu_best.pth...20260225_024219
At epoch 4160, test loss = 1.6950
...model saved to 15_exp/models/FloydWarshallDataset_tropical_0.0001_20000_20260225_015437_relu_best.pth...20260225_024221
At epoch 4173, test loss = 1.6937
...model saved to 15_exp/models/FloydWarshallDataset_tropical_0.0001_20000_20260225_015437_relu_best.pth...20260225_024229
At epoch 4175, test loss = 1.6916
...model saved to 15_exp/models/FloydWarshallDataset_tropical_0.0001_20000_20260225_015437_relu_best.pth...20260225_024231
At epoch 4201, test loss = 1.6907
...model saved to 15_exp/models/FloydWarshallDataset_tropical_0.0001_20000_20260225_015437_relu_best.pth...20260225_024248
At epoch 4203, test loss = 1.6825
...model saved to 15_exp/models/FloydWarshallDataset_tropical_0.0001_20000_20260225_015437_relu_best.pth...20260225_024250
At epoch 4237, test loss = 1.6820
...model saved to 15_exp/models/FloydWarshallDataset_tropical_0.0001_20000_20260225_015437_relu_best.pth...20260225_024312
At epoch 4242, test loss = 1.6786
...model saved to 15_exp/models/FloydWarshallDataset_tropical_0.0001_20000_20260225_015437_relu_best.pth...20260225_024315
At epoch 4253, test loss = 1.6759
...model saved to 15_exp/models/FloydWarshallDataset_tropical_0.0001_20000_20260225_015437_relu_best.pth...20260225_024323
At epoch 4266, test loss = 1.6674
...model saved to 15_exp/models/FloydWarshallDataset_tropical_0.0001_20000_20260225_015437_relu_best.pth...20260225_024331
At epoch 4278, test loss = 1.6657
...model saved to 15_exp/models/FloydWarshallDataset_tropical_0.0001_20000_20260225_015437_relu_best.pth...20260225_024339
At epoch 4279, test loss = 1.6608
...model saved to 15_exp/models/FloydWarshallDataset_tropical_0.0001_20000_20260225_015437_relu_best.pth...20260225_024340
At epoch 4316, test loss = 1.6581
...model saved to 15_exp/models/FloydWarshallDataset_tropical_0.0001_20000_20260225_015437_relu_best.pth...20260225_024404
At epoch 4317, test loss = 1.6572
...model saved to 15_exp/models/FloydWarshallDataset_tropical_0.0001_20000_20260225_015437_relu_best.pth...20260225_024405
At epoch 4321, test loss = 1.6569
...model saved to 15_exp/models/FloydWarshallDataset_tropical_0.0001_20000_20260225_015437_relu_best.pth...20260225_024408
At epoch 4327, test loss = 1.6554
...model saved to 15_exp/models/FloydWarshallDataset_tropical_0.0001_20000_20260225_015437_relu_best.pth...20260225_024412
At epoch 4330, test loss = 1.6542
...model saved to 15_exp/models/FloydWarshallDataset_tropical_0.0001_20000_20260225_015437_relu_best.pth...20260225_024414
At epoch 4342, test loss = 1.6524
...model saved to 15_exp/models/FloydWarshallDataset_tropical_0.0001_20000_20260225_015437_relu_best.pth...20260225_024422
At epoch 4344, test loss = 1.6517
...model saved to 15_exp/models/FloydWarshallDataset_tropical_0.0001_20000_20260225_015437_relu_best.pth...20260225_024423
At epoch 4368, test loss = 1.6481
...model saved to 15_exp/models/FloydWarshallDataset_tropical_0.0001_20000_20260225_015437_relu_best.pth...20260225_024439
At epoch 4371, test loss = 1.6481
...model saved to 15_exp/models/FloydWarshallDataset_tropical_0.0001_20000_20260225_015437_relu_best.pth...20260225_024441
At epoch 4372, test loss = 1.6440
...model saved to 15_exp/models/FloydWarshallDataset_tropical_0.0001_20000_20260225_015437_relu_best.pth...20260225_024442
At epoch 4378, test loss = 1.6429
...model saved to 15_exp/models/FloydWarshallDataset_tropical_0.0001_20000_20260225_015437_relu_best.pth...20260225_024446
At epoch 4380, test loss = 1.6428
...model saved to 15_exp/models/FloydWarshallDataset_tropical_0.0001_20000_20260225_015437_relu_best.pth...20260225_024447
At epoch 4383, test loss = 1.6410
...model saved to 15_exp/models/FloydWarshallDataset_tropical_0.0001_20000_20260225_015437_relu_best.pth...20260225_024449
At epoch 4399, test loss = 1.6406
...model saved to 15_exp/models/FloydWarshallDataset_tropical_0.0001_20000_20260225_015437_relu_best.pth...20260225_024500
At epoch 4401, test loss = 1.6341
...model saved to 15_exp/models/FloydWarshallDataset_tropical_0.0001_20000_20260225_015437_relu_best.pth...20260225_024501
At epoch 4428, test loss = 1.6267
...model saved to 15_exp/models/FloydWarshallDataset_tropical_0.0001_20000_20260225_015437_relu_best.pth...20260225_024520
At epoch 4459, test loss = 1.6233
...model saved to 15_exp/models/FloydWarshallDataset_tropical_0.0001_20000_20260225_015437_relu_best.pth...20260225_024542
At epoch 4467, test loss = 1.6203
...model saved to 15_exp/models/FloydWarshallDataset_tropical_0.0001_20000_20260225_015437_relu_best.pth...20260225_024548
At epoch 4473, test loss = 1.6200
...model saved to 15_exp/models/FloydWarshallDataset_tropical_0.0001_20000_20260225_015437_relu_best.pth...20260225_024553
At epoch 4478, test loss = 1.6145
...model saved to 15_exp/models/FloydWarshallDataset_tropical_0.0001_20000_20260225_015437_relu_best.pth...20260225_024556
At epoch 4492, test loss = 1.6128
...model saved to 15_exp/models/FloydWarshallDataset_tropical_0.0001_20000_20260225_015437_relu_best.pth...20260225_024607
At epoch 4517, test loss = 1.6124
...model saved to 15_exp/models/FloydWarshallDataset_tropical_0.0001_20000_20260225_015437_relu_best.pth...20260225_024625
At epoch 4529, test loss = 1.6122
...model saved to 15_exp/models/FloydWarshallDataset_tropical_0.0001_20000_20260225_015437_relu_best.pth...20260225_024634
At epoch 4531, test loss = 1.6095
...model saved to 15_exp/models/FloydWarshallDataset_tropical_0.0001_20000_20260225_015437_relu_best.pth...20260225_024635
At epoch 4538, test loss = 1.6054
...model saved to 15_exp/models/FloydWarshallDataset_tropical_0.0001_20000_20260225_015437_relu_best.pth...20260225_024640
At epoch 4541, test loss = 1.6052
...model saved to 15_exp/models/FloydWarshallDataset_tropical_0.0001_20000_20260225_015437_relu_best.pth...20260225_024642
At epoch 4544, test loss = 1.6052
...model saved to 15_exp/models/FloydWarshallDataset_tropical_0.0001_20000_20260225_015437_relu_best.pth...20260225_024644
At epoch 4548, test loss = 1.6007
...model saved to 15_exp/models/FloydWarshallDataset_tropical_0.0001_20000_20260225_015437_relu_best.pth...20260225_024647
At epoch 4566, test loss = 1.6001
...model saved to 15_exp/models/FloydWarshallDataset_tropical_0.0001_20000_20260225_015437_relu_best.pth...20260225_024700
At epoch 4570, test loss = 1.5937
...model saved to 15_exp/models/FloydWarshallDataset_tropical_0.0001_20000_20260225_015437_relu_best.pth...20260225_024702
At epoch 4608, test loss = 1.5915
...model saved to 15_exp/models/FloydWarshallDataset_tropical_0.0001_20000_20260225_015437_relu_best.pth...20260225_024728
At epoch 4611, test loss = 1.5895
...model saved to 15_exp/models/FloydWarshallDataset_tropical_0.0001_20000_20260225_015437_relu_best.pth...20260225_024730
At epoch 4624, test loss = 1.5891
...model saved to 15_exp/models/FloydWarshallDataset_tropical_0.0001_20000_20260225_015437_relu_best.pth...20260225_024738
At epoch 4625, test loss = 1.5840
...model saved to 15_exp/models/FloydWarshallDataset_tropical_0.0001_20000_20260225_015437_relu_best.pth...20260225_024739
At epoch 4638, test loss = 1.5816
...model saved to 15_exp/models/FloydWarshallDataset_tropical_0.0001_20000_20260225_015437_relu_best.pth...20260225_024748
At epoch 4648, test loss = 1.5795
...model saved to 15_exp/models/FloydWarshallDataset_tropical_0.0001_20000_20260225_015437_relu_best.pth...20260225_024754
At epoch 4664, test loss = 1.5783
...model saved to 15_exp/models/FloydWarshallDataset_tropical_0.0001_20000_20260225_015437_relu_best.pth...20260225_024805
At epoch 4672, test loss = 1.5765
...model saved to 15_exp/models/FloydWarshallDataset_tropical_0.0001_20000_20260225_015437_relu_best.pth...20260225_024811
At epoch 4674, test loss = 1.5755
...model saved to 15_exp/models/FloydWarshallDataset_tropical_0.0001_20000_20260225_015437_relu_best.pth...20260225_024812
At epoch 4680, test loss = 1.5744
...model saved to 15_exp/models/FloydWarshallDataset_tropical_0.0001_20000_20260225_015437_relu_best.pth...20260225_024816
At epoch 4682, test loss = 1.5742
...model saved to 15_exp/models/FloydWarshallDataset_tropical_0.0001_20000_20260225_015437_relu_best.pth...20260225_024817
At epoch 4694, test loss = 1.5723
...model saved to 15_exp/models/FloydWarshallDataset_tropical_0.0001_20000_20260225_015437_relu_best.pth...20260225_024825
At epoch 4701, test loss = 1.5630
...model saved to 15_exp/models/FloydWarshallDataset_tropical_0.0001_20000_20260225_015437_relu_best.pth...20260225_024830
At epoch 4736, test loss = 1.5628
...model saved to 15_exp/models/FloydWarshallDataset_tropical_0.0001_20000_20260225_015437_relu_best.pth...20260225_024853
At epoch 4748, test loss = 1.5611
...model saved to 15_exp/models/FloydWarshallDataset_tropical_0.0001_20000_20260225_015437_relu_best.pth...20260225_024901
At epoch 4752, test loss = 1.5593
...model saved to 15_exp/models/FloydWarshallDataset_tropical_0.0001_20000_20260225_015437_relu_best.pth...20260225_024904
At epoch 4754, test loss = 1.5537
...model saved to 15_exp/models/FloydWarshallDataset_tropical_0.0001_20000_20260225_015437_relu_best.pth...20260225_024905
At epoch 4773, test loss = 1.5513
...model saved to 15_exp/models/FloydWarshallDataset_tropical_0.0001_20000_20260225_015437_relu_best.pth...20260225_024917
At epoch 4788, test loss = 1.5506
...model saved to 15_exp/models/FloydWarshallDataset_tropical_0.0001_20000_20260225_015437_relu_best.pth...20260225_024927
At epoch 4799, test loss = 1.5501
...model saved to 15_exp/models/FloydWarshallDataset_tropical_0.0001_20000_20260225_015437_relu_best.pth...20260225_024935
At epoch 4805, test loss = 1.5489
...model saved to 15_exp/models/FloydWarshallDataset_tropical_0.0001_20000_20260225_015437_relu_best.pth...20260225_024939
At epoch 4808, test loss = 1.5475
...model saved to 15_exp/models/FloydWarshallDataset_tropical_0.0001_20000_20260225_015437_relu_best.pth...20260225_024941
At epoch 4814, test loss = 1.5435
...model saved to 15_exp/models/FloydWarshallDataset_tropical_0.0001_20000_20260225_015437_relu_best.pth...20260225_024945
At epoch 4848, test loss = 1.5354
...model saved to 15_exp/models/FloydWarshallDataset_tropical_0.0001_20000_20260225_015437_relu_best.pth...20260225_025007
At epoch 4873, test loss = 1.5334
...model saved to 15_exp/models/FloydWarshallDataset_tropical_0.0001_20000_20260225_015437_relu_best.pth...20260225_025024
At epoch 4878, test loss = 1.5321
...model saved to 15_exp/models/FloydWarshallDataset_tropical_0.0001_20000_20260225_015437_relu_best.pth...20260225_025027
At epoch 4884, test loss = 1.5309
...model saved to 15_exp/models/FloydWarshallDataset_tropical_0.0001_20000_20260225_015437_relu_best.pth...20260225_025031
At epoch 4890, test loss = 1.5280
...model saved to 15_exp/models/FloydWarshallDataset_tropical_0.0001_20000_20260225_015437_relu_best.pth...20260225_025035
At epoch 4913, test loss = 1.5257
...model saved to 15_exp/models/FloydWarshallDataset_tropical_0.0001_20000_20260225_015437_relu_best.pth...20260225_025050
At epoch 4935, test loss = 1.5234
...model saved to 15_exp/models/FloydWarshallDataset_tropical_0.0001_20000_20260225_015437_relu_best.pth...20260225_025105
At epoch 4939, test loss = 1.5191
...model saved to 15_exp/models/FloydWarshallDataset_tropical_0.0001_20000_20260225_015437_relu_best.pth...20260225_025107
At epoch 4940, test loss = 1.5183
...model saved to 15_exp/models/FloydWarshallDataset_tropical_0.0001_20000_20260225_015437_relu_best.pth...20260225_025108
At epoch 4945, test loss = 1.5140
...model saved to 15_exp/models/FloydWarshallDataset_tropical_0.0001_20000_20260225_015437_relu_best.pth...20260225_025111
At epoch 4966, test loss = 1.5136
...model saved to 15_exp/models/FloydWarshallDataset_tropical_0.0001_20000_20260225_015437_relu_best.pth...20260225_025125
At epoch 4980, test loss = 1.5113
...model saved to 15_exp/models/FloydWarshallDataset_tropical_0.0001_20000_20260225_015437_relu_best.pth...20260225_025134
At epoch 4984, test loss = 1.5109
...model saved to 15_exp/models/FloydWarshallDataset_tropical_0.0001_20000_20260225_015437_relu_best.pth...20260225_025137
At epoch 5005, test loss = 1.5097
...model saved to 15_exp/models/FloydWarshallDataset_tropical_0.0001_20000_20260225_015437_relu_best.pth...20260225_025151
At epoch 5009, test loss = 1.5015
...model saved to 15_exp/models/FloydWarshallDataset_tropical_0.0001_20000_20260225_015437_relu_best.pth...20260225_025154
At epoch 5035, test loss = 1.5009
...model saved to 15_exp/models/FloydWarshallDataset_tropical_0.0001_20000_20260225_015437_relu_best.pth...20260225_025211
At epoch 5054, test loss = 1.5002
...model saved to 15_exp/models/FloydWarshallDataset_tropical_0.0001_20000_20260225_015437_relu_best.pth...20260225_025223
At epoch 5062, test loss = 1.5001
...model saved to 15_exp/models/FloydWarshallDataset_tropical_0.0001_20000_20260225_015437_relu_best.pth...20260225_025229
At epoch 5063, test loss = 1.4951
...model saved to 15_exp/models/FloydWarshallDataset_tropical_0.0001_20000_20260225_015437_relu_best.pth...20260225_025229
At epoch 5077, test loss = 1.4936
...model saved to 15_exp/models/FloydWarshallDataset_tropical_0.0001_20000_20260225_015437_relu_best.pth...20260225_025239
At epoch 5092, test loss = 1.4895
...model saved to 15_exp/models/FloydWarshallDataset_tropical_0.0001_20000_20260225_015437_relu_best.pth...20260225_025248
At epoch 5096, test loss = 1.4855
...model saved to 15_exp/models/FloydWarshallDataset_tropical_0.0001_20000_20260225_015437_relu_best.pth...20260225_025251
At epoch 5123, test loss = 1.4832
...model saved to 15_exp/models/FloydWarshallDataset_tropical_0.0001_20000_20260225_015437_relu_best.pth...20260225_025309
At epoch 5129, test loss = 1.4825
...model saved to 15_exp/models/FloydWarshallDataset_tropical_0.0001_20000_20260225_015437_relu_best.pth...20260225_025313
At epoch 5150, test loss = 1.4805
...model saved to 15_exp/models/FloydWarshallDataset_tropical_0.0001_20000_20260225_015437_relu_best.pth...20260225_025327
At epoch 5168, test loss = 1.4802
...model saved to 15_exp/models/FloydWarshallDataset_tropical_0.0001_20000_20260225_015437_relu_best.pth...20260225_025339
At epoch 5171, test loss = 1.4775
...model saved to 15_exp/models/FloydWarshallDataset_tropical_0.0001_20000_20260225_015437_relu_best.pth...20260225_025341
At epoch 5173, test loss = 1.4736
...model saved to 15_exp/models/FloydWarshallDataset_tropical_0.0001_20000_20260225_015437_relu_best.pth...20260225_025342
At epoch 5176, test loss = 1.4729
...model saved to 15_exp/models/FloydWarshallDataset_tropical_0.0001_20000_20260225_015437_relu_best.pth...20260225_025344
At epoch 5200, test loss = 1.4714
...model saved to 15_exp/models/FloydWarshallDataset_tropical_0.0001_20000_20260225_015437_relu_best.pth...20260225_025400
At epoch 5218, test loss = 1.4689
...model saved to 15_exp/models/FloydWarshallDataset_tropical_0.0001_20000_20260225_015437_relu_best.pth...20260225_025412
At epoch 5221, test loss = 1.4676
...model saved to 15_exp/models/FloydWarshallDataset_tropical_0.0001_20000_20260225_015437_relu_best.pth...20260225_025414
At epoch 5240, test loss = 1.4667
...model saved to 15_exp/models/FloydWarshallDataset_tropical_0.0001_20000_20260225_015437_relu_best.pth...20260225_025426
At epoch 5253, test loss = 1.4642
...model saved to 15_exp/models/FloydWarshallDataset_tropical_0.0001_20000_20260225_015437_relu_best.pth...20260225_025435
At epoch 5254, test loss = 1.4630
...model saved to 15_exp/models/FloydWarshallDataset_tropical_0.0001_20000_20260225_015437_relu_best.pth...20260225_025436
At epoch 5276, test loss = 1.4607
...model saved to 15_exp/models/FloydWarshallDataset_tropical_0.0001_20000_20260225_015437_relu_best.pth...20260225_025451
At epoch 5279, test loss = 1.4556
...model saved to 15_exp/models/FloydWarshallDataset_tropical_0.0001_20000_20260225_015437_relu_best.pth...20260225_025453
At epoch 5286, test loss = 1.4543
...model saved to 15_exp/models/FloydWarshallDataset_tropical_0.0001_20000_20260225_015437_relu_best.pth...20260225_025457
At epoch 5307, test loss = 1.4534
...model saved to 15_exp/models/FloydWarshallDataset_tropical_0.0001_20000_20260225_015437_relu_best.pth...20260225_025511
At epoch 5328, test loss = 1.4510
...model saved to 15_exp/models/FloydWarshallDataset_tropical_0.0001_20000_20260225_015437_relu_best.pth...20260225_025525
At epoch 5349, test loss = 1.4473
...model saved to 15_exp/models/FloydWarshallDataset_tropical_0.0001_20000_20260225_015437_relu_best.pth...20260225_025539
At epoch 5372, test loss = 1.4455
...model saved to 15_exp/models/FloydWarshallDataset_tropical_0.0001_20000_20260225_015437_relu_best.pth...20260225_025554
At epoch 5373, test loss = 1.4388
...model saved to 15_exp/models/FloydWarshallDataset_tropical_0.0001_20000_20260225_015437_relu_best.pth...20260225_025555
At epoch 5396, test loss = 1.4387
...model saved to 15_exp/models/FloydWarshallDataset_tropical_0.0001_20000_20260225_015437_relu_best.pth...20260225_025610
At epoch 5399, test loss = 1.4381
...model saved to 15_exp/models/FloydWarshallDataset_tropical_0.0001_20000_20260225_015437_relu_best.pth...20260225_025612
At epoch 5403, test loss = 1.4338
...model saved to 15_exp/models/FloydWarshallDataset_tropical_0.0001_20000_20260225_015437_relu_best.pth...20260225_025614
At epoch 5441, test loss = 1.4311
...model saved to 15_exp/models/FloydWarshallDataset_tropical_0.0001_20000_20260225_015437_relu_best.pth...20260225_025639
At epoch 5446, test loss = 1.4301
...model saved to 15_exp/models/FloydWarshallDataset_tropical_0.0001_20000_20260225_015437_relu_best.pth...20260225_025643
At epoch 5455, test loss = 1.4287
...model saved to 15_exp/models/FloydWarshallDataset_tropical_0.0001_20000_20260225_015437_relu_best.pth...20260225_025649
At epoch 5467, test loss = 1.4283
...model saved to 15_exp/models/FloydWarshallDataset_tropical_0.0001_20000_20260225_015437_relu_best.pth...20260225_025657
At epoch 5471, test loss = 1.4267
...model saved to 15_exp/models/FloydWarshallDataset_tropical_0.0001_20000_20260225_015437_relu_best.pth...20260225_025659
At epoch 5473, test loss = 1.4256
...model saved to 15_exp/models/FloydWarshallDataset_tropical_0.0001_20000_20260225_015437_relu_best.pth...20260225_025701
At epoch 5493, test loss = 1.4246
...model saved to 15_exp/models/FloydWarshallDataset_tropical_0.0001_20000_20260225_015437_relu_best.pth...20260225_025714
At epoch 5497, test loss = 1.4246
...model saved to 15_exp/models/FloydWarshallDataset_tropical_0.0001_20000_20260225_015437_relu_best.pth...20260225_025717
At epoch 5509, test loss = 1.4190
...model saved to 15_exp/models/FloydWarshallDataset_tropical_0.0001_20000_20260225_015437_relu_best.pth...20260225_025725
At epoch 5533, test loss = 1.4184
...model saved to 15_exp/models/FloydWarshallDataset_tropical_0.0001_20000_20260225_015437_relu_best.pth...20260225_025741
At epoch 5547, test loss = 1.4173
...model saved to 15_exp/models/FloydWarshallDataset_tropical_0.0001_20000_20260225_015437_relu_best.pth...20260225_025750
At epoch 5556, test loss = 1.4165
...model saved to 15_exp/models/FloydWarshallDataset_tropical_0.0001_20000_20260225_015437_relu_best.pth...20260225_025756
At epoch 5565, test loss = 1.4125
...model saved to 15_exp/models/FloydWarshallDataset_tropical_0.0001_20000_20260225_015437_relu_best.pth...20260225_025802
At epoch 5578, test loss = 1.4114
...model saved to 15_exp/models/FloydWarshallDataset_tropical_0.0001_20000_20260225_015437_relu_best.pth...20260225_025810
At epoch 5580, test loss = 1.4110
...model saved to 15_exp/models/FloydWarshallDataset_tropical_0.0001_20000_20260225_015437_relu_best.pth...20260225_025812
At epoch 5597, test loss = 1.4107
...model saved to 15_exp/models/FloydWarshallDataset_tropical_0.0001_20000_20260225_015437_relu_best.pth...20260225_025823
At epoch 5601, test loss = 1.4091
...model saved to 15_exp/models/FloydWarshallDataset_tropical_0.0001_20000_20260225_015437_relu_best.pth...20260225_025826
At epoch 5610, test loss = 1.4088
...model saved to 15_exp/models/FloydWarshallDataset_tropical_0.0001_20000_20260225_015437_relu_best.pth...20260225_025831
At epoch 5613, test loss = 1.4031
...model saved to 15_exp/models/FloydWarshallDataset_tropical_0.0001_20000_20260225_015437_relu_best.pth...20260225_025834
At epoch 5620, test loss = 1.4028
...model saved to 15_exp/models/FloydWarshallDataset_tropical_0.0001_20000_20260225_015437_relu_best.pth...20260225_025838
At epoch 5627, test loss = 1.4022
...model saved to 15_exp/models/FloydWarshallDataset_tropical_0.0001_20000_20260225_015437_relu_best.pth...20260225_025843
At epoch 5628, test loss = 1.3994
...model saved to 15_exp/models/FloydWarshallDataset_tropical_0.0001_20000_20260225_015437_relu_best.pth...20260225_025843
At epoch 5674, test loss = 1.3973
...model saved to 15_exp/models/FloydWarshallDataset_tropical_0.0001_20000_20260225_015437_relu_best.pth...20260225_025914
At epoch 5680, test loss = 1.3947
...model saved to 15_exp/models/FloydWarshallDataset_tropical_0.0001_20000_20260225_015437_relu_best.pth...20260225_025918
At epoch 5686, test loss = 1.3938
...model saved to 15_exp/models/FloydWarshallDataset_tropical_0.0001_20000_20260225_015437_relu_best.pth...20260225_025922
At epoch 5687, test loss = 1.3914
...model saved to 15_exp/models/FloydWarshallDataset_tropical_0.0001_20000_20260225_015437_relu_best.pth...20260225_025922
At epoch 5740, test loss = 1.3802
...model saved to 15_exp/models/FloydWarshallDataset_tropical_0.0001_20000_20260225_015437_relu_best.pth...20260225_025957
At epoch 5751, test loss = 1.3796
...model saved to 15_exp/models/FloydWarshallDataset_tropical_0.0001_20000_20260225_015437_relu_best.pth...20260225_030005
At epoch 5782, test loss = 1.3791
...model saved to 15_exp/models/FloydWarshallDataset_tropical_0.0001_20000_20260225_015437_relu_best.pth...20260225_030025
At epoch 5783, test loss = 1.3787
...model saved to 15_exp/models/FloydWarshallDataset_tropical_0.0001_20000_20260225_015437_relu_best.pth...20260225_030026
At epoch 5790, test loss = 1.3745
...model saved to 15_exp/models/FloydWarshallDataset_tropical_0.0001_20000_20260225_015437_relu_best.pth...20260225_030030
At epoch 5838, test loss = 1.3693
...model saved to 15_exp/models/FloydWarshallDataset_tropical_0.0001_20000_20260225_015437_relu_best.pth...20260225_030102
At epoch 5848, test loss = 1.3688
...model saved to 15_exp/models/FloydWarshallDataset_tropical_0.0001_20000_20260225_015437_relu_best.pth...20260225_030109
At epoch 5887, test loss = 1.3667
...model saved to 15_exp/models/FloydWarshallDataset_tropical_0.0001_20000_20260225_015437_relu_best.pth...20260225_030135
At epoch 5888, test loss = 1.3651
...model saved to 15_exp/models/FloydWarshallDataset_tropical_0.0001_20000_20260225_015437_relu_best.pth...20260225_030135
At epoch 5913, test loss = 1.3600
...model saved to 15_exp/models/FloydWarshallDataset_tropical_0.0001_20000_20260225_015437_relu_best.pth...20260225_030152
At epoch 5927, test loss = 1.3593
...model saved to 15_exp/models/FloydWarshallDataset_tropical_0.0001_20000_20260225_015437_relu_best.pth...20260225_030201
At epoch 5938, test loss = 1.3588
...model saved to 15_exp/models/FloydWarshallDataset_tropical_0.0001_20000_20260225_015437_relu_best.pth...20260225_030208
At epoch 5950, test loss = 1.3585
...model saved to 15_exp/models/FloydWarshallDataset_tropical_0.0001_20000_20260225_015437_relu_best.pth...20260225_030216
At epoch 5960, test loss = 1.3572
...model saved to 15_exp/models/FloydWarshallDataset_tropical_0.0001_20000_20260225_015437_relu_best.pth...20260225_030223
At epoch 5972, test loss = 1.3569
...model saved to 15_exp/models/FloydWarshallDataset_tropical_0.0001_20000_20260225_015437_relu_best.pth...20260225_030231
At epoch 5977, test loss = 1.3529
...model saved to 15_exp/models/FloydWarshallDataset_tropical_0.0001_20000_20260225_015437_relu_best.pth...20260225_030234
At epoch 5980, test loss = 1.3522
...model saved to 15_exp/models/FloydWarshallDataset_tropical_0.0001_20000_20260225_015437_relu_best.pth...20260225_030236
At epoch 6001, test loss = 1.3521
...model saved to 15_exp/models/FloydWarshallDataset_tropical_0.0001_20000_20260225_015437_relu_best.pth...20260225_030250
At epoch 6022, test loss = 1.3495
...model saved to 15_exp/models/FloydWarshallDataset_tropical_0.0001_20000_20260225_015437_relu_best.pth...20260225_030304
At epoch 6035, test loss = 1.3462
...model saved to 15_exp/models/FloydWarshallDataset_tropical_0.0001_20000_20260225_015437_relu_best.pth...20260225_030312
At epoch 6038, test loss = 1.3422
...model saved to 15_exp/models/FloydWarshallDataset_tropical_0.0001_20000_20260225_015437_relu_best.pth...20260225_030314
At epoch 6066, test loss = 1.3418
...model saved to 15_exp/models/FloydWarshallDataset_tropical_0.0001_20000_20260225_015437_relu_best.pth...20260225_030333
At epoch 6087, test loss = 1.3414
...model saved to 15_exp/models/FloydWarshallDataset_tropical_0.0001_20000_20260225_015437_relu_best.pth...20260225_030347
At epoch 6098, test loss = 1.3316
...model saved to 15_exp/models/FloydWarshallDataset_tropical_0.0001_20000_20260225_015437_relu_best.pth...20260225_030354
At epoch 6165, test loss = 1.3296
...model saved to 15_exp/models/FloydWarshallDataset_tropical_0.0001_20000_20260225_015437_relu_best.pth...20260225_030438
At epoch 6177, test loss = 1.3258
...model saved to 15_exp/models/FloydWarshallDataset_tropical_0.0001_20000_20260225_015437_relu_best.pth...20260225_030446
At epoch 6199, test loss = 1.3210
...model saved to 15_exp/models/FloydWarshallDataset_tropical_0.0001_20000_20260225_015437_relu_best.pth...20260225_030501
At epoch 6284, test loss = 1.3203
...model saved to 15_exp/models/FloydWarshallDataset_tropical_0.0001_20000_20260225_015437_relu_best.pth...20260225_030600
At epoch 6285, test loss = 1.3161
...model saved to 15_exp/models/FloydWarshallDataset_tropical_0.0001_20000_20260225_015437_relu_best.pth...20260225_030601
At epoch 6308, test loss = 1.3154
...model saved to 15_exp/models/FloydWarshallDataset_tropical_0.0001_20000_20260225_015437_relu_best.pth...20260225_030617
At epoch 6323, test loss = 1.3141
...model saved to 15_exp/models/FloydWarshallDataset_tropical_0.0001_20000_20260225_015437_relu_best.pth...20260225_030628
At epoch 6340, test loss = 1.3124
...model saved to 15_exp/models/FloydWarshallDataset_tropical_0.0001_20000_20260225_015437_relu_best.pth...20260225_030640
At epoch 6342, test loss = 1.3079
...model saved to 15_exp/models/FloydWarshallDataset_tropical_0.0001_20000_20260225_015437_relu_best.pth...20260225_030641
At epoch 6374, test loss = 1.3032
...model saved to 15_exp/models/FloydWarshallDataset_tropical_0.0001_20000_20260225_015437_relu_best.pth...20260225_030704
At epoch 6395, test loss = 1.3025
...model saved to 15_exp/models/FloydWarshallDataset_tropical_0.0001_20000_20260225_015437_relu_best.pth...20260225_030719
At epoch 6400, test loss = 1.2985
...model saved to 15_exp/models/FloydWarshallDataset_tropical_0.0001_20000_20260225_015437_relu_best.pth...20260225_030723
At epoch 6411, test loss = 1.2963
...model saved to 15_exp/models/FloydWarshallDataset_tropical_0.0001_20000_20260225_015437_relu_best.pth...20260225_030730
At epoch 6471, test loss = 1.2880
...model saved to 15_exp/models/FloydWarshallDataset_tropical_0.0001_20000_20260225_015437_relu_best.pth...20260225_030814
At epoch 6540, test loss = 1.2870
...model saved to 15_exp/models/FloydWarshallDataset_tropical_0.0001_20000_20260225_015437_relu_best.pth...20260225_030903
At epoch 6542, test loss = 1.2865
...model saved to 15_exp/models/FloydWarshallDataset_tropical_0.0001_20000_20260225_015437_relu_best.pth...20260225_030904
At epoch 6562, test loss = 1.2854
...model saved to 15_exp/models/FloydWarshallDataset_tropical_0.0001_20000_20260225_015437_relu_best.pth...20260225_030918
At epoch 6564, test loss = 1.2833
...model saved to 15_exp/models/FloydWarshallDataset_tropical_0.0001_20000_20260225_015437_relu_best.pth...20260225_030920
At epoch 6598, test loss = 1.2808
...model saved to 15_exp/models/FloydWarshallDataset_tropical_0.0001_20000_20260225_015437_relu_best.pth...20260225_030942
At epoch 6612, test loss = 1.2800
...model saved to 15_exp/models/FloydWarshallDataset_tropical_0.0001_20000_20260225_015437_relu_best.pth...20260225_030951
At epoch 6615, test loss = 1.2790
...model saved to 15_exp/models/FloydWarshallDataset_tropical_0.0001_20000_20260225_015437_relu_best.pth...20260225_030953
At epoch 6622, test loss = 1.2765
...model saved to 15_exp/models/FloydWarshallDataset_tropical_0.0001_20000_20260225_015437_relu_best.pth...20260225_030958
At epoch 6636, test loss = 1.2761
...model saved to 15_exp/models/FloydWarshallDataset_tropical_0.0001_20000_20260225_015437_relu_best.pth...20260225_031008
At epoch 6658, test loss = 1.2737
...model saved to 15_exp/models/FloydWarshallDataset_tropical_0.0001_20000_20260225_015437_relu_best.pth...20260225_031023
At epoch 6671, test loss = 1.2736
...model saved to 15_exp/models/FloydWarshallDataset_tropical_0.0001_20000_20260225_015437_relu_best.pth...20260225_031032
At epoch 6675, test loss = 1.2725
...model saved to 15_exp/models/FloydWarshallDataset_tropical_0.0001_20000_20260225_015437_relu_best.pth...20260225_031035
At epoch 6694, test loss = 1.2724
...model saved to 15_exp/models/FloydWarshallDataset_tropical_0.0001_20000_20260225_015437_relu_best.pth...20260225_031049
At epoch 6698, test loss = 1.2723
...model saved to 15_exp/models/FloydWarshallDataset_tropical_0.0001_20000_20260225_015437_relu_best.pth...20260225_031051
At epoch 6707, test loss = 1.2626
...model saved to 15_exp/models/FloydWarshallDataset_tropical_0.0001_20000_20260225_015437_relu_best.pth...20260225_031058
At epoch 6786, test loss = 1.2606
...model saved to 15_exp/models/FloydWarshallDataset_tropical_0.0001_20000_20260225_015437_relu_best.pth...20260225_031154
At epoch 6791, test loss = 1.2592
...model saved to 15_exp/models/FloydWarshallDataset_tropical_0.0001_20000_20260225_015437_relu_best.pth...20260225_031158
At epoch 6803, test loss = 1.2561
...model saved to 15_exp/models/FloydWarshallDataset_tropical_0.0001_20000_20260225_015437_relu_best.pth...20260225_031206
At epoch 6831, test loss = 1.2522
...model saved to 15_exp/models/FloydWarshallDataset_tropical_0.0001_20000_20260225_015437_relu_best.pth...20260225_031226
At epoch 6852, test loss = 1.2503
...model saved to 15_exp/models/FloydWarshallDataset_tropical_0.0001_20000_20260225_015437_relu_best.pth...20260225_031241
At epoch 6883, test loss = 1.2473
...model saved to 15_exp/models/FloydWarshallDataset_tropical_0.0001_20000_20260225_015437_relu_best.pth...20260225_031303
At epoch 6902, test loss = 1.2461
...model saved to 15_exp/models/FloydWarshallDataset_tropical_0.0001_20000_20260225_015437_relu_best.pth...20260225_031316
At epoch 6938, test loss = 1.2454
...model saved to 15_exp/models/FloydWarshallDataset_tropical_0.0001_20000_20260225_015437_relu_best.pth...20260225_031340
At epoch 6946, test loss = 1.2429
...model saved to 15_exp/models/FloydWarshallDataset_tropical_0.0001_20000_20260225_015437_relu_best.pth...20260225_031345
At epoch 6948, test loss = 1.2419
...model saved to 15_exp/models/FloydWarshallDataset_tropical_0.0001_20000_20260225_015437_relu_best.pth...20260225_031346
At epoch 6952, test loss = 1.2411
...model saved to 15_exp/models/FloydWarshallDataset_tropical_0.0001_20000_20260225_015437_relu_best.pth...20260225_031349
At epoch 6978, test loss = 1.2385
...model saved to 15_exp/models/FloydWarshallDataset_tropical_0.0001_20000_20260225_015437_relu_best.pth...20260225_031406
At epoch 7022, test loss = 1.2369
...model saved to 15_exp/models/FloydWarshallDataset_tropical_0.0001_20000_20260225_015437_relu_best.pth...20260225_031435
At epoch 7023, test loss = 1.2351
...model saved to 15_exp/models/FloydWarshallDataset_tropical_0.0001_20000_20260225_015437_relu_best.pth...20260225_031436
At epoch 7029, test loss = 1.2347
...model saved to 15_exp/models/FloydWarshallDataset_tropical_0.0001_20000_20260225_015437_relu_best.pth...20260225_031440
At epoch 7038, test loss = 1.2330
...model saved to 15_exp/models/FloydWarshallDataset_tropical_0.0001_20000_20260225_015437_relu_best.pth...20260225_031446
At epoch 7077, test loss = 1.2317
...model saved to 15_exp/models/FloydWarshallDataset_tropical_0.0001_20000_20260225_015437_relu_best.pth...20260225_031512
At epoch 7086, test loss = 1.2287
...model saved to 15_exp/models/FloydWarshallDataset_tropical_0.0001_20000_20260225_015437_relu_best.pth...20260225_031518
At epoch 7126, test loss = 1.2283
...model saved to 15_exp/models/FloydWarshallDataset_tropical_0.0001_20000_20260225_015437_relu_best.pth...20260225_031544
At epoch 7128, test loss = 1.2270
...model saved to 15_exp/models/FloydWarshallDataset_tropical_0.0001_20000_20260225_015437_relu_best.pth...20260225_031545
At epoch 7136, test loss = 1.2210
...model saved to 15_exp/models/FloydWarshallDataset_tropical_0.0001_20000_20260225_015437_relu_best.pth...20260225_031551
At epoch 7180, test loss = 1.2190
...model saved to 15_exp/models/FloydWarshallDataset_tropical_0.0001_20000_20260225_015437_relu_best.pth...20260225_031620
At epoch 7209, test loss = 1.2168
...model saved to 15_exp/models/FloydWarshallDataset_tropical_0.0001_20000_20260225_015437_relu_best.pth...20260225_031639
At epoch 7211, test loss = 1.2142
...model saved to 15_exp/models/FloydWarshallDataset_tropical_0.0001_20000_20260225_015437_relu_best.pth...20260225_031640
At epoch 7235, test loss = 1.2133
...model saved to 15_exp/models/FloydWarshallDataset_tropical_0.0001_20000_20260225_015437_relu_best.pth...20260225_031657
At epoch 7305, test loss = 1.2108
...model saved to 15_exp/models/FloydWarshallDataset_tropical_0.0001_20000_20260225_015437_relu_best.pth...20260225_031747
At epoch 7326, test loss = 1.2080
...model saved to 15_exp/models/FloydWarshallDataset_tropical_0.0001_20000_20260225_015437_relu_best.pth...20260225_031801
At epoch 7341, test loss = 1.2074
...model saved to 15_exp/models/FloydWarshallDataset_tropical_0.0001_20000_20260225_015437_relu_best.pth...20260225_031812
At epoch 7343, test loss = 1.2036
...model saved to 15_exp/models/FloydWarshallDataset_tropical_0.0001_20000_20260225_015437_relu_best.pth...20260225_031814
At epoch 7368, test loss = 1.2030
...model saved to 15_exp/models/FloydWarshallDataset_tropical_0.0001_20000_20260225_015437_relu_best.pth...20260225_031830
At epoch 7382, test loss = 1.2026
...model saved to 15_exp/models/FloydWarshallDataset_tropical_0.0001_20000_20260225_015437_relu_best.pth...20260225_031840
At epoch 7388, test loss = 1.2013
...model saved to 15_exp/models/FloydWarshallDataset_tropical_0.0001_20000_20260225_015437_relu_best.pth...20260225_031845
At epoch 7400, test loss = 1.1997
...model saved to 15_exp/models/FloydWarshallDataset_tropical_0.0001_20000_20260225_015437_relu_best.pth...20260225_031853
At epoch 7403, test loss = 1.1992
...model saved to 15_exp/models/FloydWarshallDataset_tropical_0.0001_20000_20260225_015437_relu_best.pth...20260225_031855
At epoch 7417, test loss = 1.1930
...model saved to 15_exp/models/FloydWarshallDataset_tropical_0.0001_20000_20260225_015437_relu_best.pth...20260225_031905
At epoch 7442, test loss = 1.1927
...model saved to 15_exp/models/FloydWarshallDataset_tropical_0.0001_20000_20260225_015437_relu_best.pth...20260225_031922
At epoch 7495, test loss = 1.1875
...model saved to 15_exp/models/FloydWarshallDataset_tropical_0.0001_20000_20260225_015437_relu_best.pth...20260225_031957
At epoch 7576, test loss = 1.1855
...model saved to 15_exp/models/FloydWarshallDataset_tropical_0.0001_20000_20260225_015437_relu_best.pth...20260225_032050
At epoch 7581, test loss = 1.1855
...model saved to 15_exp/models/FloydWarshallDataset_tropical_0.0001_20000_20260225_015437_relu_best.pth...20260225_032054
At epoch 7582, test loss = 1.1820
...model saved to 15_exp/models/FloydWarshallDataset_tropical_0.0001_20000_20260225_015437_relu_best.pth...20260225_032054
At epoch 7599, test loss = 1.1806
...model saved to 15_exp/models/FloydWarshallDataset_tropical_0.0001_20000_20260225_015437_relu_best.pth...20260225_032106
At epoch 7629, test loss = 1.1789
...model saved to 15_exp/models/FloydWarshallDataset_tropical_0.0001_20000_20260225_015437_relu_best.pth...20260225_032125
At epoch 7648, test loss = 1.1784
...model saved to 15_exp/models/FloydWarshallDataset_tropical_0.0001_20000_20260225_015437_relu_best.pth...20260225_032138
At epoch 7659, test loss = 1.1761
...model saved to 15_exp/models/FloydWarshallDataset_tropical_0.0001_20000_20260225_015437_relu_best.pth...20260225_032145
At epoch 7692, test loss = 1.1687
...model saved to 15_exp/models/FloydWarshallDataset_tropical_0.0001_20000_20260225_015437_relu_best.pth...20260225_032207
At epoch 7764, test loss = 1.1670
...model saved to 15_exp/models/FloydWarshallDataset_tropical_0.0001_20000_20260225_015437_relu_best.pth...20260225_032256
At epoch 7782, test loss = 1.1656
...model saved to 15_exp/models/FloydWarshallDataset_tropical_0.0001_20000_20260225_015437_relu_best.pth...20260225_032308
At epoch 7808, test loss = 1.1647
...model saved to 15_exp/models/FloydWarshallDataset_tropical_0.0001_20000_20260225_015437_relu_best.pth...20260225_032325
At epoch 7834, test loss = 1.1643
...model saved to 15_exp/models/FloydWarshallDataset_tropical_0.0001_20000_20260225_015437_relu_best.pth...20260225_032343
At epoch 7846, test loss = 1.1589
...model saved to 15_exp/models/FloydWarshallDataset_tropical_0.0001_20000_20260225_015437_relu_best.pth...20260225_032351
At epoch 7863, test loss = 1.1555
...model saved to 15_exp/models/FloydWarshallDataset_tropical_0.0001_20000_20260225_015437_relu_best.pth...20260225_032402
At epoch 7914, test loss = 1.1539
...model saved to 15_exp/models/FloydWarshallDataset_tropical_0.0001_20000_20260225_015437_relu_best.pth...20260225_032437
At epoch 7949, test loss = 1.1522
...model saved to 15_exp/models/FloydWarshallDataset_tropical_0.0001_20000_20260225_015437_relu_best.pth...20260225_032501
At epoch 7958, test loss = 1.1521
...model saved to 15_exp/models/FloydWarshallDataset_tropical_0.0001_20000_20260225_015437_relu_best.pth...20260225_032507
At epoch 7967, test loss = 1.1489
...model saved to 15_exp/models/FloydWarshallDataset_tropical_0.0001_20000_20260225_015437_relu_best.pth...20260225_032513
At epoch 8055, test loss = 1.1470
...model saved to 15_exp/models/FloydWarshallDataset_tropical_0.0001_20000_20260225_015437_relu_best.pth...20260225_032611
At epoch 8056, test loss = 1.1457
...model saved to 15_exp/models/FloydWarshallDataset_tropical_0.0001_20000_20260225_015437_relu_best.pth...20260225_032612
At epoch 8062, test loss = 1.1423
...model saved to 15_exp/models/FloydWarshallDataset_tropical_0.0001_20000_20260225_015437_relu_best.pth...20260225_032616
At epoch 8095, test loss = 1.1421
...model saved to 15_exp/models/FloydWarshallDataset_tropical_0.0001_20000_20260225_015437_relu_best.pth...20260225_032638
At epoch 8118, test loss = 1.1420
...model saved to 15_exp/models/FloydWarshallDataset_tropical_0.0001_20000_20260225_015437_relu_best.pth...20260225_032653
At epoch 8128, test loss = 1.1381
...model saved to 15_exp/models/FloydWarshallDataset_tropical_0.0001_20000_20260225_015437_relu_best.pth...20260225_032659
At epoch 8148, test loss = 1.1358
...model saved to 15_exp/models/FloydWarshallDataset_tropical_0.0001_20000_20260225_015437_relu_best.pth...20260225_032713
At epoch 8191, test loss = 1.1341
...model saved to 15_exp/models/FloydWarshallDataset_tropical_0.0001_20000_20260225_015437_relu_best.pth...20260225_032741
At epoch 8194, test loss = 1.1340
...model saved to 15_exp/models/FloydWarshallDataset_tropical_0.0001_20000_20260225_015437_relu_best.pth...20260225_032743
At epoch 8202, test loss = 1.1320
...model saved to 15_exp/models/FloydWarshallDataset_tropical_0.0001_20000_20260225_015437_relu_best.pth...20260225_032748
At epoch 8231, test loss = 1.1303
...model saved to 15_exp/models/FloydWarshallDataset_tropical_0.0001_20000_20260225_015437_relu_best.pth...20260225_032807
At epoch 8275, test loss = 1.1248
...model saved to 15_exp/models/FloydWarshallDataset_tropical_0.0001_20000_20260225_015437_relu_best.pth...20260225_032836
At epoch 8344, test loss = 1.1222
...model saved to 15_exp/models/FloydWarshallDataset_tropical_0.0001_20000_20260225_015437_relu_best.pth...20260225_032922
At epoch 8358, test loss = 1.1219
...model saved to 15_exp/models/FloydWarshallDataset_tropical_0.0001_20000_20260225_015437_relu_best.pth...20260225_032931
At epoch 8395, test loss = 1.1176
...model saved to 15_exp/models/FloydWarshallDataset_tropical_0.0001_20000_20260225_015437_relu_best.pth...20260225_032956
At epoch 8422, test loss = 1.1175
...model saved to 15_exp/models/FloydWarshallDataset_tropical_0.0001_20000_20260225_015437_relu_best.pth...20260225_033013
At epoch 8443, test loss = 1.1161
...model saved to 15_exp/models/FloydWarshallDataset_tropical_0.0001_20000_20260225_015437_relu_best.pth...20260225_033027
At epoch 8444, test loss = 1.1155
...model saved to 15_exp/models/FloydWarshallDataset_tropical_0.0001_20000_20260225_015437_relu_best.pth...20260225_033028
At epoch 8445, test loss = 1.1152
...model saved to 15_exp/models/FloydWarshallDataset_tropical_0.0001_20000_20260225_015437_relu_best.pth...20260225_033028
At epoch 8496, test loss = 1.1102
...model saved to 15_exp/models/FloydWarshallDataset_tropical_0.0001_20000_20260225_015437_relu_best.pth...20260225_033102
At epoch 8531, test loss = 1.1077
...model saved to 15_exp/models/FloydWarshallDataset_tropical_0.0001_20000_20260225_015437_relu_best.pth...20260225_033125
At epoch 8593, test loss = 1.1075
...model saved to 15_exp/models/FloydWarshallDataset_tropical_0.0001_20000_20260225_015437_relu_best.pth...20260225_033206
At epoch 8614, test loss = 1.1055
...model saved to 15_exp/models/FloydWarshallDataset_tropical_0.0001_20000_20260225_015437_relu_best.pth...20260225_033220
At epoch 8625, test loss = 1.1020
...model saved to 15_exp/models/FloydWarshallDataset_tropical_0.0001_20000_20260225_015437_relu_best.pth...20260225_033227
At epoch 8644, test loss = 1.1014
...model saved to 15_exp/models/FloydWarshallDataset_tropical_0.0001_20000_20260225_015437_relu_best.pth...20260225_033240
At epoch 8653, test loss = 1.0985
...model saved to 15_exp/models/FloydWarshallDataset_tropical_0.0001_20000_20260225_015437_relu_best.pth...20260225_033245
At epoch 8728, test loss = 1.0984
...model saved to 15_exp/models/FloydWarshallDataset_tropical_0.0001_20000_20260225_015437_relu_best.pth...20260225_033335
At epoch 8766, test loss = 1.0983
...model saved to 15_exp/models/FloydWarshallDataset_tropical_0.0001_20000_20260225_015437_relu_best.pth...20260225_033400
At epoch 8777, test loss = 1.0979
...model saved to 15_exp/models/FloydWarshallDataset_tropical_0.0001_20000_20260225_015437_relu_best.pth...20260225_033407
At epoch 8782, test loss = 1.0946
...model saved to 15_exp/models/FloydWarshallDataset_tropical_0.0001_20000_20260225_015437_relu_best.pth...20260225_033410
At epoch 8822, test loss = 1.0899
...model saved to 15_exp/models/FloydWarshallDataset_tropical_0.0001_20000_20260225_015437_relu_best.pth...20260225_033437
At epoch 8859, test loss = 1.0892
...model saved to 15_exp/models/FloydWarshallDataset_tropical_0.0001_20000_20260225_015437_relu_best.pth...20260225_033501
At epoch 8872, test loss = 1.0884
...model saved to 15_exp/models/FloydWarshallDataset_tropical_0.0001_20000_20260225_015437_relu_best.pth...20260225_033510
At epoch 8881, test loss = 1.0874
...model saved to 15_exp/models/FloydWarshallDataset_tropical_0.0001_20000_20260225_015437_relu_best.pth...20260225_033516
At epoch 8907, test loss = 1.0861
...model saved to 15_exp/models/FloydWarshallDataset_tropical_0.0001_20000_20260225_015437_relu_best.pth...20260225_033533
At epoch 8937, test loss = 1.0855
...model saved to 15_exp/models/FloydWarshallDataset_tropical_0.0001_20000_20260225_015437_relu_best.pth...20260225_033553
At epoch 8952, test loss = 1.0850
...model saved to 15_exp/models/FloydWarshallDataset_tropical_0.0001_20000_20260225_015437_relu_best.pth...20260225_033602
At epoch 8976, test loss = 1.0842
...model saved to 15_exp/models/FloydWarshallDataset_tropical_0.0001_20000_20260225_015437_relu_best.pth...20260225_033618
At epoch 9016, test loss = 1.0814
...model saved to 15_exp/models/FloydWarshallDataset_tropical_0.0001_20000_20260225_015437_relu_best.pth...20260225_033645
At epoch 9025, test loss = 1.0784
...model saved to 15_exp/models/FloydWarshallDataset_tropical_0.0001_20000_20260225_015437_relu_best.pth...20260225_033651
At epoch 9070, test loss = 1.0775
...model saved to 15_exp/models/FloydWarshallDataset_tropical_0.0001_20000_20260225_015437_relu_best.pth...20260225_033723
At epoch 9115, test loss = 1.0770
...model saved to 15_exp/models/FloydWarshallDataset_tropical_0.0001_20000_20260225_015437_relu_best.pth...20260225_033753
At epoch 9141, test loss = 1.0759
...model saved to 15_exp/models/FloydWarshallDataset_tropical_0.0001_20000_20260225_015437_relu_best.pth...20260225_033810
At epoch 9153, test loss = 1.0746
...model saved to 15_exp/models/FloydWarshallDataset_tropical_0.0001_20000_20260225_015437_relu_best.pth...20260225_033818
At epoch 9164, test loss = 1.0742
...model saved to 15_exp/models/FloydWarshallDataset_tropical_0.0001_20000_20260225_015437_relu_best.pth...20260225_033825
At epoch 9173, test loss = 1.0712
...model saved to 15_exp/models/FloydWarshallDataset_tropical_0.0001_20000_20260225_015437_relu_best.pth...20260225_033831
At epoch 9194, test loss = 1.0680
...model saved to 15_exp/models/FloydWarshallDataset_tropical_0.0001_20000_20260225_015437_relu_best.pth...20260225_033845
At epoch 9310, test loss = 1.0641
...model saved to 15_exp/models/FloydWarshallDataset_tropical_0.0001_20000_20260225_015437_relu_best.pth...20260225_034001
At epoch 9330, test loss = 1.0640
...model saved to 15_exp/models/FloydWarshallDataset_tropical_0.0001_20000_20260225_015437_relu_best.pth...20260225_034014
At epoch 9355, test loss = 1.0626
...model saved to 15_exp/models/FloydWarshallDataset_tropical_0.0001_20000_20260225_015437_relu_best.pth...20260225_034031
At epoch 9384, test loss = 1.0619
...model saved to 15_exp/models/FloydWarshallDataset_tropical_0.0001_20000_20260225_015437_relu_best.pth...20260225_034050
At epoch 9408, test loss = 1.0588
...model saved to 15_exp/models/FloydWarshallDataset_tropical_0.0001_20000_20260225_015437_relu_best.pth...20260225_034106
At epoch 9463, test loss = 1.0571
...model saved to 15_exp/models/FloydWarshallDataset_tropical_0.0001_20000_20260225_015437_relu_best.pth...20260225_034142
At epoch 9470, test loss = 1.0563
...model saved to 15_exp/models/FloydWarshallDataset_tropical_0.0001_20000_20260225_015437_relu_best.pth...20260225_034147
At epoch 9502, test loss = 1.0553
...model saved to 15_exp/models/FloydWarshallDataset_tropical_0.0001_20000_20260225_015437_relu_best.pth...20260225_034208
At epoch 9537, test loss = 1.0551
...model saved to 15_exp/models/FloydWarshallDataset_tropical_0.0001_20000_20260225_015437_relu_best.pth...20260225_034231
At epoch 9559, test loss = 1.0534
...model saved to 15_exp/models/FloydWarshallDataset_tropical_0.0001_20000_20260225_015437_relu_best.pth...20260225_034245
At epoch 9569, test loss = 1.0501
...model saved to 15_exp/models/FloydWarshallDataset_tropical_0.0001_20000_20260225_015437_relu_best.pth...20260225_034252
At epoch 9650, test loss = 1.0487
...model saved to 15_exp/models/FloydWarshallDataset_tropical_0.0001_20000_20260225_015437_relu_best.pth...20260225_034345
At epoch 9699, test loss = 1.0472
...model saved to 15_exp/models/FloydWarshallDataset_tropical_0.0001_20000_20260225_015437_relu_best.pth...20260225_034418
At epoch 9738, test loss = 1.0451
...model saved to 15_exp/models/FloydWarshallDataset_tropical_0.0001_20000_20260225_015437_relu_best.pth...20260225_034444
At epoch 9779, test loss = 1.0449
...model saved to 15_exp/models/FloydWarshallDataset_tropical_0.0001_20000_20260225_015437_relu_best.pth...20260225_034511
At epoch 9807, test loss = 1.0378
...model saved to 15_exp/models/FloydWarshallDataset_tropical_0.0001_20000_20260225_015437_relu_best.pth...20260225_034530
At epoch 9872, test loss = 1.0368
...model saved to 15_exp/models/FloydWarshallDataset_tropical_0.0001_20000_20260225_015437_relu_best.pth...20260225_034612
At epoch 9881, test loss = 1.0362
...model saved to 15_exp/models/FloydWarshallDataset_tropical_0.0001_20000_20260225_015437_relu_best.pth...20260225_034618
At epoch 9936, test loss = 1.0357
...model saved to 15_exp/models/FloydWarshallDataset_tropical_0.0001_20000_20260225_015437_relu_best.pth...20260225_034654
At epoch 9982, test loss = 1.0351
...model saved to 15_exp/models/FloydWarshallDataset_tropical_0.0001_20000_20260225_015437_relu_best.pth...20260225_034727
At epoch 10008, test loss = 1.0349
...model saved to 15_exp/models/FloydWarshallDataset_tropical_0.0001_20000_20260225_015437_relu_best.pth...20260225_034746
At epoch 10014, test loss = 1.0303
...model saved to 15_exp/models/FloydWarshallDataset_tropical_0.0001_20000_20260225_015437_relu_best.pth...20260225_034750
At epoch 10040, test loss = 1.0291
...model saved to 15_exp/models/FloydWarshallDataset_tropical_0.0001_20000_20260225_015437_relu_best.pth...20260225_034808
At epoch 10128, test loss = 1.0274
...model saved to 15_exp/models/FloydWarshallDataset_tropical_0.0001_20000_20260225_015437_relu_best.pth...20260225_034910
At epoch 10145, test loss = 1.0248
...model saved to 15_exp/models/FloydWarshallDataset_tropical_0.0001_20000_20260225_015437_relu_best.pth...20260225_034922
At epoch 10175, test loss = 1.0244
...model saved to 15_exp/models/FloydWarshallDataset_tropical_0.0001_20000_20260225_015437_relu_best.pth...20260225_034943
At epoch 10215, test loss = 1.0231
...model saved to 15_exp/models/FloydWarshallDataset_tropical_0.0001_20000_20260225_015437_relu_best.pth...20260225_035011
At epoch 10242, test loss = 1.0227
...model saved to 15_exp/models/FloydWarshallDataset_tropical_0.0001_20000_20260225_015437_relu_best.pth...20260225_035030
At epoch 10243, test loss = 1.0218
...model saved to 15_exp/models/FloydWarshallDataset_tropical_0.0001_20000_20260225_015437_relu_best.pth...20260225_035031
At epoch 10271, test loss = 1.0203
...model saved to 15_exp/models/FloydWarshallDataset_tropical_0.0001_20000_20260225_015437_relu_best.pth...20260225_035050
At epoch 10299, test loss = 1.0141
...model saved to 15_exp/models/FloydWarshallDataset_tropical_0.0001_20000_20260225_015437_relu_best.pth...20260225_035110
At epoch 10435, test loss = 1.0124
...model saved to 15_exp/models/FloydWarshallDataset_tropical_0.0001_20000_20260225_015437_relu_best.pth...20260225_035249
At epoch 10504, test loss = 1.0088
...model saved to 15_exp/models/FloydWarshallDataset_tropical_0.0001_20000_20260225_015437_relu_best.pth...20260225_035338
At epoch 10537, test loss = 1.0082
...model saved to 15_exp/models/FloydWarshallDataset_tropical_0.0001_20000_20260225_015437_relu_best.pth...20260225_035401
At epoch 10552, test loss = 1.0062
...model saved to 15_exp/models/FloydWarshallDataset_tropical_0.0001_20000_20260225_015437_relu_best.pth...20260225_035412
At epoch 10587, test loss = 1.0056
...model saved to 15_exp/models/FloydWarshallDataset_tropical_0.0001_20000_20260225_015437_relu_best.pth...20260225_035436
At epoch 10607, test loss = 1.0039
...model saved to 15_exp/models/FloydWarshallDataset_tropical_0.0001_20000_20260225_015437_relu_best.pth...20260225_035451
At epoch 10651, test loss = 1.0020
...model saved to 15_exp/models/FloydWarshallDataset_tropical_0.0001_20000_20260225_015437_relu_best.pth...20260225_035521
At epoch 10721, test loss = 0.9999
...model saved to 15_exp/models/FloydWarshallDataset_tropical_0.0001_20000_20260225_015437_relu_best.pth...20260225_035607
At epoch 10832, test loss = 0.9996
...model saved to 15_exp/models/FloydWarshallDataset_tropical_0.0001_20000_20260225_015437_relu_best.pth...20260225_035721
At epoch 10833, test loss = 0.9943
...model saved to 15_exp/models/FloydWarshallDataset_tropical_0.0001_20000_20260225_015437_relu_best.pth...20260225_035722
At epoch 10881, test loss = 0.9914
...model saved to 15_exp/models/FloydWarshallDataset_tropical_0.0001_20000_20260225_015437_relu_best.pth...20260225_035754
At epoch 10981, test loss = 0.9887
...model saved to 15_exp/models/FloydWarshallDataset_tropical_0.0001_20000_20260225_015437_relu_best.pth...20260225_035901
At epoch 11063, test loss = 0.9886
...model saved to 15_exp/models/FloydWarshallDataset_tropical_0.0001_20000_20260225_015437_relu_best.pth...20260225_035958
At epoch 11070, test loss = 0.9880
...model saved to 15_exp/models/FloydWarshallDataset_tropical_0.0001_20000_20260225_015437_relu_best.pth...20260225_040003
At epoch 11095, test loss = 0.9867
...model saved to 15_exp/models/FloydWarshallDataset_tropical_0.0001_20000_20260225_015437_relu_best.pth...20260225_040020
At epoch 11108, test loss = 0.9844
...model saved to 15_exp/models/FloydWarshallDataset_tropical_0.0001_20000_20260225_015437_relu_best.pth...20260225_040029
At epoch 11196, test loss = 0.9839
...model saved to 15_exp/models/FloydWarshallDataset_tropical_0.0001_20000_20260225_015437_relu_best.pth...20260225_040130
At epoch 11201, test loss = 0.9837
...model saved to 15_exp/models/FloydWarshallDataset_tropical_0.0001_20000_20260225_015437_relu_best.pth...20260225_040134
At epoch 11203, test loss = 0.9830
...model saved to 15_exp/models/FloydWarshallDataset_tropical_0.0001_20000_20260225_015437_relu_best.pth...20260225_040135
At epoch 11220, test loss = 0.9802
...model saved to 15_exp/models/FloydWarshallDataset_tropical_0.0001_20000_20260225_015437_relu_best.pth...20260225_040147
At epoch 11302, test loss = 0.9783
...model saved to 15_exp/models/FloydWarshallDataset_tropical_0.0001_20000_20260225_015437_relu_best.pth...20260225_040245
At epoch 11313, test loss = 0.9780
...model saved to 15_exp/models/FloydWarshallDataset_tropical_0.0001_20000_20260225_015437_relu_best.pth...20260225_040252
At epoch 11340, test loss = 0.9759
...model saved to 15_exp/models/FloydWarshallDataset_tropical_0.0001_20000_20260225_015437_relu_best.pth...20260225_040310
At epoch 11385, test loss = 0.9693
...model saved to 15_exp/models/FloydWarshallDataset_tropical_0.0001_20000_20260225_015437_relu_best.pth...20260225_040341
At epoch 11419, test loss = 0.9667
...model saved to 15_exp/models/FloydWarshallDataset_tropical_0.0001_20000_20260225_015437_relu_best.pth...20260225_040405
At epoch 11480, test loss = 0.9663
...model saved to 15_exp/models/FloydWarshallDataset_tropical_0.0001_20000_20260225_015437_relu_best.pth...20260225_040449
At epoch 11506, test loss = 0.9649
...model saved to 15_exp/models/FloydWarshallDataset_tropical_0.0001_20000_20260225_015437_relu_best.pth...20260225_040507
At epoch 11508, test loss = 0.9644
...model saved to 15_exp/models/FloydWarshallDataset_tropical_0.0001_20000_20260225_015437_relu_best.pth...20260225_040509
At epoch 11511, test loss = 0.9627
...model saved to 15_exp/models/FloydWarshallDataset_tropical_0.0001_20000_20260225_015437_relu_best.pth...20260225_040511
At epoch 11559, test loss = 0.9612
...model saved to 15_exp/models/FloydWarshallDataset_tropical_0.0001_20000_20260225_015437_relu_best.pth...20260225_040545
At epoch 11599, test loss = 0.9610
...model saved to 15_exp/models/FloydWarshallDataset_tropical_0.0001_20000_20260225_015437_relu_best.pth...20260225_040613
At epoch 11601, test loss = 0.9609
...model saved to 15_exp/models/FloydWarshallDataset_tropical_0.0001_20000_20260225_015437_relu_best.pth...20260225_040615
At epoch 11629, test loss = 0.9591
...model saved to 15_exp/models/FloydWarshallDataset_tropical_0.0001_20000_20260225_015437_relu_best.pth...20260225_040634
At epoch 11634, test loss = 0.9579
...model saved to 15_exp/models/FloydWarshallDataset_tropical_0.0001_20000_20260225_015437_relu_best.pth...20260225_040638
At epoch 11646, test loss = 0.9572
...model saved to 15_exp/models/FloydWarshallDataset_tropical_0.0001_20000_20260225_015437_relu_best.pth...20260225_040646
At epoch 11685, test loss = 0.9562
...model saved to 15_exp/models/FloydWarshallDataset_tropical_0.0001_20000_20260225_015437_relu_best.pth...20260225_040714
At epoch 11694, test loss = 0.9550
...model saved to 15_exp/models/FloydWarshallDataset_tropical_0.0001_20000_20260225_015437_relu_best.pth...20260225_040721
At epoch 11698, test loss = 0.9531
...model saved to 15_exp/models/FloydWarshallDataset_tropical_0.0001_20000_20260225_015437_relu_best.pth...20260225_040723
At epoch 11736, test loss = 0.9528
...model saved to 15_exp/models/FloydWarshallDataset_tropical_0.0001_20000_20260225_015437_relu_best.pth...20260225_040750
At epoch 11750, test loss = 0.9523
...model saved to 15_exp/models/FloydWarshallDataset_tropical_0.0001_20000_20260225_015437_relu_best.pth...20260225_040800
At epoch 11760, test loss = 0.9508
...model saved to 15_exp/models/FloydWarshallDataset_tropical_0.0001_20000_20260225_015437_relu_best.pth...20260225_040807
At epoch 11803, test loss = 0.9459
...model saved to 15_exp/models/FloydWarshallDataset_tropical_0.0001_20000_20260225_015437_relu_best.pth...20260225_040835
At epoch 11861, test loss = 0.9452
...model saved to 15_exp/models/FloydWarshallDataset_tropical_0.0001_20000_20260225_015437_relu_best.pth...20260225_040915
At epoch 11881, test loss = 0.9438
...model saved to 15_exp/models/FloydWarshallDataset_tropical_0.0001_20000_20260225_015437_relu_best.pth...20260225_040929
At epoch 11901, test loss = 0.9434
...model saved to 15_exp/models/FloydWarshallDataset_tropical_0.0001_20000_20260225_015437_relu_best.pth...20260225_040943
At epoch 11909, test loss = 0.9422
...model saved to 15_exp/models/FloydWarshallDataset_tropical_0.0001_20000_20260225_015437_relu_best.pth...20260225_040949
At epoch 11916, test loss = 0.9417
...model saved to 15_exp/models/FloydWarshallDataset_tropical_0.0001_20000_20260225_015437_relu_best.pth...20260225_040954
At epoch 11948, test loss = 0.9404
...model saved to 15_exp/models/FloydWarshallDataset_tropical_0.0001_20000_20260225_015437_relu_best.pth...20260225_041017
At epoch 12006, test loss = 0.9387
...model saved to 15_exp/models/FloydWarshallDataset_tropical_0.0001_20000_20260225_015437_relu_best.pth...20260225_041059
At epoch 12035, test loss = 0.9383
...model saved to 15_exp/models/FloydWarshallDataset_tropical_0.0001_20000_20260225_015437_relu_best.pth...20260225_041119
At epoch 12038, test loss = 0.9355
...model saved to 15_exp/models/FloydWarshallDataset_tropical_0.0001_20000_20260225_015437_relu_best.pth...20260225_041121
At epoch 12113, test loss = 0.9338
...model saved to 15_exp/models/FloydWarshallDataset_tropical_0.0001_20000_20260225_015437_relu_best.pth...20260225_041211
At epoch 12135, test loss = 0.9299
...model saved to 15_exp/models/FloydWarshallDataset_tropical_0.0001_20000_20260225_015437_relu_best.pth...20260225_041225
At epoch 12199, test loss = 0.9280
...model saved to 15_exp/models/FloydWarshallDataset_tropical_0.0001_20000_20260225_015437_relu_best.pth...20260225_041308
At epoch 12250, test loss = 0.9274
...model saved to 15_exp/models/FloydWarshallDataset_tropical_0.0001_20000_20260225_015437_relu_best.pth...20260225_041342
At epoch 12252, test loss = 0.9273
...model saved to 15_exp/models/FloydWarshallDataset_tropical_0.0001_20000_20260225_015437_relu_best.pth...20260225_041343
At epoch 12258, test loss = 0.9248
...model saved to 15_exp/models/FloydWarshallDataset_tropical_0.0001_20000_20260225_015437_relu_best.pth...20260225_041347
At epoch 12281, test loss = 0.9246
...model saved to 15_exp/models/FloydWarshallDataset_tropical_0.0001_20000_20260225_015437_relu_best.pth...20260225_041403
At epoch 12337, test loss = 0.9229
...model saved to 15_exp/models/FloydWarshallDataset_tropical_0.0001_20000_20260225_015437_relu_best.pth...20260225_041443
At epoch 12356, test loss = 0.9223
...model saved to 15_exp/models/FloydWarshallDataset_tropical_0.0001_20000_20260225_015437_relu_best.pth...20260225_041456
At epoch 12396, test loss = 0.9159
...model saved to 15_exp/models/FloydWarshallDataset_tropical_0.0001_20000_20260225_015437_relu_best.pth...20260225_041524
At epoch 12496, test loss = 0.9156
...model saved to 15_exp/models/FloydWarshallDataset_tropical_0.0001_20000_20260225_015437_relu_best.pth...20260225_041634
At epoch 12507, test loss = 0.9153
...model saved to 15_exp/models/FloydWarshallDataset_tropical_0.0001_20000_20260225_015437_relu_best.pth...20260225_041642
At epoch 12518, test loss = 0.9148
...model saved to 15_exp/models/FloydWarshallDataset_tropical_0.0001_20000_20260225_015437_relu_best.pth...20260225_041650
At epoch 12545, test loss = 0.9144
...model saved to 15_exp/models/FloydWarshallDataset_tropical_0.0001_20000_20260225_015437_relu_best.pth...20260225_041709
At epoch 12580, test loss = 0.9126
...model saved to 15_exp/models/FloydWarshallDataset_tropical_0.0001_20000_20260225_015437_relu_best.pth...20260225_041734
At epoch 12590, test loss = 0.9113
...model saved to 15_exp/models/FloydWarshallDataset_tropical_0.0001_20000_20260225_015437_relu_best.pth...20260225_041741
At epoch 12616, test loss = 0.9100
...model saved to 15_exp/models/FloydWarshallDataset_tropical_0.0001_20000_20260225_015437_relu_best.pth...20260225_041800
At epoch 12664, test loss = 0.9098
...model saved to 15_exp/models/FloydWarshallDataset_tropical_0.0001_20000_20260225_015437_relu_best.pth...20260225_041833
At epoch 12700, test loss = 0.9089
...model saved to 15_exp/models/FloydWarshallDataset_tropical_0.0001_20000_20260225_015437_relu_best.pth...20260225_041859
At epoch 12703, test loss = 0.9089
...model saved to 15_exp/models/FloydWarshallDataset_tropical_0.0001_20000_20260225_015437_relu_best.pth...20260225_041901
At epoch 12711, test loss = 0.9058
...model saved to 15_exp/models/FloydWarshallDataset_tropical_0.0001_20000_20260225_015437_relu_best.pth...20260225_041907
At epoch 12727, test loss = 0.9047
...model saved to 15_exp/models/FloydWarshallDataset_tropical_0.0001_20000_20260225_015437_relu_best.pth...20260225_041918
At epoch 12774, test loss = 0.9018
...model saved to 15_exp/models/FloydWarshallDataset_tropical_0.0001_20000_20260225_015437_relu_best.pth...20260225_041952
At epoch 12844, test loss = 0.9009
...model saved to 15_exp/models/FloydWarshallDataset_tropical_0.0001_20000_20260225_015437_relu_best.pth...20260225_042041
At epoch 12911, test loss = 0.8989
...model saved to 15_exp/models/FloydWarshallDataset_tropical_0.0001_20000_20260225_015437_relu_best.pth...20260225_042126
At epoch 12953, test loss = 0.8982
...model saved to 15_exp/models/FloydWarshallDataset_tropical_0.0001_20000_20260225_015437_relu_best.pth...20260225_042154
At epoch 12965, test loss = 0.8980
...model saved to 15_exp/models/FloydWarshallDataset_tropical_0.0001_20000_20260225_015437_relu_best.pth...20260225_042201
At epoch 12988, test loss = 0.8941
...model saved to 15_exp/models/FloydWarshallDataset_tropical_0.0001_20000_20260225_015437_relu_best.pth...20260225_042217
At epoch 13083, test loss = 0.8918
...model saved to 15_exp/models/FloydWarshallDataset_tropical_0.0001_20000_20260225_015437_relu_best.pth...20260225_042319
At epoch 13119, test loss = 0.8912
...model saved to 15_exp/models/FloydWarshallDataset_tropical_0.0001_20000_20260225_015437_relu_best.pth...20260225_042343
At epoch 13187, test loss = 0.8902
...model saved to 15_exp/models/FloydWarshallDataset_tropical_0.0001_20000_20260225_015437_relu_best.pth...20260225_042428
At epoch 13193, test loss = 0.8893
...model saved to 15_exp/models/FloydWarshallDataset_tropical_0.0001_20000_20260225_015437_relu_best.pth...20260225_042431
At epoch 13277, test loss = 0.8887
...model saved to 15_exp/models/FloydWarshallDataset_tropical_0.0001_20000_20260225_015437_relu_best.pth...20260225_042527
At epoch 13282, test loss = 0.8877
...model saved to 15_exp/models/FloydWarshallDataset_tropical_0.0001_20000_20260225_015437_relu_best.pth...20260225_042530
At epoch 13307, test loss = 0.8874
...model saved to 15_exp/models/FloydWarshallDataset_tropical_0.0001_20000_20260225_015437_relu_best.pth...20260225_042547
At epoch 13327, test loss = 0.8859
...model saved to 15_exp/models/FloydWarshallDataset_tropical_0.0001_20000_20260225_015437_relu_best.pth...20260225_042600
At epoch 13332, test loss = 0.8854
...model saved to 15_exp/models/FloydWarshallDataset_tropical_0.0001_20000_20260225_015437_relu_best.pth...20260225_042603
At epoch 13346, test loss = 0.8852
...model saved to 15_exp/models/FloydWarshallDataset_tropical_0.0001_20000_20260225_015437_relu_best.pth...20260225_042613
At epoch 13353, test loss = 0.8851
...model saved to 15_exp/models/FloydWarshallDataset_tropical_0.0001_20000_20260225_015437_relu_best.pth...20260225_042617
At epoch 13357, test loss = 0.8841
...model saved to 15_exp/models/FloydWarshallDataset_tropical_0.0001_20000_20260225_015437_relu_best.pth...20260225_042620
At epoch 13384, test loss = 0.8835
...model saved to 15_exp/models/FloydWarshallDataset_tropical_0.0001_20000_20260225_015437_relu_best.pth...20260225_042638
At epoch 13414, test loss = 0.8831
...model saved to 15_exp/models/FloydWarshallDataset_tropical_0.0001_20000_20260225_015437_relu_best.pth...20260225_042658
At epoch 13447, test loss = 0.8808
...model saved to 15_exp/models/FloydWarshallDataset_tropical_0.0001_20000_20260225_015437_relu_best.pth...20260225_042719
At epoch 13483, test loss = 0.8797
...model saved to 15_exp/models/FloydWarshallDataset_tropical_0.0001_20000_20260225_015437_relu_best.pth...20260225_042743
At epoch 13532, test loss = 0.8777
...model saved to 15_exp/models/FloydWarshallDataset_tropical_0.0001_20000_20260225_015437_relu_best.pth...20260225_042816
At epoch 13548, test loss = 0.8770
...model saved to 15_exp/models/FloydWarshallDataset_tropical_0.0001_20000_20260225_015437_relu_best.pth...20260225_042826
At epoch 13662, test loss = 0.8756
...model saved to 15_exp/models/FloydWarshallDataset_tropical_0.0001_20000_20260225_015437_relu_best.pth...20260225_042941
At epoch 13674, test loss = 0.8748
...model saved to 15_exp/models/FloydWarshallDataset_tropical_0.0001_20000_20260225_015437_relu_best.pth...20260225_042949
At epoch 13746, test loss = 0.8641
...model saved to 15_exp/models/FloydWarshallDataset_tropical_0.0001_20000_20260225_015437_relu_best.pth...20260225_043037
At epoch 14045, test loss = 0.8635
...model saved to 15_exp/models/FloydWarshallDataset_tropical_0.0001_20000_20260225_015437_relu_best.pth...20260225_043354
At epoch 14140, test loss = 0.8624
...model saved to 15_exp/models/FloydWarshallDataset_tropical_0.0001_20000_20260225_015437_relu_best.pth...20260225_043459
At epoch 14157, test loss = 0.8612
...model saved to 15_exp/models/FloydWarshallDataset_tropical_0.0001_20000_20260225_015437_relu_best.pth...20260225_043510
At epoch 14173, test loss = 0.8586
...model saved to 15_exp/models/FloydWarshallDataset_tropical_0.0001_20000_20260225_015437_relu_best.pth...20260225_043521
At epoch 14261, test loss = 0.8579
...model saved to 15_exp/models/FloydWarshallDataset_tropical_0.0001_20000_20260225_015437_relu_best.pth...20260225_043619
At epoch 14327, test loss = 0.8561
...model saved to 15_exp/models/FloydWarshallDataset_tropical_0.0001_20000_20260225_015437_relu_best.pth...20260225_043702
At epoch 14394, test loss = 0.8524
...model saved to 15_exp/models/FloydWarshallDataset_tropical_0.0001_20000_20260225_015437_relu_best.pth...20260225_043746
At epoch 14479, test loss = 0.8521
...model saved to 15_exp/models/FloydWarshallDataset_tropical_0.0001_20000_20260225_015437_relu_best.pth...20260225_043843
At epoch 14635, test loss = 0.8472
...model saved to 15_exp/models/FloydWarshallDataset_tropical_0.0001_20000_20260225_015437_relu_best.pth...20260225_044026
At epoch 14800, test loss = 0.8455
...model saved to 15_exp/models/FloydWarshallDataset_tropical_0.0001_20000_20260225_015437_relu_best.pth...20260225_044214
At epoch 14827, test loss = 0.8449
...model saved to 15_exp/models/FloydWarshallDataset_tropical_0.0001_20000_20260225_015437_relu_best.pth...20260225_044232
At epoch 14914, test loss = 0.8439
...model saved to 15_exp/models/FloydWarshallDataset_tropical_0.0001_20000_20260225_015437_relu_best.pth...20260225_044330
At epoch 14929, test loss = 0.8422
...model saved to 15_exp/models/FloydWarshallDataset_tropical_0.0001_20000_20260225_015437_relu_best.pth...20260225_044340
At epoch 15011, test loss = 0.8417
...model saved to 15_exp/models/FloydWarshallDataset_tropical_0.0001_20000_20260225_015437_relu_best.pth...20260225_044438
At epoch 15068, test loss = 0.8409
...model saved to 15_exp/models/FloydWarshallDataset_tropical_0.0001_20000_20260225_015437_relu_best.pth...20260225_044518
At epoch 15077, test loss = 0.8408
...model saved to 15_exp/models/FloydWarshallDataset_tropical_0.0001_20000_20260225_015437_relu_best.pth...20260225_044524
At epoch 15085, test loss = 0.8397
...model saved to 15_exp/models/FloydWarshallDataset_tropical_0.0001_20000_20260225_015437_relu_best.pth...20260225_044530
At epoch 15131, test loss = 0.8374
...model saved to 15_exp/models/FloydWarshallDataset_tropical_0.0001_20000_20260225_015437_relu_best.pth...20260225_044602
At epoch 15146, test loss = 0.8361
...model saved to 15_exp/models/FloydWarshallDataset_tropical_0.0001_20000_20260225_015437_relu_best.pth...20260225_044613
At epoch 15195, test loss = 0.8349
...model saved to 15_exp/models/FloydWarshallDataset_tropical_0.0001_20000_20260225_015437_relu_best.pth...20260225_044648
At epoch 15254, test loss = 0.8329
...model saved to 15_exp/models/FloydWarshallDataset_tropical_0.0001_20000_20260225_015437_relu_best.pth...20260225_044730
At epoch 15315, test loss = 0.8327
...model saved to 15_exp/models/FloydWarshallDataset_tropical_0.0001_20000_20260225_015437_relu_best.pth...20260225_044813
At epoch 15429, test loss = 0.8327
...model saved to 15_exp/models/FloydWarshallDataset_tropical_0.0001_20000_20260225_015437_relu_best.pth...20260225_044933
At epoch 15472, test loss = 0.8315
...model saved to 15_exp/models/FloydWarshallDataset_tropical_0.0001_20000_20260225_015437_relu_best.pth...20260225_045003
At epoch 15478, test loss = 0.8306
...model saved to 15_exp/models/FloydWarshallDataset_tropical_0.0001_20000_20260225_015437_relu_best.pth...20260225_045008
At epoch 15490, test loss = 0.8296
...model saved to 15_exp/models/FloydWarshallDataset_tropical_0.0001_20000_20260225_015437_relu_best.pth...20260225_045016
At epoch 15522, test loss = 0.8295
...model saved to 15_exp/models/FloydWarshallDataset_tropical_0.0001_20000_20260225_015437_relu_best.pth...20260225_045038
At epoch 15531, test loss = 0.8289
...model saved to 15_exp/models/FloydWarshallDataset_tropical_0.0001_20000_20260225_015437_relu_best.pth...20260225_045045
At epoch 15573, test loss = 0.8255
...model saved to 15_exp/models/FloydWarshallDataset_tropical_0.0001_20000_20260225_015437_relu_best.pth...20260225_045115
At epoch 15614, test loss = 0.8234
...model saved to 15_exp/models/FloydWarshallDataset_tropical_0.0001_20000_20260225_015437_relu_best.pth...20260225_045143
At epoch 15632, test loss = 0.8225
...model saved to 15_exp/models/FloydWarshallDataset_tropical_0.0001_20000_20260225_015437_relu_best.pth...20260225_045156
At epoch 15871, test loss = 0.8207
...model saved to 15_exp/models/FloydWarshallDataset_tropical_0.0001_20000_20260225_015437_relu_best.pth...20260225_045438
At epoch 15894, test loss = 0.8192
...model saved to 15_exp/models/FloydWarshallDataset_tropical_0.0001_20000_20260225_015437_relu_best.pth...20260225_045453
At epoch 15961, test loss = 0.8163
...model saved to 15_exp/models/FloydWarshallDataset_tropical_0.0001_20000_20260225_015437_relu_best.pth...20260225_045537
At epoch 16146, test loss = 0.8141
...model saved to 15_exp/models/FloydWarshallDataset_tropical_0.0001_20000_20260225_015437_relu_best.pth...20260225_045739
At epoch 16151, test loss = 0.8123
...model saved to 15_exp/models/FloydWarshallDataset_tropical_0.0001_20000_20260225_015437_relu_best.pth...20260225_045742
At epoch 16329, test loss = 0.8118
...model saved to 15_exp/models/FloydWarshallDataset_tropical_0.0001_20000_20260225_015437_relu_best.pth...20260225_045939
At epoch 16346, test loss = 0.8104
...model saved to 15_exp/models/FloydWarshallDataset_tropical_0.0001_20000_20260225_015437_relu_best.pth...20260225_045950
At epoch 16350, test loss = 0.8102
...model saved to 15_exp/models/FloydWarshallDataset_tropical_0.0001_20000_20260225_015437_relu_best.pth...20260225_045953
At epoch 16411, test loss = 0.8101
...model saved to 15_exp/models/FloydWarshallDataset_tropical_0.0001_20000_20260225_015437_relu_best.pth...20260225_050033
At epoch 16416, test loss = 0.8093
...model saved to 15_exp/models/FloydWarshallDataset_tropical_0.0001_20000_20260225_015437_relu_best.pth...20260225_050036
At epoch 16482, test loss = 0.8093
...model saved to 15_exp/models/FloydWarshallDataset_tropical_0.0001_20000_20260225_015437_relu_best.pth...20260225_050120
At epoch 16518, test loss = 0.8077
...model saved to 15_exp/models/FloydWarshallDataset_tropical_0.0001_20000_20260225_015437_relu_best.pth...20260225_050144
At epoch 16557, test loss = 0.8073
...model saved to 15_exp/models/FloydWarshallDataset_tropical_0.0001_20000_20260225_015437_relu_best.pth...20260225_050209
At epoch 16579, test loss = 0.8071
...model saved to 15_exp/models/FloydWarshallDataset_tropical_0.0001_20000_20260225_015437_relu_best.pth...20260225_050224
At epoch 16615, test loss = 0.8056
...model saved to 15_exp/models/FloydWarshallDataset_tropical_0.0001_20000_20260225_015437_relu_best.pth...20260225_050248
At epoch 16639, test loss = 0.8052
...model saved to 15_exp/models/FloydWarshallDataset_tropical_0.0001_20000_20260225_015437_relu_best.pth...20260225_050304
At epoch 16680, test loss = 0.8047
...model saved to 15_exp/models/FloydWarshallDataset_tropical_0.0001_20000_20260225_015437_relu_best.pth...20260225_050331
At epoch 16688, test loss = 0.8016
...model saved to 15_exp/models/FloydWarshallDataset_tropical_0.0001_20000_20260225_015437_relu_best.pth...20260225_050336
At epoch 16841, test loss = 0.7985
...model saved to 15_exp/models/FloydWarshallDataset_tropical_0.0001_20000_20260225_015437_relu_best.pth...20260225_050517
At epoch 17077, test loss = 0.7968
...model saved to 15_exp/models/FloydWarshallDataset_tropical_0.0001_20000_20260225_015437_relu_best.pth...20260225_050755
At epoch 17133, test loss = 0.7958
...model saved to 15_exp/models/FloydWarshallDataset_tropical_0.0001_20000_20260225_015437_relu_best.pth...20260225_050833
At epoch 17194, test loss = 0.7882
...model saved to 15_exp/models/FloydWarshallDataset_tropical_0.0001_20000_20260225_015437_relu_best.pth...20260225_050913
At epoch 17390, test loss = 0.7876
...model saved to 15_exp/models/FloydWarshallDataset_tropical_0.0001_20000_20260225_015437_relu_best.pth...20260225_051125
At epoch 17515, test loss = 0.7875
...model saved to 15_exp/models/FloydWarshallDataset_tropical_0.0001_20000_20260225_015437_relu_best.pth...20260225_051254
At epoch 17571, test loss = 0.7873
...model saved to 15_exp/models/FloydWarshallDataset_tropical_0.0001_20000_20260225_015437_relu_best.pth...20260225_051332
At epoch 17626, test loss = 0.7856
...model saved to 15_exp/models/FloydWarshallDataset_tropical_0.0001_20000_20260225_015437_relu_best.pth...20260225_051410
At epoch 17656, test loss = 0.7855
...model saved to 15_exp/models/FloydWarshallDataset_tropical_0.0001_20000_20260225_015437_relu_best.pth...20260225_051430
At epoch 17662, test loss = 0.7827
...model saved to 15_exp/models/FloydWarshallDataset_tropical_0.0001_20000_20260225_015437_relu_best.pth...20260225_051434
At epoch 17783, test loss = 0.7821
...model saved to 15_exp/models/FloydWarshallDataset_tropical_0.0001_20000_20260225_015437_relu_best.pth...20260225_051554
At epoch 17827, test loss = 0.7803
...model saved to 15_exp/models/FloydWarshallDataset_tropical_0.0001_20000_20260225_015437_relu_best.pth...20260225_051623
At epoch 17955, test loss = 0.7790
...model saved to 15_exp/models/FloydWarshallDataset_tropical_0.0001_20000_20260225_015437_relu_best.pth...20260225_051748
At epoch 17972, test loss = 0.7768
...model saved to 15_exp/models/FloydWarshallDataset_tropical_0.0001_20000_20260225_015437_relu_best.pth...20260225_051800
At epoch 18145, test loss = 0.7734
...model saved to 15_exp/models/FloydWarshallDataset_tropical_0.0001_20000_20260225_015437_relu_best.pth...20260225_051955
At epoch 18279, test loss = 0.7727
...model saved to 15_exp/models/FloydWarshallDataset_tropical_0.0001_20000_20260225_015437_relu_best.pth...20260225_052124
At epoch 18369, test loss = 0.7710
...model saved to 15_exp/models/FloydWarshallDataset_tropical_0.0001_20000_20260225_015437_relu_best.pth...20260225_052223
At epoch 18486, test loss = 0.7708
...model saved to 15_exp/models/FloydWarshallDataset_tropical_0.0001_20000_20260225_015437_relu_best.pth...20260225_052340
At epoch 18589, test loss = 0.7681
...model saved to 15_exp/models/FloydWarshallDataset_tropical_0.0001_20000_20260225_015437_relu_best.pth...20260225_052448
At epoch 18610, test loss = 0.7675
...model saved to 15_exp/models/FloydWarshallDataset_tropical_0.0001_20000_20260225_015437_relu_best.pth...20260225_052502
At epoch 18703, test loss = 0.7664
...model saved to 15_exp/models/FloydWarshallDataset_tropical_0.0001_20000_20260225_015437_relu_best.pth...20260225_052604
At epoch 18827, test loss = 0.7661
...model saved to 15_exp/models/FloydWarshallDataset_tropical_0.0001_20000_20260225_015437_relu_best.pth...20260225_052727
At epoch 18851, test loss = 0.7635
...model saved to 15_exp/models/FloydWarshallDataset_tropical_0.0001_20000_20260225_015437_relu_best.pth...20260225_052743
At epoch 18985, test loss = 0.7631
...model saved to 15_exp/models/FloydWarshallDataset_tropical_0.0001_20000_20260225_015437_relu_best.pth...20260225_052912
At epoch 19030, test loss = 0.7624
...model saved to 15_exp/models/FloydWarshallDataset_tropical_0.0001_20000_20260225_015437_relu_best.pth...20260225_052941
At epoch 19110, test loss = 0.7617
...model saved to 15_exp/models/FloydWarshallDataset_tropical_0.0001_20000_20260225_015437_relu_best.pth...20260225_053034
At epoch 19118, test loss = 0.7597
...model saved to 15_exp/models/FloydWarshallDataset_tropical_0.0001_20000_20260225_015437_relu_best.pth...20260225_053040
At epoch 19166, test loss = 0.7532
...model saved to 15_exp/models/FloydWarshallDataset_tropical_0.0001_20000_20260225_015437_relu_best.pth...20260225_053111
At epoch 19583, test loss = 0.7500
...model saved to 15_exp/models/FloydWarshallDataset_tropical_0.0001_20000_20260225_015437_relu_best.pth...20260225_053547
At epoch 19717, test loss = 0.7487
...model saved to 15_exp/models/FloydWarshallDataset_tropical_0.0001_20000_20260225_015437_relu_best.pth...20260225_053715
At epoch 19789, test loss = 0.7484
...model saved to 15_exp/models/FloydWarshallDataset_tropical_0.0001_20000_20260225_015437_relu_best.pth...20260225_053803
At epoch 19848, test loss = 0.7461
...model saved to 15_exp/models/FloydWarshallDataset_tropical_0.0001_20000_20260225_015437_relu_best.pth...20260225_053842
At epoch 19944, test loss = 0.7441
...model saved to 15_exp/models/FloydWarshallDataset_tropical_0.0001_20000_20260225_015437_relu_best.pth...20260225_053945
At epoch 19983, test loss = 0.7440
...model saved to 15_exp/models/FloydWarshallDataset_tropical_0.0001_20000_20260225_015437_relu_best.pth...20260225_054011
...plot saved to 15_exp/plots/plots_FloydWarshallDataset_tropical_0.0001_20000_20260225_015437_relu.png...
