CUDA available? True
GPU device: NVIDIA A100-SXM4-40GB
CUDA_VISIBLE_DEVICES=0,1,2,3
SLURM_JOB_GPUS=0,1,2,3

 Running config: {'task': 'train', 'model_type': 'tropical', 'dataset_name': 'FloydWarshallDataset', 'input_dim': 3, 'd_model': 32, 'n_heads': 4, 'num_layers': 4, 'num_epochs': 20000, 'dropout': 0.05, 'lr': 0.0001, 'seed': 999, 'n_samples': 50000, 'batch_size': 1000, 'target_range': 'na', 'weight_range': 'na', 'adversarial_range': '(10,20)', 'length_range': '(8,8)', 'noise_prob': 0, 'value_range': '(1,15)'}
FloydWarshallDataset_tropical_0.0001_20000_20260226_173318_relu
...setting dataloader...20260226_173318
...setting model object...20260226_173331
...training model...20260226_173331
At epoch 0, test loss = 104.6311
...model saved to 15_exp/models/FloydWarshallDataset_tropical_0.0001_20000_20260226_173318_relu_best.pth...20260226_173350
At epoch 1, test loss = 93.4454
...model saved to 15_exp/models/FloydWarshallDataset_tropical_0.0001_20000_20260226_173318_relu_best.pth...20260226_173351
At epoch 2, test loss = 79.8602
...model saved to 15_exp/models/FloydWarshallDataset_tropical_0.0001_20000_20260226_173318_relu_best.pth...20260226_173352
At epoch 3, test loss = 67.9988
...model saved to 15_exp/models/FloydWarshallDataset_tropical_0.0001_20000_20260226_173318_relu_best.pth...20260226_173352
At epoch 4, test loss = 59.3189
...model saved to 15_exp/models/FloydWarshallDataset_tropical_0.0001_20000_20260226_173318_relu_best.pth...20260226_173353
At epoch 5, test loss = 54.0682
...model saved to 15_exp/models/FloydWarshallDataset_tropical_0.0001_20000_20260226_173318_relu_best.pth...20260226_173354
At epoch 6, test loss = 50.9830
...model saved to 15_exp/models/FloydWarshallDataset_tropical_0.0001_20000_20260226_173318_relu_best.pth...20260226_173354
At epoch 7, test loss = 49.1102
...model saved to 15_exp/models/FloydWarshallDataset_tropical_0.0001_20000_20260226_173318_relu_best.pth...20260226_173355
At epoch 8, test loss = 47.9446
...model saved to 15_exp/models/FloydWarshallDataset_tropical_0.0001_20000_20260226_173318_relu_best.pth...20260226_173356
At epoch 9, test loss = 47.2021
...model saved to 15_exp/models/FloydWarshallDataset_tropical_0.0001_20000_20260226_173318_relu_best.pth...20260226_173356
At epoch 10, test loss = 46.6049
...model saved to 15_exp/models/FloydWarshallDataset_tropical_0.0001_20000_20260226_173318_relu_best.pth...20260226_173357
At epoch 11, test loss = 45.2470
...model saved to 15_exp/models/FloydWarshallDataset_tropical_0.0001_20000_20260226_173318_relu_best.pth...20260226_173358
At epoch 12, test loss = 44.0020
...model saved to 15_exp/models/FloydWarshallDataset_tropical_0.0001_20000_20260226_173318_relu_best.pth...20260226_173358
At epoch 13, test loss = 43.2483
...model saved to 15_exp/models/FloydWarshallDataset_tropical_0.0001_20000_20260226_173318_relu_best.pth...20260226_173359
At epoch 14, test loss = 42.7359
...model saved to 15_exp/models/FloydWarshallDataset_tropical_0.0001_20000_20260226_173318_relu_best.pth...20260226_173400
At epoch 15, test loss = 42.3405
...model saved to 15_exp/models/FloydWarshallDataset_tropical_0.0001_20000_20260226_173318_relu_best.pth...20260226_173400
At epoch 16, test loss = 41.9924
...model saved to 15_exp/models/FloydWarshallDataset_tropical_0.0001_20000_20260226_173318_relu_best.pth...20260226_173401
At epoch 17, test loss = 41.6627
...model saved to 15_exp/models/FloydWarshallDataset_tropical_0.0001_20000_20260226_173318_relu_best.pth...20260226_173402
At epoch 18, test loss = 41.3557
...model saved to 15_exp/models/FloydWarshallDataset_tropical_0.0001_20000_20260226_173318_relu_best.pth...20260226_173402
At epoch 19, test loss = 41.0711
...model saved to 15_exp/models/FloydWarshallDataset_tropical_0.0001_20000_20260226_173318_relu_best.pth...20260226_173403
At epoch 20, test loss = 40.7740
...model saved to 15_exp/models/FloydWarshallDataset_tropical_0.0001_20000_20260226_173318_relu_best.pth...20260226_173404
At epoch 21, test loss = 40.4978
...model saved to 15_exp/models/FloydWarshallDataset_tropical_0.0001_20000_20260226_173318_relu_best.pth...20260226_173404
At epoch 22, test loss = 40.2547
...model saved to 15_exp/models/FloydWarshallDataset_tropical_0.0001_20000_20260226_173318_relu_best.pth...20260226_173405
At epoch 23, test loss = 39.9698
...model saved to 15_exp/models/FloydWarshallDataset_tropical_0.0001_20000_20260226_173318_relu_best.pth...20260226_173406
At epoch 24, test loss = 39.7042
...model saved to 15_exp/models/FloydWarshallDataset_tropical_0.0001_20000_20260226_173318_relu_best.pth...20260226_173406
At epoch 25, test loss = 39.4592
...model saved to 15_exp/models/FloydWarshallDataset_tropical_0.0001_20000_20260226_173318_relu_best.pth...20260226_173407
At epoch 26, test loss = 39.1962
...model saved to 15_exp/models/FloydWarshallDataset_tropical_0.0001_20000_20260226_173318_relu_best.pth...20260226_173408
At epoch 27, test loss = 38.9550
...model saved to 15_exp/models/FloydWarshallDataset_tropical_0.0001_20000_20260226_173318_relu_best.pth...20260226_173408
At epoch 28, test loss = 38.6871
...model saved to 15_exp/models/FloydWarshallDataset_tropical_0.0001_20000_20260226_173318_relu_best.pth...20260226_173409
At epoch 29, test loss = 38.4613
...model saved to 15_exp/models/FloydWarshallDataset_tropical_0.0001_20000_20260226_173318_relu_best.pth...20260226_173410
At epoch 30, test loss = 38.2044
...model saved to 15_exp/models/FloydWarshallDataset_tropical_0.0001_20000_20260226_173318_relu_best.pth...20260226_173411
At epoch 31, test loss = 38.0020
...model saved to 15_exp/models/FloydWarshallDataset_tropical_0.0001_20000_20260226_173318_relu_best.pth...20260226_173411
At epoch 32, test loss = 37.7136
...model saved to 15_exp/models/FloydWarshallDataset_tropical_0.0001_20000_20260226_173318_relu_best.pth...20260226_173412
At epoch 33, test loss = 37.4401
...model saved to 15_exp/models/FloydWarshallDataset_tropical_0.0001_20000_20260226_173318_relu_best.pth...20260226_173413
At epoch 34, test loss = 37.2607
...model saved to 15_exp/models/FloydWarshallDataset_tropical_0.0001_20000_20260226_173318_relu_best.pth...20260226_173413
At epoch 35, test loss = 36.9417
...model saved to 15_exp/models/FloydWarshallDataset_tropical_0.0001_20000_20260226_173318_relu_best.pth...20260226_173414
At epoch 36, test loss = 36.8721
...model saved to 15_exp/models/FloydWarshallDataset_tropical_0.0001_20000_20260226_173318_relu_best.pth...20260226_173415
At epoch 37, test loss = 36.5164
...model saved to 15_exp/models/FloydWarshallDataset_tropical_0.0001_20000_20260226_173318_relu_best.pth...20260226_173416
At epoch 38, test loss = 36.2175
...model saved to 15_exp/models/FloydWarshallDataset_tropical_0.0001_20000_20260226_173318_relu_best.pth...20260226_173416
At epoch 39, test loss = 35.9734
...model saved to 15_exp/models/FloydWarshallDataset_tropical_0.0001_20000_20260226_173318_relu_best.pth...20260226_173417
At epoch 40, test loss = 35.6963
...model saved to 15_exp/models/FloydWarshallDataset_tropical_0.0001_20000_20260226_173318_relu_best.pth...20260226_173418
At epoch 41, test loss = 35.4460
...model saved to 15_exp/models/FloydWarshallDataset_tropical_0.0001_20000_20260226_173318_relu_best.pth...20260226_173418
At epoch 42, test loss = 35.2301
...model saved to 15_exp/models/FloydWarshallDataset_tropical_0.0001_20000_20260226_173318_relu_best.pth...20260226_173419
At epoch 43, test loss = 34.9821
...model saved to 15_exp/models/FloydWarshallDataset_tropical_0.0001_20000_20260226_173318_relu_best.pth...20260226_173420
At epoch 44, test loss = 34.7179
...model saved to 15_exp/models/FloydWarshallDataset_tropical_0.0001_20000_20260226_173318_relu_best.pth...20260226_173420
At epoch 45, test loss = 34.5709
...model saved to 15_exp/models/FloydWarshallDataset_tropical_0.0001_20000_20260226_173318_relu_best.pth...20260226_173421
At epoch 46, test loss = 34.2880
...model saved to 15_exp/models/FloydWarshallDataset_tropical_0.0001_20000_20260226_173318_relu_best.pth...20260226_173422
At epoch 47, test loss = 34.0813
...model saved to 15_exp/models/FloydWarshallDataset_tropical_0.0001_20000_20260226_173318_relu_best.pth...20260226_173422
At epoch 48, test loss = 34.0156
...model saved to 15_exp/models/FloydWarshallDataset_tropical_0.0001_20000_20260226_173318_relu_best.pth...20260226_173423
At epoch 49, test loss = 33.7474
...model saved to 15_exp/models/FloydWarshallDataset_tropical_0.0001_20000_20260226_173318_relu_best.pth...20260226_173424
At epoch 51, test loss = 33.3995
...model saved to 15_exp/models/FloydWarshallDataset_tropical_0.0001_20000_20260226_173318_relu_best.pth...20260226_173425
At epoch 52, test loss = 33.2202
...model saved to 15_exp/models/FloydWarshallDataset_tropical_0.0001_20000_20260226_173318_relu_best.pth...20260226_173426
At epoch 53, test loss = 33.1668
...model saved to 15_exp/models/FloydWarshallDataset_tropical_0.0001_20000_20260226_173318_relu_best.pth...20260226_173426
At epoch 54, test loss = 33.0902
...model saved to 15_exp/models/FloydWarshallDataset_tropical_0.0001_20000_20260226_173318_relu_best.pth...20260226_173427
At epoch 55, test loss = 32.8656
...model saved to 15_exp/models/FloydWarshallDataset_tropical_0.0001_20000_20260226_173318_relu_best.pth...20260226_173428
At epoch 56, test loss = 32.7945
...model saved to 15_exp/models/FloydWarshallDataset_tropical_0.0001_20000_20260226_173318_relu_best.pth...20260226_173428
At epoch 58, test loss = 32.6112
...model saved to 15_exp/models/FloydWarshallDataset_tropical_0.0001_20000_20260226_173318_relu_best.pth...20260226_173430
At epoch 61, test loss = 32.5382
...model saved to 15_exp/models/FloydWarshallDataset_tropical_0.0001_20000_20260226_173318_relu_best.pth...20260226_173432
At epoch 62, test loss = 32.4774
...model saved to 15_exp/models/FloydWarshallDataset_tropical_0.0001_20000_20260226_173318_relu_best.pth...20260226_173433
At epoch 63, test loss = 32.3795
...model saved to 15_exp/models/FloydWarshallDataset_tropical_0.0001_20000_20260226_173318_relu_best.pth...20260226_173433
At epoch 67, test loss = 32.3288
...model saved to 15_exp/models/FloydWarshallDataset_tropical_0.0001_20000_20260226_173318_relu_best.pth...20260226_173436
At epoch 70, test loss = 32.2838
...model saved to 15_exp/models/FloydWarshallDataset_tropical_0.0001_20000_20260226_173318_relu_best.pth...20260226_173438
At epoch 73, test loss = 32.2643
...model saved to 15_exp/models/FloydWarshallDataset_tropical_0.0001_20000_20260226_173318_relu_best.pth...20260226_173440
At epoch 75, test loss = 32.1943
...model saved to 15_exp/models/FloydWarshallDataset_tropical_0.0001_20000_20260226_173318_relu_best.pth...20260226_173441
At epoch 78, test loss = 32.1829
...model saved to 15_exp/models/FloydWarshallDataset_tropical_0.0001_20000_20260226_173318_relu_best.pth...20260226_173443
At epoch 79, test loss = 32.1551
...model saved to 15_exp/models/FloydWarshallDataset_tropical_0.0001_20000_20260226_173318_relu_best.pth...20260226_173444
At epoch 80, test loss = 32.1441
...model saved to 15_exp/models/FloydWarshallDataset_tropical_0.0001_20000_20260226_173318_relu_best.pth...20260226_173445
At epoch 83, test loss = 32.0959
...model saved to 15_exp/models/FloydWarshallDataset_tropical_0.0001_20000_20260226_173318_relu_best.pth...20260226_173447
At epoch 84, test loss = 32.0271
...model saved to 15_exp/models/FloydWarshallDataset_tropical_0.0001_20000_20260226_173318_relu_best.pth...20260226_173447
At epoch 91, test loss = 31.9270
...model saved to 15_exp/models/FloydWarshallDataset_tropical_0.0001_20000_20260226_173318_relu_best.pth...20260226_173452
At epoch 92, test loss = 31.8744
...model saved to 15_exp/models/FloydWarshallDataset_tropical_0.0001_20000_20260226_173318_relu_best.pth...20260226_173453
At epoch 96, test loss = 31.7915
...model saved to 15_exp/models/FloydWarshallDataset_tropical_0.0001_20000_20260226_173318_relu_best.pth...20260226_173455
At epoch 100, test loss = 31.7459
...model saved to 15_exp/models/FloydWarshallDataset_tropical_0.0001_20000_20260226_173318_relu_best.pth...20260226_173458
At epoch 103, test loss = 31.6681
...model saved to 15_exp/models/FloydWarshallDataset_tropical_0.0001_20000_20260226_173318_relu_best.pth...20260226_173500
At epoch 106, test loss = 31.6505
...model saved to 15_exp/models/FloydWarshallDataset_tropical_0.0001_20000_20260226_173318_relu_best.pth...20260226_173502
At epoch 107, test loss = 31.6295
...model saved to 15_exp/models/FloydWarshallDataset_tropical_0.0001_20000_20260226_173318_relu_best.pth...20260226_173503
At epoch 108, test loss = 31.5227
...model saved to 15_exp/models/FloydWarshallDataset_tropical_0.0001_20000_20260226_173318_relu_best.pth...20260226_173504
At epoch 111, test loss = 31.5178
...model saved to 15_exp/models/FloydWarshallDataset_tropical_0.0001_20000_20260226_173318_relu_best.pth...20260226_173506
At epoch 112, test loss = 31.4905
...model saved to 15_exp/models/FloydWarshallDataset_tropical_0.0001_20000_20260226_173318_relu_best.pth...20260226_173506
At epoch 113, test loss = 31.3865
...model saved to 15_exp/models/FloydWarshallDataset_tropical_0.0001_20000_20260226_173318_relu_best.pth...20260226_173507
At epoch 116, test loss = 31.3778
...model saved to 15_exp/models/FloydWarshallDataset_tropical_0.0001_20000_20260226_173318_relu_best.pth...20260226_173509
At epoch 117, test loss = 31.3279
...model saved to 15_exp/models/FloydWarshallDataset_tropical_0.0001_20000_20260226_173318_relu_best.pth...20260226_173510
At epoch 119, test loss = 31.1982
...model saved to 15_exp/models/FloydWarshallDataset_tropical_0.0001_20000_20260226_173318_relu_best.pth...20260226_173511
At epoch 120, test loss = 31.1727
...model saved to 15_exp/models/FloydWarshallDataset_tropical_0.0001_20000_20260226_173318_relu_best.pth...20260226_173512
At epoch 121, test loss = 31.1725
...model saved to 15_exp/models/FloydWarshallDataset_tropical_0.0001_20000_20260226_173318_relu_best.pth...20260226_173512
At epoch 123, test loss = 31.1580
...model saved to 15_exp/models/FloydWarshallDataset_tropical_0.0001_20000_20260226_173318_relu_best.pth...20260226_173514
At epoch 124, test loss = 31.0660
...model saved to 15_exp/models/FloydWarshallDataset_tropical_0.0001_20000_20260226_173318_relu_best.pth...20260226_173514
At epoch 126, test loss = 30.9714
...model saved to 15_exp/models/FloydWarshallDataset_tropical_0.0001_20000_20260226_173318_relu_best.pth...20260226_173516
At epoch 127, test loss = 30.8897
...model saved to 15_exp/models/FloydWarshallDataset_tropical_0.0001_20000_20260226_173318_relu_best.pth...20260226_173517
At epoch 128, test loss = 30.8536
...model saved to 15_exp/models/FloydWarshallDataset_tropical_0.0001_20000_20260226_173318_relu_best.pth...20260226_173517
At epoch 131, test loss = 30.8279
...model saved to 15_exp/models/FloydWarshallDataset_tropical_0.0001_20000_20260226_173318_relu_best.pth...20260226_173519
At epoch 132, test loss = 30.7783
...model saved to 15_exp/models/FloydWarshallDataset_tropical_0.0001_20000_20260226_173318_relu_best.pth...20260226_173520
At epoch 134, test loss = 30.7429
...model saved to 15_exp/models/FloydWarshallDataset_tropical_0.0001_20000_20260226_173318_relu_best.pth...20260226_173521
At epoch 136, test loss = 30.7118
...model saved to 15_exp/models/FloydWarshallDataset_tropical_0.0001_20000_20260226_173318_relu_best.pth...20260226_173523
At epoch 139, test loss = 30.5646
...model saved to 15_exp/models/FloydWarshallDataset_tropical_0.0001_20000_20260226_173318_relu_best.pth...20260226_173525
At epoch 140, test loss = 30.5454
...model saved to 15_exp/models/FloydWarshallDataset_tropical_0.0001_20000_20260226_173318_relu_best.pth...20260226_173525
At epoch 141, test loss = 30.5165
...model saved to 15_exp/models/FloydWarshallDataset_tropical_0.0001_20000_20260226_173318_relu_best.pth...20260226_173526
At epoch 142, test loss = 30.4655
...model saved to 15_exp/models/FloydWarshallDataset_tropical_0.0001_20000_20260226_173318_relu_best.pth...20260226_173527
At epoch 143, test loss = 30.4406
...model saved to 15_exp/models/FloydWarshallDataset_tropical_0.0001_20000_20260226_173318_relu_best.pth...20260226_173527
At epoch 144, test loss = 30.3171
...model saved to 15_exp/models/FloydWarshallDataset_tropical_0.0001_20000_20260226_173318_relu_best.pth...20260226_173528
At epoch 146, test loss = 30.2091
...model saved to 15_exp/models/FloydWarshallDataset_tropical_0.0001_20000_20260226_173318_relu_best.pth...20260226_173529
At epoch 147, test loss = 30.1719
...model saved to 15_exp/models/FloydWarshallDataset_tropical_0.0001_20000_20260226_173318_relu_best.pth...20260226_173530
At epoch 149, test loss = 30.1246
...model saved to 15_exp/models/FloydWarshallDataset_tropical_0.0001_20000_20260226_173318_relu_best.pth...20260226_173531
At epoch 150, test loss = 30.0988
...model saved to 15_exp/models/FloydWarshallDataset_tropical_0.0001_20000_20260226_173318_relu_best.pth...20260226_173532
At epoch 151, test loss = 30.0193
...model saved to 15_exp/models/FloydWarshallDataset_tropical_0.0001_20000_20260226_173318_relu_best.pth...20260226_173533
At epoch 153, test loss = 29.9948
...model saved to 15_exp/models/FloydWarshallDataset_tropical_0.0001_20000_20260226_173318_relu_best.pth...20260226_173534
At epoch 154, test loss = 29.9620
...model saved to 15_exp/models/FloydWarshallDataset_tropical_0.0001_20000_20260226_173318_relu_best.pth...20260226_173535
At epoch 155, test loss = 29.8741
...model saved to 15_exp/models/FloydWarshallDataset_tropical_0.0001_20000_20260226_173318_relu_best.pth...20260226_173535
At epoch 158, test loss = 29.7830
...model saved to 15_exp/models/FloydWarshallDataset_tropical_0.0001_20000_20260226_173318_relu_best.pth...20260226_173537
At epoch 159, test loss = 29.6972
...model saved to 15_exp/models/FloydWarshallDataset_tropical_0.0001_20000_20260226_173318_relu_best.pth...20260226_173538
At epoch 160, test loss = 29.6597
...model saved to 15_exp/models/FloydWarshallDataset_tropical_0.0001_20000_20260226_173318_relu_best.pth...20260226_173539
At epoch 161, test loss = 29.6184
...model saved to 15_exp/models/FloydWarshallDataset_tropical_0.0001_20000_20260226_173318_relu_best.pth...20260226_173539
At epoch 163, test loss = 29.5603
...model saved to 15_exp/models/FloydWarshallDataset_tropical_0.0001_20000_20260226_173318_relu_best.pth...20260226_173541
At epoch 165, test loss = 29.5401
...model saved to 15_exp/models/FloydWarshallDataset_tropical_0.0001_20000_20260226_173318_relu_best.pth...20260226_173542
At epoch 166, test loss = 29.4744
...model saved to 15_exp/models/FloydWarshallDataset_tropical_0.0001_20000_20260226_173318_relu_best.pth...20260226_173543
At epoch 167, test loss = 29.3613
...model saved to 15_exp/models/FloydWarshallDataset_tropical_0.0001_20000_20260226_173318_relu_best.pth...20260226_173543
At epoch 169, test loss = 29.3046
...model saved to 15_exp/models/FloydWarshallDataset_tropical_0.0001_20000_20260226_173318_relu_best.pth...20260226_173545
At epoch 171, test loss = 29.2329
...model saved to 15_exp/models/FloydWarshallDataset_tropical_0.0001_20000_20260226_173318_relu_best.pth...20260226_173546
At epoch 173, test loss = 29.1168
...model saved to 15_exp/models/FloydWarshallDataset_tropical_0.0001_20000_20260226_173318_relu_best.pth...20260226_173548
At epoch 174, test loss = 29.0659
...model saved to 15_exp/models/FloydWarshallDataset_tropical_0.0001_20000_20260226_173318_relu_best.pth...20260226_173548
At epoch 176, test loss = 29.0092
...model saved to 15_exp/models/FloydWarshallDataset_tropical_0.0001_20000_20260226_173318_relu_best.pth...20260226_173550
At epoch 178, test loss = 28.9090
...model saved to 15_exp/models/FloydWarshallDataset_tropical_0.0001_20000_20260226_173318_relu_best.pth...20260226_173551
At epoch 180, test loss = 28.8825
...model saved to 15_exp/models/FloydWarshallDataset_tropical_0.0001_20000_20260226_173318_relu_best.pth...20260226_173552
At epoch 181, test loss = 28.8554
...model saved to 15_exp/models/FloydWarshallDataset_tropical_0.0001_20000_20260226_173318_relu_best.pth...20260226_173553
At epoch 182, test loss = 28.7795
...model saved to 15_exp/models/FloydWarshallDataset_tropical_0.0001_20000_20260226_173318_relu_best.pth...20260226_173554
At epoch 183, test loss = 28.7190
...model saved to 15_exp/models/FloydWarshallDataset_tropical_0.0001_20000_20260226_173318_relu_best.pth...20260226_173554
At epoch 186, test loss = 28.6740
...model saved to 15_exp/models/FloydWarshallDataset_tropical_0.0001_20000_20260226_173318_relu_best.pth...20260226_173556
At epoch 187, test loss = 28.5407
...model saved to 15_exp/models/FloydWarshallDataset_tropical_0.0001_20000_20260226_173318_relu_best.pth...20260226_173557
At epoch 188, test loss = 28.4826
...model saved to 15_exp/models/FloydWarshallDataset_tropical_0.0001_20000_20260226_173318_relu_best.pth...20260226_173558
At epoch 192, test loss = 28.3403
...model saved to 15_exp/models/FloydWarshallDataset_tropical_0.0001_20000_20260226_173318_relu_best.pth...20260226_173600
At epoch 194, test loss = 28.3354
...model saved to 15_exp/models/FloydWarshallDataset_tropical_0.0001_20000_20260226_173318_relu_best.pth...20260226_173602
At epoch 195, test loss = 28.3132
...model saved to 15_exp/models/FloydWarshallDataset_tropical_0.0001_20000_20260226_173318_relu_best.pth...20260226_173602
At epoch 196, test loss = 28.1895
...model saved to 15_exp/models/FloydWarshallDataset_tropical_0.0001_20000_20260226_173318_relu_best.pth...20260226_173603
At epoch 197, test loss = 28.1322
...model saved to 15_exp/models/FloydWarshallDataset_tropical_0.0001_20000_20260226_173318_relu_best.pth...20260226_173604
At epoch 198, test loss = 28.0713
...model saved to 15_exp/models/FloydWarshallDataset_tropical_0.0001_20000_20260226_173318_relu_best.pth...20260226_173604
At epoch 199, test loss = 28.0165
...model saved to 15_exp/models/FloydWarshallDataset_tropical_0.0001_20000_20260226_173318_relu_best.pth...20260226_173605
At epoch 201, test loss = 27.9742
...model saved to 15_exp/models/FloydWarshallDataset_tropical_0.0001_20000_20260226_173318_relu_best.pth...20260226_173607
At epoch 202, test loss = 27.9581
...model saved to 15_exp/models/FloydWarshallDataset_tropical_0.0001_20000_20260226_173318_relu_best.pth...20260226_173607
At epoch 204, test loss = 27.8541
...model saved to 15_exp/models/FloydWarshallDataset_tropical_0.0001_20000_20260226_173318_relu_best.pth...20260226_173609
At epoch 206, test loss = 27.7447
...model saved to 15_exp/models/FloydWarshallDataset_tropical_0.0001_20000_20260226_173318_relu_best.pth...20260226_173610
At epoch 208, test loss = 27.6260
...model saved to 15_exp/models/FloydWarshallDataset_tropical_0.0001_20000_20260226_173318_relu_best.pth...20260226_173611
At epoch 209, test loss = 27.5638
...model saved to 15_exp/models/FloydWarshallDataset_tropical_0.0001_20000_20260226_173318_relu_best.pth...20260226_173612
At epoch 210, test loss = 27.5451
...model saved to 15_exp/models/FloydWarshallDataset_tropical_0.0001_20000_20260226_173318_relu_best.pth...20260226_173613
At epoch 212, test loss = 27.4298
...model saved to 15_exp/models/FloydWarshallDataset_tropical_0.0001_20000_20260226_173318_relu_best.pth...20260226_173614
At epoch 213, test loss = 27.3970
...model saved to 15_exp/models/FloydWarshallDataset_tropical_0.0001_20000_20260226_173318_relu_best.pth...20260226_173615
At epoch 216, test loss = 27.3151
...model saved to 15_exp/models/FloydWarshallDataset_tropical_0.0001_20000_20260226_173318_relu_best.pth...20260226_173617
At epoch 217, test loss = 27.1900
...model saved to 15_exp/models/FloydWarshallDataset_tropical_0.0001_20000_20260226_173318_relu_best.pth...20260226_173617
At epoch 219, test loss = 27.1719
...model saved to 15_exp/models/FloydWarshallDataset_tropical_0.0001_20000_20260226_173318_relu_best.pth...20260226_173619
At epoch 221, test loss = 27.0568
...model saved to 15_exp/models/FloydWarshallDataset_tropical_0.0001_20000_20260226_173318_relu_best.pth...20260226_173620
At epoch 222, test loss = 27.0269
...model saved to 15_exp/models/FloydWarshallDataset_tropical_0.0001_20000_20260226_173318_relu_best.pth...20260226_173621
At epoch 223, test loss = 26.8937
...model saved to 15_exp/models/FloydWarshallDataset_tropical_0.0001_20000_20260226_173318_relu_best.pth...20260226_173622
At epoch 224, test loss = 26.8603
...model saved to 15_exp/models/FloydWarshallDataset_tropical_0.0001_20000_20260226_173318_relu_best.pth...20260226_173622
At epoch 225, test loss = 26.8491
...model saved to 15_exp/models/FloydWarshallDataset_tropical_0.0001_20000_20260226_173318_relu_best.pth...20260226_173623
At epoch 226, test loss = 26.8046
...model saved to 15_exp/models/FloydWarshallDataset_tropical_0.0001_20000_20260226_173318_relu_best.pth...20260226_173624
At epoch 228, test loss = 26.6664
...model saved to 15_exp/models/FloydWarshallDataset_tropical_0.0001_20000_20260226_173318_relu_best.pth...20260226_173625
At epoch 229, test loss = 26.6353
...model saved to 15_exp/models/FloydWarshallDataset_tropical_0.0001_20000_20260226_173318_relu_best.pth...20260226_173626
At epoch 233, test loss = 26.4756
...model saved to 15_exp/models/FloydWarshallDataset_tropical_0.0001_20000_20260226_173318_relu_best.pth...20260226_173629
At epoch 235, test loss = 26.2799
...model saved to 15_exp/models/FloydWarshallDataset_tropical_0.0001_20000_20260226_173318_relu_best.pth...20260226_173630
At epoch 236, test loss = 26.2277
...model saved to 15_exp/models/FloydWarshallDataset_tropical_0.0001_20000_20260226_173318_relu_best.pth...20260226_173631
At epoch 238, test loss = 26.0393
...model saved to 15_exp/models/FloydWarshallDataset_tropical_0.0001_20000_20260226_173318_relu_best.pth...20260226_173632
At epoch 242, test loss = 25.9780
...model saved to 15_exp/models/FloydWarshallDataset_tropical_0.0001_20000_20260226_173318_relu_best.pth...20260226_173635
At epoch 243, test loss = 25.9260
...model saved to 15_exp/models/FloydWarshallDataset_tropical_0.0001_20000_20260226_173318_relu_best.pth...20260226_173635
At epoch 245, test loss = 25.8416
...model saved to 15_exp/models/FloydWarshallDataset_tropical_0.0001_20000_20260226_173318_relu_best.pth...20260226_173637
At epoch 246, test loss = 25.7798
...model saved to 15_exp/models/FloydWarshallDataset_tropical_0.0001_20000_20260226_173318_relu_best.pth...20260226_173637
At epoch 247, test loss = 25.6629
...model saved to 15_exp/models/FloydWarshallDataset_tropical_0.0001_20000_20260226_173318_relu_best.pth...20260226_173638
At epoch 248, test loss = 25.6592
...model saved to 15_exp/models/FloydWarshallDataset_tropical_0.0001_20000_20260226_173318_relu_best.pth...20260226_173639
At epoch 249, test loss = 25.5954
...model saved to 15_exp/models/FloydWarshallDataset_tropical_0.0001_20000_20260226_173318_relu_best.pth...20260226_173639
At epoch 250, test loss = 25.5766
...model saved to 15_exp/models/FloydWarshallDataset_tropical_0.0001_20000_20260226_173318_relu_best.pth...20260226_173640
At epoch 251, test loss = 25.4943
...model saved to 15_exp/models/FloydWarshallDataset_tropical_0.0001_20000_20260226_173318_relu_best.pth...20260226_173641
At epoch 252, test loss = 25.4194
...model saved to 15_exp/models/FloydWarshallDataset_tropical_0.0001_20000_20260226_173318_relu_best.pth...20260226_173641
At epoch 253, test loss = 25.3776
...model saved to 15_exp/models/FloydWarshallDataset_tropical_0.0001_20000_20260226_173318_relu_best.pth...20260226_173642
At epoch 254, test loss = 25.3569
...model saved to 15_exp/models/FloydWarshallDataset_tropical_0.0001_20000_20260226_173318_relu_best.pth...20260226_173643
At epoch 255, test loss = 25.2183
...model saved to 15_exp/models/FloydWarshallDataset_tropical_0.0001_20000_20260226_173318_relu_best.pth...20260226_173643
At epoch 256, test loss = 25.1768
...model saved to 15_exp/models/FloydWarshallDataset_tropical_0.0001_20000_20260226_173318_relu_best.pth...20260226_173644
At epoch 257, test loss = 25.0686
...model saved to 15_exp/models/FloydWarshallDataset_tropical_0.0001_20000_20260226_173318_relu_best.pth...20260226_173645
At epoch 260, test loss = 25.0405
...model saved to 15_exp/models/FloydWarshallDataset_tropical_0.0001_20000_20260226_173318_relu_best.pth...20260226_173647
At epoch 261, test loss = 24.9758
...model saved to 15_exp/models/FloydWarshallDataset_tropical_0.0001_20000_20260226_173318_relu_best.pth...20260226_173648
At epoch 262, test loss = 24.8047
...model saved to 15_exp/models/FloydWarshallDataset_tropical_0.0001_20000_20260226_173318_relu_best.pth...20260226_173648
At epoch 264, test loss = 24.7711
...model saved to 15_exp/models/FloydWarshallDataset_tropical_0.0001_20000_20260226_173318_relu_best.pth...20260226_173650
At epoch 265, test loss = 24.6469
...model saved to 15_exp/models/FloydWarshallDataset_tropical_0.0001_20000_20260226_173318_relu_best.pth...20260226_173650
At epoch 266, test loss = 24.6365
...model saved to 15_exp/models/FloydWarshallDataset_tropical_0.0001_20000_20260226_173318_relu_best.pth...20260226_173651
At epoch 267, test loss = 24.5538
...model saved to 15_exp/models/FloydWarshallDataset_tropical_0.0001_20000_20260226_173318_relu_best.pth...20260226_173652
At epoch 269, test loss = 24.5371
...model saved to 15_exp/models/FloydWarshallDataset_tropical_0.0001_20000_20260226_173318_relu_best.pth...20260226_173653
At epoch 270, test loss = 24.4441
...model saved to 15_exp/models/FloydWarshallDataset_tropical_0.0001_20000_20260226_173318_relu_best.pth...20260226_173654
At epoch 271, test loss = 24.3531
...model saved to 15_exp/models/FloydWarshallDataset_tropical_0.0001_20000_20260226_173318_relu_best.pth...20260226_173654
At epoch 273, test loss = 24.2664
...model saved to 15_exp/models/FloydWarshallDataset_tropical_0.0001_20000_20260226_173318_relu_best.pth...20260226_173656
At epoch 274, test loss = 24.2318
...model saved to 15_exp/models/FloydWarshallDataset_tropical_0.0001_20000_20260226_173318_relu_best.pth...20260226_173656
At epoch 276, test loss = 24.0990
...model saved to 15_exp/models/FloydWarshallDataset_tropical_0.0001_20000_20260226_173318_relu_best.pth...20260226_173658
At epoch 277, test loss = 24.0437
...model saved to 15_exp/models/FloydWarshallDataset_tropical_0.0001_20000_20260226_173318_relu_best.pth...20260226_173658
At epoch 279, test loss = 24.0008
...model saved to 15_exp/models/FloydWarshallDataset_tropical_0.0001_20000_20260226_173318_relu_best.pth...20260226_173700
At epoch 280, test loss = 23.9712
...model saved to 15_exp/models/FloydWarshallDataset_tropical_0.0001_20000_20260226_173318_relu_best.pth...20260226_173700
At epoch 282, test loss = 23.8831
...model saved to 15_exp/models/FloydWarshallDataset_tropical_0.0001_20000_20260226_173318_relu_best.pth...20260226_173702
At epoch 284, test loss = 23.8357
...model saved to 15_exp/models/FloydWarshallDataset_tropical_0.0001_20000_20260226_173318_relu_best.pth...20260226_173703
At epoch 285, test loss = 23.8197
...model saved to 15_exp/models/FloydWarshallDataset_tropical_0.0001_20000_20260226_173318_relu_best.pth...20260226_173704
At epoch 287, test loss = 23.5524
...model saved to 15_exp/models/FloydWarshallDataset_tropical_0.0001_20000_20260226_173318_relu_best.pth...20260226_173705
At epoch 288, test loss = 23.5103
...model saved to 15_exp/models/FloydWarshallDataset_tropical_0.0001_20000_20260226_173318_relu_best.pth...20260226_173706
At epoch 291, test loss = 23.4135
...model saved to 15_exp/models/FloydWarshallDataset_tropical_0.0001_20000_20260226_173318_relu_best.pth...20260226_173708
At epoch 293, test loss = 23.2930
...model saved to 15_exp/models/FloydWarshallDataset_tropical_0.0001_20000_20260226_173318_relu_best.pth...20260226_173709
At epoch 295, test loss = 23.1554
...model saved to 15_exp/models/FloydWarshallDataset_tropical_0.0001_20000_20260226_173318_relu_best.pth...20260226_173710
At epoch 298, test loss = 23.1395
...model saved to 15_exp/models/FloydWarshallDataset_tropical_0.0001_20000_20260226_173318_relu_best.pth...20260226_173712
At epoch 299, test loss = 22.9945
...model saved to 15_exp/models/FloydWarshallDataset_tropical_0.0001_20000_20260226_173318_relu_best.pth...20260226_173713
At epoch 301, test loss = 22.9688
...model saved to 15_exp/models/FloydWarshallDataset_tropical_0.0001_20000_20260226_173318_relu_best.pth...20260226_173714
At epoch 303, test loss = 22.8834
...model saved to 15_exp/models/FloydWarshallDataset_tropical_0.0001_20000_20260226_173318_relu_best.pth...20260226_173716
At epoch 304, test loss = 22.7173
...model saved to 15_exp/models/FloydWarshallDataset_tropical_0.0001_20000_20260226_173318_relu_best.pth...20260226_173716
At epoch 307, test loss = 22.6109
...model saved to 15_exp/models/FloydWarshallDataset_tropical_0.0001_20000_20260226_173318_relu_best.pth...20260226_173719
At epoch 311, test loss = 22.4788
...model saved to 15_exp/models/FloydWarshallDataset_tropical_0.0001_20000_20260226_173318_relu_best.pth...20260226_173721
At epoch 312, test loss = 22.3884
...model saved to 15_exp/models/FloydWarshallDataset_tropical_0.0001_20000_20260226_173318_relu_best.pth...20260226_173722
At epoch 314, test loss = 22.2725
...model saved to 15_exp/models/FloydWarshallDataset_tropical_0.0001_20000_20260226_173318_relu_best.pth...20260226_173723
At epoch 315, test loss = 22.2645
...model saved to 15_exp/models/FloydWarshallDataset_tropical_0.0001_20000_20260226_173318_relu_best.pth...20260226_173724
At epoch 316, test loss = 22.1779
...model saved to 15_exp/models/FloydWarshallDataset_tropical_0.0001_20000_20260226_173318_relu_best.pth...20260226_173725
At epoch 318, test loss = 22.1609
...model saved to 15_exp/models/FloydWarshallDataset_tropical_0.0001_20000_20260226_173318_relu_best.pth...20260226_173726
At epoch 321, test loss = 22.0899
...model saved to 15_exp/models/FloydWarshallDataset_tropical_0.0001_20000_20260226_173318_relu_best.pth...20260226_173728
At epoch 322, test loss = 21.8860
...model saved to 15_exp/models/FloydWarshallDataset_tropical_0.0001_20000_20260226_173318_relu_best.pth...20260226_173729
At epoch 327, test loss = 21.8384
...model saved to 15_exp/models/FloydWarshallDataset_tropical_0.0001_20000_20260226_173318_relu_best.pth...20260226_173732
At epoch 331, test loss = 21.7738
...model saved to 15_exp/models/FloydWarshallDataset_tropical_0.0001_20000_20260226_173318_relu_best.pth...20260226_173735
At epoch 333, test loss = 21.7398
...model saved to 15_exp/models/FloydWarshallDataset_tropical_0.0001_20000_20260226_173318_relu_best.pth...20260226_173736
At epoch 334, test loss = 21.6907
...model saved to 15_exp/models/FloydWarshallDataset_tropical_0.0001_20000_20260226_173318_relu_best.pth...20260226_173737
At epoch 335, test loss = 21.4256
...model saved to 15_exp/models/FloydWarshallDataset_tropical_0.0001_20000_20260226_173318_relu_best.pth...20260226_173737
At epoch 341, test loss = 21.1556
...model saved to 15_exp/models/FloydWarshallDataset_tropical_0.0001_20000_20260226_173318_relu_best.pth...20260226_173741
At epoch 345, test loss = 21.1308
...model saved to 15_exp/models/FloydWarshallDataset_tropical_0.0001_20000_20260226_173318_relu_best.pth...20260226_173744
At epoch 347, test loss = 21.1025
...model saved to 15_exp/models/FloydWarshallDataset_tropical_0.0001_20000_20260226_173318_relu_best.pth...20260226_173745
At epoch 348, test loss = 21.0784
...model saved to 15_exp/models/FloydWarshallDataset_tropical_0.0001_20000_20260226_173318_relu_best.pth...20260226_173746
At epoch 350, test loss = 21.0193
...model saved to 15_exp/models/FloydWarshallDataset_tropical_0.0001_20000_20260226_173318_relu_best.pth...20260226_173747
At epoch 351, test loss = 20.9975
...model saved to 15_exp/models/FloydWarshallDataset_tropical_0.0001_20000_20260226_173318_relu_best.pth...20260226_173748
At epoch 353, test loss = 20.9605
...model saved to 15_exp/models/FloydWarshallDataset_tropical_0.0001_20000_20260226_173318_relu_best.pth...20260226_173749
At epoch 354, test loss = 20.8823
...model saved to 15_exp/models/FloydWarshallDataset_tropical_0.0001_20000_20260226_173318_relu_best.pth...20260226_173750
At epoch 355, test loss = 20.7168
...model saved to 15_exp/models/FloydWarshallDataset_tropical_0.0001_20000_20260226_173318_relu_best.pth...20260226_173751
At epoch 358, test loss = 20.7018
...model saved to 15_exp/models/FloydWarshallDataset_tropical_0.0001_20000_20260226_173318_relu_best.pth...20260226_173753
At epoch 359, test loss = 20.6284
...model saved to 15_exp/models/FloydWarshallDataset_tropical_0.0001_20000_20260226_173318_relu_best.pth...20260226_173753
At epoch 361, test loss = 20.6202
...model saved to 15_exp/models/FloydWarshallDataset_tropical_0.0001_20000_20260226_173318_relu_best.pth...20260226_173755
At epoch 363, test loss = 20.5382
...model saved to 15_exp/models/FloydWarshallDataset_tropical_0.0001_20000_20260226_173318_relu_best.pth...20260226_173756
At epoch 364, test loss = 20.5327
...model saved to 15_exp/models/FloydWarshallDataset_tropical_0.0001_20000_20260226_173318_relu_best.pth...20260226_173757
At epoch 365, test loss = 20.5018
...model saved to 15_exp/models/FloydWarshallDataset_tropical_0.0001_20000_20260226_173318_relu_best.pth...20260226_173757
At epoch 368, test loss = 20.3380
...model saved to 15_exp/models/FloydWarshallDataset_tropical_0.0001_20000_20260226_173318_relu_best.pth...20260226_173759
At epoch 369, test loss = 20.2686
...model saved to 15_exp/models/FloydWarshallDataset_tropical_0.0001_20000_20260226_173318_relu_best.pth...20260226_173800
At epoch 376, test loss = 20.0812
...model saved to 15_exp/models/FloydWarshallDataset_tropical_0.0001_20000_20260226_173318_relu_best.pth...20260226_173805
At epoch 382, test loss = 19.9165
...model saved to 15_exp/models/FloydWarshallDataset_tropical_0.0001_20000_20260226_173318_relu_best.pth...20260226_173809
At epoch 384, test loss = 19.8094
...model saved to 15_exp/models/FloydWarshallDataset_tropical_0.0001_20000_20260226_173318_relu_best.pth...20260226_173810
At epoch 389, test loss = 19.7253
...model saved to 15_exp/models/FloydWarshallDataset_tropical_0.0001_20000_20260226_173318_relu_best.pth...20260226_173814
At epoch 392, test loss = 19.6551
...model saved to 15_exp/models/FloydWarshallDataset_tropical_0.0001_20000_20260226_173318_relu_best.pth...20260226_173816
At epoch 394, test loss = 19.5408
...model saved to 15_exp/models/FloydWarshallDataset_tropical_0.0001_20000_20260226_173318_relu_best.pth...20260226_173817
At epoch 395, test loss = 19.4706
...model saved to 15_exp/models/FloydWarshallDataset_tropical_0.0001_20000_20260226_173318_relu_best.pth...20260226_173818
At epoch 396, test loss = 19.4510
...model saved to 15_exp/models/FloydWarshallDataset_tropical_0.0001_20000_20260226_173318_relu_best.pth...20260226_173818
At epoch 397, test loss = 19.3907
...model saved to 15_exp/models/FloydWarshallDataset_tropical_0.0001_20000_20260226_173318_relu_best.pth...20260226_173819
At epoch 400, test loss = 19.3537
...model saved to 15_exp/models/FloydWarshallDataset_tropical_0.0001_20000_20260226_173318_relu_best.pth...20260226_173821
At epoch 402, test loss = 19.2819
...model saved to 15_exp/models/FloydWarshallDataset_tropical_0.0001_20000_20260226_173318_relu_best.pth...20260226_173822
At epoch 405, test loss = 19.2115
...model saved to 15_exp/models/FloydWarshallDataset_tropical_0.0001_20000_20260226_173318_relu_best.pth...20260226_173824
At epoch 408, test loss = 19.1683
...model saved to 15_exp/models/FloydWarshallDataset_tropical_0.0001_20000_20260226_173318_relu_best.pth...20260226_173826
At epoch 411, test loss = 19.0605
...model saved to 15_exp/models/FloydWarshallDataset_tropical_0.0001_20000_20260226_173318_relu_best.pth...20260226_173828
At epoch 413, test loss = 18.9004
...model saved to 15_exp/models/FloydWarshallDataset_tropical_0.0001_20000_20260226_173318_relu_best.pth...20260226_173830
At epoch 419, test loss = 18.8756
...model saved to 15_exp/models/FloydWarshallDataset_tropical_0.0001_20000_20260226_173318_relu_best.pth...20260226_173834
At epoch 420, test loss = 18.8107
...model saved to 15_exp/models/FloydWarshallDataset_tropical_0.0001_20000_20260226_173318_relu_best.pth...20260226_173834
At epoch 421, test loss = 18.7936
...model saved to 15_exp/models/FloydWarshallDataset_tropical_0.0001_20000_20260226_173318_relu_best.pth...20260226_173835
At epoch 422, test loss = 18.7068
...model saved to 15_exp/models/FloydWarshallDataset_tropical_0.0001_20000_20260226_173318_relu_best.pth...20260226_173836
At epoch 423, test loss = 18.6720
...model saved to 15_exp/models/FloydWarshallDataset_tropical_0.0001_20000_20260226_173318_relu_best.pth...20260226_173836
At epoch 425, test loss = 18.5988
...model saved to 15_exp/models/FloydWarshallDataset_tropical_0.0001_20000_20260226_173318_relu_best.pth...20260226_173838
At epoch 426, test loss = 18.5982
...model saved to 15_exp/models/FloydWarshallDataset_tropical_0.0001_20000_20260226_173318_relu_best.pth...20260226_173838
At epoch 427, test loss = 18.5106
...model saved to 15_exp/models/FloydWarshallDataset_tropical_0.0001_20000_20260226_173318_relu_best.pth...20260226_173839
At epoch 431, test loss = 18.3512
...model saved to 15_exp/models/FloydWarshallDataset_tropical_0.0001_20000_20260226_173318_relu_best.pth...20260226_173842
At epoch 433, test loss = 18.3015
...model saved to 15_exp/models/FloydWarshallDataset_tropical_0.0001_20000_20260226_173318_relu_best.pth...20260226_173843
At epoch 436, test loss = 18.2304
...model saved to 15_exp/models/FloydWarshallDataset_tropical_0.0001_20000_20260226_173318_relu_best.pth...20260226_173845
At epoch 441, test loss = 18.1286
...model saved to 15_exp/models/FloydWarshallDataset_tropical_0.0001_20000_20260226_173318_relu_best.pth...20260226_173848
At epoch 445, test loss = 18.0342
...model saved to 15_exp/models/FloydWarshallDataset_tropical_0.0001_20000_20260226_173318_relu_best.pth...20260226_173851
At epoch 448, test loss = 17.8899
...model saved to 15_exp/models/FloydWarshallDataset_tropical_0.0001_20000_20260226_173318_relu_best.pth...20260226_173853
At epoch 451, test loss = 17.7876
...model saved to 15_exp/models/FloydWarshallDataset_tropical_0.0001_20000_20260226_173318_relu_best.pth...20260226_173855
At epoch 453, test loss = 17.7744
...model saved to 15_exp/models/FloydWarshallDataset_tropical_0.0001_20000_20260226_173318_relu_best.pth...20260226_173856
At epoch 455, test loss = 17.7702
...model saved to 15_exp/models/FloydWarshallDataset_tropical_0.0001_20000_20260226_173318_relu_best.pth...20260226_173858
At epoch 457, test loss = 17.7178
...model saved to 15_exp/models/FloydWarshallDataset_tropical_0.0001_20000_20260226_173318_relu_best.pth...20260226_173859
At epoch 458, test loss = 17.6093
...model saved to 15_exp/models/FloydWarshallDataset_tropical_0.0001_20000_20260226_173318_relu_best.pth...20260226_173900
At epoch 463, test loss = 17.5390
...model saved to 15_exp/models/FloydWarshallDataset_tropical_0.0001_20000_20260226_173318_relu_best.pth...20260226_173903
At epoch 465, test loss = 17.3858
...model saved to 15_exp/models/FloydWarshallDataset_tropical_0.0001_20000_20260226_173318_relu_best.pth...20260226_173904
At epoch 467, test loss = 17.3681
...model saved to 15_exp/models/FloydWarshallDataset_tropical_0.0001_20000_20260226_173318_relu_best.pth...20260226_173906
At epoch 469, test loss = 17.3137
...model saved to 15_exp/models/FloydWarshallDataset_tropical_0.0001_20000_20260226_173318_relu_best.pth...20260226_173907
At epoch 470, test loss = 17.2890
...model saved to 15_exp/models/FloydWarshallDataset_tropical_0.0001_20000_20260226_173318_relu_best.pth...20260226_173908
At epoch 472, test loss = 17.2269
...model saved to 15_exp/models/FloydWarshallDataset_tropical_0.0001_20000_20260226_173318_relu_best.pth...20260226_173909
At epoch 474, test loss = 17.2206
...model saved to 15_exp/models/FloydWarshallDataset_tropical_0.0001_20000_20260226_173318_relu_best.pth...20260226_173911
At epoch 475, test loss = 17.1631
...model saved to 15_exp/models/FloydWarshallDataset_tropical_0.0001_20000_20260226_173318_relu_best.pth...20260226_173911
At epoch 476, test loss = 17.1602
...model saved to 15_exp/models/FloydWarshallDataset_tropical_0.0001_20000_20260226_173318_relu_best.pth...20260226_173912
At epoch 478, test loss = 17.1002
...model saved to 15_exp/models/FloydWarshallDataset_tropical_0.0001_20000_20260226_173318_relu_best.pth...20260226_173913
At epoch 481, test loss = 17.0309
...model saved to 15_exp/models/FloydWarshallDataset_tropical_0.0001_20000_20260226_173318_relu_best.pth...20260226_173915
At epoch 482, test loss = 17.0154
...model saved to 15_exp/models/FloydWarshallDataset_tropical_0.0001_20000_20260226_173318_relu_best.pth...20260226_173916
At epoch 483, test loss = 16.9482
...model saved to 15_exp/models/FloydWarshallDataset_tropical_0.0001_20000_20260226_173318_relu_best.pth...20260226_173917
At epoch 485, test loss = 16.9468
...model saved to 15_exp/models/FloydWarshallDataset_tropical_0.0001_20000_20260226_173318_relu_best.pth...20260226_173918
At epoch 487, test loss = 16.9215
...model saved to 15_exp/models/FloydWarshallDataset_tropical_0.0001_20000_20260226_173318_relu_best.pth...20260226_173919
At epoch 488, test loss = 16.8702
...model saved to 15_exp/models/FloydWarshallDataset_tropical_0.0001_20000_20260226_173318_relu_best.pth...20260226_173920
At epoch 490, test loss = 16.7557
...model saved to 15_exp/models/FloydWarshallDataset_tropical_0.0001_20000_20260226_173318_relu_best.pth...20260226_173921
At epoch 492, test loss = 16.7064
...model saved to 15_exp/models/FloydWarshallDataset_tropical_0.0001_20000_20260226_173318_relu_best.pth...20260226_173923
At epoch 495, test loss = 16.6048
...model saved to 15_exp/models/FloydWarshallDataset_tropical_0.0001_20000_20260226_173318_relu_best.pth...20260226_173925
At epoch 496, test loss = 16.5997
...model saved to 15_exp/models/FloydWarshallDataset_tropical_0.0001_20000_20260226_173318_relu_best.pth...20260226_173925
At epoch 498, test loss = 16.5911
...model saved to 15_exp/models/FloydWarshallDataset_tropical_0.0001_20000_20260226_173318_relu_best.pth...20260226_173927
At epoch 499, test loss = 16.5335
...model saved to 15_exp/models/FloydWarshallDataset_tropical_0.0001_20000_20260226_173318_relu_best.pth...20260226_173927
At epoch 501, test loss = 16.4584
...model saved to 15_exp/models/FloydWarshallDataset_tropical_0.0001_20000_20260226_173318_relu_best.pth...20260226_173929
At epoch 506, test loss = 16.4399
...model saved to 15_exp/models/FloydWarshallDataset_tropical_0.0001_20000_20260226_173318_relu_best.pth...20260226_173932
At epoch 507, test loss = 16.2999
...model saved to 15_exp/models/FloydWarshallDataset_tropical_0.0001_20000_20260226_173318_relu_best.pth...20260226_173933
At epoch 508, test loss = 16.2545
...model saved to 15_exp/models/FloydWarshallDataset_tropical_0.0001_20000_20260226_173318_relu_best.pth...20260226_173933
At epoch 511, test loss = 16.1475
...model saved to 15_exp/models/FloydWarshallDataset_tropical_0.0001_20000_20260226_173318_relu_best.pth...20260226_173935
At epoch 516, test loss = 16.1235
...model saved to 15_exp/models/FloydWarshallDataset_tropical_0.0001_20000_20260226_173318_relu_best.pth...20260226_173939
At epoch 518, test loss = 15.9861
...model saved to 15_exp/models/FloydWarshallDataset_tropical_0.0001_20000_20260226_173318_relu_best.pth...20260226_173940
At epoch 523, test loss = 15.9682
...model saved to 15_exp/models/FloydWarshallDataset_tropical_0.0001_20000_20260226_173318_relu_best.pth...20260226_173943
At epoch 524, test loss = 15.8888
...model saved to 15_exp/models/FloydWarshallDataset_tropical_0.0001_20000_20260226_173318_relu_best.pth...20260226_173944
At epoch 525, test loss = 15.8497
...model saved to 15_exp/models/FloydWarshallDataset_tropical_0.0001_20000_20260226_173318_relu_best.pth...20260226_173945
At epoch 529, test loss = 15.7652
...model saved to 15_exp/models/FloydWarshallDataset_tropical_0.0001_20000_20260226_173318_relu_best.pth...20260226_173947
At epoch 530, test loss = 15.7414
...model saved to 15_exp/models/FloydWarshallDataset_tropical_0.0001_20000_20260226_173318_relu_best.pth...20260226_173948
At epoch 532, test loss = 15.7361
...model saved to 15_exp/models/FloydWarshallDataset_tropical_0.0001_20000_20260226_173318_relu_best.pth...20260226_173949
At epoch 534, test loss = 15.7049
...model saved to 15_exp/models/FloydWarshallDataset_tropical_0.0001_20000_20260226_173318_relu_best.pth...20260226_173951
At epoch 537, test loss = 15.6414
...model saved to 15_exp/models/FloydWarshallDataset_tropical_0.0001_20000_20260226_173318_relu_best.pth...20260226_173953
At epoch 542, test loss = 15.5589
...model saved to 15_exp/models/FloydWarshallDataset_tropical_0.0001_20000_20260226_173318_relu_best.pth...20260226_173956
At epoch 544, test loss = 15.4842
...model saved to 15_exp/models/FloydWarshallDataset_tropical_0.0001_20000_20260226_173318_relu_best.pth...20260226_173958
At epoch 545, test loss = 15.4593
...model saved to 15_exp/models/FloydWarshallDataset_tropical_0.0001_20000_20260226_173318_relu_best.pth...20260226_173958
At epoch 546, test loss = 15.4419
...model saved to 15_exp/models/FloydWarshallDataset_tropical_0.0001_20000_20260226_173318_relu_best.pth...20260226_173959
At epoch 547, test loss = 15.3777
...model saved to 15_exp/models/FloydWarshallDataset_tropical_0.0001_20000_20260226_173318_relu_best.pth...20260226_174000
At epoch 553, test loss = 15.3169
...model saved to 15_exp/models/FloydWarshallDataset_tropical_0.0001_20000_20260226_173318_relu_best.pth...20260226_174003
At epoch 554, test loss = 15.3107
...model saved to 15_exp/models/FloydWarshallDataset_tropical_0.0001_20000_20260226_173318_relu_best.pth...20260226_174004
At epoch 558, test loss = 15.2711
...model saved to 15_exp/models/FloydWarshallDataset_tropical_0.0001_20000_20260226_173318_relu_best.pth...20260226_174007
At epoch 559, test loss = 15.2562
...model saved to 15_exp/models/FloydWarshallDataset_tropical_0.0001_20000_20260226_173318_relu_best.pth...20260226_174008
At epoch 562, test loss = 15.2006
...model saved to 15_exp/models/FloydWarshallDataset_tropical_0.0001_20000_20260226_173318_relu_best.pth...20260226_174010
At epoch 563, test loss = 15.1780
...model saved to 15_exp/models/FloydWarshallDataset_tropical_0.0001_20000_20260226_173318_relu_best.pth...20260226_174010
At epoch 564, test loss = 15.1390
...model saved to 15_exp/models/FloydWarshallDataset_tropical_0.0001_20000_20260226_173318_relu_best.pth...20260226_174011
At epoch 565, test loss = 15.0830
...model saved to 15_exp/models/FloydWarshallDataset_tropical_0.0001_20000_20260226_173318_relu_best.pth...20260226_174012
At epoch 567, test loss = 15.0743
...model saved to 15_exp/models/FloydWarshallDataset_tropical_0.0001_20000_20260226_173318_relu_best.pth...20260226_174013
At epoch 569, test loss = 15.0463
...model saved to 15_exp/models/FloydWarshallDataset_tropical_0.0001_20000_20260226_173318_relu_best.pth...20260226_174014
At epoch 575, test loss = 14.8796
...model saved to 15_exp/models/FloydWarshallDataset_tropical_0.0001_20000_20260226_173318_relu_best.pth...20260226_174018
At epoch 580, test loss = 14.8708
...model saved to 15_exp/models/FloydWarshallDataset_tropical_0.0001_20000_20260226_173318_relu_best.pth...20260226_174022
At epoch 582, test loss = 14.7917
...model saved to 15_exp/models/FloydWarshallDataset_tropical_0.0001_20000_20260226_173318_relu_best.pth...20260226_174023
At epoch 588, test loss = 14.7637
...model saved to 15_exp/models/FloydWarshallDataset_tropical_0.0001_20000_20260226_173318_relu_best.pth...20260226_174027
At epoch 591, test loss = 14.6625
...model saved to 15_exp/models/FloydWarshallDataset_tropical_0.0001_20000_20260226_173318_relu_best.pth...20260226_174029
At epoch 592, test loss = 14.6315
...model saved to 15_exp/models/FloydWarshallDataset_tropical_0.0001_20000_20260226_173318_relu_best.pth...20260226_174030
At epoch 593, test loss = 14.5894
...model saved to 15_exp/models/FloydWarshallDataset_tropical_0.0001_20000_20260226_173318_relu_best.pth...20260226_174031
At epoch 595, test loss = 14.5574
...model saved to 15_exp/models/FloydWarshallDataset_tropical_0.0001_20000_20260226_173318_relu_best.pth...20260226_174032
At epoch 601, test loss = 14.4890
...model saved to 15_exp/models/FloydWarshallDataset_tropical_0.0001_20000_20260226_173318_relu_best.pth...20260226_174036
At epoch 604, test loss = 14.4718
...model saved to 15_exp/models/FloydWarshallDataset_tropical_0.0001_20000_20260226_173318_relu_best.pth...20260226_174038
At epoch 608, test loss = 14.4159
...model saved to 15_exp/models/FloydWarshallDataset_tropical_0.0001_20000_20260226_173318_relu_best.pth...20260226_174041
At epoch 609, test loss = 14.3462
...model saved to 15_exp/models/FloydWarshallDataset_tropical_0.0001_20000_20260226_173318_relu_best.pth...20260226_174041
At epoch 610, test loss = 14.3424
...model saved to 15_exp/models/FloydWarshallDataset_tropical_0.0001_20000_20260226_173318_relu_best.pth...20260226_174042
At epoch 611, test loss = 14.3209
...model saved to 15_exp/models/FloydWarshallDataset_tropical_0.0001_20000_20260226_173318_relu_best.pth...20260226_174043
At epoch 615, test loss = 14.3203
...model saved to 15_exp/models/FloydWarshallDataset_tropical_0.0001_20000_20260226_173318_relu_best.pth...20260226_174045
At epoch 616, test loss = 14.3040
...model saved to 15_exp/models/FloydWarshallDataset_tropical_0.0001_20000_20260226_173318_relu_best.pth...20260226_174046
At epoch 621, test loss = 14.2954
...model saved to 15_exp/models/FloydWarshallDataset_tropical_0.0001_20000_20260226_173318_relu_best.pth...20260226_174050
At epoch 623, test loss = 14.2323
...model saved to 15_exp/models/FloydWarshallDataset_tropical_0.0001_20000_20260226_173318_relu_best.pth...20260226_174051
At epoch 626, test loss = 14.2092
...model saved to 15_exp/models/FloydWarshallDataset_tropical_0.0001_20000_20260226_173318_relu_best.pth...20260226_174053
At epoch 627, test loss = 14.1707
...model saved to 15_exp/models/FloydWarshallDataset_tropical_0.0001_20000_20260226_173318_relu_best.pth...20260226_174054
At epoch 629, test loss = 14.1612
...model saved to 15_exp/models/FloydWarshallDataset_tropical_0.0001_20000_20260226_173318_relu_best.pth...20260226_174055
At epoch 632, test loss = 14.1119
...model saved to 15_exp/models/FloydWarshallDataset_tropical_0.0001_20000_20260226_173318_relu_best.pth...20260226_174057
At epoch 635, test loss = 14.1016
...model saved to 15_exp/models/FloydWarshallDataset_tropical_0.0001_20000_20260226_173318_relu_best.pth...20260226_174059
At epoch 636, test loss = 14.0550
...model saved to 15_exp/models/FloydWarshallDataset_tropical_0.0001_20000_20260226_173318_relu_best.pth...20260226_174100
At epoch 644, test loss = 14.0326
...model saved to 15_exp/models/FloydWarshallDataset_tropical_0.0001_20000_20260226_173318_relu_best.pth...20260226_174105
At epoch 645, test loss = 13.9860
...model saved to 15_exp/models/FloydWarshallDataset_tropical_0.0001_20000_20260226_173318_relu_best.pth...20260226_174106
At epoch 655, test loss = 13.8751
...model saved to 15_exp/models/FloydWarshallDataset_tropical_0.0001_20000_20260226_173318_relu_best.pth...20260226_174113
At epoch 659, test loss = 13.8059
...model saved to 15_exp/models/FloydWarshallDataset_tropical_0.0001_20000_20260226_173318_relu_best.pth...20260226_174115
At epoch 662, test loss = 13.7883
...model saved to 15_exp/models/FloydWarshallDataset_tropical_0.0001_20000_20260226_173318_relu_best.pth...20260226_174117
At epoch 666, test loss = 13.6913
...model saved to 15_exp/models/FloydWarshallDataset_tropical_0.0001_20000_20260226_173318_relu_best.pth...20260226_174120
At epoch 674, test loss = 13.5929
...model saved to 15_exp/models/FloydWarshallDataset_tropical_0.0001_20000_20260226_173318_relu_best.pth...20260226_174126
At epoch 683, test loss = 13.4744
...model saved to 15_exp/models/FloydWarshallDataset_tropical_0.0001_20000_20260226_173318_relu_best.pth...20260226_174132
At epoch 703, test loss = 13.4272
...model saved to 15_exp/models/FloydWarshallDataset_tropical_0.0001_20000_20260226_173318_relu_best.pth...20260226_174145
At epoch 704, test loss = 13.4076
...model saved to 15_exp/models/FloydWarshallDataset_tropical_0.0001_20000_20260226_173318_relu_best.pth...20260226_174146
At epoch 705, test loss = 13.3891
...model saved to 15_exp/models/FloydWarshallDataset_tropical_0.0001_20000_20260226_173318_relu_best.pth...20260226_174146
At epoch 708, test loss = 13.3755
...model saved to 15_exp/models/FloydWarshallDataset_tropical_0.0001_20000_20260226_173318_relu_best.pth...20260226_174149
At epoch 712, test loss = 13.3587
...model saved to 15_exp/models/FloydWarshallDataset_tropical_0.0001_20000_20260226_173318_relu_best.pth...20260226_174151
At epoch 714, test loss = 13.3560
...model saved to 15_exp/models/FloydWarshallDataset_tropical_0.0001_20000_20260226_173318_relu_best.pth...20260226_174153
At epoch 717, test loss = 13.3551
...model saved to 15_exp/models/FloydWarshallDataset_tropical_0.0001_20000_20260226_173318_relu_best.pth...20260226_174155
At epoch 718, test loss = 13.2570
...model saved to 15_exp/models/FloydWarshallDataset_tropical_0.0001_20000_20260226_173318_relu_best.pth...20260226_174155
At epoch 721, test loss = 13.2550
...model saved to 15_exp/models/FloydWarshallDataset_tropical_0.0001_20000_20260226_173318_relu_best.pth...20260226_174157
At epoch 722, test loss = 13.1583
...model saved to 15_exp/models/FloydWarshallDataset_tropical_0.0001_20000_20260226_173318_relu_best.pth...20260226_174158
At epoch 736, test loss = 13.1147
...model saved to 15_exp/models/FloydWarshallDataset_tropical_0.0001_20000_20260226_173318_relu_best.pth...20260226_174208
At epoch 743, test loss = 13.0605
...model saved to 15_exp/models/FloydWarshallDataset_tropical_0.0001_20000_20260226_173318_relu_best.pth...20260226_174213
At epoch 747, test loss = 13.0270
...model saved to 15_exp/models/FloydWarshallDataset_tropical_0.0001_20000_20260226_173318_relu_best.pth...20260226_174215
At epoch 750, test loss = 12.9646
...model saved to 15_exp/models/FloydWarshallDataset_tropical_0.0001_20000_20260226_173318_relu_best.pth...20260226_174217
At epoch 766, test loss = 12.9470
...model saved to 15_exp/models/FloydWarshallDataset_tropical_0.0001_20000_20260226_173318_relu_best.pth...20260226_174228
At epoch 768, test loss = 12.9367
...model saved to 15_exp/models/FloydWarshallDataset_tropical_0.0001_20000_20260226_173318_relu_best.pth...20260226_174229
At epoch 771, test loss = 12.9347
...model saved to 15_exp/models/FloydWarshallDataset_tropical_0.0001_20000_20260226_173318_relu_best.pth...20260226_174232
At epoch 772, test loss = 12.9073
...model saved to 15_exp/models/FloydWarshallDataset_tropical_0.0001_20000_20260226_173318_relu_best.pth...20260226_174232
At epoch 778, test loss = 12.8850
...model saved to 15_exp/models/FloydWarshallDataset_tropical_0.0001_20000_20260226_173318_relu_best.pth...20260226_174236
At epoch 779, test loss = 12.8590
...model saved to 15_exp/models/FloydWarshallDataset_tropical_0.0001_20000_20260226_173318_relu_best.pth...20260226_174237
At epoch 788, test loss = 12.8473
...model saved to 15_exp/models/FloydWarshallDataset_tropical_0.0001_20000_20260226_173318_relu_best.pth...20260226_174243
At epoch 789, test loss = 12.8184
...model saved to 15_exp/models/FloydWarshallDataset_tropical_0.0001_20000_20260226_173318_relu_best.pth...20260226_174244
At epoch 790, test loss = 12.8086
...model saved to 15_exp/models/FloydWarshallDataset_tropical_0.0001_20000_20260226_173318_relu_best.pth...20260226_174244
At epoch 792, test loss = 12.7953
...model saved to 15_exp/models/FloydWarshallDataset_tropical_0.0001_20000_20260226_173318_relu_best.pth...20260226_174246
At epoch 797, test loss = 12.7507
...model saved to 15_exp/models/FloydWarshallDataset_tropical_0.0001_20000_20260226_173318_relu_best.pth...20260226_174249
At epoch 798, test loss = 12.7254
...model saved to 15_exp/models/FloydWarshallDataset_tropical_0.0001_20000_20260226_173318_relu_best.pth...20260226_174250
At epoch 801, test loss = 12.7034
...model saved to 15_exp/models/FloydWarshallDataset_tropical_0.0001_20000_20260226_173318_relu_best.pth...20260226_174252
At epoch 806, test loss = 12.6995
...model saved to 15_exp/models/FloydWarshallDataset_tropical_0.0001_20000_20260226_173318_relu_best.pth...20260226_174256
At epoch 808, test loss = 12.6904
...model saved to 15_exp/models/FloydWarshallDataset_tropical_0.0001_20000_20260226_173318_relu_best.pth...20260226_174257
At epoch 810, test loss = 12.6367
...model saved to 15_exp/models/FloydWarshallDataset_tropical_0.0001_20000_20260226_173318_relu_best.pth...20260226_174258
At epoch 812, test loss = 12.6299
...model saved to 15_exp/models/FloydWarshallDataset_tropical_0.0001_20000_20260226_173318_relu_best.pth...20260226_174300
At epoch 814, test loss = 12.6120
...model saved to 15_exp/models/FloydWarshallDataset_tropical_0.0001_20000_20260226_173318_relu_best.pth...20260226_174301
At epoch 816, test loss = 12.6020
...model saved to 15_exp/models/FloydWarshallDataset_tropical_0.0001_20000_20260226_173318_relu_best.pth...20260226_174302
At epoch 824, test loss = 12.5719
...model saved to 15_exp/models/FloydWarshallDataset_tropical_0.0001_20000_20260226_173318_relu_best.pth...20260226_174308
At epoch 825, test loss = 12.5529
...model saved to 15_exp/models/FloydWarshallDataset_tropical_0.0001_20000_20260226_173318_relu_best.pth...20260226_174308
At epoch 827, test loss = 12.5247
...model saved to 15_exp/models/FloydWarshallDataset_tropical_0.0001_20000_20260226_173318_relu_best.pth...20260226_174310
At epoch 828, test loss = 12.4751
...model saved to 15_exp/models/FloydWarshallDataset_tropical_0.0001_20000_20260226_173318_relu_best.pth...20260226_174311
At epoch 832, test loss = 12.4744
...model saved to 15_exp/models/FloydWarshallDataset_tropical_0.0001_20000_20260226_173318_relu_best.pth...20260226_174313
At epoch 833, test loss = 12.4552
...model saved to 15_exp/models/FloydWarshallDataset_tropical_0.0001_20000_20260226_173318_relu_best.pth...20260226_174314
At epoch 835, test loss = 12.4222
...model saved to 15_exp/models/FloydWarshallDataset_tropical_0.0001_20000_20260226_173318_relu_best.pth...20260226_174315
At epoch 843, test loss = 12.4202
...model saved to 15_exp/models/FloydWarshallDataset_tropical_0.0001_20000_20260226_173318_relu_best.pth...20260226_174321
At epoch 851, test loss = 12.3058
...model saved to 15_exp/models/FloydWarshallDataset_tropical_0.0001_20000_20260226_173318_relu_best.pth...20260226_174326
At epoch 865, test loss = 12.2928
...model saved to 15_exp/models/FloydWarshallDataset_tropical_0.0001_20000_20260226_173318_relu_best.pth...20260226_174335
At epoch 891, test loss = 12.2381
...model saved to 15_exp/models/FloydWarshallDataset_tropical_0.0001_20000_20260226_173318_relu_best.pth...20260226_174353
At epoch 904, test loss = 12.2024
...model saved to 15_exp/models/FloydWarshallDataset_tropical_0.0001_20000_20260226_173318_relu_best.pth...20260226_174402
At epoch 910, test loss = 12.1915
...model saved to 15_exp/models/FloydWarshallDataset_tropical_0.0001_20000_20260226_173318_relu_best.pth...20260226_174406
At epoch 924, test loss = 12.1430
...model saved to 15_exp/models/FloydWarshallDataset_tropical_0.0001_20000_20260226_173318_relu_best.pth...20260226_174415
At epoch 927, test loss = 12.1143
...model saved to 15_exp/models/FloydWarshallDataset_tropical_0.0001_20000_20260226_173318_relu_best.pth...20260226_174417
At epoch 928, test loss = 12.0743
...model saved to 15_exp/models/FloydWarshallDataset_tropical_0.0001_20000_20260226_173318_relu_best.pth...20260226_174418
At epoch 947, test loss = 12.0368
...model saved to 15_exp/models/FloydWarshallDataset_tropical_0.0001_20000_20260226_173318_relu_best.pth...20260226_174430
At epoch 954, test loss = 11.9762
...model saved to 15_exp/models/FloydWarshallDataset_tropical_0.0001_20000_20260226_173318_relu_best.pth...20260226_174435
At epoch 960, test loss = 11.9397
...model saved to 15_exp/models/FloydWarshallDataset_tropical_0.0001_20000_20260226_173318_relu_best.pth...20260226_174439
At epoch 968, test loss = 11.9277
...model saved to 15_exp/models/FloydWarshallDataset_tropical_0.0001_20000_20260226_173318_relu_best.pth...20260226_174445
At epoch 972, test loss = 11.8798
...model saved to 15_exp/models/FloydWarshallDataset_tropical_0.0001_20000_20260226_173318_relu_best.pth...20260226_174447
At epoch 982, test loss = 11.8776
...model saved to 15_exp/models/FloydWarshallDataset_tropical_0.0001_20000_20260226_173318_relu_best.pth...20260226_174454
At epoch 985, test loss = 11.8358
...model saved to 15_exp/models/FloydWarshallDataset_tropical_0.0001_20000_20260226_173318_relu_best.pth...20260226_174456
At epoch 989, test loss = 11.8194
...model saved to 15_exp/models/FloydWarshallDataset_tropical_0.0001_20000_20260226_173318_relu_best.pth...20260226_174459
At epoch 999, test loss = 11.7542
...model saved to 15_exp/models/FloydWarshallDataset_tropical_0.0001_20000_20260226_173318_relu_best.pth...20260226_174506
At epoch 1010, test loss = 11.7416
...model saved to 15_exp/models/FloydWarshallDataset_tropical_0.0001_20000_20260226_173318_relu_best.pth...20260226_174514
At epoch 1013, test loss = 11.6093
...model saved to 15_exp/models/FloydWarshallDataset_tropical_0.0001_20000_20260226_173318_relu_best.pth...20260226_174516
At epoch 1040, test loss = 11.6081
...model saved to 15_exp/models/FloydWarshallDataset_tropical_0.0001_20000_20260226_173318_relu_best.pth...20260226_174535
At epoch 1043, test loss = 11.5880
...model saved to 15_exp/models/FloydWarshallDataset_tropical_0.0001_20000_20260226_173318_relu_best.pth...20260226_174537
At epoch 1044, test loss = 11.5756
...model saved to 15_exp/models/FloydWarshallDataset_tropical_0.0001_20000_20260226_173318_relu_best.pth...20260226_174538
At epoch 1045, test loss = 11.5377
...model saved to 15_exp/models/FloydWarshallDataset_tropical_0.0001_20000_20260226_173318_relu_best.pth...20260226_174538
At epoch 1064, test loss = 11.5248
...model saved to 15_exp/models/FloydWarshallDataset_tropical_0.0001_20000_20260226_173318_relu_best.pth...20260226_174551
At epoch 1066, test loss = 11.5235
...model saved to 15_exp/models/FloydWarshallDataset_tropical_0.0001_20000_20260226_173318_relu_best.pth...20260226_174552
At epoch 1068, test loss = 11.5192
...model saved to 15_exp/models/FloydWarshallDataset_tropical_0.0001_20000_20260226_173318_relu_best.pth...20260226_174554
At epoch 1070, test loss = 11.5079
...model saved to 15_exp/models/FloydWarshallDataset_tropical_0.0001_20000_20260226_173318_relu_best.pth...20260226_174555
At epoch 1074, test loss = 11.4910
...model saved to 15_exp/models/FloydWarshallDataset_tropical_0.0001_20000_20260226_173318_relu_best.pth...20260226_174558
At epoch 1077, test loss = 11.4860
...model saved to 15_exp/models/FloydWarshallDataset_tropical_0.0001_20000_20260226_173318_relu_best.pth...20260226_174600
At epoch 1080, test loss = 11.4773
...model saved to 15_exp/models/FloydWarshallDataset_tropical_0.0001_20000_20260226_173318_relu_best.pth...20260226_174602
At epoch 1081, test loss = 11.4653
...model saved to 15_exp/models/FloydWarshallDataset_tropical_0.0001_20000_20260226_173318_relu_best.pth...20260226_174602
At epoch 1084, test loss = 11.4461
...model saved to 15_exp/models/FloydWarshallDataset_tropical_0.0001_20000_20260226_173318_relu_best.pth...20260226_174604
At epoch 1095, test loss = 11.4278
...model saved to 15_exp/models/FloydWarshallDataset_tropical_0.0001_20000_20260226_173318_relu_best.pth...20260226_174612
At epoch 1096, test loss = 11.4182
...model saved to 15_exp/models/FloydWarshallDataset_tropical_0.0001_20000_20260226_173318_relu_best.pth...20260226_174613
At epoch 1098, test loss = 11.4036
...model saved to 15_exp/models/FloydWarshallDataset_tropical_0.0001_20000_20260226_173318_relu_best.pth...20260226_174614
At epoch 1101, test loss = 11.3977
...model saved to 15_exp/models/FloydWarshallDataset_tropical_0.0001_20000_20260226_173318_relu_best.pth...20260226_174617
At epoch 1102, test loss = 11.3801
...model saved to 15_exp/models/FloydWarshallDataset_tropical_0.0001_20000_20260226_173318_relu_best.pth...20260226_174617
At epoch 1104, test loss = 11.3771
...model saved to 15_exp/models/FloydWarshallDataset_tropical_0.0001_20000_20260226_173318_relu_best.pth...20260226_174619
At epoch 1105, test loss = 11.3743
...model saved to 15_exp/models/FloydWarshallDataset_tropical_0.0001_20000_20260226_173318_relu_best.pth...20260226_174619
At epoch 1107, test loss = 11.3735
...model saved to 15_exp/models/FloydWarshallDataset_tropical_0.0001_20000_20260226_173318_relu_best.pth...20260226_174621
At epoch 1108, test loss = 11.3665
...model saved to 15_exp/models/FloydWarshallDataset_tropical_0.0001_20000_20260226_173318_relu_best.pth...20260226_174622
At epoch 1111, test loss = 11.3375
...model saved to 15_exp/models/FloydWarshallDataset_tropical_0.0001_20000_20260226_173318_relu_best.pth...20260226_174624
At epoch 1113, test loss = 11.3142
...model saved to 15_exp/models/FloydWarshallDataset_tropical_0.0001_20000_20260226_173318_relu_best.pth...20260226_174625
At epoch 1117, test loss = 11.2948
...model saved to 15_exp/models/FloydWarshallDataset_tropical_0.0001_20000_20260226_173318_relu_best.pth...20260226_174628
At epoch 1120, test loss = 11.2716
...model saved to 15_exp/models/FloydWarshallDataset_tropical_0.0001_20000_20260226_173318_relu_best.pth...20260226_174630
At epoch 1134, test loss = 11.2447
...model saved to 15_exp/models/FloydWarshallDataset_tropical_0.0001_20000_20260226_173318_relu_best.pth...20260226_174640
At epoch 1139, test loss = 11.2200
...model saved to 15_exp/models/FloydWarshallDataset_tropical_0.0001_20000_20260226_173318_relu_best.pth...20260226_174643
At epoch 1141, test loss = 11.1940
...model saved to 15_exp/models/FloydWarshallDataset_tropical_0.0001_20000_20260226_173318_relu_best.pth...20260226_174645
At epoch 1156, test loss = 11.1665
...model saved to 15_exp/models/FloydWarshallDataset_tropical_0.0001_20000_20260226_173318_relu_best.pth...20260226_174656
At epoch 1162, test loss = 11.1501
...model saved to 15_exp/models/FloydWarshallDataset_tropical_0.0001_20000_20260226_173318_relu_best.pth...20260226_174700
At epoch 1168, test loss = 11.1134
...model saved to 15_exp/models/FloydWarshallDataset_tropical_0.0001_20000_20260226_173318_relu_best.pth...20260226_174704
At epoch 1169, test loss = 11.1080
...model saved to 15_exp/models/FloydWarshallDataset_tropical_0.0001_20000_20260226_173318_relu_best.pth...20260226_174705
At epoch 1170, test loss = 11.0638
...model saved to 15_exp/models/FloydWarshallDataset_tropical_0.0001_20000_20260226_173318_relu_best.pth...20260226_174706
At epoch 1180, test loss = 11.0544
...model saved to 15_exp/models/FloydWarshallDataset_tropical_0.0001_20000_20260226_173318_relu_best.pth...20260226_174713
At epoch 1190, test loss = 11.0416
...model saved to 15_exp/models/FloydWarshallDataset_tropical_0.0001_20000_20260226_173318_relu_best.pth...20260226_174719
At epoch 1194, test loss = 11.0390
...model saved to 15_exp/models/FloydWarshallDataset_tropical_0.0001_20000_20260226_173318_relu_best.pth...20260226_174722
At epoch 1195, test loss = 11.0302
...model saved to 15_exp/models/FloydWarshallDataset_tropical_0.0001_20000_20260226_173318_relu_best.pth...20260226_174722
At epoch 1197, test loss = 10.9665
...model saved to 15_exp/models/FloydWarshallDataset_tropical_0.0001_20000_20260226_173318_relu_best.pth...20260226_174724
At epoch 1198, test loss = 10.9284
...model saved to 15_exp/models/FloydWarshallDataset_tropical_0.0001_20000_20260226_173318_relu_best.pth...20260226_174724
At epoch 1203, test loss = 10.9268
...model saved to 15_exp/models/FloydWarshallDataset_tropical_0.0001_20000_20260226_173318_relu_best.pth...20260226_174728
At epoch 1206, test loss = 10.9252
...model saved to 15_exp/models/FloydWarshallDataset_tropical_0.0001_20000_20260226_173318_relu_best.pth...20260226_174730
At epoch 1207, test loss = 10.8954
...model saved to 15_exp/models/FloydWarshallDataset_tropical_0.0001_20000_20260226_173318_relu_best.pth...20260226_174731
At epoch 1216, test loss = 10.8706
...model saved to 15_exp/models/FloydWarshallDataset_tropical_0.0001_20000_20260226_173318_relu_best.pth...20260226_174737
At epoch 1217, test loss = 10.8615
...model saved to 15_exp/models/FloydWarshallDataset_tropical_0.0001_20000_20260226_173318_relu_best.pth...20260226_174737
At epoch 1221, test loss = 10.8480
...model saved to 15_exp/models/FloydWarshallDataset_tropical_0.0001_20000_20260226_173318_relu_best.pth...20260226_174740
At epoch 1222, test loss = 10.7818
...model saved to 15_exp/models/FloydWarshallDataset_tropical_0.0001_20000_20260226_173318_relu_best.pth...20260226_174741
At epoch 1247, test loss = 10.7760
...model saved to 15_exp/models/FloydWarshallDataset_tropical_0.0001_20000_20260226_173318_relu_best.pth...20260226_174757
At epoch 1248, test loss = 10.7618
...model saved to 15_exp/models/FloydWarshallDataset_tropical_0.0001_20000_20260226_173318_relu_best.pth...20260226_174758
At epoch 1249, test loss = 10.7563
...model saved to 15_exp/models/FloydWarshallDataset_tropical_0.0001_20000_20260226_173318_relu_best.pth...20260226_174759
At epoch 1250, test loss = 10.7365
...model saved to 15_exp/models/FloydWarshallDataset_tropical_0.0001_20000_20260226_173318_relu_best.pth...20260226_174759
At epoch 1256, test loss = 10.7272
...model saved to 15_exp/models/FloydWarshallDataset_tropical_0.0001_20000_20260226_173318_relu_best.pth...20260226_174803
At epoch 1257, test loss = 10.6982
...model saved to 15_exp/models/FloydWarshallDataset_tropical_0.0001_20000_20260226_173318_relu_best.pth...20260226_174804
At epoch 1260, test loss = 10.6959
...model saved to 15_exp/models/FloydWarshallDataset_tropical_0.0001_20000_20260226_173318_relu_best.pth...20260226_174806
At epoch 1267, test loss = 10.6739
...model saved to 15_exp/models/FloydWarshallDataset_tropical_0.0001_20000_20260226_173318_relu_best.pth...20260226_174811
At epoch 1271, test loss = 10.6533
...model saved to 15_exp/models/FloydWarshallDataset_tropical_0.0001_20000_20260226_173318_relu_best.pth...20260226_174813
At epoch 1273, test loss = 10.6244
...model saved to 15_exp/models/FloydWarshallDataset_tropical_0.0001_20000_20260226_173318_relu_best.pth...20260226_174815
At epoch 1282, test loss = 10.5789
...model saved to 15_exp/models/FloydWarshallDataset_tropical_0.0001_20000_20260226_173318_relu_best.pth...20260226_174821
At epoch 1287, test loss = 10.5536
...model saved to 15_exp/models/FloydWarshallDataset_tropical_0.0001_20000_20260226_173318_relu_best.pth...20260226_174824
At epoch 1293, test loss = 10.4766
...model saved to 15_exp/models/FloydWarshallDataset_tropical_0.0001_20000_20260226_173318_relu_best.pth...20260226_174829
At epoch 1302, test loss = 10.4655
...model saved to 15_exp/models/FloydWarshallDataset_tropical_0.0001_20000_20260226_173318_relu_best.pth...20260226_174835
At epoch 1303, test loss = 10.4633
...model saved to 15_exp/models/FloydWarshallDataset_tropical_0.0001_20000_20260226_173318_relu_best.pth...20260226_174836
At epoch 1307, test loss = 10.4497
...model saved to 15_exp/models/FloydWarshallDataset_tropical_0.0001_20000_20260226_173318_relu_best.pth...20260226_174838
At epoch 1308, test loss = 10.3706
...model saved to 15_exp/models/FloydWarshallDataset_tropical_0.0001_20000_20260226_173318_relu_best.pth...20260226_174839
At epoch 1309, test loss = 10.3705
...model saved to 15_exp/models/FloydWarshallDataset_tropical_0.0001_20000_20260226_173318_relu_best.pth...20260226_174840
At epoch 1342, test loss = 10.3103
...model saved to 15_exp/models/FloydWarshallDataset_tropical_0.0001_20000_20260226_173318_relu_best.pth...20260226_174902
At epoch 1349, test loss = 10.3034
...model saved to 15_exp/models/FloydWarshallDataset_tropical_0.0001_20000_20260226_173318_relu_best.pth...20260226_174906
At epoch 1352, test loss = 10.2692
...model saved to 15_exp/models/FloydWarshallDataset_tropical_0.0001_20000_20260226_173318_relu_best.pth...20260226_174908
At epoch 1356, test loss = 10.2674
...model saved to 15_exp/models/FloydWarshallDataset_tropical_0.0001_20000_20260226_173318_relu_best.pth...20260226_174911
At epoch 1360, test loss = 10.2107
...model saved to 15_exp/models/FloydWarshallDataset_tropical_0.0001_20000_20260226_173318_relu_best.pth...20260226_174914
At epoch 1369, test loss = 10.0947
...model saved to 15_exp/models/FloydWarshallDataset_tropical_0.0001_20000_20260226_173318_relu_best.pth...20260226_174920
At epoch 1404, test loss = 10.0928
...model saved to 15_exp/models/FloydWarshallDataset_tropical_0.0001_20000_20260226_173318_relu_best.pth...20260226_174943
At epoch 1420, test loss = 10.0494
...model saved to 15_exp/models/FloydWarshallDataset_tropical_0.0001_20000_20260226_173318_relu_best.pth...20260226_174954
At epoch 1428, test loss = 10.0054
...model saved to 15_exp/models/FloydWarshallDataset_tropical_0.0001_20000_20260226_173318_relu_best.pth...20260226_174959
At epoch 1429, test loss = 9.9674
...model saved to 15_exp/models/FloydWarshallDataset_tropical_0.0001_20000_20260226_173318_relu_best.pth...20260226_175000
At epoch 1454, test loss = 9.9103
...model saved to 15_exp/models/FloydWarshallDataset_tropical_0.0001_20000_20260226_173318_relu_best.pth...20260226_175016
At epoch 1455, test loss = 9.8892
...model saved to 15_exp/models/FloydWarshallDataset_tropical_0.0001_20000_20260226_173318_relu_best.pth...20260226_175017
At epoch 1459, test loss = 9.8829
...model saved to 15_exp/models/FloydWarshallDataset_tropical_0.0001_20000_20260226_173318_relu_best.pth...20260226_175020
At epoch 1461, test loss = 9.8422
...model saved to 15_exp/models/FloydWarshallDataset_tropical_0.0001_20000_20260226_173318_relu_best.pth...20260226_175021
At epoch 1462, test loss = 9.8414
...model saved to 15_exp/models/FloydWarshallDataset_tropical_0.0001_20000_20260226_173318_relu_best.pth...20260226_175022
At epoch 1463, test loss = 9.8398
...model saved to 15_exp/models/FloydWarshallDataset_tropical_0.0001_20000_20260226_173318_relu_best.pth...20260226_175023
At epoch 1468, test loss = 9.7814
...model saved to 15_exp/models/FloydWarshallDataset_tropical_0.0001_20000_20260226_173318_relu_best.pth...20260226_175026
At epoch 1478, test loss = 9.7792
...model saved to 15_exp/models/FloydWarshallDataset_tropical_0.0001_20000_20260226_173318_relu_best.pth...20260226_175032
At epoch 1479, test loss = 9.7320
...model saved to 15_exp/models/FloydWarshallDataset_tropical_0.0001_20000_20260226_173318_relu_best.pth...20260226_175033
At epoch 1483, test loss = 9.7204
...model saved to 15_exp/models/FloydWarshallDataset_tropical_0.0001_20000_20260226_173318_relu_best.pth...20260226_175036
At epoch 1486, test loss = 9.6923
...model saved to 15_exp/models/FloydWarshallDataset_tropical_0.0001_20000_20260226_173318_relu_best.pth...20260226_175038
At epoch 1489, test loss = 9.6540
...model saved to 15_exp/models/FloydWarshallDataset_tropical_0.0001_20000_20260226_173318_relu_best.pth...20260226_175040
At epoch 1496, test loss = 9.6207
...model saved to 15_exp/models/FloydWarshallDataset_tropical_0.0001_20000_20260226_173318_relu_best.pth...20260226_175045
At epoch 1501, test loss = 9.5832
...model saved to 15_exp/models/FloydWarshallDataset_tropical_0.0001_20000_20260226_173318_relu_best.pth...20260226_175048
At epoch 1502, test loss = 9.5552
...model saved to 15_exp/models/FloydWarshallDataset_tropical_0.0001_20000_20260226_173318_relu_best.pth...20260226_175049
At epoch 1507, test loss = 9.5140
...model saved to 15_exp/models/FloydWarshallDataset_tropical_0.0001_20000_20260226_173318_relu_best.pth...20260226_175052
At epoch 1508, test loss = 9.5021
...model saved to 15_exp/models/FloydWarshallDataset_tropical_0.0001_20000_20260226_173318_relu_best.pth...20260226_175053
At epoch 1513, test loss = 9.4903
...model saved to 15_exp/models/FloydWarshallDataset_tropical_0.0001_20000_20260226_173318_relu_best.pth...20260226_175056
At epoch 1516, test loss = 9.4771
...model saved to 15_exp/models/FloydWarshallDataset_tropical_0.0001_20000_20260226_173318_relu_best.pth...20260226_175058
At epoch 1518, test loss = 9.4467
...model saved to 15_exp/models/FloydWarshallDataset_tropical_0.0001_20000_20260226_173318_relu_best.pth...20260226_175059
At epoch 1523, test loss = 9.4380
...model saved to 15_exp/models/FloydWarshallDataset_tropical_0.0001_20000_20260226_173318_relu_best.pth...20260226_175103
At epoch 1541, test loss = 9.4277
...model saved to 15_exp/models/FloydWarshallDataset_tropical_0.0001_20000_20260226_173318_relu_best.pth...20260226_175115
At epoch 1543, test loss = 9.4032
...model saved to 15_exp/models/FloydWarshallDataset_tropical_0.0001_20000_20260226_173318_relu_best.pth...20260226_175116
At epoch 1544, test loss = 9.3874
...model saved to 15_exp/models/FloydWarshallDataset_tropical_0.0001_20000_20260226_173318_relu_best.pth...20260226_175117
At epoch 1560, test loss = 9.3749
...model saved to 15_exp/models/FloydWarshallDataset_tropical_0.0001_20000_20260226_173318_relu_best.pth...20260226_175128
At epoch 1566, test loss = 9.3537
...model saved to 15_exp/models/FloydWarshallDataset_tropical_0.0001_20000_20260226_173318_relu_best.pth...20260226_175132
At epoch 1568, test loss = 9.3533
...model saved to 15_exp/models/FloydWarshallDataset_tropical_0.0001_20000_20260226_173318_relu_best.pth...20260226_175133
At epoch 1572, test loss = 9.3520
...model saved to 15_exp/models/FloydWarshallDataset_tropical_0.0001_20000_20260226_173318_relu_best.pth...20260226_175136
At epoch 1579, test loss = 9.3478
...model saved to 15_exp/models/FloydWarshallDataset_tropical_0.0001_20000_20260226_173318_relu_best.pth...20260226_175140
At epoch 1580, test loss = 9.3180
...model saved to 15_exp/models/FloydWarshallDataset_tropical_0.0001_20000_20260226_173318_relu_best.pth...20260226_175141
At epoch 1581, test loss = 9.2676
...model saved to 15_exp/models/FloydWarshallDataset_tropical_0.0001_20000_20260226_173318_relu_best.pth...20260226_175142
At epoch 1600, test loss = 9.1706
...model saved to 15_exp/models/FloydWarshallDataset_tropical_0.0001_20000_20260226_173318_relu_best.pth...20260226_175154
At epoch 1633, test loss = 9.1584
...model saved to 15_exp/models/FloydWarshallDataset_tropical_0.0001_20000_20260226_173318_relu_best.pth...20260226_175217
At epoch 1634, test loss = 9.1027
...model saved to 15_exp/models/FloydWarshallDataset_tropical_0.0001_20000_20260226_173318_relu_best.pth...20260226_175217
At epoch 1640, test loss = 9.0770
...model saved to 15_exp/models/FloydWarshallDataset_tropical_0.0001_20000_20260226_173318_relu_best.pth...20260226_175221
At epoch 1650, test loss = 9.0731
...model saved to 15_exp/models/FloydWarshallDataset_tropical_0.0001_20000_20260226_173318_relu_best.pth...20260226_175228
At epoch 1658, test loss = 9.0686
...model saved to 15_exp/models/FloydWarshallDataset_tropical_0.0001_20000_20260226_173318_relu_best.pth...20260226_175233
At epoch 1659, test loss = 9.0604
...model saved to 15_exp/models/FloydWarshallDataset_tropical_0.0001_20000_20260226_173318_relu_best.pth...20260226_175234
At epoch 1660, test loss = 8.9990
...model saved to 15_exp/models/FloydWarshallDataset_tropical_0.0001_20000_20260226_173318_relu_best.pth...20260226_175235
At epoch 1680, test loss = 8.9529
...model saved to 15_exp/models/FloydWarshallDataset_tropical_0.0001_20000_20260226_173318_relu_best.pth...20260226_175248
At epoch 1684, test loss = 8.9488
...model saved to 15_exp/models/FloydWarshallDataset_tropical_0.0001_20000_20260226_173318_relu_best.pth...20260226_175251
At epoch 1686, test loss = 8.9476
...model saved to 15_exp/models/FloydWarshallDataset_tropical_0.0001_20000_20260226_173318_relu_best.pth...20260226_175252
At epoch 1689, test loss = 8.9343
...model saved to 15_exp/models/FloydWarshallDataset_tropical_0.0001_20000_20260226_173318_relu_best.pth...20260226_175254
At epoch 1690, test loss = 8.8761
...model saved to 15_exp/models/FloydWarshallDataset_tropical_0.0001_20000_20260226_173318_relu_best.pth...20260226_175255
At epoch 1692, test loss = 8.8674
...model saved to 15_exp/models/FloydWarshallDataset_tropical_0.0001_20000_20260226_173318_relu_best.pth...20260226_175256
At epoch 1710, test loss = 8.8538
...model saved to 15_exp/models/FloydWarshallDataset_tropical_0.0001_20000_20260226_173318_relu_best.pth...20260226_175308
At epoch 1711, test loss = 8.8044
...model saved to 15_exp/models/FloydWarshallDataset_tropical_0.0001_20000_20260226_173318_relu_best.pth...20260226_175309
At epoch 1724, test loss = 8.7378
...model saved to 15_exp/models/FloydWarshallDataset_tropical_0.0001_20000_20260226_173318_relu_best.pth...20260226_175318
At epoch 1725, test loss = 8.7356
...model saved to 15_exp/models/FloydWarshallDataset_tropical_0.0001_20000_20260226_173318_relu_best.pth...20260226_175319
At epoch 1726, test loss = 8.7283
...model saved to 15_exp/models/FloydWarshallDataset_tropical_0.0001_20000_20260226_173318_relu_best.pth...20260226_175319
At epoch 1763, test loss = 8.7256
...model saved to 15_exp/models/FloydWarshallDataset_tropical_0.0001_20000_20260226_173318_relu_best.pth...20260226_175344
At epoch 1794, test loss = 8.7143
...model saved to 15_exp/models/FloydWarshallDataset_tropical_0.0001_20000_20260226_173318_relu_best.pth...20260226_175405
At epoch 1801, test loss = 8.6370
...model saved to 15_exp/models/FloydWarshallDataset_tropical_0.0001_20000_20260226_173318_relu_best.pth...20260226_175409
At epoch 1812, test loss = 8.5988
...model saved to 15_exp/models/FloydWarshallDataset_tropical_0.0001_20000_20260226_173318_relu_best.pth...20260226_175417
At epoch 1959, test loss = 8.5971
...model saved to 15_exp/models/FloydWarshallDataset_tropical_0.0001_20000_20260226_173318_relu_best.pth...20260226_175554
At epoch 1967, test loss = 8.5959
...model saved to 15_exp/models/FloydWarshallDataset_tropical_0.0001_20000_20260226_173318_relu_best.pth...20260226_175559
At epoch 2002, test loss = 8.5899
...model saved to 15_exp/models/FloydWarshallDataset_tropical_0.0001_20000_20260226_173318_relu_best.pth...20260226_175623
At epoch 2046, test loss = 8.5880
...model saved to 15_exp/models/FloydWarshallDataset_tropical_0.0001_20000_20260226_173318_relu_best.pth...20260226_175652
At epoch 2079, test loss = 8.5868
...model saved to 15_exp/models/FloydWarshallDataset_tropical_0.0001_20000_20260226_173318_relu_best.pth...20260226_175714
At epoch 2083, test loss = 8.5750
...model saved to 15_exp/models/FloydWarshallDataset_tropical_0.0001_20000_20260226_173318_relu_best.pth...20260226_175717
At epoch 2110, test loss = 8.5597
...model saved to 15_exp/models/FloydWarshallDataset_tropical_0.0001_20000_20260226_173318_relu_best.pth...20260226_175735
At epoch 2126, test loss = 8.5437
...model saved to 15_exp/models/FloydWarshallDataset_tropical_0.0001_20000_20260226_173318_relu_best.pth...20260226_175745
At epoch 2151, test loss = 8.5394
...model saved to 15_exp/models/FloydWarshallDataset_tropical_0.0001_20000_20260226_173318_relu_best.pth...20260226_175802
At epoch 2164, test loss = 8.5299
...model saved to 15_exp/models/FloydWarshallDataset_tropical_0.0001_20000_20260226_173318_relu_best.pth...20260226_175811
At epoch 2390, test loss = 8.5051
...model saved to 15_exp/models/FloydWarshallDataset_tropical_0.0001_20000_20260226_173318_relu_best.pth...20260226_180041
At epoch 2558, test loss = 8.5049
...model saved to 15_exp/models/FloydWarshallDataset_tropical_0.0001_20000_20260226_173318_relu_best.pth...20260226_180233
At epoch 2563, test loss = 8.4937
...model saved to 15_exp/models/FloydWarshallDataset_tropical_0.0001_20000_20260226_173318_relu_best.pth...20260226_180237
At epoch 2668, test loss = 8.4560
...model saved to 15_exp/models/FloydWarshallDataset_tropical_0.0001_20000_20260226_173318_relu_best.pth...20260226_180346
At epoch 2838, test loss = 8.3947
...model saved to 15_exp/models/FloydWarshallDataset_tropical_0.0001_20000_20260226_173318_relu_best.pth...20260226_180538
At epoch 2870, test loss = 8.3870
...model saved to 15_exp/models/FloydWarshallDataset_tropical_0.0001_20000_20260226_173318_relu_best.pth...20260226_180559
At epoch 2875, test loss = 8.2985
...model saved to 15_exp/models/FloydWarshallDataset_tropical_0.0001_20000_20260226_173318_relu_best.pth...20260226_180603
At epoch 2922, test loss = 8.2419
...model saved to 15_exp/models/FloydWarshallDataset_tropical_0.0001_20000_20260226_173318_relu_best.pth...20260226_180634
At epoch 3055, test loss = 8.2341
...model saved to 15_exp/models/FloydWarshallDataset_tropical_0.0001_20000_20260226_173318_relu_best.pth...20260226_180802
At epoch 3188, test loss = 8.2222
...model saved to 15_exp/models/FloydWarshallDataset_tropical_0.0001_20000_20260226_173318_relu_best.pth...20260226_180930
At epoch 3289, test loss = 8.2068
...model saved to 15_exp/models/FloydWarshallDataset_tropical_0.0001_20000_20260226_173318_relu_best.pth...20260226_181037
At epoch 3383, test loss = 8.1764
...model saved to 15_exp/models/FloydWarshallDataset_tropical_0.0001_20000_20260226_173318_relu_best.pth...20260226_181139
At epoch 3408, test loss = 8.1687
...model saved to 15_exp/models/FloydWarshallDataset_tropical_0.0001_20000_20260226_173318_relu_best.pth...20260226_181156
At epoch 3508, test loss = 8.1307
...model saved to 15_exp/models/FloydWarshallDataset_tropical_0.0001_20000_20260226_173318_relu_best.pth...20260226_181302
At epoch 3656, test loss = 8.1272
...model saved to 15_exp/models/FloydWarshallDataset_tropical_0.0001_20000_20260226_173318_relu_best.pth...20260226_181442
At epoch 3662, test loss = 8.1264
...model saved to 15_exp/models/FloydWarshallDataset_tropical_0.0001_20000_20260226_173318_relu_best.pth...20260226_181446
At epoch 3673, test loss = 8.1015
...model saved to 15_exp/models/FloydWarshallDataset_tropical_0.0001_20000_20260226_173318_relu_best.pth...20260226_181453
At epoch 3697, test loss = 8.1002
...model saved to 15_exp/models/FloydWarshallDataset_tropical_0.0001_20000_20260226_173318_relu_best.pth...20260226_181509
At epoch 3698, test loss = 8.0876
...model saved to 15_exp/models/FloydWarshallDataset_tropical_0.0001_20000_20260226_173318_relu_best.pth...20260226_181510
At epoch 3699, test loss = 8.0625
...model saved to 15_exp/models/FloydWarshallDataset_tropical_0.0001_20000_20260226_173318_relu_best.pth...20260226_181511
At epoch 3700, test loss = 8.0499
...model saved to 15_exp/models/FloydWarshallDataset_tropical_0.0001_20000_20260226_173318_relu_best.pth...20260226_181511
At epoch 3708, test loss = 8.0434
...model saved to 15_exp/models/FloydWarshallDataset_tropical_0.0001_20000_20260226_173318_relu_best.pth...20260226_181517
At epoch 3736, test loss = 8.0076
...model saved to 15_exp/models/FloydWarshallDataset_tropical_0.0001_20000_20260226_173318_relu_best.pth...20260226_181535
At epoch 3791, test loss = 7.9527
...model saved to 15_exp/models/FloydWarshallDataset_tropical_0.0001_20000_20260226_173318_relu_best.pth...20260226_181612
At epoch 3796, test loss = 7.9237
...model saved to 15_exp/models/FloydWarshallDataset_tropical_0.0001_20000_20260226_173318_relu_best.pth...20260226_181615
At epoch 3961, test loss = 7.8932
...model saved to 15_exp/models/FloydWarshallDataset_tropical_0.0001_20000_20260226_173318_relu_best.pth...20260226_181805
At epoch 3981, test loss = 7.8821
...model saved to 15_exp/models/FloydWarshallDataset_tropical_0.0001_20000_20260226_173318_relu_best.pth...20260226_181819
At epoch 4013, test loss = 7.8796
...model saved to 15_exp/models/FloydWarshallDataset_tropical_0.0001_20000_20260226_173318_relu_best.pth...20260226_181840
At epoch 4021, test loss = 7.8718
...model saved to 15_exp/models/FloydWarshallDataset_tropical_0.0001_20000_20260226_173318_relu_best.pth...20260226_181845
At epoch 4023, test loss = 7.8427
...model saved to 15_exp/models/FloydWarshallDataset_tropical_0.0001_20000_20260226_173318_relu_best.pth...20260226_181847
At epoch 4024, test loss = 7.7800
...model saved to 15_exp/models/FloydWarshallDataset_tropical_0.0001_20000_20260226_173318_relu_best.pth...20260226_181847
At epoch 4084, test loss = 7.7579
...model saved to 15_exp/models/FloydWarshallDataset_tropical_0.0001_20000_20260226_173318_relu_best.pth...20260226_181927
At epoch 4242, test loss = 7.6882
...model saved to 15_exp/models/FloydWarshallDataset_tropical_0.0001_20000_20260226_173318_relu_best.pth...20260226_182113
At epoch 4313, test loss = 7.6783
...model saved to 15_exp/models/FloydWarshallDataset_tropical_0.0001_20000_20260226_173318_relu_best.pth...20260226_182200
At epoch 4366, test loss = 7.6232
...model saved to 15_exp/models/FloydWarshallDataset_tropical_0.0001_20000_20260226_173318_relu_best.pth...20260226_182235
At epoch 4380, test loss = 7.6128
...model saved to 15_exp/models/FloydWarshallDataset_tropical_0.0001_20000_20260226_173318_relu_best.pth...20260226_182245
At epoch 4381, test loss = 7.5794
...model saved to 15_exp/models/FloydWarshallDataset_tropical_0.0001_20000_20260226_173318_relu_best.pth...20260226_182245
At epoch 4415, test loss = 7.5774
...model saved to 15_exp/models/FloydWarshallDataset_tropical_0.0001_20000_20260226_173318_relu_best.pth...20260226_182308
At epoch 4431, test loss = 7.4991
...model saved to 15_exp/models/FloydWarshallDataset_tropical_0.0001_20000_20260226_173318_relu_best.pth...20260226_182318
At epoch 4484, test loss = 7.4937
...model saved to 15_exp/models/FloydWarshallDataset_tropical_0.0001_20000_20260226_173318_relu_best.pth...20260226_182354
At epoch 4541, test loss = 7.4779
...model saved to 15_exp/models/FloydWarshallDataset_tropical_0.0001_20000_20260226_173318_relu_best.pth...20260226_182431
At epoch 4661, test loss = 7.4635
...model saved to 15_exp/models/FloydWarshallDataset_tropical_0.0001_20000_20260226_173318_relu_best.pth...20260226_182553
At epoch 4681, test loss = 7.4552
...model saved to 15_exp/models/FloydWarshallDataset_tropical_0.0001_20000_20260226_173318_relu_best.pth...20260226_182606
At epoch 4682, test loss = 7.4272
...model saved to 15_exp/models/FloydWarshallDataset_tropical_0.0001_20000_20260226_173318_relu_best.pth...20260226_182607
At epoch 4718, test loss = 7.3878
...model saved to 15_exp/models/FloydWarshallDataset_tropical_0.0001_20000_20260226_173318_relu_best.pth...20260226_182631
At epoch 4748, test loss = 7.3650
...model saved to 15_exp/models/FloydWarshallDataset_tropical_0.0001_20000_20260226_173318_relu_best.pth...20260226_182650
At epoch 4750, test loss = 7.3430
...model saved to 15_exp/models/FloydWarshallDataset_tropical_0.0001_20000_20260226_173318_relu_best.pth...20260226_182652
At epoch 4835, test loss = 7.2560
...model saved to 15_exp/models/FloydWarshallDataset_tropical_0.0001_20000_20260226_173318_relu_best.pth...20260226_182749
At epoch 4992, test loss = 7.2435
...model saved to 15_exp/models/FloydWarshallDataset_tropical_0.0001_20000_20260226_173318_relu_best.pth...20260226_182933
At epoch 5025, test loss = 7.2192
...model saved to 15_exp/models/FloydWarshallDataset_tropical_0.0001_20000_20260226_173318_relu_best.pth...20260226_182955
At epoch 5036, test loss = 7.2087
...model saved to 15_exp/models/FloydWarshallDataset_tropical_0.0001_20000_20260226_173318_relu_best.pth...20260226_183002
At epoch 5101, test loss = 7.2057
...model saved to 15_exp/models/FloydWarshallDataset_tropical_0.0001_20000_20260226_173318_relu_best.pth...20260226_183045
At epoch 5102, test loss = 7.2040
...model saved to 15_exp/models/FloydWarshallDataset_tropical_0.0001_20000_20260226_173318_relu_best.pth...20260226_183046
At epoch 5111, test loss = 7.1902
...model saved to 15_exp/models/FloydWarshallDataset_tropical_0.0001_20000_20260226_173318_relu_best.pth...20260226_183052
At epoch 5137, test loss = 7.1875
...model saved to 15_exp/models/FloydWarshallDataset_tropical_0.0001_20000_20260226_173318_relu_best.pth...20260226_183109
At epoch 5138, test loss = 7.1596
...model saved to 15_exp/models/FloydWarshallDataset_tropical_0.0001_20000_20260226_173318_relu_best.pth...20260226_183110
At epoch 5139, test loss = 7.1432
...model saved to 15_exp/models/FloydWarshallDataset_tropical_0.0001_20000_20260226_173318_relu_best.pth...20260226_183110
At epoch 5140, test loss = 7.1410
...model saved to 15_exp/models/FloydWarshallDataset_tropical_0.0001_20000_20260226_173318_relu_best.pth...20260226_183111
At epoch 5142, test loss = 7.1370
...model saved to 15_exp/models/FloydWarshallDataset_tropical_0.0001_20000_20260226_173318_relu_best.pth...20260226_183112
At epoch 5145, test loss = 7.1120
...model saved to 15_exp/models/FloydWarshallDataset_tropical_0.0001_20000_20260226_173318_relu_best.pth...20260226_183114
At epoch 5146, test loss = 7.1073
...model saved to 15_exp/models/FloydWarshallDataset_tropical_0.0001_20000_20260226_173318_relu_best.pth...20260226_183115
At epoch 5184, test loss = 7.1001
...model saved to 15_exp/models/FloydWarshallDataset_tropical_0.0001_20000_20260226_173318_relu_best.pth...20260226_183140
At epoch 5249, test loss = 7.0843
...model saved to 15_exp/models/FloydWarshallDataset_tropical_0.0001_20000_20260226_173318_relu_best.pth...20260226_183222
At epoch 5250, test loss = 7.0637
...model saved to 15_exp/models/FloydWarshallDataset_tropical_0.0001_20000_20260226_173318_relu_best.pth...20260226_183223
At epoch 5269, test loss = 7.0329
...model saved to 15_exp/models/FloydWarshallDataset_tropical_0.0001_20000_20260226_173318_relu_best.pth...20260226_183235
At epoch 5317, test loss = 6.9950
...model saved to 15_exp/models/FloydWarshallDataset_tropical_0.0001_20000_20260226_173318_relu_best.pth...20260226_183307
At epoch 5353, test loss = 6.9786
...model saved to 15_exp/models/FloydWarshallDataset_tropical_0.0001_20000_20260226_173318_relu_best.pth...20260226_183331
At epoch 5399, test loss = 6.9786
...model saved to 15_exp/models/FloydWarshallDataset_tropical_0.0001_20000_20260226_173318_relu_best.pth...20260226_183401
At epoch 5411, test loss = 6.9753
...model saved to 15_exp/models/FloydWarshallDataset_tropical_0.0001_20000_20260226_173318_relu_best.pth...20260226_183409
At epoch 5421, test loss = 6.9686
...model saved to 15_exp/models/FloydWarshallDataset_tropical_0.0001_20000_20260226_173318_relu_best.pth...20260226_183415
At epoch 5429, test loss = 6.9562
...model saved to 15_exp/models/FloydWarshallDataset_tropical_0.0001_20000_20260226_173318_relu_best.pth...20260226_183420
At epoch 5450, test loss = 6.9480
...model saved to 15_exp/models/FloydWarshallDataset_tropical_0.0001_20000_20260226_173318_relu_best.pth...20260226_183434
At epoch 5453, test loss = 6.9406
...model saved to 15_exp/models/FloydWarshallDataset_tropical_0.0001_20000_20260226_173318_relu_best.pth...20260226_183436
At epoch 5454, test loss = 6.9162
...model saved to 15_exp/models/FloydWarshallDataset_tropical_0.0001_20000_20260226_173318_relu_best.pth...20260226_183437
At epoch 5460, test loss = 6.9036
...model saved to 15_exp/models/FloydWarshallDataset_tropical_0.0001_20000_20260226_173318_relu_best.pth...20260226_183441
At epoch 5465, test loss = 6.8666
...model saved to 15_exp/models/FloydWarshallDataset_tropical_0.0001_20000_20260226_173318_relu_best.pth...20260226_183444
At epoch 5624, test loss = 6.8661
...model saved to 15_exp/models/FloydWarshallDataset_tropical_0.0001_20000_20260226_173318_relu_best.pth...20260226_183629
At epoch 5625, test loss = 6.8554
...model saved to 15_exp/models/FloydWarshallDataset_tropical_0.0001_20000_20260226_173318_relu_best.pth...20260226_183630
At epoch 5626, test loss = 6.8466
...model saved to 15_exp/models/FloydWarshallDataset_tropical_0.0001_20000_20260226_173318_relu_best.pth...20260226_183630
At epoch 5636, test loss = 6.8424
...model saved to 15_exp/models/FloydWarshallDataset_tropical_0.0001_20000_20260226_173318_relu_best.pth...20260226_183637
At epoch 5648, test loss = 6.8400
...model saved to 15_exp/models/FloydWarshallDataset_tropical_0.0001_20000_20260226_173318_relu_best.pth...20260226_183645
At epoch 5656, test loss = 6.8393
...model saved to 15_exp/models/FloydWarshallDataset_tropical_0.0001_20000_20260226_173318_relu_best.pth...20260226_183651
At epoch 5667, test loss = 6.8181
...model saved to 15_exp/models/FloydWarshallDataset_tropical_0.0001_20000_20260226_173318_relu_best.pth...20260226_183658
At epoch 5749, test loss = 6.8113
...model saved to 15_exp/models/FloydWarshallDataset_tropical_0.0001_20000_20260226_173318_relu_best.pth...20260226_183752
At epoch 5840, test loss = 6.8014
...model saved to 15_exp/models/FloydWarshallDataset_tropical_0.0001_20000_20260226_173318_relu_best.pth...20260226_183852
At epoch 5841, test loss = 6.7958
...model saved to 15_exp/models/FloydWarshallDataset_tropical_0.0001_20000_20260226_173318_relu_best.pth...20260226_183853
At epoch 5940, test loss = 6.7861
...model saved to 15_exp/models/FloydWarshallDataset_tropical_0.0001_20000_20260226_173318_relu_best.pth...20260226_183957
At epoch 5964, test loss = 6.7744
...model saved to 15_exp/models/FloydWarshallDataset_tropical_0.0001_20000_20260226_173318_relu_best.pth...20260226_184013
At epoch 6008, test loss = 6.7706
...model saved to 15_exp/models/FloydWarshallDataset_tropical_0.0001_20000_20260226_173318_relu_best.pth...20260226_184042
At epoch 6028, test loss = 6.7697
...model saved to 15_exp/models/FloydWarshallDataset_tropical_0.0001_20000_20260226_173318_relu_best.pth...20260226_184055
At epoch 6148, test loss = 6.7693
...model saved to 15_exp/models/FloydWarshallDataset_tropical_0.0001_20000_20260226_173318_relu_best.pth...20260226_184213
At epoch 6174, test loss = 6.7681
...model saved to 15_exp/models/FloydWarshallDataset_tropical_0.0001_20000_20260226_173318_relu_best.pth...20260226_184230
At epoch 6256, test loss = 6.7680
...model saved to 15_exp/models/FloydWarshallDataset_tropical_0.0001_20000_20260226_173318_relu_best.pth...20260226_184324
At epoch 6259, test loss = 6.7655
...model saved to 15_exp/models/FloydWarshallDataset_tropical_0.0001_20000_20260226_173318_relu_best.pth...20260226_184326
At epoch 6266, test loss = 6.7646
...model saved to 15_exp/models/FloydWarshallDataset_tropical_0.0001_20000_20260226_173318_relu_best.pth...20260226_184330
At epoch 6267, test loss = 6.7629
...model saved to 15_exp/models/FloydWarshallDataset_tropical_0.0001_20000_20260226_173318_relu_best.pth...20260226_184331
At epoch 6300, test loss = 6.7627
...model saved to 15_exp/models/FloydWarshallDataset_tropical_0.0001_20000_20260226_173318_relu_best.pth...20260226_184353
At epoch 6303, test loss = 6.7593
...model saved to 15_exp/models/FloydWarshallDataset_tropical_0.0001_20000_20260226_173318_relu_best.pth...20260226_184354
At epoch 6368, test loss = 6.7581
...model saved to 15_exp/models/FloydWarshallDataset_tropical_0.0001_20000_20260226_173318_relu_best.pth...20260226_184437
At epoch 6461, test loss = 6.7280
...model saved to 15_exp/models/FloydWarshallDataset_tropical_0.0001_20000_20260226_173318_relu_best.pth...20260226_184538
At epoch 6464, test loss = 6.7070
...model saved to 15_exp/models/FloydWarshallDataset_tropical_0.0001_20000_20260226_173318_relu_best.pth...20260226_184540
At epoch 6465, test loss = 6.7042
...model saved to 15_exp/models/FloydWarshallDataset_tropical_0.0001_20000_20260226_173318_relu_best.pth...20260226_184540
At epoch 6466, test loss = 6.7026
...model saved to 15_exp/models/FloydWarshallDataset_tropical_0.0001_20000_20260226_173318_relu_best.pth...20260226_184541
At epoch 6470, test loss = 6.6943
...model saved to 15_exp/models/FloydWarshallDataset_tropical_0.0001_20000_20260226_173318_relu_best.pth...20260226_184544
At epoch 6680, test loss = 6.6834
...model saved to 15_exp/models/FloydWarshallDataset_tropical_0.0001_20000_20260226_173318_relu_best.pth...20260226_184803
At epoch 6682, test loss = 6.6668
...model saved to 15_exp/models/FloydWarshallDataset_tropical_0.0001_20000_20260226_173318_relu_best.pth...20260226_184805
At epoch 6683, test loss = 6.6555
...model saved to 15_exp/models/FloydWarshallDataset_tropical_0.0001_20000_20260226_173318_relu_best.pth...20260226_184806
At epoch 6684, test loss = 6.6472
...model saved to 15_exp/models/FloydWarshallDataset_tropical_0.0001_20000_20260226_173318_relu_best.pth...20260226_184806
At epoch 6686, test loss = 6.6207
...model saved to 15_exp/models/FloydWarshallDataset_tropical_0.0001_20000_20260226_173318_relu_best.pth...20260226_184808
At epoch 6688, test loss = 6.6046
...model saved to 15_exp/models/FloydWarshallDataset_tropical_0.0001_20000_20260226_173318_relu_best.pth...20260226_184809
At epoch 6693, test loss = 6.5983
...model saved to 15_exp/models/FloydWarshallDataset_tropical_0.0001_20000_20260226_173318_relu_best.pth...20260226_184812
At epoch 6701, test loss = 6.5836
...model saved to 15_exp/models/FloydWarshallDataset_tropical_0.0001_20000_20260226_173318_relu_best.pth...20260226_184818
At epoch 6709, test loss = 6.5674
...model saved to 15_exp/models/FloydWarshallDataset_tropical_0.0001_20000_20260226_173318_relu_best.pth...20260226_184823
At epoch 6718, test loss = 6.5562
...model saved to 15_exp/models/FloydWarshallDataset_tropical_0.0001_20000_20260226_173318_relu_best.pth...20260226_184829
At epoch 6719, test loss = 6.5515
...model saved to 15_exp/models/FloydWarshallDataset_tropical_0.0001_20000_20260226_173318_relu_best.pth...20260226_184829
At epoch 6723, test loss = 6.5392
...model saved to 15_exp/models/FloydWarshallDataset_tropical_0.0001_20000_20260226_173318_relu_best.pth...20260226_184832
At epoch 6724, test loss = 6.5366
...model saved to 15_exp/models/FloydWarshallDataset_tropical_0.0001_20000_20260226_173318_relu_best.pth...20260226_184833
At epoch 6756, test loss = 6.5199
...model saved to 15_exp/models/FloydWarshallDataset_tropical_0.0001_20000_20260226_173318_relu_best.pth...20260226_184854
At epoch 6758, test loss = 6.5198
...model saved to 15_exp/models/FloydWarshallDataset_tropical_0.0001_20000_20260226_173318_relu_best.pth...20260226_184855
At epoch 6760, test loss = 6.5129
...model saved to 15_exp/models/FloydWarshallDataset_tropical_0.0001_20000_20260226_173318_relu_best.pth...20260226_184856
At epoch 6770, test loss = 6.4978
...model saved to 15_exp/models/FloydWarshallDataset_tropical_0.0001_20000_20260226_173318_relu_best.pth...20260226_184903
At epoch 6773, test loss = 6.4945
...model saved to 15_exp/models/FloydWarshallDataset_tropical_0.0001_20000_20260226_173318_relu_best.pth...20260226_184905
At epoch 6780, test loss = 6.4901
...model saved to 15_exp/models/FloydWarshallDataset_tropical_0.0001_20000_20260226_173318_relu_best.pth...20260226_184909
At epoch 6791, test loss = 6.4869
...model saved to 15_exp/models/FloydWarshallDataset_tropical_0.0001_20000_20260226_173318_relu_best.pth...20260226_184917
At epoch 6934, test loss = 6.4861
...model saved to 15_exp/models/FloydWarshallDataset_tropical_0.0001_20000_20260226_173318_relu_best.pth...20260226_185052
At epoch 7002, test loss = 6.4756
...model saved to 15_exp/models/FloydWarshallDataset_tropical_0.0001_20000_20260226_173318_relu_best.pth...20260226_185136
At epoch 7008, test loss = 6.4748
...model saved to 15_exp/models/FloydWarshallDataset_tropical_0.0001_20000_20260226_173318_relu_best.pth...20260226_185140
At epoch 7033, test loss = 6.4719
...model saved to 15_exp/models/FloydWarshallDataset_tropical_0.0001_20000_20260226_173318_relu_best.pth...20260226_185157
At epoch 7036, test loss = 6.4706
...model saved to 15_exp/models/FloydWarshallDataset_tropical_0.0001_20000_20260226_173318_relu_best.pth...20260226_185159
At epoch 7079, test loss = 6.4492
...model saved to 15_exp/models/FloydWarshallDataset_tropical_0.0001_20000_20260226_173318_relu_best.pth...20260226_185227
At epoch 7083, test loss = 6.4459
...model saved to 15_exp/models/FloydWarshallDataset_tropical_0.0001_20000_20260226_173318_relu_best.pth...20260226_185229
At epoch 7086, test loss = 6.4432
...model saved to 15_exp/models/FloydWarshallDataset_tropical_0.0001_20000_20260226_173318_relu_best.pth...20260226_185231
At epoch 7088, test loss = 6.4402
...model saved to 15_exp/models/FloydWarshallDataset_tropical_0.0001_20000_20260226_173318_relu_best.pth...20260226_185233
At epoch 7235, test loss = 6.4356
...model saved to 15_exp/models/FloydWarshallDataset_tropical_0.0001_20000_20260226_173318_relu_best.pth...20260226_185409
At epoch 7236, test loss = 6.4297
...model saved to 15_exp/models/FloydWarshallDataset_tropical_0.0001_20000_20260226_173318_relu_best.pth...20260226_185410
At epoch 7238, test loss = 6.4285
...model saved to 15_exp/models/FloydWarshallDataset_tropical_0.0001_20000_20260226_173318_relu_best.pth...20260226_185411
At epoch 7244, test loss = 6.4147
...model saved to 15_exp/models/FloydWarshallDataset_tropical_0.0001_20000_20260226_173318_relu_best.pth...20260226_185415
At epoch 7245, test loss = 6.4134
...model saved to 15_exp/models/FloydWarshallDataset_tropical_0.0001_20000_20260226_173318_relu_best.pth...20260226_185416
At epoch 7499, test loss = 6.3702
...model saved to 15_exp/models/FloydWarshallDataset_tropical_0.0001_20000_20260226_173318_relu_best.pth...20260226_185702
At epoch 8037, test loss = 6.3676
...model saved to 15_exp/models/FloydWarshallDataset_tropical_0.0001_20000_20260226_173318_relu_best.pth...20260226_190256
At epoch 8120, test loss = 6.3543
...model saved to 15_exp/models/FloydWarshallDataset_tropical_0.0001_20000_20260226_173318_relu_best.pth...20260226_190350
At epoch 8121, test loss = 6.3364
...model saved to 15_exp/models/FloydWarshallDataset_tropical_0.0001_20000_20260226_173318_relu_best.pth...20260226_190350
At epoch 8341, test loss = 6.3127
...model saved to 15_exp/models/FloydWarshallDataset_tropical_0.0001_20000_20260226_173318_relu_best.pth...20260226_190614
At epoch 8753, test loss = 6.3079
...model saved to 15_exp/models/FloydWarshallDataset_tropical_0.0001_20000_20260226_173318_relu_best.pth...20260226_191042
At epoch 8872, test loss = 6.2506
...model saved to 15_exp/models/FloydWarshallDataset_tropical_0.0001_20000_20260226_173318_relu_best.pth...20260226_191200
At epoch 8946, test loss = 6.2423
...model saved to 15_exp/models/FloydWarshallDataset_tropical_0.0001_20000_20260226_173318_relu_best.pth...20260226_191248
At epoch 8948, test loss = 6.2401
...model saved to 15_exp/models/FloydWarshallDataset_tropical_0.0001_20000_20260226_173318_relu_best.pth...20260226_191249
At epoch 9345, test loss = 6.2284
...model saved to 15_exp/models/FloydWarshallDataset_tropical_0.0001_20000_20260226_173318_relu_best.pth...20260226_191710
At epoch 10621, test loss = 6.2249
...model saved to 15_exp/models/FloydWarshallDataset_tropical_0.0001_20000_20260226_173318_relu_best.pth...20260226_193102
At epoch 10622, test loss = 6.2015
...model saved to 15_exp/models/FloydWarshallDataset_tropical_0.0001_20000_20260226_173318_relu_best.pth...20260226_193103
At epoch 11268, test loss = 6.1946
...model saved to 15_exp/models/FloydWarshallDataset_tropical_0.0001_20000_20260226_173318_relu_best.pth...20260226_193802
At epoch 11570, test loss = 6.0865
...model saved to 15_exp/models/FloydWarshallDataset_tropical_0.0001_20000_20260226_173318_relu_best.pth...20260226_194119
At epoch 11675, test loss = 6.0790
...model saved to 15_exp/models/FloydWarshallDataset_tropical_0.0001_20000_20260226_173318_relu_best.pth...20260226_194227
At epoch 11770, test loss = 6.0164
...model saved to 15_exp/models/FloydWarshallDataset_tropical_0.0001_20000_20260226_173318_relu_best.pth...20260226_194330
At epoch 11832, test loss = 6.0127
...model saved to 15_exp/models/FloydWarshallDataset_tropical_0.0001_20000_20260226_173318_relu_best.pth...20260226_194411
At epoch 11849, test loss = 5.9910
...model saved to 15_exp/models/FloydWarshallDataset_tropical_0.0001_20000_20260226_173318_relu_best.pth...20260226_194422
At epoch 11859, test loss = 5.9810
...model saved to 15_exp/models/FloydWarshallDataset_tropical_0.0001_20000_20260226_173318_relu_best.pth...20260226_194429
At epoch 11945, test loss = 5.8451
...model saved to 15_exp/models/FloydWarshallDataset_tropical_0.0001_20000_20260226_173318_relu_best.pth...20260226_194526
At epoch 12133, test loss = 5.8342
...model saved to 15_exp/models/FloydWarshallDataset_tropical_0.0001_20000_20260226_173318_relu_best.pth...20260226_194729
At epoch 12833, test loss = 5.8121
...model saved to 15_exp/models/FloydWarshallDataset_tropical_0.0001_20000_20260226_173318_relu_best.pth...20260226_195509
At epoch 13474, test loss = 5.7822
...model saved to 15_exp/models/FloydWarshallDataset_tropical_0.0001_20000_20260226_173318_relu_best.pth...20260226_200206
At epoch 13934, test loss = 5.7613
...model saved to 15_exp/models/FloydWarshallDataset_tropical_0.0001_20000_20260226_173318_relu_best.pth...20260226_200705
At epoch 13936, test loss = 5.7345
...model saved to 15_exp/models/FloydWarshallDataset_tropical_0.0001_20000_20260226_173318_relu_best.pth...20260226_200707
At epoch 14955, test loss = 5.6147
...model saved to 15_exp/models/FloydWarshallDataset_tropical_0.0001_20000_20260226_173318_relu_best.pth...20260226_201811
...plot saved to 15_exp/plots/plots_FloydWarshallDataset_tropical_0.0001_20000_20260226_173318_relu.png...
