CUDA available? True
GPU device: NVIDIA A100-SXM4-40GB
CUDA_VISIBLE_DEVICES=0,1,2,3
SLURM_JOB_GPUS=0,1,2,3

 Running config: {'task': 'train', 'model_type': 'vanilla', 'dataset_name': 'FloydWarshallDataset', 'input_dim': 3, 'd_model': 32, 'n_heads': 4, 'num_layers': 4, 'num_epochs': 20000, 'dropout': 0.05, 'lr': 0.0001, 'seed': 999, 'n_samples': 50000, 'batch_size': 1000, 'target_range': 'na', 'weight_range': 'na', 'adversarial_range': '(10,20)', 'length_range': '(8,8)', 'noise_prob': 0, 'value_range': '(1,15)'}
FloydWarshallDataset_vanilla_0.0001_20000_20260220_112048_relu
...setting dataloader...20260220_112048
...setting model object...20260220_112103
...training model...20260220_112103
At epoch 0, test loss = 409.5893
...model saved to 15_exp/models/FloydWarshallDataset_vanilla_0.0001_20000_20260220_112048_relu_best.pth...20260220_112121
At epoch 1, test loss = 390.8523
...model saved to 15_exp/models/FloydWarshallDataset_vanilla_0.0001_20000_20260220_112048_relu_best.pth...20260220_112122
At epoch 2, test loss = 360.3540
...model saved to 15_exp/models/FloydWarshallDataset_vanilla_0.0001_20000_20260220_112048_relu_best.pth...20260220_112123
At epoch 3, test loss = 320.4653
...model saved to 15_exp/models/FloydWarshallDataset_vanilla_0.0001_20000_20260220_112048_relu_best.pth...20260220_112123
At epoch 4, test loss = 275.7916
...model saved to 15_exp/models/FloydWarshallDataset_vanilla_0.0001_20000_20260220_112048_relu_best.pth...20260220_112124
At epoch 5, test loss = 231.9624
...model saved to 15_exp/models/FloydWarshallDataset_vanilla_0.0001_20000_20260220_112048_relu_best.pth...20260220_112125
At epoch 6, test loss = 193.2970
...model saved to 15_exp/models/FloydWarshallDataset_vanilla_0.0001_20000_20260220_112048_relu_best.pth...20260220_112125
At epoch 7, test loss = 162.7692
...model saved to 15_exp/models/FloydWarshallDataset_vanilla_0.0001_20000_20260220_112048_relu_best.pth...20260220_112126
At epoch 8, test loss = 140.9800
...model saved to 15_exp/models/FloydWarshallDataset_vanilla_0.0001_20000_20260220_112048_relu_best.pth...20260220_112126
At epoch 9, test loss = 126.3351
...model saved to 15_exp/models/FloydWarshallDataset_vanilla_0.0001_20000_20260220_112048_relu_best.pth...20260220_112127
At epoch 10, test loss = 116.7843
...model saved to 15_exp/models/FloydWarshallDataset_vanilla_0.0001_20000_20260220_112048_relu_best.pth...20260220_112127
At epoch 11, test loss = 110.5202
...model saved to 15_exp/models/FloydWarshallDataset_vanilla_0.0001_20000_20260220_112048_relu_best.pth...20260220_112128
At epoch 12, test loss = 106.3541
...model saved to 15_exp/models/FloydWarshallDataset_vanilla_0.0001_20000_20260220_112048_relu_best.pth...20260220_112129
At epoch 13, test loss = 103.5635
...model saved to 15_exp/models/FloydWarshallDataset_vanilla_0.0001_20000_20260220_112048_relu_best.pth...20260220_112129
At epoch 14, test loss = 101.6715
...model saved to 15_exp/models/FloydWarshallDataset_vanilla_0.0001_20000_20260220_112048_relu_best.pth...20260220_112130
At epoch 15, test loss = 100.3801
...model saved to 15_exp/models/FloydWarshallDataset_vanilla_0.0001_20000_20260220_112048_relu_best.pth...20260220_112130
At epoch 16, test loss = 99.4911
...model saved to 15_exp/models/FloydWarshallDataset_vanilla_0.0001_20000_20260220_112048_relu_best.pth...20260220_112131
At epoch 17, test loss = 98.8668
...model saved to 15_exp/models/FloydWarshallDataset_vanilla_0.0001_20000_20260220_112048_relu_best.pth...20260220_112132
At epoch 18, test loss = 98.4211
...model saved to 15_exp/models/FloydWarshallDataset_vanilla_0.0001_20000_20260220_112048_relu_best.pth...20260220_112132
At epoch 19, test loss = 98.0867
...model saved to 15_exp/models/FloydWarshallDataset_vanilla_0.0001_20000_20260220_112048_relu_best.pth...20260220_112133
At epoch 20, test loss = 97.8035
...model saved to 15_exp/models/FloydWarshallDataset_vanilla_0.0001_20000_20260220_112048_relu_best.pth...20260220_112133
At epoch 21, test loss = 97.2238
...model saved to 15_exp/models/FloydWarshallDataset_vanilla_0.0001_20000_20260220_112048_relu_best.pth...20260220_112134
At epoch 22, test loss = 96.0960
...model saved to 15_exp/models/FloydWarshallDataset_vanilla_0.0001_20000_20260220_112048_relu_best.pth...20260220_112134
At epoch 23, test loss = 95.6484
...model saved to 15_exp/models/FloydWarshallDataset_vanilla_0.0001_20000_20260220_112048_relu_best.pth...20260220_112135
At epoch 24, test loss = 95.2684
...model saved to 15_exp/models/FloydWarshallDataset_vanilla_0.0001_20000_20260220_112048_relu_best.pth...20260220_112136
At epoch 25, test loss = 94.9664
...model saved to 15_exp/models/FloydWarshallDataset_vanilla_0.0001_20000_20260220_112048_relu_best.pth...20260220_112136
At epoch 26, test loss = 94.6889
...model saved to 15_exp/models/FloydWarshallDataset_vanilla_0.0001_20000_20260220_112048_relu_best.pth...20260220_112137
At epoch 27, test loss = 94.4087
...model saved to 15_exp/models/FloydWarshallDataset_vanilla_0.0001_20000_20260220_112048_relu_best.pth...20260220_112137
At epoch 28, test loss = 94.0752
...model saved to 15_exp/models/FloydWarshallDataset_vanilla_0.0001_20000_20260220_112048_relu_best.pth...20260220_112138
At epoch 29, test loss = 93.7138
...model saved to 15_exp/models/FloydWarshallDataset_vanilla_0.0001_20000_20260220_112048_relu_best.pth...20260220_112138
At epoch 30, test loss = 93.3420
...model saved to 15_exp/models/FloydWarshallDataset_vanilla_0.0001_20000_20260220_112048_relu_best.pth...20260220_112139
At epoch 31, test loss = 92.9924
...model saved to 15_exp/models/FloydWarshallDataset_vanilla_0.0001_20000_20260220_112048_relu_best.pth...20260220_112140
At epoch 32, test loss = 92.6551
...model saved to 15_exp/models/FloydWarshallDataset_vanilla_0.0001_20000_20260220_112048_relu_best.pth...20260220_112140
At epoch 33, test loss = 92.3474
...model saved to 15_exp/models/FloydWarshallDataset_vanilla_0.0001_20000_20260220_112048_relu_best.pth...20260220_112141
At epoch 34, test loss = 92.0805
...model saved to 15_exp/models/FloydWarshallDataset_vanilla_0.0001_20000_20260220_112048_relu_best.pth...20260220_112141
At epoch 35, test loss = 91.8386
...model saved to 15_exp/models/FloydWarshallDataset_vanilla_0.0001_20000_20260220_112048_relu_best.pth...20260220_112142
At epoch 36, test loss = 91.6000
...model saved to 15_exp/models/FloydWarshallDataset_vanilla_0.0001_20000_20260220_112048_relu_best.pth...20260220_112143
At epoch 37, test loss = 91.3747
...model saved to 15_exp/models/FloydWarshallDataset_vanilla_0.0001_20000_20260220_112048_relu_best.pth...20260220_112143
At epoch 38, test loss = 91.1550
...model saved to 15_exp/models/FloydWarshallDataset_vanilla_0.0001_20000_20260220_112048_relu_best.pth...20260220_112144
At epoch 39, test loss = 90.9297
...model saved to 15_exp/models/FloydWarshallDataset_vanilla_0.0001_20000_20260220_112048_relu_best.pth...20260220_112144
At epoch 40, test loss = 90.7183
...model saved to 15_exp/models/FloydWarshallDataset_vanilla_0.0001_20000_20260220_112048_relu_best.pth...20260220_112145
At epoch 41, test loss = 90.4997
...model saved to 15_exp/models/FloydWarshallDataset_vanilla_0.0001_20000_20260220_112048_relu_best.pth...20260220_112146
At epoch 42, test loss = 90.2926
...model saved to 15_exp/models/FloydWarshallDataset_vanilla_0.0001_20000_20260220_112048_relu_best.pth...20260220_112146
At epoch 43, test loss = 90.0805
...model saved to 15_exp/models/FloydWarshallDataset_vanilla_0.0001_20000_20260220_112048_relu_best.pth...20260220_112147
At epoch 44, test loss = 89.8736
...model saved to 15_exp/models/FloydWarshallDataset_vanilla_0.0001_20000_20260220_112048_relu_best.pth...20260220_112148
At epoch 45, test loss = 89.6727
...model saved to 15_exp/models/FloydWarshallDataset_vanilla_0.0001_20000_20260220_112048_relu_best.pth...20260220_112148
At epoch 46, test loss = 89.4608
...model saved to 15_exp/models/FloydWarshallDataset_vanilla_0.0001_20000_20260220_112048_relu_best.pth...20260220_112149
At epoch 47, test loss = 89.2779
...model saved to 15_exp/models/FloydWarshallDataset_vanilla_0.0001_20000_20260220_112048_relu_best.pth...20260220_112149
At epoch 48, test loss = 89.0092
...model saved to 15_exp/models/FloydWarshallDataset_vanilla_0.0001_20000_20260220_112048_relu_best.pth...20260220_112150
At epoch 49, test loss = 88.7871
...model saved to 15_exp/models/FloydWarshallDataset_vanilla_0.0001_20000_20260220_112048_relu_best.pth...20260220_112151
At epoch 50, test loss = 88.5533
...model saved to 15_exp/models/FloydWarshallDataset_vanilla_0.0001_20000_20260220_112048_relu_best.pth...20260220_112151
At epoch 51, test loss = 88.3249
...model saved to 15_exp/models/FloydWarshallDataset_vanilla_0.0001_20000_20260220_112048_relu_best.pth...20260220_112152
At epoch 52, test loss = 88.1005
...model saved to 15_exp/models/FloydWarshallDataset_vanilla_0.0001_20000_20260220_112048_relu_best.pth...20260220_112152
At epoch 53, test loss = 87.8454
...model saved to 15_exp/models/FloydWarshallDataset_vanilla_0.0001_20000_20260220_112048_relu_best.pth...20260220_112153
At epoch 54, test loss = 87.6119
...model saved to 15_exp/models/FloydWarshallDataset_vanilla_0.0001_20000_20260220_112048_relu_best.pth...20260220_112154
At epoch 55, test loss = 87.3604
...model saved to 15_exp/models/FloydWarshallDataset_vanilla_0.0001_20000_20260220_112048_relu_best.pth...20260220_112154
At epoch 56, test loss = 87.0950
...model saved to 15_exp/models/FloydWarshallDataset_vanilla_0.0001_20000_20260220_112048_relu_best.pth...20260220_112155
At epoch 57, test loss = 86.8475
...model saved to 15_exp/models/FloydWarshallDataset_vanilla_0.0001_20000_20260220_112048_relu_best.pth...20260220_112156
At epoch 58, test loss = 86.5773
...model saved to 15_exp/models/FloydWarshallDataset_vanilla_0.0001_20000_20260220_112048_relu_best.pth...20260220_112156
At epoch 59, test loss = 86.3052
...model saved to 15_exp/models/FloydWarshallDataset_vanilla_0.0001_20000_20260220_112048_relu_best.pth...20260220_112157
At epoch 60, test loss = 86.0207
...model saved to 15_exp/models/FloydWarshallDataset_vanilla_0.0001_20000_20260220_112048_relu_best.pth...20260220_112158
At epoch 61, test loss = 85.7139
...model saved to 15_exp/models/FloydWarshallDataset_vanilla_0.0001_20000_20260220_112048_relu_best.pth...20260220_112158
At epoch 62, test loss = 85.4140
...model saved to 15_exp/models/FloydWarshallDataset_vanilla_0.0001_20000_20260220_112048_relu_best.pth...20260220_112159
At epoch 63, test loss = 85.0679
...model saved to 15_exp/models/FloydWarshallDataset_vanilla_0.0001_20000_20260220_112048_relu_best.pth...20260220_112159
At epoch 64, test loss = 84.6940
...model saved to 15_exp/models/FloydWarshallDataset_vanilla_0.0001_20000_20260220_112048_relu_best.pth...20260220_112200
At epoch 65, test loss = 84.3184
...model saved to 15_exp/models/FloydWarshallDataset_vanilla_0.0001_20000_20260220_112048_relu_best.pth...20260220_112201
At epoch 66, test loss = 83.9320
...model saved to 15_exp/models/FloydWarshallDataset_vanilla_0.0001_20000_20260220_112048_relu_best.pth...20260220_112201
At epoch 67, test loss = 83.5463
...model saved to 15_exp/models/FloydWarshallDataset_vanilla_0.0001_20000_20260220_112048_relu_best.pth...20260220_112202
At epoch 68, test loss = 83.1351
...model saved to 15_exp/models/FloydWarshallDataset_vanilla_0.0001_20000_20260220_112048_relu_best.pth...20260220_112202
At epoch 69, test loss = 82.7570
...model saved to 15_exp/models/FloydWarshallDataset_vanilla_0.0001_20000_20260220_112048_relu_best.pth...20260220_112203
At epoch 70, test loss = 82.3539
...model saved to 15_exp/models/FloydWarshallDataset_vanilla_0.0001_20000_20260220_112048_relu_best.pth...20260220_112204
At epoch 71, test loss = 82.0060
...model saved to 15_exp/models/FloydWarshallDataset_vanilla_0.0001_20000_20260220_112048_relu_best.pth...20260220_112204
At epoch 72, test loss = 81.6332
...model saved to 15_exp/models/FloydWarshallDataset_vanilla_0.0001_20000_20260220_112048_relu_best.pth...20260220_112205
At epoch 73, test loss = 81.2748
...model saved to 15_exp/models/FloydWarshallDataset_vanilla_0.0001_20000_20260220_112048_relu_best.pth...20260220_112205
At epoch 74, test loss = 80.8947
...model saved to 15_exp/models/FloydWarshallDataset_vanilla_0.0001_20000_20260220_112048_relu_best.pth...20260220_112206
At epoch 75, test loss = 80.5716
...model saved to 15_exp/models/FloydWarshallDataset_vanilla_0.0001_20000_20260220_112048_relu_best.pth...20260220_112207
At epoch 76, test loss = 80.2218
...model saved to 15_exp/models/FloydWarshallDataset_vanilla_0.0001_20000_20260220_112048_relu_best.pth...20260220_112207
At epoch 77, test loss = 79.8523
...model saved to 15_exp/models/FloydWarshallDataset_vanilla_0.0001_20000_20260220_112048_relu_best.pth...20260220_112208
At epoch 78, test loss = 79.5157
...model saved to 15_exp/models/FloydWarshallDataset_vanilla_0.0001_20000_20260220_112048_relu_best.pth...20260220_112209
At epoch 79, test loss = 79.1772
...model saved to 15_exp/models/FloydWarshallDataset_vanilla_0.0001_20000_20260220_112048_relu_best.pth...20260220_112209
At epoch 80, test loss = 78.8122
...model saved to 15_exp/models/FloydWarshallDataset_vanilla_0.0001_20000_20260220_112048_relu_best.pth...20260220_112210
At epoch 81, test loss = 78.4395
...model saved to 15_exp/models/FloydWarshallDataset_vanilla_0.0001_20000_20260220_112048_relu_best.pth...20260220_112210
At epoch 82, test loss = 78.0538
...model saved to 15_exp/models/FloydWarshallDataset_vanilla_0.0001_20000_20260220_112048_relu_best.pth...20260220_112211
At epoch 83, test loss = 77.6294
...model saved to 15_exp/models/FloydWarshallDataset_vanilla_0.0001_20000_20260220_112048_relu_best.pth...20260220_112212
At epoch 84, test loss = 77.2252
...model saved to 15_exp/models/FloydWarshallDataset_vanilla_0.0001_20000_20260220_112048_relu_best.pth...20260220_112212
At epoch 85, test loss = 76.7673
...model saved to 15_exp/models/FloydWarshallDataset_vanilla_0.0001_20000_20260220_112048_relu_best.pth...20260220_112213
At epoch 86, test loss = 76.2991
...model saved to 15_exp/models/FloydWarshallDataset_vanilla_0.0001_20000_20260220_112048_relu_best.pth...20260220_112214
At epoch 87, test loss = 75.8215
...model saved to 15_exp/models/FloydWarshallDataset_vanilla_0.0001_20000_20260220_112048_relu_best.pth...20260220_112214
At epoch 88, test loss = 75.3365
...model saved to 15_exp/models/FloydWarshallDataset_vanilla_0.0001_20000_20260220_112048_relu_best.pth...20260220_112215
At epoch 89, test loss = 74.8674
...model saved to 15_exp/models/FloydWarshallDataset_vanilla_0.0001_20000_20260220_112048_relu_best.pth...20260220_112216
At epoch 90, test loss = 74.3032
...model saved to 15_exp/models/FloydWarshallDataset_vanilla_0.0001_20000_20260220_112048_relu_best.pth...20260220_112216
At epoch 91, test loss = 73.8061
...model saved to 15_exp/models/FloydWarshallDataset_vanilla_0.0001_20000_20260220_112048_relu_best.pth...20260220_112217
At epoch 92, test loss = 73.3367
...model saved to 15_exp/models/FloydWarshallDataset_vanilla_0.0001_20000_20260220_112048_relu_best.pth...20260220_112217
At epoch 93, test loss = 72.7909
...model saved to 15_exp/models/FloydWarshallDataset_vanilla_0.0001_20000_20260220_112048_relu_best.pth...20260220_112218
At epoch 94, test loss = 72.2806
...model saved to 15_exp/models/FloydWarshallDataset_vanilla_0.0001_20000_20260220_112048_relu_best.pth...20260220_112219
At epoch 95, test loss = 71.8044
...model saved to 15_exp/models/FloydWarshallDataset_vanilla_0.0001_20000_20260220_112048_relu_best.pth...20260220_112219
At epoch 96, test loss = 71.3167
...model saved to 15_exp/models/FloydWarshallDataset_vanilla_0.0001_20000_20260220_112048_relu_best.pth...20260220_112220
At epoch 97, test loss = 70.8007
...model saved to 15_exp/models/FloydWarshallDataset_vanilla_0.0001_20000_20260220_112048_relu_best.pth...20260220_112220
At epoch 98, test loss = 70.3696
...model saved to 15_exp/models/FloydWarshallDataset_vanilla_0.0001_20000_20260220_112048_relu_best.pth...20260220_112221
At epoch 99, test loss = 69.8140
...model saved to 15_exp/models/FloydWarshallDataset_vanilla_0.0001_20000_20260220_112048_relu_best.pth...20260220_112222
At epoch 100, test loss = 69.3249
...model saved to 15_exp/models/FloydWarshallDataset_vanilla_0.0001_20000_20260220_112048_relu_best.pth...20260220_112222
At epoch 101, test loss = 68.8619
...model saved to 15_exp/models/FloydWarshallDataset_vanilla_0.0001_20000_20260220_112048_relu_best.pth...20260220_112223
At epoch 102, test loss = 68.4224
...model saved to 15_exp/models/FloydWarshallDataset_vanilla_0.0001_20000_20260220_112048_relu_best.pth...20260220_112224
At epoch 103, test loss = 67.9533
...model saved to 15_exp/models/FloydWarshallDataset_vanilla_0.0001_20000_20260220_112048_relu_best.pth...20260220_112224
At epoch 104, test loss = 67.5334
...model saved to 15_exp/models/FloydWarshallDataset_vanilla_0.0001_20000_20260220_112048_relu_best.pth...20260220_112225
At epoch 105, test loss = 67.1400
...model saved to 15_exp/models/FloydWarshallDataset_vanilla_0.0001_20000_20260220_112048_relu_best.pth...20260220_112225
At epoch 106, test loss = 66.6764
...model saved to 15_exp/models/FloydWarshallDataset_vanilla_0.0001_20000_20260220_112048_relu_best.pth...20260220_112226
At epoch 107, test loss = 66.3025
...model saved to 15_exp/models/FloydWarshallDataset_vanilla_0.0001_20000_20260220_112048_relu_best.pth...20260220_112227
At epoch 108, test loss = 65.9105
...model saved to 15_exp/models/FloydWarshallDataset_vanilla_0.0001_20000_20260220_112048_relu_best.pth...20260220_112227
At epoch 109, test loss = 65.5199
...model saved to 15_exp/models/FloydWarshallDataset_vanilla_0.0001_20000_20260220_112048_relu_best.pth...20260220_112228
At epoch 110, test loss = 65.1383
...model saved to 15_exp/models/FloydWarshallDataset_vanilla_0.0001_20000_20260220_112048_relu_best.pth...20260220_112228
At epoch 111, test loss = 64.7306
...model saved to 15_exp/models/FloydWarshallDataset_vanilla_0.0001_20000_20260220_112048_relu_best.pth...20260220_112229
At epoch 112, test loss = 64.3566
...model saved to 15_exp/models/FloydWarshallDataset_vanilla_0.0001_20000_20260220_112048_relu_best.pth...20260220_112230
At epoch 113, test loss = 63.9861
...model saved to 15_exp/models/FloydWarshallDataset_vanilla_0.0001_20000_20260220_112048_relu_best.pth...20260220_112230
At epoch 114, test loss = 63.5793
...model saved to 15_exp/models/FloydWarshallDataset_vanilla_0.0001_20000_20260220_112048_relu_best.pth...20260220_112231
At epoch 115, test loss = 63.1523
...model saved to 15_exp/models/FloydWarshallDataset_vanilla_0.0001_20000_20260220_112048_relu_best.pth...20260220_112232
At epoch 116, test loss = 62.7162
...model saved to 15_exp/models/FloydWarshallDataset_vanilla_0.0001_20000_20260220_112048_relu_best.pth...20260220_112232
At epoch 117, test loss = 62.2681
...model saved to 15_exp/models/FloydWarshallDataset_vanilla_0.0001_20000_20260220_112048_relu_best.pth...20260220_112233
At epoch 118, test loss = 61.8491
...model saved to 15_exp/models/FloydWarshallDataset_vanilla_0.0001_20000_20260220_112048_relu_best.pth...20260220_112233
At epoch 119, test loss = 61.3893
...model saved to 15_exp/models/FloydWarshallDataset_vanilla_0.0001_20000_20260220_112048_relu_best.pth...20260220_112234
At epoch 120, test loss = 60.9675
...model saved to 15_exp/models/FloydWarshallDataset_vanilla_0.0001_20000_20260220_112048_relu_best.pth...20260220_112235
At epoch 121, test loss = 60.4808
...model saved to 15_exp/models/FloydWarshallDataset_vanilla_0.0001_20000_20260220_112048_relu_best.pth...20260220_112235
At epoch 122, test loss = 60.0880
...model saved to 15_exp/models/FloydWarshallDataset_vanilla_0.0001_20000_20260220_112048_relu_best.pth...20260220_112236
At epoch 123, test loss = 59.5982
...model saved to 15_exp/models/FloydWarshallDataset_vanilla_0.0001_20000_20260220_112048_relu_best.pth...20260220_112237
At epoch 124, test loss = 59.1522
...model saved to 15_exp/models/FloydWarshallDataset_vanilla_0.0001_20000_20260220_112048_relu_best.pth...20260220_112237
At epoch 125, test loss = 58.7193
...model saved to 15_exp/models/FloydWarshallDataset_vanilla_0.0001_20000_20260220_112048_relu_best.pth...20260220_112238
At epoch 126, test loss = 58.3562
...model saved to 15_exp/models/FloydWarshallDataset_vanilla_0.0001_20000_20260220_112048_relu_best.pth...20260220_112238
At epoch 127, test loss = 57.9056
...model saved to 15_exp/models/FloydWarshallDataset_vanilla_0.0001_20000_20260220_112048_relu_best.pth...20260220_112239
At epoch 128, test loss = 57.5681
...model saved to 15_exp/models/FloydWarshallDataset_vanilla_0.0001_20000_20260220_112048_relu_best.pth...20260220_112240
At epoch 129, test loss = 57.2065
...model saved to 15_exp/models/FloydWarshallDataset_vanilla_0.0001_20000_20260220_112048_relu_best.pth...20260220_112240
At epoch 130, test loss = 56.8420
...model saved to 15_exp/models/FloydWarshallDataset_vanilla_0.0001_20000_20260220_112048_relu_best.pth...20260220_112241
At epoch 131, test loss = 56.5042
...model saved to 15_exp/models/FloydWarshallDataset_vanilla_0.0001_20000_20260220_112048_relu_best.pth...20260220_112242
At epoch 132, test loss = 56.2023
...model saved to 15_exp/models/FloydWarshallDataset_vanilla_0.0001_20000_20260220_112048_relu_best.pth...20260220_112242
At epoch 133, test loss = 55.8639
...model saved to 15_exp/models/FloydWarshallDataset_vanilla_0.0001_20000_20260220_112048_relu_best.pth...20260220_112243
At epoch 134, test loss = 55.5709
...model saved to 15_exp/models/FloydWarshallDataset_vanilla_0.0001_20000_20260220_112048_relu_best.pth...20260220_112243
At epoch 135, test loss = 55.3365
...model saved to 15_exp/models/FloydWarshallDataset_vanilla_0.0001_20000_20260220_112048_relu_best.pth...20260220_112244
At epoch 136, test loss = 55.0169
...model saved to 15_exp/models/FloydWarshallDataset_vanilla_0.0001_20000_20260220_112048_relu_best.pth...20260220_112245
At epoch 137, test loss = 54.7367
...model saved to 15_exp/models/FloydWarshallDataset_vanilla_0.0001_20000_20260220_112048_relu_best.pth...20260220_112245
At epoch 138, test loss = 54.5166
...model saved to 15_exp/models/FloydWarshallDataset_vanilla_0.0001_20000_20260220_112048_relu_best.pth...20260220_112246
At epoch 139, test loss = 54.2257
...model saved to 15_exp/models/FloydWarshallDataset_vanilla_0.0001_20000_20260220_112048_relu_best.pth...20260220_112246
At epoch 140, test loss = 53.9962
...model saved to 15_exp/models/FloydWarshallDataset_vanilla_0.0001_20000_20260220_112048_relu_best.pth...20260220_112247
At epoch 141, test loss = 53.7636
...model saved to 15_exp/models/FloydWarshallDataset_vanilla_0.0001_20000_20260220_112048_relu_best.pth...20260220_112248
At epoch 142, test loss = 53.5143
...model saved to 15_exp/models/FloydWarshallDataset_vanilla_0.0001_20000_20260220_112048_relu_best.pth...20260220_112248
At epoch 143, test loss = 53.3016
...model saved to 15_exp/models/FloydWarshallDataset_vanilla_0.0001_20000_20260220_112048_relu_best.pth...20260220_112249
At epoch 144, test loss = 53.0941
...model saved to 15_exp/models/FloydWarshallDataset_vanilla_0.0001_20000_20260220_112048_relu_best.pth...20260220_112250
At epoch 145, test loss = 52.8699
...model saved to 15_exp/models/FloydWarshallDataset_vanilla_0.0001_20000_20260220_112048_relu_best.pth...20260220_112250
At epoch 146, test loss = 52.6580
...model saved to 15_exp/models/FloydWarshallDataset_vanilla_0.0001_20000_20260220_112048_relu_best.pth...20260220_112251
At epoch 147, test loss = 52.4427
...model saved to 15_exp/models/FloydWarshallDataset_vanilla_0.0001_20000_20260220_112048_relu_best.pth...20260220_112252
At epoch 148, test loss = 52.2728
...model saved to 15_exp/models/FloydWarshallDataset_vanilla_0.0001_20000_20260220_112048_relu_best.pth...20260220_112252
At epoch 149, test loss = 52.0716
...model saved to 15_exp/models/FloydWarshallDataset_vanilla_0.0001_20000_20260220_112048_relu_best.pth...20260220_112253
At epoch 150, test loss = 51.8797
...model saved to 15_exp/models/FloydWarshallDataset_vanilla_0.0001_20000_20260220_112048_relu_best.pth...20260220_112253
At epoch 151, test loss = 51.7247
...model saved to 15_exp/models/FloydWarshallDataset_vanilla_0.0001_20000_20260220_112048_relu_best.pth...20260220_112254
At epoch 152, test loss = 51.5330
...model saved to 15_exp/models/FloydWarshallDataset_vanilla_0.0001_20000_20260220_112048_relu_best.pth...20260220_112255
At epoch 153, test loss = 51.3508
...model saved to 15_exp/models/FloydWarshallDataset_vanilla_0.0001_20000_20260220_112048_relu_best.pth...20260220_112255
At epoch 154, test loss = 51.1883
...model saved to 15_exp/models/FloydWarshallDataset_vanilla_0.0001_20000_20260220_112048_relu_best.pth...20260220_112256
At epoch 155, test loss = 50.9989
...model saved to 15_exp/models/FloydWarshallDataset_vanilla_0.0001_20000_20260220_112048_relu_best.pth...20260220_112256
At epoch 156, test loss = 50.8115
...model saved to 15_exp/models/FloydWarshallDataset_vanilla_0.0001_20000_20260220_112048_relu_best.pth...20260220_112257
At epoch 157, test loss = 50.6288
...model saved to 15_exp/models/FloydWarshallDataset_vanilla_0.0001_20000_20260220_112048_relu_best.pth...20260220_112258
At epoch 158, test loss = 50.4642
...model saved to 15_exp/models/FloydWarshallDataset_vanilla_0.0001_20000_20260220_112048_relu_best.pth...20260220_112258
At epoch 159, test loss = 50.2837
...model saved to 15_exp/models/FloydWarshallDataset_vanilla_0.0001_20000_20260220_112048_relu_best.pth...20260220_112259
At epoch 160, test loss = 50.0684
...model saved to 15_exp/models/FloydWarshallDataset_vanilla_0.0001_20000_20260220_112048_relu_best.pth...20260220_112300
At epoch 161, test loss = 49.8203
...model saved to 15_exp/models/FloydWarshallDataset_vanilla_0.0001_20000_20260220_112048_relu_best.pth...20260220_112300
At epoch 162, test loss = 49.5635
...model saved to 15_exp/models/FloydWarshallDataset_vanilla_0.0001_20000_20260220_112048_relu_best.pth...20260220_112301
At epoch 163, test loss = 49.3116
...model saved to 15_exp/models/FloydWarshallDataset_vanilla_0.0001_20000_20260220_112048_relu_best.pth...20260220_112301
At epoch 164, test loss = 48.9815
...model saved to 15_exp/models/FloydWarshallDataset_vanilla_0.0001_20000_20260220_112048_relu_best.pth...20260220_112302
At epoch 165, test loss = 48.6450
...model saved to 15_exp/models/FloydWarshallDataset_vanilla_0.0001_20000_20260220_112048_relu_best.pth...20260220_112303
At epoch 166, test loss = 48.3302
...model saved to 15_exp/models/FloydWarshallDataset_vanilla_0.0001_20000_20260220_112048_relu_best.pth...20260220_112303
At epoch 167, test loss = 48.0235
...model saved to 15_exp/models/FloydWarshallDataset_vanilla_0.0001_20000_20260220_112048_relu_best.pth...20260220_112304
At epoch 168, test loss = 47.6825
...model saved to 15_exp/models/FloydWarshallDataset_vanilla_0.0001_20000_20260220_112048_relu_best.pth...20260220_112305
At epoch 169, test loss = 47.4144
...model saved to 15_exp/models/FloydWarshallDataset_vanilla_0.0001_20000_20260220_112048_relu_best.pth...20260220_112305
At epoch 170, test loss = 47.1586
...model saved to 15_exp/models/FloydWarshallDataset_vanilla_0.0001_20000_20260220_112048_relu_best.pth...20260220_112306
At epoch 171, test loss = 46.9206
...model saved to 15_exp/models/FloydWarshallDataset_vanilla_0.0001_20000_20260220_112048_relu_best.pth...20260220_112307
At epoch 172, test loss = 46.7004
...model saved to 15_exp/models/FloydWarshallDataset_vanilla_0.0001_20000_20260220_112048_relu_best.pth...20260220_112307
At epoch 173, test loss = 46.4682
...model saved to 15_exp/models/FloydWarshallDataset_vanilla_0.0001_20000_20260220_112048_relu_best.pth...20260220_112308
At epoch 174, test loss = 46.2477
...model saved to 15_exp/models/FloydWarshallDataset_vanilla_0.0001_20000_20260220_112048_relu_best.pth...20260220_112308
At epoch 175, test loss = 46.0340
...model saved to 15_exp/models/FloydWarshallDataset_vanilla_0.0001_20000_20260220_112048_relu_best.pth...20260220_112309
At epoch 176, test loss = 45.7888
...model saved to 15_exp/models/FloydWarshallDataset_vanilla_0.0001_20000_20260220_112048_relu_best.pth...20260220_112310
At epoch 177, test loss = 45.5519
...model saved to 15_exp/models/FloydWarshallDataset_vanilla_0.0001_20000_20260220_112048_relu_best.pth...20260220_112310
At epoch 178, test loss = 45.2628
...model saved to 15_exp/models/FloydWarshallDataset_vanilla_0.0001_20000_20260220_112048_relu_best.pth...20260220_112311
At epoch 179, test loss = 45.0255
...model saved to 15_exp/models/FloydWarshallDataset_vanilla_0.0001_20000_20260220_112048_relu_best.pth...20260220_112311
At epoch 180, test loss = 44.7438
...model saved to 15_exp/models/FloydWarshallDataset_vanilla_0.0001_20000_20260220_112048_relu_best.pth...20260220_112312
At epoch 181, test loss = 44.5453
...model saved to 15_exp/models/FloydWarshallDataset_vanilla_0.0001_20000_20260220_112048_relu_best.pth...20260220_112313
At epoch 182, test loss = 44.3083
...model saved to 15_exp/models/FloydWarshallDataset_vanilla_0.0001_20000_20260220_112048_relu_best.pth...20260220_112313
At epoch 183, test loss = 44.0689
...model saved to 15_exp/models/FloydWarshallDataset_vanilla_0.0001_20000_20260220_112048_relu_best.pth...20260220_112314
At epoch 184, test loss = 43.8923
...model saved to 15_exp/models/FloydWarshallDataset_vanilla_0.0001_20000_20260220_112048_relu_best.pth...20260220_112315
At epoch 185, test loss = 43.7306
...model saved to 15_exp/models/FloydWarshallDataset_vanilla_0.0001_20000_20260220_112048_relu_best.pth...20260220_112315
At epoch 186, test loss = 43.5479
...model saved to 15_exp/models/FloydWarshallDataset_vanilla_0.0001_20000_20260220_112048_relu_best.pth...20260220_112316
At epoch 187, test loss = 43.3898
...model saved to 15_exp/models/FloydWarshallDataset_vanilla_0.0001_20000_20260220_112048_relu_best.pth...20260220_112316
At epoch 188, test loss = 43.2644
...model saved to 15_exp/models/FloydWarshallDataset_vanilla_0.0001_20000_20260220_112048_relu_best.pth...20260220_112317
At epoch 189, test loss = 43.1591
...model saved to 15_exp/models/FloydWarshallDataset_vanilla_0.0001_20000_20260220_112048_relu_best.pth...20260220_112318
At epoch 190, test loss = 43.0243
...model saved to 15_exp/models/FloydWarshallDataset_vanilla_0.0001_20000_20260220_112048_relu_best.pth...20260220_112318
At epoch 191, test loss = 42.8918
...model saved to 15_exp/models/FloydWarshallDataset_vanilla_0.0001_20000_20260220_112048_relu_best.pth...20260220_112319
At epoch 192, test loss = 42.7976
...model saved to 15_exp/models/FloydWarshallDataset_vanilla_0.0001_20000_20260220_112048_relu_best.pth...20260220_112319
At epoch 193, test loss = 42.7094
...model saved to 15_exp/models/FloydWarshallDataset_vanilla_0.0001_20000_20260220_112048_relu_best.pth...20260220_112320
At epoch 194, test loss = 42.6263
...model saved to 15_exp/models/FloydWarshallDataset_vanilla_0.0001_20000_20260220_112048_relu_best.pth...20260220_112321
At epoch 195, test loss = 42.5051
...model saved to 15_exp/models/FloydWarshallDataset_vanilla_0.0001_20000_20260220_112048_relu_best.pth...20260220_112321
At epoch 196, test loss = 42.4231
...model saved to 15_exp/models/FloydWarshallDataset_vanilla_0.0001_20000_20260220_112048_relu_best.pth...20260220_112322
At epoch 197, test loss = 42.3538
...model saved to 15_exp/models/FloydWarshallDataset_vanilla_0.0001_20000_20260220_112048_relu_best.pth...20260220_112323
At epoch 198, test loss = 42.2729
...model saved to 15_exp/models/FloydWarshallDataset_vanilla_0.0001_20000_20260220_112048_relu_best.pth...20260220_112323
At epoch 199, test loss = 42.1873
...model saved to 15_exp/models/FloydWarshallDataset_vanilla_0.0001_20000_20260220_112048_relu_best.pth...20260220_112324
At epoch 200, test loss = 42.1212
...model saved to 15_exp/models/FloydWarshallDataset_vanilla_0.0001_20000_20260220_112048_relu_best.pth...20260220_112324
At epoch 201, test loss = 42.0627
...model saved to 15_exp/models/FloydWarshallDataset_vanilla_0.0001_20000_20260220_112048_relu_best.pth...20260220_112325
At epoch 202, test loss = 41.9950
...model saved to 15_exp/models/FloydWarshallDataset_vanilla_0.0001_20000_20260220_112048_relu_best.pth...20260220_112326
At epoch 203, test loss = 41.9042
...model saved to 15_exp/models/FloydWarshallDataset_vanilla_0.0001_20000_20260220_112048_relu_best.pth...20260220_112326
At epoch 204, test loss = 41.8565
...model saved to 15_exp/models/FloydWarshallDataset_vanilla_0.0001_20000_20260220_112048_relu_best.pth...20260220_112327
At epoch 205, test loss = 41.8065
...model saved to 15_exp/models/FloydWarshallDataset_vanilla_0.0001_20000_20260220_112048_relu_best.pth...20260220_112328
At epoch 206, test loss = 41.7184
...model saved to 15_exp/models/FloydWarshallDataset_vanilla_0.0001_20000_20260220_112048_relu_best.pth...20260220_112328
At epoch 207, test loss = 41.7074
...model saved to 15_exp/models/FloydWarshallDataset_vanilla_0.0001_20000_20260220_112048_relu_best.pth...20260220_112329
At epoch 208, test loss = 41.6267
...model saved to 15_exp/models/FloydWarshallDataset_vanilla_0.0001_20000_20260220_112048_relu_best.pth...20260220_112329
At epoch 209, test loss = 41.5690
...model saved to 15_exp/models/FloydWarshallDataset_vanilla_0.0001_20000_20260220_112048_relu_best.pth...20260220_112330
At epoch 210, test loss = 41.5247
...model saved to 15_exp/models/FloydWarshallDataset_vanilla_0.0001_20000_20260220_112048_relu_best.pth...20260220_112331
At epoch 211, test loss = 41.4894
...model saved to 15_exp/models/FloydWarshallDataset_vanilla_0.0001_20000_20260220_112048_relu_best.pth...20260220_112331
At epoch 212, test loss = 41.4309
...model saved to 15_exp/models/FloydWarshallDataset_vanilla_0.0001_20000_20260220_112048_relu_best.pth...20260220_112332
At epoch 213, test loss = 41.3586
...model saved to 15_exp/models/FloydWarshallDataset_vanilla_0.0001_20000_20260220_112048_relu_best.pth...20260220_112332
At epoch 214, test loss = 41.3380
...model saved to 15_exp/models/FloydWarshallDataset_vanilla_0.0001_20000_20260220_112048_relu_best.pth...20260220_112333
At epoch 215, test loss = 41.2868
...model saved to 15_exp/models/FloydWarshallDataset_vanilla_0.0001_20000_20260220_112048_relu_best.pth...20260220_112334
At epoch 216, test loss = 41.2272
...model saved to 15_exp/models/FloydWarshallDataset_vanilla_0.0001_20000_20260220_112048_relu_best.pth...20260220_112334
At epoch 217, test loss = 41.1869
...model saved to 15_exp/models/FloydWarshallDataset_vanilla_0.0001_20000_20260220_112048_relu_best.pth...20260220_112335
At epoch 218, test loss = 41.1619
...model saved to 15_exp/models/FloydWarshallDataset_vanilla_0.0001_20000_20260220_112048_relu_best.pth...20260220_112336
At epoch 219, test loss = 41.0943
...model saved to 15_exp/models/FloydWarshallDataset_vanilla_0.0001_20000_20260220_112048_relu_best.pth...20260220_112336
At epoch 220, test loss = 41.0502
...model saved to 15_exp/models/FloydWarshallDataset_vanilla_0.0001_20000_20260220_112048_relu_best.pth...20260220_112337
At epoch 222, test loss = 40.9702
...model saved to 15_exp/models/FloydWarshallDataset_vanilla_0.0001_20000_20260220_112048_relu_best.pth...20260220_112338
At epoch 223, test loss = 40.9287
...model saved to 15_exp/models/FloydWarshallDataset_vanilla_0.0001_20000_20260220_112048_relu_best.pth...20260220_112339
At epoch 224, test loss = 40.9046
...model saved to 15_exp/models/FloydWarshallDataset_vanilla_0.0001_20000_20260220_112048_relu_best.pth...20260220_112339
At epoch 225, test loss = 40.8538
...model saved to 15_exp/models/FloydWarshallDataset_vanilla_0.0001_20000_20260220_112048_relu_best.pth...20260220_112340
At epoch 226, test loss = 40.7964
...model saved to 15_exp/models/FloydWarshallDataset_vanilla_0.0001_20000_20260220_112048_relu_best.pth...20260220_112340
At epoch 228, test loss = 40.7330
...model saved to 15_exp/models/FloydWarshallDataset_vanilla_0.0001_20000_20260220_112048_relu_best.pth...20260220_112342
At epoch 229, test loss = 40.6982
...model saved to 15_exp/models/FloydWarshallDataset_vanilla_0.0001_20000_20260220_112048_relu_best.pth...20260220_112342
At epoch 230, test loss = 40.6442
...model saved to 15_exp/models/FloydWarshallDataset_vanilla_0.0001_20000_20260220_112048_relu_best.pth...20260220_112343
At epoch 231, test loss = 40.5871
...model saved to 15_exp/models/FloydWarshallDataset_vanilla_0.0001_20000_20260220_112048_relu_best.pth...20260220_112344
At epoch 232, test loss = 40.5556
...model saved to 15_exp/models/FloydWarshallDataset_vanilla_0.0001_20000_20260220_112048_relu_best.pth...20260220_112344
At epoch 233, test loss = 40.5223
...model saved to 15_exp/models/FloydWarshallDataset_vanilla_0.0001_20000_20260220_112048_relu_best.pth...20260220_112345
At epoch 234, test loss = 40.4418
...model saved to 15_exp/models/FloydWarshallDataset_vanilla_0.0001_20000_20260220_112048_relu_best.pth...20260220_112345
At epoch 235, test loss = 40.4291
...model saved to 15_exp/models/FloydWarshallDataset_vanilla_0.0001_20000_20260220_112048_relu_best.pth...20260220_112346
At epoch 236, test loss = 40.3498
...model saved to 15_exp/models/FloydWarshallDataset_vanilla_0.0001_20000_20260220_112048_relu_best.pth...20260220_112347
At epoch 237, test loss = 40.3035
...model saved to 15_exp/models/FloydWarshallDataset_vanilla_0.0001_20000_20260220_112048_relu_best.pth...20260220_112347
At epoch 238, test loss = 40.2385
...model saved to 15_exp/models/FloydWarshallDataset_vanilla_0.0001_20000_20260220_112048_relu_best.pth...20260220_112348
At epoch 239, test loss = 40.1958
...model saved to 15_exp/models/FloydWarshallDataset_vanilla_0.0001_20000_20260220_112048_relu_best.pth...20260220_112349
At epoch 240, test loss = 40.0874
...model saved to 15_exp/models/FloydWarshallDataset_vanilla_0.0001_20000_20260220_112048_relu_best.pth...20260220_112349
At epoch 241, test loss = 40.0095
...model saved to 15_exp/models/FloydWarshallDataset_vanilla_0.0001_20000_20260220_112048_relu_best.pth...20260220_112350
At epoch 242, test loss = 39.9115
...model saved to 15_exp/models/FloydWarshallDataset_vanilla_0.0001_20000_20260220_112048_relu_best.pth...20260220_112350
At epoch 243, test loss = 39.8036
...model saved to 15_exp/models/FloydWarshallDataset_vanilla_0.0001_20000_20260220_112048_relu_best.pth...20260220_112351
At epoch 244, test loss = 39.6743
...model saved to 15_exp/models/FloydWarshallDataset_vanilla_0.0001_20000_20260220_112048_relu_best.pth...20260220_112352
At epoch 245, test loss = 39.5314
...model saved to 15_exp/models/FloydWarshallDataset_vanilla_0.0001_20000_20260220_112048_relu_best.pth...20260220_112352
At epoch 246, test loss = 39.3364
...model saved to 15_exp/models/FloydWarshallDataset_vanilla_0.0001_20000_20260220_112048_relu_best.pth...20260220_112353
At epoch 247, test loss = 39.1501
...model saved to 15_exp/models/FloydWarshallDataset_vanilla_0.0001_20000_20260220_112048_relu_best.pth...20260220_112354
At epoch 248, test loss = 38.9692
...model saved to 15_exp/models/FloydWarshallDataset_vanilla_0.0001_20000_20260220_112048_relu_best.pth...20260220_112354
At epoch 249, test loss = 38.7613
...model saved to 15_exp/models/FloydWarshallDataset_vanilla_0.0001_20000_20260220_112048_relu_best.pth...20260220_112355
At epoch 250, test loss = 38.5547
...model saved to 15_exp/models/FloydWarshallDataset_vanilla_0.0001_20000_20260220_112048_relu_best.pth...20260220_112356
At epoch 251, test loss = 38.4096
...model saved to 15_exp/models/FloydWarshallDataset_vanilla_0.0001_20000_20260220_112048_relu_best.pth...20260220_112356
At epoch 252, test loss = 38.2238
...model saved to 15_exp/models/FloydWarshallDataset_vanilla_0.0001_20000_20260220_112048_relu_best.pth...20260220_112357
At epoch 253, test loss = 38.1152
...model saved to 15_exp/models/FloydWarshallDataset_vanilla_0.0001_20000_20260220_112048_relu_best.pth...20260220_112358
At epoch 254, test loss = 37.9219
...model saved to 15_exp/models/FloydWarshallDataset_vanilla_0.0001_20000_20260220_112048_relu_best.pth...20260220_112358
At epoch 255, test loss = 37.8013
...model saved to 15_exp/models/FloydWarshallDataset_vanilla_0.0001_20000_20260220_112048_relu_best.pth...20260220_112359
At epoch 256, test loss = 37.6849
...model saved to 15_exp/models/FloydWarshallDataset_vanilla_0.0001_20000_20260220_112048_relu_best.pth...20260220_112400
At epoch 257, test loss = 37.5670
...model saved to 15_exp/models/FloydWarshallDataset_vanilla_0.0001_20000_20260220_112048_relu_best.pth...20260220_112401
At epoch 258, test loss = 37.5188
...model saved to 15_exp/models/FloydWarshallDataset_vanilla_0.0001_20000_20260220_112048_relu_best.pth...20260220_112401
At epoch 259, test loss = 37.3750
...model saved to 15_exp/models/FloydWarshallDataset_vanilla_0.0001_20000_20260220_112048_relu_best.pth...20260220_112402
At epoch 260, test loss = 37.2805
...model saved to 15_exp/models/FloydWarshallDataset_vanilla_0.0001_20000_20260220_112048_relu_best.pth...20260220_112403
At epoch 261, test loss = 37.2126
...model saved to 15_exp/models/FloydWarshallDataset_vanilla_0.0001_20000_20260220_112048_relu_best.pth...20260220_112403
At epoch 262, test loss = 37.1632
...model saved to 15_exp/models/FloydWarshallDataset_vanilla_0.0001_20000_20260220_112048_relu_best.pth...20260220_112404
At epoch 263, test loss = 37.0619
...model saved to 15_exp/models/FloydWarshallDataset_vanilla_0.0001_20000_20260220_112048_relu_best.pth...20260220_112405
At epoch 264, test loss = 37.0293
...model saved to 15_exp/models/FloydWarshallDataset_vanilla_0.0001_20000_20260220_112048_relu_best.pth...20260220_112405
At epoch 265, test loss = 36.9365
...model saved to 15_exp/models/FloydWarshallDataset_vanilla_0.0001_20000_20260220_112048_relu_best.pth...20260220_112406
At epoch 266, test loss = 36.8973
...model saved to 15_exp/models/FloydWarshallDataset_vanilla_0.0001_20000_20260220_112048_relu_best.pth...20260220_112407
At epoch 267, test loss = 36.8445
...model saved to 15_exp/models/FloydWarshallDataset_vanilla_0.0001_20000_20260220_112048_relu_best.pth...20260220_112407
At epoch 268, test loss = 36.7768
...model saved to 15_exp/models/FloydWarshallDataset_vanilla_0.0001_20000_20260220_112048_relu_best.pth...20260220_112408
At epoch 269, test loss = 36.7300
...model saved to 15_exp/models/FloydWarshallDataset_vanilla_0.0001_20000_20260220_112048_relu_best.pth...20260220_112409
At epoch 270, test loss = 36.6732
...model saved to 15_exp/models/FloydWarshallDataset_vanilla_0.0001_20000_20260220_112048_relu_best.pth...20260220_112409
At epoch 271, test loss = 36.6249
...model saved to 15_exp/models/FloydWarshallDataset_vanilla_0.0001_20000_20260220_112048_relu_best.pth...20260220_112410
At epoch 272, test loss = 36.6155
...model saved to 15_exp/models/FloydWarshallDataset_vanilla_0.0001_20000_20260220_112048_relu_best.pth...20260220_112411
At epoch 273, test loss = 36.5611
...model saved to 15_exp/models/FloydWarshallDataset_vanilla_0.0001_20000_20260220_112048_relu_best.pth...20260220_112411
At epoch 274, test loss = 36.5396
...model saved to 15_exp/models/FloydWarshallDataset_vanilla_0.0001_20000_20260220_112048_relu_best.pth...20260220_112412
At epoch 275, test loss = 36.4875
...model saved to 15_exp/models/FloydWarshallDataset_vanilla_0.0001_20000_20260220_112048_relu_best.pth...20260220_112412
At epoch 276, test loss = 36.4464
...model saved to 15_exp/models/FloydWarshallDataset_vanilla_0.0001_20000_20260220_112048_relu_best.pth...20260220_112413
At epoch 277, test loss = 36.3800
...model saved to 15_exp/models/FloydWarshallDataset_vanilla_0.0001_20000_20260220_112048_relu_best.pth...20260220_112414
At epoch 278, test loss = 36.3447
...model saved to 15_exp/models/FloydWarshallDataset_vanilla_0.0001_20000_20260220_112048_relu_best.pth...20260220_112414
At epoch 279, test loss = 36.3094
...model saved to 15_exp/models/FloydWarshallDataset_vanilla_0.0001_20000_20260220_112048_relu_best.pth...20260220_112415
At epoch 280, test loss = 36.2816
...model saved to 15_exp/models/FloydWarshallDataset_vanilla_0.0001_20000_20260220_112048_relu_best.pth...20260220_112416
At epoch 281, test loss = 36.2535
...model saved to 15_exp/models/FloydWarshallDataset_vanilla_0.0001_20000_20260220_112048_relu_best.pth...20260220_112416
At epoch 282, test loss = 36.2144
...model saved to 15_exp/models/FloydWarshallDataset_vanilla_0.0001_20000_20260220_112048_relu_best.pth...20260220_112417
At epoch 283, test loss = 36.1872
...model saved to 15_exp/models/FloydWarshallDataset_vanilla_0.0001_20000_20260220_112048_relu_best.pth...20260220_112418
At epoch 284, test loss = 36.1567
...model saved to 15_exp/models/FloydWarshallDataset_vanilla_0.0001_20000_20260220_112048_relu_best.pth...20260220_112418
At epoch 285, test loss = 36.1243
...model saved to 15_exp/models/FloydWarshallDataset_vanilla_0.0001_20000_20260220_112048_relu_best.pth...20260220_112419
At epoch 286, test loss = 36.0724
...model saved to 15_exp/models/FloydWarshallDataset_vanilla_0.0001_20000_20260220_112048_relu_best.pth...20260220_112420
At epoch 287, test loss = 36.0542
...model saved to 15_exp/models/FloydWarshallDataset_vanilla_0.0001_20000_20260220_112048_relu_best.pth...20260220_112420
At epoch 288, test loss = 36.0212
...model saved to 15_exp/models/FloydWarshallDataset_vanilla_0.0001_20000_20260220_112048_relu_best.pth...20260220_112421
At epoch 289, test loss = 35.9871
...model saved to 15_exp/models/FloydWarshallDataset_vanilla_0.0001_20000_20260220_112048_relu_best.pth...20260220_112422
At epoch 291, test loss = 35.9479
...model saved to 15_exp/models/FloydWarshallDataset_vanilla_0.0001_20000_20260220_112048_relu_best.pth...20260220_112423
At epoch 292, test loss = 35.9141
...model saved to 15_exp/models/FloydWarshallDataset_vanilla_0.0001_20000_20260220_112048_relu_best.pth...20260220_112423
At epoch 293, test loss = 35.9007
...model saved to 15_exp/models/FloydWarshallDataset_vanilla_0.0001_20000_20260220_112048_relu_best.pth...20260220_112424
At epoch 294, test loss = 35.8497
...model saved to 15_exp/models/FloydWarshallDataset_vanilla_0.0001_20000_20260220_112048_relu_best.pth...20260220_112425
At epoch 296, test loss = 35.8024
...model saved to 15_exp/models/FloydWarshallDataset_vanilla_0.0001_20000_20260220_112048_relu_best.pth...20260220_112426
At epoch 297, test loss = 35.7725
...model saved to 15_exp/models/FloydWarshallDataset_vanilla_0.0001_20000_20260220_112048_relu_best.pth...20260220_112427
At epoch 298, test loss = 35.7457
...model saved to 15_exp/models/FloydWarshallDataset_vanilla_0.0001_20000_20260220_112048_relu_best.pth...20260220_112427
At epoch 299, test loss = 35.6952
...model saved to 15_exp/models/FloydWarshallDataset_vanilla_0.0001_20000_20260220_112048_relu_best.pth...20260220_112428
At epoch 300, test loss = 35.6850
...model saved to 15_exp/models/FloydWarshallDataset_vanilla_0.0001_20000_20260220_112048_relu_best.pth...20260220_112429
At epoch 301, test loss = 35.6498
...model saved to 15_exp/models/FloydWarshallDataset_vanilla_0.0001_20000_20260220_112048_relu_best.pth...20260220_112429
At epoch 302, test loss = 35.6275
...model saved to 15_exp/models/FloydWarshallDataset_vanilla_0.0001_20000_20260220_112048_relu_best.pth...20260220_112430
At epoch 304, test loss = 35.5751
...model saved to 15_exp/models/FloydWarshallDataset_vanilla_0.0001_20000_20260220_112048_relu_best.pth...20260220_112431
At epoch 305, test loss = 35.5400
...model saved to 15_exp/models/FloydWarshallDataset_vanilla_0.0001_20000_20260220_112048_relu_best.pth...20260220_112432
At epoch 307, test loss = 35.5089
...model saved to 15_exp/models/FloydWarshallDataset_vanilla_0.0001_20000_20260220_112048_relu_best.pth...20260220_112433
At epoch 308, test loss = 35.4677
...model saved to 15_exp/models/FloydWarshallDataset_vanilla_0.0001_20000_20260220_112048_relu_best.pth...20260220_112434
At epoch 309, test loss = 35.4380
...model saved to 15_exp/models/FloydWarshallDataset_vanilla_0.0001_20000_20260220_112048_relu_best.pth...20260220_112435
At epoch 310, test loss = 35.4329
...model saved to 15_exp/models/FloydWarshallDataset_vanilla_0.0001_20000_20260220_112048_relu_best.pth...20260220_112436
At epoch 311, test loss = 35.4130
...model saved to 15_exp/models/FloydWarshallDataset_vanilla_0.0001_20000_20260220_112048_relu_best.pth...20260220_112436
At epoch 312, test loss = 35.3405
...model saved to 15_exp/models/FloydWarshallDataset_vanilla_0.0001_20000_20260220_112048_relu_best.pth...20260220_112437
At epoch 313, test loss = 35.3087
...model saved to 15_exp/models/FloydWarshallDataset_vanilla_0.0001_20000_20260220_112048_relu_best.pth...20260220_112438
At epoch 314, test loss = 35.2818
...model saved to 15_exp/models/FloydWarshallDataset_vanilla_0.0001_20000_20260220_112048_relu_best.pth...20260220_112438
At epoch 315, test loss = 35.2817
...model saved to 15_exp/models/FloydWarshallDataset_vanilla_0.0001_20000_20260220_112048_relu_best.pth...20260220_112439
At epoch 316, test loss = 35.2093
...model saved to 15_exp/models/FloydWarshallDataset_vanilla_0.0001_20000_20260220_112048_relu_best.pth...20260220_112440
At epoch 317, test loss = 35.1786
...model saved to 15_exp/models/FloydWarshallDataset_vanilla_0.0001_20000_20260220_112048_relu_best.pth...20260220_112441
At epoch 318, test loss = 35.1382
...model saved to 15_exp/models/FloydWarshallDataset_vanilla_0.0001_20000_20260220_112048_relu_best.pth...20260220_112441
At epoch 319, test loss = 35.0937
...model saved to 15_exp/models/FloydWarshallDataset_vanilla_0.0001_20000_20260220_112048_relu_best.pth...20260220_112442
At epoch 320, test loss = 35.0712
...model saved to 15_exp/models/FloydWarshallDataset_vanilla_0.0001_20000_20260220_112048_relu_best.pth...20260220_112443
At epoch 321, test loss = 35.0342
...model saved to 15_exp/models/FloydWarshallDataset_vanilla_0.0001_20000_20260220_112048_relu_best.pth...20260220_112443
At epoch 322, test loss = 34.9728
...model saved to 15_exp/models/FloydWarshallDataset_vanilla_0.0001_20000_20260220_112048_relu_best.pth...20260220_112444
At epoch 323, test loss = 34.9224
...model saved to 15_exp/models/FloydWarshallDataset_vanilla_0.0001_20000_20260220_112048_relu_best.pth...20260220_112445
At epoch 324, test loss = 34.8703
...model saved to 15_exp/models/FloydWarshallDataset_vanilla_0.0001_20000_20260220_112048_relu_best.pth...20260220_112445
At epoch 325, test loss = 34.8081
...model saved to 15_exp/models/FloydWarshallDataset_vanilla_0.0001_20000_20260220_112048_relu_best.pth...20260220_112446
At epoch 326, test loss = 34.7397
...model saved to 15_exp/models/FloydWarshallDataset_vanilla_0.0001_20000_20260220_112048_relu_best.pth...20260220_112447
At epoch 327, test loss = 34.6794
...model saved to 15_exp/models/FloydWarshallDataset_vanilla_0.0001_20000_20260220_112048_relu_best.pth...20260220_112447
At epoch 328, test loss = 34.6450
...model saved to 15_exp/models/FloydWarshallDataset_vanilla_0.0001_20000_20260220_112048_relu_best.pth...20260220_112448
At epoch 329, test loss = 34.5618
...model saved to 15_exp/models/FloydWarshallDataset_vanilla_0.0001_20000_20260220_112048_relu_best.pth...20260220_112449
At epoch 330, test loss = 34.4985
...model saved to 15_exp/models/FloydWarshallDataset_vanilla_0.0001_20000_20260220_112048_relu_best.pth...20260220_112449
At epoch 331, test loss = 34.4318
...model saved to 15_exp/models/FloydWarshallDataset_vanilla_0.0001_20000_20260220_112048_relu_best.pth...20260220_112450
At epoch 332, test loss = 34.3812
...model saved to 15_exp/models/FloydWarshallDataset_vanilla_0.0001_20000_20260220_112048_relu_best.pth...20260220_112451
At epoch 333, test loss = 34.2730
...model saved to 15_exp/models/FloydWarshallDataset_vanilla_0.0001_20000_20260220_112048_relu_best.pth...20260220_112451
At epoch 334, test loss = 34.2122
...model saved to 15_exp/models/FloydWarshallDataset_vanilla_0.0001_20000_20260220_112048_relu_best.pth...20260220_112452
At epoch 335, test loss = 34.1393
...model saved to 15_exp/models/FloydWarshallDataset_vanilla_0.0001_20000_20260220_112048_relu_best.pth...20260220_112453
At epoch 336, test loss = 34.0739
...model saved to 15_exp/models/FloydWarshallDataset_vanilla_0.0001_20000_20260220_112048_relu_best.pth...20260220_112454
At epoch 337, test loss = 33.9995
...model saved to 15_exp/models/FloydWarshallDataset_vanilla_0.0001_20000_20260220_112048_relu_best.pth...20260220_112454
At epoch 338, test loss = 33.9337
...model saved to 15_exp/models/FloydWarshallDataset_vanilla_0.0001_20000_20260220_112048_relu_best.pth...20260220_112455
At epoch 339, test loss = 33.8608
...model saved to 15_exp/models/FloydWarshallDataset_vanilla_0.0001_20000_20260220_112048_relu_best.pth...20260220_112456
At epoch 340, test loss = 33.8443
...model saved to 15_exp/models/FloydWarshallDataset_vanilla_0.0001_20000_20260220_112048_relu_best.pth...20260220_112457
At epoch 341, test loss = 33.7298
...model saved to 15_exp/models/FloydWarshallDataset_vanilla_0.0001_20000_20260220_112048_relu_best.pth...20260220_112457
At epoch 342, test loss = 33.6816
...model saved to 15_exp/models/FloydWarshallDataset_vanilla_0.0001_20000_20260220_112048_relu_best.pth...20260220_112458
At epoch 343, test loss = 33.5983
...model saved to 15_exp/models/FloydWarshallDataset_vanilla_0.0001_20000_20260220_112048_relu_best.pth...20260220_112459
At epoch 344, test loss = 33.5301
...model saved to 15_exp/models/FloydWarshallDataset_vanilla_0.0001_20000_20260220_112048_relu_best.pth...20260220_112500
At epoch 345, test loss = 33.4899
...model saved to 15_exp/models/FloydWarshallDataset_vanilla_0.0001_20000_20260220_112048_relu_best.pth...20260220_112501
At epoch 346, test loss = 33.4063
...model saved to 15_exp/models/FloydWarshallDataset_vanilla_0.0001_20000_20260220_112048_relu_best.pth...20260220_112501
At epoch 347, test loss = 33.3466
...model saved to 15_exp/models/FloydWarshallDataset_vanilla_0.0001_20000_20260220_112048_relu_best.pth...20260220_112502
At epoch 348, test loss = 33.2913
...model saved to 15_exp/models/FloydWarshallDataset_vanilla_0.0001_20000_20260220_112048_relu_best.pth...20260220_112503
At epoch 349, test loss = 33.2259
...model saved to 15_exp/models/FloydWarshallDataset_vanilla_0.0001_20000_20260220_112048_relu_best.pth...20260220_112503
At epoch 350, test loss = 33.1835
...model saved to 15_exp/models/FloydWarshallDataset_vanilla_0.0001_20000_20260220_112048_relu_best.pth...20260220_112504
At epoch 351, test loss = 33.1106
...model saved to 15_exp/models/FloydWarshallDataset_vanilla_0.0001_20000_20260220_112048_relu_best.pth...20260220_112505
At epoch 352, test loss = 33.0431
...model saved to 15_exp/models/FloydWarshallDataset_vanilla_0.0001_20000_20260220_112048_relu_best.pth...20260220_112505
At epoch 353, test loss = 32.9909
...model saved to 15_exp/models/FloydWarshallDataset_vanilla_0.0001_20000_20260220_112048_relu_best.pth...20260220_112506
At epoch 354, test loss = 32.9586
...model saved to 15_exp/models/FloydWarshallDataset_vanilla_0.0001_20000_20260220_112048_relu_best.pth...20260220_112507
At epoch 355, test loss = 32.9000
...model saved to 15_exp/models/FloydWarshallDataset_vanilla_0.0001_20000_20260220_112048_relu_best.pth...20260220_112507
At epoch 356, test loss = 32.8133
...model saved to 15_exp/models/FloydWarshallDataset_vanilla_0.0001_20000_20260220_112048_relu_best.pth...20260220_112508
At epoch 357, test loss = 32.7770
...model saved to 15_exp/models/FloydWarshallDataset_vanilla_0.0001_20000_20260220_112048_relu_best.pth...20260220_112509
At epoch 358, test loss = 32.7002
...model saved to 15_exp/models/FloydWarshallDataset_vanilla_0.0001_20000_20260220_112048_relu_best.pth...20260220_112510
At epoch 359, test loss = 32.6398
...model saved to 15_exp/models/FloydWarshallDataset_vanilla_0.0001_20000_20260220_112048_relu_best.pth...20260220_112510
At epoch 360, test loss = 32.5973
...model saved to 15_exp/models/FloydWarshallDataset_vanilla_0.0001_20000_20260220_112048_relu_best.pth...20260220_112511
At epoch 361, test loss = 32.5063
...model saved to 15_exp/models/FloydWarshallDataset_vanilla_0.0001_20000_20260220_112048_relu_best.pth...20260220_112512
At epoch 362, test loss = 32.4520
...model saved to 15_exp/models/FloydWarshallDataset_vanilla_0.0001_20000_20260220_112048_relu_best.pth...20260220_112512
At epoch 363, test loss = 32.3735
...model saved to 15_exp/models/FloydWarshallDataset_vanilla_0.0001_20000_20260220_112048_relu_best.pth...20260220_112513
At epoch 364, test loss = 32.3240
...model saved to 15_exp/models/FloydWarshallDataset_vanilla_0.0001_20000_20260220_112048_relu_best.pth...20260220_112514
At epoch 365, test loss = 32.2634
...model saved to 15_exp/models/FloydWarshallDataset_vanilla_0.0001_20000_20260220_112048_relu_best.pth...20260220_112514
At epoch 366, test loss = 32.1748
...model saved to 15_exp/models/FloydWarshallDataset_vanilla_0.0001_20000_20260220_112048_relu_best.pth...20260220_112515
At epoch 367, test loss = 32.1138
...model saved to 15_exp/models/FloydWarshallDataset_vanilla_0.0001_20000_20260220_112048_relu_best.pth...20260220_112516
At epoch 368, test loss = 32.0340
...model saved to 15_exp/models/FloydWarshallDataset_vanilla_0.0001_20000_20260220_112048_relu_best.pth...20260220_112516
At epoch 369, test loss = 31.9952
...model saved to 15_exp/models/FloydWarshallDataset_vanilla_0.0001_20000_20260220_112048_relu_best.pth...20260220_112517
At epoch 370, test loss = 31.9148
...model saved to 15_exp/models/FloydWarshallDataset_vanilla_0.0001_20000_20260220_112048_relu_best.pth...20260220_112518
At epoch 371, test loss = 31.8223
...model saved to 15_exp/models/FloydWarshallDataset_vanilla_0.0001_20000_20260220_112048_relu_best.pth...20260220_112518
At epoch 372, test loss = 31.7403
...model saved to 15_exp/models/FloydWarshallDataset_vanilla_0.0001_20000_20260220_112048_relu_best.pth...20260220_112519
At epoch 373, test loss = 31.6680
...model saved to 15_exp/models/FloydWarshallDataset_vanilla_0.0001_20000_20260220_112048_relu_best.pth...20260220_112520
At epoch 374, test loss = 31.5864
...model saved to 15_exp/models/FloydWarshallDataset_vanilla_0.0001_20000_20260220_112048_relu_best.pth...20260220_112520
At epoch 375, test loss = 31.5176
...model saved to 15_exp/models/FloydWarshallDataset_vanilla_0.0001_20000_20260220_112048_relu_best.pth...20260220_112521
At epoch 376, test loss = 31.4315
...model saved to 15_exp/models/FloydWarshallDataset_vanilla_0.0001_20000_20260220_112048_relu_best.pth...20260220_112522
At epoch 377, test loss = 31.3616
...model saved to 15_exp/models/FloydWarshallDataset_vanilla_0.0001_20000_20260220_112048_relu_best.pth...20260220_112523
At epoch 378, test loss = 31.2811
...model saved to 15_exp/models/FloydWarshallDataset_vanilla_0.0001_20000_20260220_112048_relu_best.pth...20260220_112524
At epoch 379, test loss = 31.2160
...model saved to 15_exp/models/FloydWarshallDataset_vanilla_0.0001_20000_20260220_112048_relu_best.pth...20260220_112524
At epoch 380, test loss = 31.1338
...model saved to 15_exp/models/FloydWarshallDataset_vanilla_0.0001_20000_20260220_112048_relu_best.pth...20260220_112525
At epoch 381, test loss = 31.0534
...model saved to 15_exp/models/FloydWarshallDataset_vanilla_0.0001_20000_20260220_112048_relu_best.pth...20260220_112526
At epoch 382, test loss = 30.9988
...model saved to 15_exp/models/FloydWarshallDataset_vanilla_0.0001_20000_20260220_112048_relu_best.pth...20260220_112526
At epoch 383, test loss = 30.8977
...model saved to 15_exp/models/FloydWarshallDataset_vanilla_0.0001_20000_20260220_112048_relu_best.pth...20260220_112527
At epoch 384, test loss = 30.8878
...model saved to 15_exp/models/FloydWarshallDataset_vanilla_0.0001_20000_20260220_112048_relu_best.pth...20260220_112528
At epoch 385, test loss = 30.7421
...model saved to 15_exp/models/FloydWarshallDataset_vanilla_0.0001_20000_20260220_112048_relu_best.pth...20260220_112528
At epoch 386, test loss = 30.6813
...model saved to 15_exp/models/FloydWarshallDataset_vanilla_0.0001_20000_20260220_112048_relu_best.pth...20260220_112529
At epoch 387, test loss = 30.5927
...model saved to 15_exp/models/FloydWarshallDataset_vanilla_0.0001_20000_20260220_112048_relu_best.pth...20260220_112530
At epoch 388, test loss = 30.5308
...model saved to 15_exp/models/FloydWarshallDataset_vanilla_0.0001_20000_20260220_112048_relu_best.pth...20260220_112530
At epoch 389, test loss = 30.4364
...model saved to 15_exp/models/FloydWarshallDataset_vanilla_0.0001_20000_20260220_112048_relu_best.pth...20260220_112531
At epoch 390, test loss = 30.3580
...model saved to 15_exp/models/FloydWarshallDataset_vanilla_0.0001_20000_20260220_112048_relu_best.pth...20260220_112531
At epoch 391, test loss = 30.2764
...model saved to 15_exp/models/FloydWarshallDataset_vanilla_0.0001_20000_20260220_112048_relu_best.pth...20260220_112532
At epoch 392, test loss = 30.1882
...model saved to 15_exp/models/FloydWarshallDataset_vanilla_0.0001_20000_20260220_112048_relu_best.pth...20260220_112533
At epoch 393, test loss = 30.0928
...model saved to 15_exp/models/FloydWarshallDataset_vanilla_0.0001_20000_20260220_112048_relu_best.pth...20260220_112534
At epoch 394, test loss = 30.0102
...model saved to 15_exp/models/FloydWarshallDataset_vanilla_0.0001_20000_20260220_112048_relu_best.pth...20260220_112534
At epoch 395, test loss = 29.9209
...model saved to 15_exp/models/FloydWarshallDataset_vanilla_0.0001_20000_20260220_112048_relu_best.pth...20260220_112535
At epoch 396, test loss = 29.8498
...model saved to 15_exp/models/FloydWarshallDataset_vanilla_0.0001_20000_20260220_112048_relu_best.pth...20260220_112535
At epoch 397, test loss = 29.7670
...model saved to 15_exp/models/FloydWarshallDataset_vanilla_0.0001_20000_20260220_112048_relu_best.pth...20260220_112536
At epoch 398, test loss = 29.6528
...model saved to 15_exp/models/FloydWarshallDataset_vanilla_0.0001_20000_20260220_112048_relu_best.pth...20260220_112537
At epoch 399, test loss = 29.5665
...model saved to 15_exp/models/FloydWarshallDataset_vanilla_0.0001_20000_20260220_112048_relu_best.pth...20260220_112537
At epoch 400, test loss = 29.4771
...model saved to 15_exp/models/FloydWarshallDataset_vanilla_0.0001_20000_20260220_112048_relu_best.pth...20260220_112538
At epoch 401, test loss = 29.3874
...model saved to 15_exp/models/FloydWarshallDataset_vanilla_0.0001_20000_20260220_112048_relu_best.pth...20260220_112539
At epoch 402, test loss = 29.3260
...model saved to 15_exp/models/FloydWarshallDataset_vanilla_0.0001_20000_20260220_112048_relu_best.pth...20260220_112540
At epoch 403, test loss = 29.2177
...model saved to 15_exp/models/FloydWarshallDataset_vanilla_0.0001_20000_20260220_112048_relu_best.pth...20260220_112540
At epoch 404, test loss = 29.1345
...model saved to 15_exp/models/FloydWarshallDataset_vanilla_0.0001_20000_20260220_112048_relu_best.pth...20260220_112541
At epoch 405, test loss = 29.0429
...model saved to 15_exp/models/FloydWarshallDataset_vanilla_0.0001_20000_20260220_112048_relu_best.pth...20260220_112542
At epoch 406, test loss = 28.9522
...model saved to 15_exp/models/FloydWarshallDataset_vanilla_0.0001_20000_20260220_112048_relu_best.pth...20260220_112542
At epoch 407, test loss = 28.8587
...model saved to 15_exp/models/FloydWarshallDataset_vanilla_0.0001_20000_20260220_112048_relu_best.pth...20260220_112543
At epoch 408, test loss = 28.7940
...model saved to 15_exp/models/FloydWarshallDataset_vanilla_0.0001_20000_20260220_112048_relu_best.pth...20260220_112544
At epoch 409, test loss = 28.6841
...model saved to 15_exp/models/FloydWarshallDataset_vanilla_0.0001_20000_20260220_112048_relu_best.pth...20260220_112544
At epoch 410, test loss = 28.6053
...model saved to 15_exp/models/FloydWarshallDataset_vanilla_0.0001_20000_20260220_112048_relu_best.pth...20260220_112545
At epoch 411, test loss = 28.5141
...model saved to 15_exp/models/FloydWarshallDataset_vanilla_0.0001_20000_20260220_112048_relu_best.pth...20260220_112546
At epoch 412, test loss = 28.4111
...model saved to 15_exp/models/FloydWarshallDataset_vanilla_0.0001_20000_20260220_112048_relu_best.pth...20260220_112546
At epoch 413, test loss = 28.3244
...model saved to 15_exp/models/FloydWarshallDataset_vanilla_0.0001_20000_20260220_112048_relu_best.pth...20260220_112547
At epoch 414, test loss = 28.2231
...model saved to 15_exp/models/FloydWarshallDataset_vanilla_0.0001_20000_20260220_112048_relu_best.pth...20260220_112548
At epoch 415, test loss = 28.1426
...model saved to 15_exp/models/FloydWarshallDataset_vanilla_0.0001_20000_20260220_112048_relu_best.pth...20260220_112549
At epoch 416, test loss = 28.0272
...model saved to 15_exp/models/FloydWarshallDataset_vanilla_0.0001_20000_20260220_112048_relu_best.pth...20260220_112549
At epoch 417, test loss = 27.9596
...model saved to 15_exp/models/FloydWarshallDataset_vanilla_0.0001_20000_20260220_112048_relu_best.pth...20260220_112550
At epoch 418, test loss = 27.8055
...model saved to 15_exp/models/FloydWarshallDataset_vanilla_0.0001_20000_20260220_112048_relu_best.pth...20260220_112551
At epoch 419, test loss = 27.7298
...model saved to 15_exp/models/FloydWarshallDataset_vanilla_0.0001_20000_20260220_112048_relu_best.pth...20260220_112551
At epoch 420, test loss = 27.6212
...model saved to 15_exp/models/FloydWarshallDataset_vanilla_0.0001_20000_20260220_112048_relu_best.pth...20260220_112552
At epoch 421, test loss = 27.5011
...model saved to 15_exp/models/FloydWarshallDataset_vanilla_0.0001_20000_20260220_112048_relu_best.pth...20260220_112553
At epoch 422, test loss = 27.3832
...model saved to 15_exp/models/FloydWarshallDataset_vanilla_0.0001_20000_20260220_112048_relu_best.pth...20260220_112554
At epoch 423, test loss = 27.2889
...model saved to 15_exp/models/FloydWarshallDataset_vanilla_0.0001_20000_20260220_112048_relu_best.pth...20260220_112554
At epoch 424, test loss = 27.1665
...model saved to 15_exp/models/FloydWarshallDataset_vanilla_0.0001_20000_20260220_112048_relu_best.pth...20260220_112555
At epoch 425, test loss = 27.0449
...model saved to 15_exp/models/FloydWarshallDataset_vanilla_0.0001_20000_20260220_112048_relu_best.pth...20260220_112556
At epoch 426, test loss = 26.9333
...model saved to 15_exp/models/FloydWarshallDataset_vanilla_0.0001_20000_20260220_112048_relu_best.pth...20260220_112556
At epoch 427, test loss = 26.8309
...model saved to 15_exp/models/FloydWarshallDataset_vanilla_0.0001_20000_20260220_112048_relu_best.pth...20260220_112557
At epoch 428, test loss = 26.7012
...model saved to 15_exp/models/FloydWarshallDataset_vanilla_0.0001_20000_20260220_112048_relu_best.pth...20260220_112558
At epoch 429, test loss = 26.5730
...model saved to 15_exp/models/FloydWarshallDataset_vanilla_0.0001_20000_20260220_112048_relu_best.pth...20260220_112558
At epoch 430, test loss = 26.4674
...model saved to 15_exp/models/FloydWarshallDataset_vanilla_0.0001_20000_20260220_112048_relu_best.pth...20260220_112559
At epoch 431, test loss = 26.3434
...model saved to 15_exp/models/FloydWarshallDataset_vanilla_0.0001_20000_20260220_112048_relu_best.pth...20260220_112600
At epoch 432, test loss = 26.2271
...model saved to 15_exp/models/FloydWarshallDataset_vanilla_0.0001_20000_20260220_112048_relu_best.pth...20260220_112600
At epoch 433, test loss = 26.1131
...model saved to 15_exp/models/FloydWarshallDataset_vanilla_0.0001_20000_20260220_112048_relu_best.pth...20260220_112601
At epoch 434, test loss = 26.0214
...model saved to 15_exp/models/FloydWarshallDataset_vanilla_0.0001_20000_20260220_112048_relu_best.pth...20260220_112602
At epoch 435, test loss = 25.8872
...model saved to 15_exp/models/FloydWarshallDataset_vanilla_0.0001_20000_20260220_112048_relu_best.pth...20260220_112602
At epoch 436, test loss = 25.7787
...model saved to 15_exp/models/FloydWarshallDataset_vanilla_0.0001_20000_20260220_112048_relu_best.pth...20260220_112603
At epoch 437, test loss = 25.6509
...model saved to 15_exp/models/FloydWarshallDataset_vanilla_0.0001_20000_20260220_112048_relu_best.pth...20260220_112603
At epoch 438, test loss = 25.5416
...model saved to 15_exp/models/FloydWarshallDataset_vanilla_0.0001_20000_20260220_112048_relu_best.pth...20260220_112604
At epoch 439, test loss = 25.4363
...model saved to 15_exp/models/FloydWarshallDataset_vanilla_0.0001_20000_20260220_112048_relu_best.pth...20260220_112605
At epoch 440, test loss = 25.3060
...model saved to 15_exp/models/FloydWarshallDataset_vanilla_0.0001_20000_20260220_112048_relu_best.pth...20260220_112605
At epoch 441, test loss = 25.2028
...model saved to 15_exp/models/FloydWarshallDataset_vanilla_0.0001_20000_20260220_112048_relu_best.pth...20260220_112606
At epoch 442, test loss = 25.1060
...model saved to 15_exp/models/FloydWarshallDataset_vanilla_0.0001_20000_20260220_112048_relu_best.pth...20260220_112607
At epoch 443, test loss = 24.9703
...model saved to 15_exp/models/FloydWarshallDataset_vanilla_0.0001_20000_20260220_112048_relu_best.pth...20260220_112607
At epoch 444, test loss = 24.8658
...model saved to 15_exp/models/FloydWarshallDataset_vanilla_0.0001_20000_20260220_112048_relu_best.pth...20260220_112608
At epoch 445, test loss = 24.7440
...model saved to 15_exp/models/FloydWarshallDataset_vanilla_0.0001_20000_20260220_112048_relu_best.pth...20260220_112608
At epoch 446, test loss = 24.6197
...model saved to 15_exp/models/FloydWarshallDataset_vanilla_0.0001_20000_20260220_112048_relu_best.pth...20260220_112609
At epoch 447, test loss = 24.5101
...model saved to 15_exp/models/FloydWarshallDataset_vanilla_0.0001_20000_20260220_112048_relu_best.pth...20260220_112610
At epoch 448, test loss = 24.4316
...model saved to 15_exp/models/FloydWarshallDataset_vanilla_0.0001_20000_20260220_112048_relu_best.pth...20260220_112610
At epoch 449, test loss = 24.2906
...model saved to 15_exp/models/FloydWarshallDataset_vanilla_0.0001_20000_20260220_112048_relu_best.pth...20260220_112611
At epoch 450, test loss = 24.1901
...model saved to 15_exp/models/FloydWarshallDataset_vanilla_0.0001_20000_20260220_112048_relu_best.pth...20260220_112612
At epoch 451, test loss = 24.0756
...model saved to 15_exp/models/FloydWarshallDataset_vanilla_0.0001_20000_20260220_112048_relu_best.pth...20260220_112612
At epoch 452, test loss = 23.9546
...model saved to 15_exp/models/FloydWarshallDataset_vanilla_0.0001_20000_20260220_112048_relu_best.pth...20260220_112613
At epoch 453, test loss = 23.8411
...model saved to 15_exp/models/FloydWarshallDataset_vanilla_0.0001_20000_20260220_112048_relu_best.pth...20260220_112613
At epoch 454, test loss = 23.7300
...model saved to 15_exp/models/FloydWarshallDataset_vanilla_0.0001_20000_20260220_112048_relu_best.pth...20260220_112614
At epoch 455, test loss = 23.6037
...model saved to 15_exp/models/FloydWarshallDataset_vanilla_0.0001_20000_20260220_112048_relu_best.pth...20260220_112615
At epoch 456, test loss = 23.4984
...model saved to 15_exp/models/FloydWarshallDataset_vanilla_0.0001_20000_20260220_112048_relu_best.pth...20260220_112615
At epoch 457, test loss = 23.3917
...model saved to 15_exp/models/FloydWarshallDataset_vanilla_0.0001_20000_20260220_112048_relu_best.pth...20260220_112616
At epoch 458, test loss = 23.2698
...model saved to 15_exp/models/FloydWarshallDataset_vanilla_0.0001_20000_20260220_112048_relu_best.pth...20260220_112617
At epoch 459, test loss = 23.1463
...model saved to 15_exp/models/FloydWarshallDataset_vanilla_0.0001_20000_20260220_112048_relu_best.pth...20260220_112617
At epoch 460, test loss = 23.0081
...model saved to 15_exp/models/FloydWarshallDataset_vanilla_0.0001_20000_20260220_112048_relu_best.pth...20260220_112618
At epoch 461, test loss = 22.8871
...model saved to 15_exp/models/FloydWarshallDataset_vanilla_0.0001_20000_20260220_112048_relu_best.pth...20260220_112619
At epoch 462, test loss = 22.7629
...model saved to 15_exp/models/FloydWarshallDataset_vanilla_0.0001_20000_20260220_112048_relu_best.pth...20260220_112619
At epoch 463, test loss = 22.6376
...model saved to 15_exp/models/FloydWarshallDataset_vanilla_0.0001_20000_20260220_112048_relu_best.pth...20260220_112620
At epoch 464, test loss = 22.4943
...model saved to 15_exp/models/FloydWarshallDataset_vanilla_0.0001_20000_20260220_112048_relu_best.pth...20260220_112620
At epoch 465, test loss = 22.4059
...model saved to 15_exp/models/FloydWarshallDataset_vanilla_0.0001_20000_20260220_112048_relu_best.pth...20260220_112621
At epoch 466, test loss = 22.2613
...model saved to 15_exp/models/FloydWarshallDataset_vanilla_0.0001_20000_20260220_112048_relu_best.pth...20260220_112622
At epoch 467, test loss = 22.1204
...model saved to 15_exp/models/FloydWarshallDataset_vanilla_0.0001_20000_20260220_112048_relu_best.pth...20260220_112622
At epoch 468, test loss = 21.9704
...model saved to 15_exp/models/FloydWarshallDataset_vanilla_0.0001_20000_20260220_112048_relu_best.pth...20260220_112623
At epoch 469, test loss = 21.8406
...model saved to 15_exp/models/FloydWarshallDataset_vanilla_0.0001_20000_20260220_112048_relu_best.pth...20260220_112623
At epoch 470, test loss = 21.6942
...model saved to 15_exp/models/FloydWarshallDataset_vanilla_0.0001_20000_20260220_112048_relu_best.pth...20260220_112624
At epoch 471, test loss = 21.5663
...model saved to 15_exp/models/FloydWarshallDataset_vanilla_0.0001_20000_20260220_112048_relu_best.pth...20260220_112625
At epoch 472, test loss = 21.4072
...model saved to 15_exp/models/FloydWarshallDataset_vanilla_0.0001_20000_20260220_112048_relu_best.pth...20260220_112625
At epoch 473, test loss = 21.2700
...model saved to 15_exp/models/FloydWarshallDataset_vanilla_0.0001_20000_20260220_112048_relu_best.pth...20260220_112626
At epoch 474, test loss = 21.1384
...model saved to 15_exp/models/FloydWarshallDataset_vanilla_0.0001_20000_20260220_112048_relu_best.pth...20260220_112626
At epoch 475, test loss = 21.0119
...model saved to 15_exp/models/FloydWarshallDataset_vanilla_0.0001_20000_20260220_112048_relu_best.pth...20260220_112627
At epoch 476, test loss = 20.9024
...model saved to 15_exp/models/FloydWarshallDataset_vanilla_0.0001_20000_20260220_112048_relu_best.pth...20260220_112628
At epoch 477, test loss = 20.7511
...model saved to 15_exp/models/FloydWarshallDataset_vanilla_0.0001_20000_20260220_112048_relu_best.pth...20260220_112628
At epoch 478, test loss = 20.6009
...model saved to 15_exp/models/FloydWarshallDataset_vanilla_0.0001_20000_20260220_112048_relu_best.pth...20260220_112629
At epoch 479, test loss = 20.4600
...model saved to 15_exp/models/FloydWarshallDataset_vanilla_0.0001_20000_20260220_112048_relu_best.pth...20260220_112629
At epoch 480, test loss = 20.3431
...model saved to 15_exp/models/FloydWarshallDataset_vanilla_0.0001_20000_20260220_112048_relu_best.pth...20260220_112630
At epoch 481, test loss = 20.1600
...model saved to 15_exp/models/FloydWarshallDataset_vanilla_0.0001_20000_20260220_112048_relu_best.pth...20260220_112631
At epoch 482, test loss = 20.0353
...model saved to 15_exp/models/FloydWarshallDataset_vanilla_0.0001_20000_20260220_112048_relu_best.pth...20260220_112631
At epoch 483, test loss = 19.8830
...model saved to 15_exp/models/FloydWarshallDataset_vanilla_0.0001_20000_20260220_112048_relu_best.pth...20260220_112632
At epoch 484, test loss = 19.7431
...model saved to 15_exp/models/FloydWarshallDataset_vanilla_0.0001_20000_20260220_112048_relu_best.pth...20260220_112633
At epoch 485, test loss = 19.5955
...model saved to 15_exp/models/FloydWarshallDataset_vanilla_0.0001_20000_20260220_112048_relu_best.pth...20260220_112633
At epoch 486, test loss = 19.4662
...model saved to 15_exp/models/FloydWarshallDataset_vanilla_0.0001_20000_20260220_112048_relu_best.pth...20260220_112634
At epoch 487, test loss = 19.3182
...model saved to 15_exp/models/FloydWarshallDataset_vanilla_0.0001_20000_20260220_112048_relu_best.pth...20260220_112634
At epoch 488, test loss = 19.1621
...model saved to 15_exp/models/FloydWarshallDataset_vanilla_0.0001_20000_20260220_112048_relu_best.pth...20260220_112635
At epoch 489, test loss = 19.0252
...model saved to 15_exp/models/FloydWarshallDataset_vanilla_0.0001_20000_20260220_112048_relu_best.pth...20260220_112636
At epoch 490, test loss = 18.8717
...model saved to 15_exp/models/FloydWarshallDataset_vanilla_0.0001_20000_20260220_112048_relu_best.pth...20260220_112636
At epoch 491, test loss = 18.7300
...model saved to 15_exp/models/FloydWarshallDataset_vanilla_0.0001_20000_20260220_112048_relu_best.pth...20260220_112637
At epoch 492, test loss = 18.5851
...model saved to 15_exp/models/FloydWarshallDataset_vanilla_0.0001_20000_20260220_112048_relu_best.pth...20260220_112637
At epoch 493, test loss = 18.4782
...model saved to 15_exp/models/FloydWarshallDataset_vanilla_0.0001_20000_20260220_112048_relu_best.pth...20260220_112638
At epoch 494, test loss = 18.2817
...model saved to 15_exp/models/FloydWarshallDataset_vanilla_0.0001_20000_20260220_112048_relu_best.pth...20260220_112639
At epoch 495, test loss = 18.1530
...model saved to 15_exp/models/FloydWarshallDataset_vanilla_0.0001_20000_20260220_112048_relu_best.pth...20260220_112639
At epoch 496, test loss = 18.0028
...model saved to 15_exp/models/FloydWarshallDataset_vanilla_0.0001_20000_20260220_112048_relu_best.pth...20260220_112640
At epoch 497, test loss = 17.8531
...model saved to 15_exp/models/FloydWarshallDataset_vanilla_0.0001_20000_20260220_112048_relu_best.pth...20260220_112640
At epoch 498, test loss = 17.6977
...model saved to 15_exp/models/FloydWarshallDataset_vanilla_0.0001_20000_20260220_112048_relu_best.pth...20260220_112641
At epoch 499, test loss = 17.5480
...model saved to 15_exp/models/FloydWarshallDataset_vanilla_0.0001_20000_20260220_112048_relu_best.pth...20260220_112642
At epoch 500, test loss = 17.4024
...model saved to 15_exp/models/FloydWarshallDataset_vanilla_0.0001_20000_20260220_112048_relu_best.pth...20260220_112642
At epoch 501, test loss = 17.2660
...model saved to 15_exp/models/FloydWarshallDataset_vanilla_0.0001_20000_20260220_112048_relu_best.pth...20260220_112643
At epoch 502, test loss = 17.1096
...model saved to 15_exp/models/FloydWarshallDataset_vanilla_0.0001_20000_20260220_112048_relu_best.pth...20260220_112643
At epoch 503, test loss = 16.9529
...model saved to 15_exp/models/FloydWarshallDataset_vanilla_0.0001_20000_20260220_112048_relu_best.pth...20260220_112644
At epoch 504, test loss = 16.7983
...model saved to 15_exp/models/FloydWarshallDataset_vanilla_0.0001_20000_20260220_112048_relu_best.pth...20260220_112645
At epoch 505, test loss = 16.6810
...model saved to 15_exp/models/FloydWarshallDataset_vanilla_0.0001_20000_20260220_112048_relu_best.pth...20260220_112645
At epoch 506, test loss = 16.5253
...model saved to 15_exp/models/FloydWarshallDataset_vanilla_0.0001_20000_20260220_112048_relu_best.pth...20260220_112646
At epoch 507, test loss = 16.3636
...model saved to 15_exp/models/FloydWarshallDataset_vanilla_0.0001_20000_20260220_112048_relu_best.pth...20260220_112647
At epoch 508, test loss = 16.2216
...model saved to 15_exp/models/FloydWarshallDataset_vanilla_0.0001_20000_20260220_112048_relu_best.pth...20260220_112647
At epoch 509, test loss = 16.0518
...model saved to 15_exp/models/FloydWarshallDataset_vanilla_0.0001_20000_20260220_112048_relu_best.pth...20260220_112648
At epoch 510, test loss = 15.9039
...model saved to 15_exp/models/FloydWarshallDataset_vanilla_0.0001_20000_20260220_112048_relu_best.pth...20260220_112648
At epoch 511, test loss = 15.7785
...model saved to 15_exp/models/FloydWarshallDataset_vanilla_0.0001_20000_20260220_112048_relu_best.pth...20260220_112649
At epoch 512, test loss = 15.6112
...model saved to 15_exp/models/FloydWarshallDataset_vanilla_0.0001_20000_20260220_112048_relu_best.pth...20260220_112650
At epoch 513, test loss = 15.4752
...model saved to 15_exp/models/FloydWarshallDataset_vanilla_0.0001_20000_20260220_112048_relu_best.pth...20260220_112650
At epoch 514, test loss = 15.3369
...model saved to 15_exp/models/FloydWarshallDataset_vanilla_0.0001_20000_20260220_112048_relu_best.pth...20260220_112651
At epoch 515, test loss = 15.2058
...model saved to 15_exp/models/FloydWarshallDataset_vanilla_0.0001_20000_20260220_112048_relu_best.pth...20260220_112652
At epoch 516, test loss = 15.0432
...model saved to 15_exp/models/FloydWarshallDataset_vanilla_0.0001_20000_20260220_112048_relu_best.pth...20260220_112652
At epoch 517, test loss = 14.8872
...model saved to 15_exp/models/FloydWarshallDataset_vanilla_0.0001_20000_20260220_112048_relu_best.pth...20260220_112653
At epoch 518, test loss = 14.7460
...model saved to 15_exp/models/FloydWarshallDataset_vanilla_0.0001_20000_20260220_112048_relu_best.pth...20260220_112653
At epoch 519, test loss = 14.6140
...model saved to 15_exp/models/FloydWarshallDataset_vanilla_0.0001_20000_20260220_112048_relu_best.pth...20260220_112654
At epoch 520, test loss = 14.4596
...model saved to 15_exp/models/FloydWarshallDataset_vanilla_0.0001_20000_20260220_112048_relu_best.pth...20260220_112655
At epoch 521, test loss = 14.3176
...model saved to 15_exp/models/FloydWarshallDataset_vanilla_0.0001_20000_20260220_112048_relu_best.pth...20260220_112655
At epoch 522, test loss = 14.1568
...model saved to 15_exp/models/FloydWarshallDataset_vanilla_0.0001_20000_20260220_112048_relu_best.pth...20260220_112656
At epoch 523, test loss = 14.0322
...model saved to 15_exp/models/FloydWarshallDataset_vanilla_0.0001_20000_20260220_112048_relu_best.pth...20260220_112656
At epoch 524, test loss = 13.8912
...model saved to 15_exp/models/FloydWarshallDataset_vanilla_0.0001_20000_20260220_112048_relu_best.pth...20260220_112657
At epoch 525, test loss = 13.7242
...model saved to 15_exp/models/FloydWarshallDataset_vanilla_0.0001_20000_20260220_112048_relu_best.pth...20260220_112658
At epoch 526, test loss = 13.5665
...model saved to 15_exp/models/FloydWarshallDataset_vanilla_0.0001_20000_20260220_112048_relu_best.pth...20260220_112658
At epoch 527, test loss = 13.4436
...model saved to 15_exp/models/FloydWarshallDataset_vanilla_0.0001_20000_20260220_112048_relu_best.pth...20260220_112659
At epoch 528, test loss = 13.2910
...model saved to 15_exp/models/FloydWarshallDataset_vanilla_0.0001_20000_20260220_112048_relu_best.pth...20260220_112659
At epoch 529, test loss = 13.1426
...model saved to 15_exp/models/FloydWarshallDataset_vanilla_0.0001_20000_20260220_112048_relu_best.pth...20260220_112700
At epoch 530, test loss = 12.9907
...model saved to 15_exp/models/FloydWarshallDataset_vanilla_0.0001_20000_20260220_112048_relu_best.pth...20260220_112701
At epoch 531, test loss = 12.8540
...model saved to 15_exp/models/FloydWarshallDataset_vanilla_0.0001_20000_20260220_112048_relu_best.pth...20260220_112701
At epoch 532, test loss = 12.6986
...model saved to 15_exp/models/FloydWarshallDataset_vanilla_0.0001_20000_20260220_112048_relu_best.pth...20260220_112702
At epoch 533, test loss = 12.5519
...model saved to 15_exp/models/FloydWarshallDataset_vanilla_0.0001_20000_20260220_112048_relu_best.pth...20260220_112702
At epoch 534, test loss = 12.3903
...model saved to 15_exp/models/FloydWarshallDataset_vanilla_0.0001_20000_20260220_112048_relu_best.pth...20260220_112703
At epoch 535, test loss = 12.2441
...model saved to 15_exp/models/FloydWarshallDataset_vanilla_0.0001_20000_20260220_112048_relu_best.pth...20260220_112704
At epoch 536, test loss = 12.1038
...model saved to 15_exp/models/FloydWarshallDataset_vanilla_0.0001_20000_20260220_112048_relu_best.pth...20260220_112704
At epoch 537, test loss = 11.9570
...model saved to 15_exp/models/FloydWarshallDataset_vanilla_0.0001_20000_20260220_112048_relu_best.pth...20260220_112705
At epoch 538, test loss = 11.7987
...model saved to 15_exp/models/FloydWarshallDataset_vanilla_0.0001_20000_20260220_112048_relu_best.pth...20260220_112706
At epoch 539, test loss = 11.6403
...model saved to 15_exp/models/FloydWarshallDataset_vanilla_0.0001_20000_20260220_112048_relu_best.pth...20260220_112706
At epoch 540, test loss = 11.4980
...model saved to 15_exp/models/FloydWarshallDataset_vanilla_0.0001_20000_20260220_112048_relu_best.pth...20260220_112707
At epoch 541, test loss = 11.3538
...model saved to 15_exp/models/FloydWarshallDataset_vanilla_0.0001_20000_20260220_112048_relu_best.pth...20260220_112707
At epoch 542, test loss = 11.2107
...model saved to 15_exp/models/FloydWarshallDataset_vanilla_0.0001_20000_20260220_112048_relu_best.pth...20260220_112708
At epoch 543, test loss = 11.0751
...model saved to 15_exp/models/FloydWarshallDataset_vanilla_0.0001_20000_20260220_112048_relu_best.pth...20260220_112709
At epoch 544, test loss = 10.9242
...model saved to 15_exp/models/FloydWarshallDataset_vanilla_0.0001_20000_20260220_112048_relu_best.pth...20260220_112709
At epoch 545, test loss = 10.7838
...model saved to 15_exp/models/FloydWarshallDataset_vanilla_0.0001_20000_20260220_112048_relu_best.pth...20260220_112710
At epoch 546, test loss = 10.6458
...model saved to 15_exp/models/FloydWarshallDataset_vanilla_0.0001_20000_20260220_112048_relu_best.pth...20260220_112711
At epoch 547, test loss = 10.5059
...model saved to 15_exp/models/FloydWarshallDataset_vanilla_0.0001_20000_20260220_112048_relu_best.pth...20260220_112711
At epoch 548, test loss = 10.3563
...model saved to 15_exp/models/FloydWarshallDataset_vanilla_0.0001_20000_20260220_112048_relu_best.pth...20260220_112712
At epoch 549, test loss = 10.2255
...model saved to 15_exp/models/FloydWarshallDataset_vanilla_0.0001_20000_20260220_112048_relu_best.pth...20260220_112712
At epoch 550, test loss = 10.0971
...model saved to 15_exp/models/FloydWarshallDataset_vanilla_0.0001_20000_20260220_112048_relu_best.pth...20260220_112713
At epoch 551, test loss = 9.9637
...model saved to 15_exp/models/FloydWarshallDataset_vanilla_0.0001_20000_20260220_112048_relu_best.pth...20260220_112714
At epoch 552, test loss = 9.8249
...model saved to 15_exp/models/FloydWarshallDataset_vanilla_0.0001_20000_20260220_112048_relu_best.pth...20260220_112714
At epoch 553, test loss = 9.6970
...model saved to 15_exp/models/FloydWarshallDataset_vanilla_0.0001_20000_20260220_112048_relu_best.pth...20260220_112715
At epoch 554, test loss = 9.5927
...model saved to 15_exp/models/FloydWarshallDataset_vanilla_0.0001_20000_20260220_112048_relu_best.pth...20260220_112715
At epoch 555, test loss = 9.4601
...model saved to 15_exp/models/FloydWarshallDataset_vanilla_0.0001_20000_20260220_112048_relu_best.pth...20260220_112716
At epoch 556, test loss = 9.3320
...model saved to 15_exp/models/FloydWarshallDataset_vanilla_0.0001_20000_20260220_112048_relu_best.pth...20260220_112717
At epoch 557, test loss = 9.2241
...model saved to 15_exp/models/FloydWarshallDataset_vanilla_0.0001_20000_20260220_112048_relu_best.pth...20260220_112717
At epoch 558, test loss = 9.1067
...model saved to 15_exp/models/FloydWarshallDataset_vanilla_0.0001_20000_20260220_112048_relu_best.pth...20260220_112718
At epoch 559, test loss = 8.9646
...model saved to 15_exp/models/FloydWarshallDataset_vanilla_0.0001_20000_20260220_112048_relu_best.pth...20260220_112718
At epoch 560, test loss = 8.8423
...model saved to 15_exp/models/FloydWarshallDataset_vanilla_0.0001_20000_20260220_112048_relu_best.pth...20260220_112719
At epoch 561, test loss = 8.7274
...model saved to 15_exp/models/FloydWarshallDataset_vanilla_0.0001_20000_20260220_112048_relu_best.pth...20260220_112720
At epoch 562, test loss = 8.6080
...model saved to 15_exp/models/FloydWarshallDataset_vanilla_0.0001_20000_20260220_112048_relu_best.pth...20260220_112720
At epoch 563, test loss = 8.4922
...model saved to 15_exp/models/FloydWarshallDataset_vanilla_0.0001_20000_20260220_112048_relu_best.pth...20260220_112721
At epoch 564, test loss = 8.3897
...model saved to 15_exp/models/FloydWarshallDataset_vanilla_0.0001_20000_20260220_112048_relu_best.pth...20260220_112721
At epoch 565, test loss = 8.2703
...model saved to 15_exp/models/FloydWarshallDataset_vanilla_0.0001_20000_20260220_112048_relu_best.pth...20260220_112722
At epoch 566, test loss = 8.1414
...model saved to 15_exp/models/FloydWarshallDataset_vanilla_0.0001_20000_20260220_112048_relu_best.pth...20260220_112723
At epoch 567, test loss = 8.0344
...model saved to 15_exp/models/FloydWarshallDataset_vanilla_0.0001_20000_20260220_112048_relu_best.pth...20260220_112723
At epoch 568, test loss = 7.9318
...model saved to 15_exp/models/FloydWarshallDataset_vanilla_0.0001_20000_20260220_112048_relu_best.pth...20260220_112724
At epoch 569, test loss = 7.8062
...model saved to 15_exp/models/FloydWarshallDataset_vanilla_0.0001_20000_20260220_112048_relu_best.pth...20260220_112724
At epoch 570, test loss = 7.7434
...model saved to 15_exp/models/FloydWarshallDataset_vanilla_0.0001_20000_20260220_112048_relu_best.pth...20260220_112725
At epoch 571, test loss = 7.5976
...model saved to 15_exp/models/FloydWarshallDataset_vanilla_0.0001_20000_20260220_112048_relu_best.pth...20260220_112726
At epoch 572, test loss = 7.4834
...model saved to 15_exp/models/FloydWarshallDataset_vanilla_0.0001_20000_20260220_112048_relu_best.pth...20260220_112726
At epoch 573, test loss = 7.3644
...model saved to 15_exp/models/FloydWarshallDataset_vanilla_0.0001_20000_20260220_112048_relu_best.pth...20260220_112727
At epoch 574, test loss = 7.2781
...model saved to 15_exp/models/FloydWarshallDataset_vanilla_0.0001_20000_20260220_112048_relu_best.pth...20260220_112728
At epoch 575, test loss = 7.1425
...model saved to 15_exp/models/FloydWarshallDataset_vanilla_0.0001_20000_20260220_112048_relu_best.pth...20260220_112728
At epoch 576, test loss = 7.0535
...model saved to 15_exp/models/FloydWarshallDataset_vanilla_0.0001_20000_20260220_112048_relu_best.pth...20260220_112729
At epoch 577, test loss = 6.9319
...model saved to 15_exp/models/FloydWarshallDataset_vanilla_0.0001_20000_20260220_112048_relu_best.pth...20260220_112729
At epoch 578, test loss = 6.8423
...model saved to 15_exp/models/FloydWarshallDataset_vanilla_0.0001_20000_20260220_112048_relu_best.pth...20260220_112730
At epoch 579, test loss = 6.7108
...model saved to 15_exp/models/FloydWarshallDataset_vanilla_0.0001_20000_20260220_112048_relu_best.pth...20260220_112731
At epoch 580, test loss = 6.6030
...model saved to 15_exp/models/FloydWarshallDataset_vanilla_0.0001_20000_20260220_112048_relu_best.pth...20260220_112731
At epoch 581, test loss = 6.4895
...model saved to 15_exp/models/FloydWarshallDataset_vanilla_0.0001_20000_20260220_112048_relu_best.pth...20260220_112732
At epoch 582, test loss = 6.3904
...model saved to 15_exp/models/FloydWarshallDataset_vanilla_0.0001_20000_20260220_112048_relu_best.pth...20260220_112732
At epoch 583, test loss = 6.3164
...model saved to 15_exp/models/FloydWarshallDataset_vanilla_0.0001_20000_20260220_112048_relu_best.pth...20260220_112733
At epoch 584, test loss = 6.1817
...model saved to 15_exp/models/FloydWarshallDataset_vanilla_0.0001_20000_20260220_112048_relu_best.pth...20260220_112734
At epoch 585, test loss = 6.0823
...model saved to 15_exp/models/FloydWarshallDataset_vanilla_0.0001_20000_20260220_112048_relu_best.pth...20260220_112734
At epoch 586, test loss = 5.9830
...model saved to 15_exp/models/FloydWarshallDataset_vanilla_0.0001_20000_20260220_112048_relu_best.pth...20260220_112735
At epoch 587, test loss = 5.8956
...model saved to 15_exp/models/FloydWarshallDataset_vanilla_0.0001_20000_20260220_112048_relu_best.pth...20260220_112735
At epoch 588, test loss = 5.7667
...model saved to 15_exp/models/FloydWarshallDataset_vanilla_0.0001_20000_20260220_112048_relu_best.pth...20260220_112736
At epoch 589, test loss = 5.6823
...model saved to 15_exp/models/FloydWarshallDataset_vanilla_0.0001_20000_20260220_112048_relu_best.pth...20260220_112737
At epoch 590, test loss = 5.6004
...model saved to 15_exp/models/FloydWarshallDataset_vanilla_0.0001_20000_20260220_112048_relu_best.pth...20260220_112737
At epoch 591, test loss = 5.4750
...model saved to 15_exp/models/FloydWarshallDataset_vanilla_0.0001_20000_20260220_112048_relu_best.pth...20260220_112738
At epoch 592, test loss = 5.3798
...model saved to 15_exp/models/FloydWarshallDataset_vanilla_0.0001_20000_20260220_112048_relu_best.pth...20260220_112738
At epoch 593, test loss = 5.2776
...model saved to 15_exp/models/FloydWarshallDataset_vanilla_0.0001_20000_20260220_112048_relu_best.pth...20260220_112739
At epoch 594, test loss = 5.1897
...model saved to 15_exp/models/FloydWarshallDataset_vanilla_0.0001_20000_20260220_112048_relu_best.pth...20260220_112740
At epoch 595, test loss = 5.1059
...model saved to 15_exp/models/FloydWarshallDataset_vanilla_0.0001_20000_20260220_112048_relu_best.pth...20260220_112740
At epoch 596, test loss = 5.0085
...model saved to 15_exp/models/FloydWarshallDataset_vanilla_0.0001_20000_20260220_112048_relu_best.pth...20260220_112741
At epoch 597, test loss = 4.9009
...model saved to 15_exp/models/FloydWarshallDataset_vanilla_0.0001_20000_20260220_112048_relu_best.pth...20260220_112742
At epoch 598, test loss = 4.8169
...model saved to 15_exp/models/FloydWarshallDataset_vanilla_0.0001_20000_20260220_112048_relu_best.pth...20260220_112742
At epoch 599, test loss = 4.7271
...model saved to 15_exp/models/FloydWarshallDataset_vanilla_0.0001_20000_20260220_112048_relu_best.pth...20260220_112743
At epoch 600, test loss = 4.6396
...model saved to 15_exp/models/FloydWarshallDataset_vanilla_0.0001_20000_20260220_112048_relu_best.pth...20260220_112743
At epoch 601, test loss = 4.5532
...model saved to 15_exp/models/FloydWarshallDataset_vanilla_0.0001_20000_20260220_112048_relu_best.pth...20260220_112744
At epoch 602, test loss = 4.4744
...model saved to 15_exp/models/FloydWarshallDataset_vanilla_0.0001_20000_20260220_112048_relu_best.pth...20260220_112745
At epoch 603, test loss = 4.3852
...model saved to 15_exp/models/FloydWarshallDataset_vanilla_0.0001_20000_20260220_112048_relu_best.pth...20260220_112745
At epoch 604, test loss = 4.3199
...model saved to 15_exp/models/FloydWarshallDataset_vanilla_0.0001_20000_20260220_112048_relu_best.pth...20260220_112746
At epoch 605, test loss = 4.2357
...model saved to 15_exp/models/FloydWarshallDataset_vanilla_0.0001_20000_20260220_112048_relu_best.pth...20260220_112746
At epoch 606, test loss = 4.1524
...model saved to 15_exp/models/FloydWarshallDataset_vanilla_0.0001_20000_20260220_112048_relu_best.pth...20260220_112747
At epoch 607, test loss = 4.0701
...model saved to 15_exp/models/FloydWarshallDataset_vanilla_0.0001_20000_20260220_112048_relu_best.pth...20260220_112748
At epoch 608, test loss = 3.9941
...model saved to 15_exp/models/FloydWarshallDataset_vanilla_0.0001_20000_20260220_112048_relu_best.pth...20260220_112748
At epoch 609, test loss = 3.9446
...model saved to 15_exp/models/FloydWarshallDataset_vanilla_0.0001_20000_20260220_112048_relu_best.pth...20260220_112749
At epoch 610, test loss = 3.8659
...model saved to 15_exp/models/FloydWarshallDataset_vanilla_0.0001_20000_20260220_112048_relu_best.pth...20260220_112749
At epoch 611, test loss = 3.8123
...model saved to 15_exp/models/FloydWarshallDataset_vanilla_0.0001_20000_20260220_112048_relu_best.pth...20260220_112750
At epoch 612, test loss = 3.7638
...model saved to 15_exp/models/FloydWarshallDataset_vanilla_0.0001_20000_20260220_112048_relu_best.pth...20260220_112751
At epoch 613, test loss = 3.7092
...model saved to 15_exp/models/FloydWarshallDataset_vanilla_0.0001_20000_20260220_112048_relu_best.pth...20260220_112751
At epoch 614, test loss = 3.6412
...model saved to 15_exp/models/FloydWarshallDataset_vanilla_0.0001_20000_20260220_112048_relu_best.pth...20260220_112752
At epoch 615, test loss = 3.6178
...model saved to 15_exp/models/FloydWarshallDataset_vanilla_0.0001_20000_20260220_112048_relu_best.pth...20260220_112752
At epoch 616, test loss = 3.5506
...model saved to 15_exp/models/FloydWarshallDataset_vanilla_0.0001_20000_20260220_112048_relu_best.pth...20260220_112753
At epoch 617, test loss = 3.5028
...model saved to 15_exp/models/FloydWarshallDataset_vanilla_0.0001_20000_20260220_112048_relu_best.pth...20260220_112754
At epoch 618, test loss = 3.4556
...model saved to 15_exp/models/FloydWarshallDataset_vanilla_0.0001_20000_20260220_112048_relu_best.pth...20260220_112754
At epoch 619, test loss = 3.4035
...model saved to 15_exp/models/FloydWarshallDataset_vanilla_0.0001_20000_20260220_112048_relu_best.pth...20260220_112755
At epoch 620, test loss = 3.3909
...model saved to 15_exp/models/FloydWarshallDataset_vanilla_0.0001_20000_20260220_112048_relu_best.pth...20260220_112755
At epoch 621, test loss = 3.3379
...model saved to 15_exp/models/FloydWarshallDataset_vanilla_0.0001_20000_20260220_112048_relu_best.pth...20260220_112756
At epoch 622, test loss = 3.2914
...model saved to 15_exp/models/FloydWarshallDataset_vanilla_0.0001_20000_20260220_112048_relu_best.pth...20260220_112757
At epoch 623, test loss = 3.2620
...model saved to 15_exp/models/FloydWarshallDataset_vanilla_0.0001_20000_20260220_112048_relu_best.pth...20260220_112757
At epoch 624, test loss = 3.2335
...model saved to 15_exp/models/FloydWarshallDataset_vanilla_0.0001_20000_20260220_112048_relu_best.pth...20260220_112758
At epoch 625, test loss = 3.1979
...model saved to 15_exp/models/FloydWarshallDataset_vanilla_0.0001_20000_20260220_112048_relu_best.pth...20260220_112759
At epoch 626, test loss = 3.1703
...model saved to 15_exp/models/FloydWarshallDataset_vanilla_0.0001_20000_20260220_112048_relu_best.pth...20260220_112759
At epoch 627, test loss = 3.1348
...model saved to 15_exp/models/FloydWarshallDataset_vanilla_0.0001_20000_20260220_112048_relu_best.pth...20260220_112800
At epoch 628, test loss = 3.1123
...model saved to 15_exp/models/FloydWarshallDataset_vanilla_0.0001_20000_20260220_112048_relu_best.pth...20260220_112800
At epoch 629, test loss = 3.0792
...model saved to 15_exp/models/FloydWarshallDataset_vanilla_0.0001_20000_20260220_112048_relu_best.pth...20260220_112801
At epoch 630, test loss = 3.0547
...model saved to 15_exp/models/FloydWarshallDataset_vanilla_0.0001_20000_20260220_112048_relu_best.pth...20260220_112802
At epoch 631, test loss = 3.0365
...model saved to 15_exp/models/FloydWarshallDataset_vanilla_0.0001_20000_20260220_112048_relu_best.pth...20260220_112802
At epoch 632, test loss = 2.9993
...model saved to 15_exp/models/FloydWarshallDataset_vanilla_0.0001_20000_20260220_112048_relu_best.pth...20260220_112803
At epoch 633, test loss = 2.9679
...model saved to 15_exp/models/FloydWarshallDataset_vanilla_0.0001_20000_20260220_112048_relu_best.pth...20260220_112804
At epoch 634, test loss = 2.9507
...model saved to 15_exp/models/FloydWarshallDataset_vanilla_0.0001_20000_20260220_112048_relu_best.pth...20260220_112804
At epoch 636, test loss = 2.9144
...model saved to 15_exp/models/FloydWarshallDataset_vanilla_0.0001_20000_20260220_112048_relu_best.pth...20260220_112805
At epoch 637, test loss = 2.8960
...model saved to 15_exp/models/FloydWarshallDataset_vanilla_0.0001_20000_20260220_112048_relu_best.pth...20260220_112806
At epoch 638, test loss = 2.8861
...model saved to 15_exp/models/FloydWarshallDataset_vanilla_0.0001_20000_20260220_112048_relu_best.pth...20260220_112807
At epoch 639, test loss = 2.8683
...model saved to 15_exp/models/FloydWarshallDataset_vanilla_0.0001_20000_20260220_112048_relu_best.pth...20260220_112807
At epoch 640, test loss = 2.8223
...model saved to 15_exp/models/FloydWarshallDataset_vanilla_0.0001_20000_20260220_112048_relu_best.pth...20260220_112808
At epoch 641, test loss = 2.8024
...model saved to 15_exp/models/FloydWarshallDataset_vanilla_0.0001_20000_20260220_112048_relu_best.pth...20260220_112808
At epoch 642, test loss = 2.7873
...model saved to 15_exp/models/FloydWarshallDataset_vanilla_0.0001_20000_20260220_112048_relu_best.pth...20260220_112809
At epoch 643, test loss = 2.7669
...model saved to 15_exp/models/FloydWarshallDataset_vanilla_0.0001_20000_20260220_112048_relu_best.pth...20260220_112810
At epoch 644, test loss = 2.7435
...model saved to 15_exp/models/FloydWarshallDataset_vanilla_0.0001_20000_20260220_112048_relu_best.pth...20260220_112810
At epoch 645, test loss = 2.7326
...model saved to 15_exp/models/FloydWarshallDataset_vanilla_0.0001_20000_20260220_112048_relu_best.pth...20260220_112811
At epoch 646, test loss = 2.7059
...model saved to 15_exp/models/FloydWarshallDataset_vanilla_0.0001_20000_20260220_112048_relu_best.pth...20260220_112811
At epoch 647, test loss = 2.6999
...model saved to 15_exp/models/FloydWarshallDataset_vanilla_0.0001_20000_20260220_112048_relu_best.pth...20260220_112812
At epoch 648, test loss = 2.6805
...model saved to 15_exp/models/FloydWarshallDataset_vanilla_0.0001_20000_20260220_112048_relu_best.pth...20260220_112813
At epoch 649, test loss = 2.6684
...model saved to 15_exp/models/FloydWarshallDataset_vanilla_0.0001_20000_20260220_112048_relu_best.pth...20260220_112813
At epoch 650, test loss = 2.6464
...model saved to 15_exp/models/FloydWarshallDataset_vanilla_0.0001_20000_20260220_112048_relu_best.pth...20260220_112814
At epoch 652, test loss = 2.6080
...model saved to 15_exp/models/FloydWarshallDataset_vanilla_0.0001_20000_20260220_112048_relu_best.pth...20260220_112815
At epoch 654, test loss = 2.6043
...model saved to 15_exp/models/FloydWarshallDataset_vanilla_0.0001_20000_20260220_112048_relu_best.pth...20260220_112816
At epoch 655, test loss = 2.5942
...model saved to 15_exp/models/FloydWarshallDataset_vanilla_0.0001_20000_20260220_112048_relu_best.pth...20260220_112817
At epoch 656, test loss = 2.5555
...model saved to 15_exp/models/FloydWarshallDataset_vanilla_0.0001_20000_20260220_112048_relu_best.pth...20260220_112817
At epoch 657, test loss = 2.5522
...model saved to 15_exp/models/FloydWarshallDataset_vanilla_0.0001_20000_20260220_112048_relu_best.pth...20260220_112818
At epoch 658, test loss = 2.5456
...model saved to 15_exp/models/FloydWarshallDataset_vanilla_0.0001_20000_20260220_112048_relu_best.pth...20260220_112818
At epoch 659, test loss = 2.5111
...model saved to 15_exp/models/FloydWarshallDataset_vanilla_0.0001_20000_20260220_112048_relu_best.pth...20260220_112819
At epoch 660, test loss = 2.4894
...model saved to 15_exp/models/FloydWarshallDataset_vanilla_0.0001_20000_20260220_112048_relu_best.pth...20260220_112820
At epoch 662, test loss = 2.4684
...model saved to 15_exp/models/FloydWarshallDataset_vanilla_0.0001_20000_20260220_112048_relu_best.pth...20260220_112821
At epoch 664, test loss = 2.4348
...model saved to 15_exp/models/FloydWarshallDataset_vanilla_0.0001_20000_20260220_112048_relu_best.pth...20260220_112822
At epoch 666, test loss = 2.4171
...model saved to 15_exp/models/FloydWarshallDataset_vanilla_0.0001_20000_20260220_112048_relu_best.pth...20260220_112823
At epoch 667, test loss = 2.4108
...model saved to 15_exp/models/FloydWarshallDataset_vanilla_0.0001_20000_20260220_112048_relu_best.pth...20260220_112824
At epoch 668, test loss = 2.4028
...model saved to 15_exp/models/FloydWarshallDataset_vanilla_0.0001_20000_20260220_112048_relu_best.pth...20260220_112824
At epoch 669, test loss = 2.3894
...model saved to 15_exp/models/FloydWarshallDataset_vanilla_0.0001_20000_20260220_112048_relu_best.pth...20260220_112825
At epoch 670, test loss = 2.3782
...model saved to 15_exp/models/FloydWarshallDataset_vanilla_0.0001_20000_20260220_112048_relu_best.pth...20260220_112825
At epoch 671, test loss = 2.3705
...model saved to 15_exp/models/FloydWarshallDataset_vanilla_0.0001_20000_20260220_112048_relu_best.pth...20260220_112826
At epoch 672, test loss = 2.3603
...model saved to 15_exp/models/FloydWarshallDataset_vanilla_0.0001_20000_20260220_112048_relu_best.pth...20260220_112826
At epoch 673, test loss = 2.3322
...model saved to 15_exp/models/FloydWarshallDataset_vanilla_0.0001_20000_20260220_112048_relu_best.pth...20260220_112827
At epoch 674, test loss = 2.3160
...model saved to 15_exp/models/FloydWarshallDataset_vanilla_0.0001_20000_20260220_112048_relu_best.pth...20260220_112828
At epoch 675, test loss = 2.3099
...model saved to 15_exp/models/FloydWarshallDataset_vanilla_0.0001_20000_20260220_112048_relu_best.pth...20260220_112828
At epoch 677, test loss = 2.2910
...model saved to 15_exp/models/FloydWarshallDataset_vanilla_0.0001_20000_20260220_112048_relu_best.pth...20260220_112829
At epoch 678, test loss = 2.2697
...model saved to 15_exp/models/FloydWarshallDataset_vanilla_0.0001_20000_20260220_112048_relu_best.pth...20260220_112830
At epoch 679, test loss = 2.2678
...model saved to 15_exp/models/FloydWarshallDataset_vanilla_0.0001_20000_20260220_112048_relu_best.pth...20260220_112830
At epoch 680, test loss = 2.2511
...model saved to 15_exp/models/FloydWarshallDataset_vanilla_0.0001_20000_20260220_112048_relu_best.pth...20260220_112831
At epoch 681, test loss = 2.2383
...model saved to 15_exp/models/FloydWarshallDataset_vanilla_0.0001_20000_20260220_112048_relu_best.pth...20260220_112832
At epoch 683, test loss = 2.2312
...model saved to 15_exp/models/FloydWarshallDataset_vanilla_0.0001_20000_20260220_112048_relu_best.pth...20260220_112833
At epoch 684, test loss = 2.2166
...model saved to 15_exp/models/FloydWarshallDataset_vanilla_0.0001_20000_20260220_112048_relu_best.pth...20260220_112833
At epoch 685, test loss = 2.2116
...model saved to 15_exp/models/FloydWarshallDataset_vanilla_0.0001_20000_20260220_112048_relu_best.pth...20260220_112834
At epoch 686, test loss = 2.2008
...model saved to 15_exp/models/FloydWarshallDataset_vanilla_0.0001_20000_20260220_112048_relu_best.pth...20260220_112834
At epoch 687, test loss = 2.1866
...model saved to 15_exp/models/FloydWarshallDataset_vanilla_0.0001_20000_20260220_112048_relu_best.pth...20260220_112835
At epoch 688, test loss = 2.1796
...model saved to 15_exp/models/FloydWarshallDataset_vanilla_0.0001_20000_20260220_112048_relu_best.pth...20260220_112836
At epoch 689, test loss = 2.1741
...model saved to 15_exp/models/FloydWarshallDataset_vanilla_0.0001_20000_20260220_112048_relu_best.pth...20260220_112836
At epoch 690, test loss = 2.1618
...model saved to 15_exp/models/FloydWarshallDataset_vanilla_0.0001_20000_20260220_112048_relu_best.pth...20260220_112837
At epoch 691, test loss = 2.1542
...model saved to 15_exp/models/FloydWarshallDataset_vanilla_0.0001_20000_20260220_112048_relu_best.pth...20260220_112837
At epoch 692, test loss = 2.1401
...model saved to 15_exp/models/FloydWarshallDataset_vanilla_0.0001_20000_20260220_112048_relu_best.pth...20260220_112838
At epoch 693, test loss = 2.1348
...model saved to 15_exp/models/FloydWarshallDataset_vanilla_0.0001_20000_20260220_112048_relu_best.pth...20260220_112838
At epoch 694, test loss = 2.1226
...model saved to 15_exp/models/FloydWarshallDataset_vanilla_0.0001_20000_20260220_112048_relu_best.pth...20260220_112839
At epoch 695, test loss = 2.1104
...model saved to 15_exp/models/FloydWarshallDataset_vanilla_0.0001_20000_20260220_112048_relu_best.pth...20260220_112840
At epoch 696, test loss = 2.1040
...model saved to 15_exp/models/FloydWarshallDataset_vanilla_0.0001_20000_20260220_112048_relu_best.pth...20260220_112840
At epoch 697, test loss = 2.0931
...model saved to 15_exp/models/FloydWarshallDataset_vanilla_0.0001_20000_20260220_112048_relu_best.pth...20260220_112841
At epoch 698, test loss = 2.0882
...model saved to 15_exp/models/FloydWarshallDataset_vanilla_0.0001_20000_20260220_112048_relu_best.pth...20260220_112841
At epoch 699, test loss = 2.0725
...model saved to 15_exp/models/FloydWarshallDataset_vanilla_0.0001_20000_20260220_112048_relu_best.pth...20260220_112842
At epoch 701, test loss = 2.0502
...model saved to 15_exp/models/FloydWarshallDataset_vanilla_0.0001_20000_20260220_112048_relu_best.pth...20260220_112843
At epoch 704, test loss = 2.0334
...model saved to 15_exp/models/FloydWarshallDataset_vanilla_0.0001_20000_20260220_112048_relu_best.pth...20260220_112845
At epoch 705, test loss = 2.0234
...model saved to 15_exp/models/FloydWarshallDataset_vanilla_0.0001_20000_20260220_112048_relu_best.pth...20260220_112845
At epoch 706, test loss = 2.0170
...model saved to 15_exp/models/FloydWarshallDataset_vanilla_0.0001_20000_20260220_112048_relu_best.pth...20260220_112846
At epoch 707, test loss = 2.0094
...model saved to 15_exp/models/FloydWarshallDataset_vanilla_0.0001_20000_20260220_112048_relu_best.pth...20260220_112846
At epoch 708, test loss = 2.0006
...model saved to 15_exp/models/FloydWarshallDataset_vanilla_0.0001_20000_20260220_112048_relu_best.pth...20260220_112847
At epoch 710, test loss = 1.9905
...model saved to 15_exp/models/FloydWarshallDataset_vanilla_0.0001_20000_20260220_112048_relu_best.pth...20260220_112848
At epoch 711, test loss = 1.9774
...model saved to 15_exp/models/FloydWarshallDataset_vanilla_0.0001_20000_20260220_112048_relu_best.pth...20260220_112849
At epoch 712, test loss = 1.9663
...model saved to 15_exp/models/FloydWarshallDataset_vanilla_0.0001_20000_20260220_112048_relu_best.pth...20260220_112849
At epoch 714, test loss = 1.9619
...model saved to 15_exp/models/FloydWarshallDataset_vanilla_0.0001_20000_20260220_112048_relu_best.pth...20260220_112850
At epoch 716, test loss = 1.9594
...model saved to 15_exp/models/FloydWarshallDataset_vanilla_0.0001_20000_20260220_112048_relu_best.pth...20260220_112852
At epoch 717, test loss = 1.9433
...model saved to 15_exp/models/FloydWarshallDataset_vanilla_0.0001_20000_20260220_112048_relu_best.pth...20260220_112852
At epoch 719, test loss = 1.9237
...model saved to 15_exp/models/FloydWarshallDataset_vanilla_0.0001_20000_20260220_112048_relu_best.pth...20260220_112853
At epoch 720, test loss = 1.9066
...model saved to 15_exp/models/FloydWarshallDataset_vanilla_0.0001_20000_20260220_112048_relu_best.pth...20260220_112854
At epoch 723, test loss = 1.8916
...model saved to 15_exp/models/FloydWarshallDataset_vanilla_0.0001_20000_20260220_112048_relu_best.pth...20260220_112856
At epoch 725, test loss = 1.8857
...model saved to 15_exp/models/FloydWarshallDataset_vanilla_0.0001_20000_20260220_112048_relu_best.pth...20260220_112857
At epoch 726, test loss = 1.8746
...model saved to 15_exp/models/FloydWarshallDataset_vanilla_0.0001_20000_20260220_112048_relu_best.pth...20260220_112857
At epoch 727, test loss = 1.8615
...model saved to 15_exp/models/FloydWarshallDataset_vanilla_0.0001_20000_20260220_112048_relu_best.pth...20260220_112858
At epoch 731, test loss = 1.8527
...model saved to 15_exp/models/FloydWarshallDataset_vanilla_0.0001_20000_20260220_112048_relu_best.pth...20260220_112900
At epoch 732, test loss = 1.8297
...model saved to 15_exp/models/FloydWarshallDataset_vanilla_0.0001_20000_20260220_112048_relu_best.pth...20260220_112901
At epoch 735, test loss = 1.8251
...model saved to 15_exp/models/FloydWarshallDataset_vanilla_0.0001_20000_20260220_112048_relu_best.pth...20260220_112902
At epoch 736, test loss = 1.8197
...model saved to 15_exp/models/FloydWarshallDataset_vanilla_0.0001_20000_20260220_112048_relu_best.pth...20260220_112903
At epoch 739, test loss = 1.8188
...model saved to 15_exp/models/FloydWarshallDataset_vanilla_0.0001_20000_20260220_112048_relu_best.pth...20260220_112905
At epoch 740, test loss = 1.7941
...model saved to 15_exp/models/FloydWarshallDataset_vanilla_0.0001_20000_20260220_112048_relu_best.pth...20260220_112905
At epoch 741, test loss = 1.7905
...model saved to 15_exp/models/FloydWarshallDataset_vanilla_0.0001_20000_20260220_112048_relu_best.pth...20260220_112906
At epoch 743, test loss = 1.7730
...model saved to 15_exp/models/FloydWarshallDataset_vanilla_0.0001_20000_20260220_112048_relu_best.pth...20260220_112907
At epoch 744, test loss = 1.7709
...model saved to 15_exp/models/FloydWarshallDataset_vanilla_0.0001_20000_20260220_112048_relu_best.pth...20260220_112907
At epoch 746, test loss = 1.7660
...model saved to 15_exp/models/FloydWarshallDataset_vanilla_0.0001_20000_20260220_112048_relu_best.pth...20260220_112909
At epoch 748, test loss = 1.7659
...model saved to 15_exp/models/FloydWarshallDataset_vanilla_0.0001_20000_20260220_112048_relu_best.pth...20260220_112910
At epoch 749, test loss = 1.7485
...model saved to 15_exp/models/FloydWarshallDataset_vanilla_0.0001_20000_20260220_112048_relu_best.pth...20260220_112910
At epoch 750, test loss = 1.7367
...model saved to 15_exp/models/FloydWarshallDataset_vanilla_0.0001_20000_20260220_112048_relu_best.pth...20260220_112911
At epoch 751, test loss = 1.7334
...model saved to 15_exp/models/FloydWarshallDataset_vanilla_0.0001_20000_20260220_112048_relu_best.pth...20260220_112911
At epoch 753, test loss = 1.7153
...model saved to 15_exp/models/FloydWarshallDataset_vanilla_0.0001_20000_20260220_112048_relu_best.pth...20260220_112913
At epoch 755, test loss = 1.7005
...model saved to 15_exp/models/FloydWarshallDataset_vanilla_0.0001_20000_20260220_112048_relu_best.pth...20260220_112914
At epoch 756, test loss = 1.6976
...model saved to 15_exp/models/FloydWarshallDataset_vanilla_0.0001_20000_20260220_112048_relu_best.pth...20260220_112914
At epoch 758, test loss = 1.6901
...model saved to 15_exp/models/FloydWarshallDataset_vanilla_0.0001_20000_20260220_112048_relu_best.pth...20260220_112915
At epoch 760, test loss = 1.6786
...model saved to 15_exp/models/FloydWarshallDataset_vanilla_0.0001_20000_20260220_112048_relu_best.pth...20260220_112917
At epoch 762, test loss = 1.6748
...model saved to 15_exp/models/FloydWarshallDataset_vanilla_0.0001_20000_20260220_112048_relu_best.pth...20260220_112918
At epoch 763, test loss = 1.6676
...model saved to 15_exp/models/FloydWarshallDataset_vanilla_0.0001_20000_20260220_112048_relu_best.pth...20260220_112918
At epoch 765, test loss = 1.6665
...model saved to 15_exp/models/FloydWarshallDataset_vanilla_0.0001_20000_20260220_112048_relu_best.pth...20260220_112919
At epoch 766, test loss = 1.6589
...model saved to 15_exp/models/FloydWarshallDataset_vanilla_0.0001_20000_20260220_112048_relu_best.pth...20260220_112920
At epoch 767, test loss = 1.6472
...model saved to 15_exp/models/FloydWarshallDataset_vanilla_0.0001_20000_20260220_112048_relu_best.pth...20260220_112921
At epoch 768, test loss = 1.6467
...model saved to 15_exp/models/FloydWarshallDataset_vanilla_0.0001_20000_20260220_112048_relu_best.pth...20260220_112921
At epoch 771, test loss = 1.6276
...model saved to 15_exp/models/FloydWarshallDataset_vanilla_0.0001_20000_20260220_112048_relu_best.pth...20260220_112923
At epoch 773, test loss = 1.6261
...model saved to 15_exp/models/FloydWarshallDataset_vanilla_0.0001_20000_20260220_112048_relu_best.pth...20260220_112924
At epoch 774, test loss = 1.6196
...model saved to 15_exp/models/FloydWarshallDataset_vanilla_0.0001_20000_20260220_112048_relu_best.pth...20260220_112924
At epoch 778, test loss = 1.6131
...model saved to 15_exp/models/FloydWarshallDataset_vanilla_0.0001_20000_20260220_112048_relu_best.pth...20260220_112927
At epoch 779, test loss = 1.6057
...model saved to 15_exp/models/FloydWarshallDataset_vanilla_0.0001_20000_20260220_112048_relu_best.pth...20260220_112927
At epoch 780, test loss = 1.5958
...model saved to 15_exp/models/FloydWarshallDataset_vanilla_0.0001_20000_20260220_112048_relu_best.pth...20260220_112928
At epoch 781, test loss = 1.5878
...model saved to 15_exp/models/FloydWarshallDataset_vanilla_0.0001_20000_20260220_112048_relu_best.pth...20260220_112928
At epoch 783, test loss = 1.5841
...model saved to 15_exp/models/FloydWarshallDataset_vanilla_0.0001_20000_20260220_112048_relu_best.pth...20260220_112930
At epoch 785, test loss = 1.5707
...model saved to 15_exp/models/FloydWarshallDataset_vanilla_0.0001_20000_20260220_112048_relu_best.pth...20260220_112931
At epoch 786, test loss = 1.5693
...model saved to 15_exp/models/FloydWarshallDataset_vanilla_0.0001_20000_20260220_112048_relu_best.pth...20260220_112931
At epoch 788, test loss = 1.5621
...model saved to 15_exp/models/FloydWarshallDataset_vanilla_0.0001_20000_20260220_112048_relu_best.pth...20260220_112932
At epoch 789, test loss = 1.5577
...model saved to 15_exp/models/FloydWarshallDataset_vanilla_0.0001_20000_20260220_112048_relu_best.pth...20260220_112933
At epoch 792, test loss = 1.5523
...model saved to 15_exp/models/FloydWarshallDataset_vanilla_0.0001_20000_20260220_112048_relu_best.pth...20260220_112935
At epoch 793, test loss = 1.5407
...model saved to 15_exp/models/FloydWarshallDataset_vanilla_0.0001_20000_20260220_112048_relu_best.pth...20260220_112935
At epoch 796, test loss = 1.5304
...model saved to 15_exp/models/FloydWarshallDataset_vanilla_0.0001_20000_20260220_112048_relu_best.pth...20260220_112937
At epoch 798, test loss = 1.5264
...model saved to 15_exp/models/FloydWarshallDataset_vanilla_0.0001_20000_20260220_112048_relu_best.pth...20260220_112938
At epoch 799, test loss = 1.5214
...model saved to 15_exp/models/FloydWarshallDataset_vanilla_0.0001_20000_20260220_112048_relu_best.pth...20260220_112939
At epoch 800, test loss = 1.5149
...model saved to 15_exp/models/FloydWarshallDataset_vanilla_0.0001_20000_20260220_112048_relu_best.pth...20260220_112939
At epoch 801, test loss = 1.5116
...model saved to 15_exp/models/FloydWarshallDataset_vanilla_0.0001_20000_20260220_112048_relu_best.pth...20260220_112940
At epoch 802, test loss = 1.5078
...model saved to 15_exp/models/FloydWarshallDataset_vanilla_0.0001_20000_20260220_112048_relu_best.pth...20260220_112940
At epoch 804, test loss = 1.5051
...model saved to 15_exp/models/FloydWarshallDataset_vanilla_0.0001_20000_20260220_112048_relu_best.pth...20260220_112942
At epoch 805, test loss = 1.5020
...model saved to 15_exp/models/FloydWarshallDataset_vanilla_0.0001_20000_20260220_112048_relu_best.pth...20260220_112942
At epoch 807, test loss = 1.4945
...model saved to 15_exp/models/FloydWarshallDataset_vanilla_0.0001_20000_20260220_112048_relu_best.pth...20260220_112943
At epoch 808, test loss = 1.4943
...model saved to 15_exp/models/FloydWarshallDataset_vanilla_0.0001_20000_20260220_112048_relu_best.pth...20260220_112944
At epoch 809, test loss = 1.4875
...model saved to 15_exp/models/FloydWarshallDataset_vanilla_0.0001_20000_20260220_112048_relu_best.pth...20260220_112944
At epoch 811, test loss = 1.4826
...model saved to 15_exp/models/FloydWarshallDataset_vanilla_0.0001_20000_20260220_112048_relu_best.pth...20260220_112945
At epoch 812, test loss = 1.4659
...model saved to 15_exp/models/FloydWarshallDataset_vanilla_0.0001_20000_20260220_112048_relu_best.pth...20260220_112946
At epoch 814, test loss = 1.4651
...model saved to 15_exp/models/FloydWarshallDataset_vanilla_0.0001_20000_20260220_112048_relu_best.pth...20260220_112947
At epoch 816, test loss = 1.4576
...model saved to 15_exp/models/FloydWarshallDataset_vanilla_0.0001_20000_20260220_112048_relu_best.pth...20260220_112948
At epoch 817, test loss = 1.4500
...model saved to 15_exp/models/FloydWarshallDataset_vanilla_0.0001_20000_20260220_112048_relu_best.pth...20260220_112949
At epoch 818, test loss = 1.4490
...model saved to 15_exp/models/FloydWarshallDataset_vanilla_0.0001_20000_20260220_112048_relu_best.pth...20260220_112949
At epoch 820, test loss = 1.4484
...model saved to 15_exp/models/FloydWarshallDataset_vanilla_0.0001_20000_20260220_112048_relu_best.pth...20260220_112950
At epoch 821, test loss = 1.4471
...model saved to 15_exp/models/FloydWarshallDataset_vanilla_0.0001_20000_20260220_112048_relu_best.pth...20260220_112951
At epoch 822, test loss = 1.4429
...model saved to 15_exp/models/FloydWarshallDataset_vanilla_0.0001_20000_20260220_112048_relu_best.pth...20260220_112952
At epoch 823, test loss = 1.4331
...model saved to 15_exp/models/FloydWarshallDataset_vanilla_0.0001_20000_20260220_112048_relu_best.pth...20260220_112952
At epoch 825, test loss = 1.4317
...model saved to 15_exp/models/FloydWarshallDataset_vanilla_0.0001_20000_20260220_112048_relu_best.pth...20260220_112953
At epoch 826, test loss = 1.4308
...model saved to 15_exp/models/FloydWarshallDataset_vanilla_0.0001_20000_20260220_112048_relu_best.pth...20260220_112954
At epoch 828, test loss = 1.4211
...model saved to 15_exp/models/FloydWarshallDataset_vanilla_0.0001_20000_20260220_112048_relu_best.pth...20260220_112955
At epoch 829, test loss = 1.4068
...model saved to 15_exp/models/FloydWarshallDataset_vanilla_0.0001_20000_20260220_112048_relu_best.pth...20260220_112956
At epoch 832, test loss = 1.4041
...model saved to 15_exp/models/FloydWarshallDataset_vanilla_0.0001_20000_20260220_112048_relu_best.pth...20260220_112957
At epoch 835, test loss = 1.3944
...model saved to 15_exp/models/FloydWarshallDataset_vanilla_0.0001_20000_20260220_112048_relu_best.pth...20260220_112959
At epoch 838, test loss = 1.3901
...model saved to 15_exp/models/FloydWarshallDataset_vanilla_0.0001_20000_20260220_112048_relu_best.pth...20260220_113001
At epoch 839, test loss = 1.3871
...model saved to 15_exp/models/FloydWarshallDataset_vanilla_0.0001_20000_20260220_112048_relu_best.pth...20260220_113001
At epoch 840, test loss = 1.3838
...model saved to 15_exp/models/FloydWarshallDataset_vanilla_0.0001_20000_20260220_112048_relu_best.pth...20260220_113002
At epoch 842, test loss = 1.3712
...model saved to 15_exp/models/FloydWarshallDataset_vanilla_0.0001_20000_20260220_112048_relu_best.pth...20260220_113003
At epoch 846, test loss = 1.3594
...model saved to 15_exp/models/FloydWarshallDataset_vanilla_0.0001_20000_20260220_112048_relu_best.pth...20260220_113005
At epoch 851, test loss = 1.3425
...model saved to 15_exp/models/FloydWarshallDataset_vanilla_0.0001_20000_20260220_112048_relu_best.pth...20260220_113008
At epoch 856, test loss = 1.3320
...model saved to 15_exp/models/FloydWarshallDataset_vanilla_0.0001_20000_20260220_112048_relu_best.pth...20260220_113011
At epoch 858, test loss = 1.3263
...model saved to 15_exp/models/FloydWarshallDataset_vanilla_0.0001_20000_20260220_112048_relu_best.pth...20260220_113012
At epoch 860, test loss = 1.3240
...model saved to 15_exp/models/FloydWarshallDataset_vanilla_0.0001_20000_20260220_112048_relu_best.pth...20260220_113013
At epoch 862, test loss = 1.3153
...model saved to 15_exp/models/FloydWarshallDataset_vanilla_0.0001_20000_20260220_112048_relu_best.pth...20260220_113014
At epoch 865, test loss = 1.3086
...model saved to 15_exp/models/FloydWarshallDataset_vanilla_0.0001_20000_20260220_112048_relu_best.pth...20260220_113016
At epoch 868, test loss = 1.3058
...model saved to 15_exp/models/FloydWarshallDataset_vanilla_0.0001_20000_20260220_112048_relu_best.pth...20260220_113018
At epoch 869, test loss = 1.3017
...model saved to 15_exp/models/FloydWarshallDataset_vanilla_0.0001_20000_20260220_112048_relu_best.pth...20260220_113018
At epoch 871, test loss = 1.2992
...model saved to 15_exp/models/FloydWarshallDataset_vanilla_0.0001_20000_20260220_112048_relu_best.pth...20260220_113019
At epoch 872, test loss = 1.2918
...model saved to 15_exp/models/FloydWarshallDataset_vanilla_0.0001_20000_20260220_112048_relu_best.pth...20260220_113020
At epoch 878, test loss = 1.2774
...model saved to 15_exp/models/FloydWarshallDataset_vanilla_0.0001_20000_20260220_112048_relu_best.pth...20260220_113023
At epoch 881, test loss = 1.2729
...model saved to 15_exp/models/FloydWarshallDataset_vanilla_0.0001_20000_20260220_112048_relu_best.pth...20260220_113025
At epoch 882, test loss = 1.2701
...model saved to 15_exp/models/FloydWarshallDataset_vanilla_0.0001_20000_20260220_112048_relu_best.pth...20260220_113026
At epoch 883, test loss = 1.2695
...model saved to 15_exp/models/FloydWarshallDataset_vanilla_0.0001_20000_20260220_112048_relu_best.pth...20260220_113026
At epoch 886, test loss = 1.2580
...model saved to 15_exp/models/FloydWarshallDataset_vanilla_0.0001_20000_20260220_112048_relu_best.pth...20260220_113028
At epoch 889, test loss = 1.2564
...model saved to 15_exp/models/FloydWarshallDataset_vanilla_0.0001_20000_20260220_112048_relu_best.pth...20260220_113029
At epoch 891, test loss = 1.2499
...model saved to 15_exp/models/FloydWarshallDataset_vanilla_0.0001_20000_20260220_112048_relu_best.pth...20260220_113031
At epoch 893, test loss = 1.2397
...model saved to 15_exp/models/FloydWarshallDataset_vanilla_0.0001_20000_20260220_112048_relu_best.pth...20260220_113032
At epoch 895, test loss = 1.2379
...model saved to 15_exp/models/FloydWarshallDataset_vanilla_0.0001_20000_20260220_112048_relu_best.pth...20260220_113033
At epoch 898, test loss = 1.2365
...model saved to 15_exp/models/FloydWarshallDataset_vanilla_0.0001_20000_20260220_112048_relu_best.pth...20260220_113034
At epoch 899, test loss = 1.2317
...model saved to 15_exp/models/FloydWarshallDataset_vanilla_0.0001_20000_20260220_112048_relu_best.pth...20260220_113035
At epoch 901, test loss = 1.2240
...model saved to 15_exp/models/FloydWarshallDataset_vanilla_0.0001_20000_20260220_112048_relu_best.pth...20260220_113036
At epoch 906, test loss = 1.2237
...model saved to 15_exp/models/FloydWarshallDataset_vanilla_0.0001_20000_20260220_112048_relu_best.pth...20260220_113039
At epoch 907, test loss = 1.2174
...model saved to 15_exp/models/FloydWarshallDataset_vanilla_0.0001_20000_20260220_112048_relu_best.pth...20260220_113040
At epoch 909, test loss = 1.2162
...model saved to 15_exp/models/FloydWarshallDataset_vanilla_0.0001_20000_20260220_112048_relu_best.pth...20260220_113041
At epoch 910, test loss = 1.2139
...model saved to 15_exp/models/FloydWarshallDataset_vanilla_0.0001_20000_20260220_112048_relu_best.pth...20260220_113041
At epoch 912, test loss = 1.2061
...model saved to 15_exp/models/FloydWarshallDataset_vanilla_0.0001_20000_20260220_112048_relu_best.pth...20260220_113042
At epoch 916, test loss = 1.1982
...model saved to 15_exp/models/FloydWarshallDataset_vanilla_0.0001_20000_20260220_112048_relu_best.pth...20260220_113045
At epoch 918, test loss = 1.1973
...model saved to 15_exp/models/FloydWarshallDataset_vanilla_0.0001_20000_20260220_112048_relu_best.pth...20260220_113046
At epoch 920, test loss = 1.1791
...model saved to 15_exp/models/FloydWarshallDataset_vanilla_0.0001_20000_20260220_112048_relu_best.pth...20260220_113047
At epoch 926, test loss = 1.1776
...model saved to 15_exp/models/FloydWarshallDataset_vanilla_0.0001_20000_20260220_112048_relu_best.pth...20260220_113050
At epoch 928, test loss = 1.1728
...model saved to 15_exp/models/FloydWarshallDataset_vanilla_0.0001_20000_20260220_112048_relu_best.pth...20260220_113051
At epoch 929, test loss = 1.1686
...model saved to 15_exp/models/FloydWarshallDataset_vanilla_0.0001_20000_20260220_112048_relu_best.pth...20260220_113052
At epoch 930, test loss = 1.1658
...model saved to 15_exp/models/FloydWarshallDataset_vanilla_0.0001_20000_20260220_112048_relu_best.pth...20260220_113053
At epoch 931, test loss = 1.1648
...model saved to 15_exp/models/FloydWarshallDataset_vanilla_0.0001_20000_20260220_112048_relu_best.pth...20260220_113053
At epoch 933, test loss = 1.1612
...model saved to 15_exp/models/FloydWarshallDataset_vanilla_0.0001_20000_20260220_112048_relu_best.pth...20260220_113054
At epoch 934, test loss = 1.1597
...model saved to 15_exp/models/FloydWarshallDataset_vanilla_0.0001_20000_20260220_112048_relu_best.pth...20260220_113055
At epoch 937, test loss = 1.1579
...model saved to 15_exp/models/FloydWarshallDataset_vanilla_0.0001_20000_20260220_112048_relu_best.pth...20260220_113057
At epoch 938, test loss = 1.1562
...model saved to 15_exp/models/FloydWarshallDataset_vanilla_0.0001_20000_20260220_112048_relu_best.pth...20260220_113057
At epoch 939, test loss = 1.1510
...model saved to 15_exp/models/FloydWarshallDataset_vanilla_0.0001_20000_20260220_112048_relu_best.pth...20260220_113058
At epoch 940, test loss = 1.1481
...model saved to 15_exp/models/FloydWarshallDataset_vanilla_0.0001_20000_20260220_112048_relu_best.pth...20260220_113058
At epoch 942, test loss = 1.1437
...model saved to 15_exp/models/FloydWarshallDataset_vanilla_0.0001_20000_20260220_112048_relu_best.pth...20260220_113059
At epoch 944, test loss = 1.1362
...model saved to 15_exp/models/FloydWarshallDataset_vanilla_0.0001_20000_20260220_112048_relu_best.pth...20260220_113101
At epoch 948, test loss = 1.1349
...model saved to 15_exp/models/FloydWarshallDataset_vanilla_0.0001_20000_20260220_112048_relu_best.pth...20260220_113103
At epoch 950, test loss = 1.1280
...model saved to 15_exp/models/FloydWarshallDataset_vanilla_0.0001_20000_20260220_112048_relu_best.pth...20260220_113104
At epoch 955, test loss = 1.1175
...model saved to 15_exp/models/FloydWarshallDataset_vanilla_0.0001_20000_20260220_112048_relu_best.pth...20260220_113107
At epoch 960, test loss = 1.1136
...model saved to 15_exp/models/FloydWarshallDataset_vanilla_0.0001_20000_20260220_112048_relu_best.pth...20260220_113109
At epoch 964, test loss = 1.1065
...model saved to 15_exp/models/FloydWarshallDataset_vanilla_0.0001_20000_20260220_112048_relu_best.pth...20260220_113112
At epoch 965, test loss = 1.1013
...model saved to 15_exp/models/FloydWarshallDataset_vanilla_0.0001_20000_20260220_112048_relu_best.pth...20260220_113112
At epoch 969, test loss = 1.0970
...model saved to 15_exp/models/FloydWarshallDataset_vanilla_0.0001_20000_20260220_112048_relu_best.pth...20260220_113114
At epoch 971, test loss = 1.0937
...model saved to 15_exp/models/FloydWarshallDataset_vanilla_0.0001_20000_20260220_112048_relu_best.pth...20260220_113116
At epoch 972, test loss = 1.0925
...model saved to 15_exp/models/FloydWarshallDataset_vanilla_0.0001_20000_20260220_112048_relu_best.pth...20260220_113116
At epoch 974, test loss = 1.0909
...model saved to 15_exp/models/FloydWarshallDataset_vanilla_0.0001_20000_20260220_112048_relu_best.pth...20260220_113117
At epoch 975, test loss = 1.0907
...model saved to 15_exp/models/FloydWarshallDataset_vanilla_0.0001_20000_20260220_112048_relu_best.pth...20260220_113118
At epoch 976, test loss = 1.0887
...model saved to 15_exp/models/FloydWarshallDataset_vanilla_0.0001_20000_20260220_112048_relu_best.pth...20260220_113119
At epoch 977, test loss = 1.0776
...model saved to 15_exp/models/FloydWarshallDataset_vanilla_0.0001_20000_20260220_112048_relu_best.pth...20260220_113119
At epoch 981, test loss = 1.0765
...model saved to 15_exp/models/FloydWarshallDataset_vanilla_0.0001_20000_20260220_112048_relu_best.pth...20260220_113121
At epoch 983, test loss = 1.0749
...model saved to 15_exp/models/FloydWarshallDataset_vanilla_0.0001_20000_20260220_112048_relu_best.pth...20260220_113122
At epoch 984, test loss = 1.0704
...model saved to 15_exp/models/FloydWarshallDataset_vanilla_0.0001_20000_20260220_112048_relu_best.pth...20260220_113123
At epoch 985, test loss = 1.0700
...model saved to 15_exp/models/FloydWarshallDataset_vanilla_0.0001_20000_20260220_112048_relu_best.pth...20260220_113124
At epoch 987, test loss = 1.0674
...model saved to 15_exp/models/FloydWarshallDataset_vanilla_0.0001_20000_20260220_112048_relu_best.pth...20260220_113125
At epoch 988, test loss = 1.0635
...model saved to 15_exp/models/FloydWarshallDataset_vanilla_0.0001_20000_20260220_112048_relu_best.pth...20260220_113125
At epoch 992, test loss = 1.0613
...model saved to 15_exp/models/FloydWarshallDataset_vanilla_0.0001_20000_20260220_112048_relu_best.pth...20260220_113127
At epoch 993, test loss = 1.0531
...model saved to 15_exp/models/FloydWarshallDataset_vanilla_0.0001_20000_20260220_112048_relu_best.pth...20260220_113128
At epoch 997, test loss = 1.0486
...model saved to 15_exp/models/FloydWarshallDataset_vanilla_0.0001_20000_20260220_112048_relu_best.pth...20260220_113130
At epoch 1002, test loss = 1.0411
...model saved to 15_exp/models/FloydWarshallDataset_vanilla_0.0001_20000_20260220_112048_relu_best.pth...20260220_113133
At epoch 1007, test loss = 1.0408
...model saved to 15_exp/models/FloydWarshallDataset_vanilla_0.0001_20000_20260220_112048_relu_best.pth...20260220_113136
At epoch 1008, test loss = 1.0395
...model saved to 15_exp/models/FloydWarshallDataset_vanilla_0.0001_20000_20260220_112048_relu_best.pth...20260220_113136
At epoch 1011, test loss = 1.0392
...model saved to 15_exp/models/FloydWarshallDataset_vanilla_0.0001_20000_20260220_112048_relu_best.pth...20260220_113138
At epoch 1012, test loss = 1.0308
...model saved to 15_exp/models/FloydWarshallDataset_vanilla_0.0001_20000_20260220_112048_relu_best.pth...20260220_113139
At epoch 1018, test loss = 1.0182
...model saved to 15_exp/models/FloydWarshallDataset_vanilla_0.0001_20000_20260220_112048_relu_best.pth...20260220_113142
At epoch 1020, test loss = 1.0180
...model saved to 15_exp/models/FloydWarshallDataset_vanilla_0.0001_20000_20260220_112048_relu_best.pth...20260220_113143
At epoch 1024, test loss = 1.0145
...model saved to 15_exp/models/FloydWarshallDataset_vanilla_0.0001_20000_20260220_112048_relu_best.pth...20260220_113145
At epoch 1027, test loss = 1.0137
...model saved to 15_exp/models/FloydWarshallDataset_vanilla_0.0001_20000_20260220_112048_relu_best.pth...20260220_113147
At epoch 1028, test loss = 1.0119
...model saved to 15_exp/models/FloydWarshallDataset_vanilla_0.0001_20000_20260220_112048_relu_best.pth...20260220_113147
At epoch 1029, test loss = 1.0024
...model saved to 15_exp/models/FloydWarshallDataset_vanilla_0.0001_20000_20260220_112048_relu_best.pth...20260220_113148
At epoch 1034, test loss = 0.9949
...model saved to 15_exp/models/FloydWarshallDataset_vanilla_0.0001_20000_20260220_112048_relu_best.pth...20260220_113151
At epoch 1037, test loss = 0.9946
...model saved to 15_exp/models/FloydWarshallDataset_vanilla_0.0001_20000_20260220_112048_relu_best.pth...20260220_113152
At epoch 1038, test loss = 0.9872
...model saved to 15_exp/models/FloydWarshallDataset_vanilla_0.0001_20000_20260220_112048_relu_best.pth...20260220_113153
At epoch 1039, test loss = 0.9852
...model saved to 15_exp/models/FloydWarshallDataset_vanilla_0.0001_20000_20260220_112048_relu_best.pth...20260220_113154
At epoch 1048, test loss = 0.9750
...model saved to 15_exp/models/FloydWarshallDataset_vanilla_0.0001_20000_20260220_112048_relu_best.pth...20260220_113158
At epoch 1052, test loss = 0.9737
...model saved to 15_exp/models/FloydWarshallDataset_vanilla_0.0001_20000_20260220_112048_relu_best.pth...20260220_113201
At epoch 1054, test loss = 0.9714
...model saved to 15_exp/models/FloydWarshallDataset_vanilla_0.0001_20000_20260220_112048_relu_best.pth...20260220_113202
At epoch 1056, test loss = 0.9701
...model saved to 15_exp/models/FloydWarshallDataset_vanilla_0.0001_20000_20260220_112048_relu_best.pth...20260220_113203
At epoch 1059, test loss = 0.9697
...model saved to 15_exp/models/FloydWarshallDataset_vanilla_0.0001_20000_20260220_112048_relu_best.pth...20260220_113205
At epoch 1060, test loss = 0.9634
...model saved to 15_exp/models/FloydWarshallDataset_vanilla_0.0001_20000_20260220_112048_relu_best.pth...20260220_113205
At epoch 1062, test loss = 0.9599
...model saved to 15_exp/models/FloydWarshallDataset_vanilla_0.0001_20000_20260220_112048_relu_best.pth...20260220_113206
At epoch 1064, test loss = 0.9594
...model saved to 15_exp/models/FloydWarshallDataset_vanilla_0.0001_20000_20260220_112048_relu_best.pth...20260220_113207
At epoch 1065, test loss = 0.9592
...model saved to 15_exp/models/FloydWarshallDataset_vanilla_0.0001_20000_20260220_112048_relu_best.pth...20260220_113208
At epoch 1066, test loss = 0.9511
...model saved to 15_exp/models/FloydWarshallDataset_vanilla_0.0001_20000_20260220_112048_relu_best.pth...20260220_113208
At epoch 1070, test loss = 0.9473
...model saved to 15_exp/models/FloydWarshallDataset_vanilla_0.0001_20000_20260220_112048_relu_best.pth...20260220_113211
At epoch 1079, test loss = 0.9457
...model saved to 15_exp/models/FloydWarshallDataset_vanilla_0.0001_20000_20260220_112048_relu_best.pth...20260220_113216
At epoch 1080, test loss = 0.9404
...model saved to 15_exp/models/FloydWarshallDataset_vanilla_0.0001_20000_20260220_112048_relu_best.pth...20260220_113216
At epoch 1081, test loss = 0.9377
...model saved to 15_exp/models/FloydWarshallDataset_vanilla_0.0001_20000_20260220_112048_relu_best.pth...20260220_113217
At epoch 1083, test loss = 0.9377
...model saved to 15_exp/models/FloydWarshallDataset_vanilla_0.0001_20000_20260220_112048_relu_best.pth...20260220_113218
At epoch 1084, test loss = 0.9348
...model saved to 15_exp/models/FloydWarshallDataset_vanilla_0.0001_20000_20260220_112048_relu_best.pth...20260220_113218
At epoch 1087, test loss = 0.9279
...model saved to 15_exp/models/FloydWarshallDataset_vanilla_0.0001_20000_20260220_112048_relu_best.pth...20260220_113220
At epoch 1089, test loss = 0.9241
...model saved to 15_exp/models/FloydWarshallDataset_vanilla_0.0001_20000_20260220_112048_relu_best.pth...20260220_113221
At epoch 1095, test loss = 0.9160
...model saved to 15_exp/models/FloydWarshallDataset_vanilla_0.0001_20000_20260220_112048_relu_best.pth...20260220_113224
At epoch 1105, test loss = 0.9051
...model saved to 15_exp/models/FloydWarshallDataset_vanilla_0.0001_20000_20260220_112048_relu_best.pth...20260220_113230
At epoch 1108, test loss = 0.9047
...model saved to 15_exp/models/FloydWarshallDataset_vanilla_0.0001_20000_20260220_112048_relu_best.pth...20260220_113232
At epoch 1114, test loss = 0.9020
...model saved to 15_exp/models/FloydWarshallDataset_vanilla_0.0001_20000_20260220_112048_relu_best.pth...20260220_113235
At epoch 1117, test loss = 0.9014
...model saved to 15_exp/models/FloydWarshallDataset_vanilla_0.0001_20000_20260220_112048_relu_best.pth...20260220_113236
At epoch 1118, test loss = 0.8955
...model saved to 15_exp/models/FloydWarshallDataset_vanilla_0.0001_20000_20260220_112048_relu_best.pth...20260220_113237
At epoch 1120, test loss = 0.8937
...model saved to 15_exp/models/FloydWarshallDataset_vanilla_0.0001_20000_20260220_112048_relu_best.pth...20260220_113238
At epoch 1122, test loss = 0.8935
...model saved to 15_exp/models/FloydWarshallDataset_vanilla_0.0001_20000_20260220_112048_relu_best.pth...20260220_113239
At epoch 1123, test loss = 0.8902
...model saved to 15_exp/models/FloydWarshallDataset_vanilla_0.0001_20000_20260220_112048_relu_best.pth...20260220_113240
At epoch 1124, test loss = 0.8842
...model saved to 15_exp/models/FloydWarshallDataset_vanilla_0.0001_20000_20260220_112048_relu_best.pth...20260220_113240
At epoch 1132, test loss = 0.8842
...model saved to 15_exp/models/FloydWarshallDataset_vanilla_0.0001_20000_20260220_112048_relu_best.pth...20260220_113245
At epoch 1133, test loss = 0.8781
...model saved to 15_exp/models/FloydWarshallDataset_vanilla_0.0001_20000_20260220_112048_relu_best.pth...20260220_113245
At epoch 1134, test loss = 0.8733
...model saved to 15_exp/models/FloydWarshallDataset_vanilla_0.0001_20000_20260220_112048_relu_best.pth...20260220_113246
At epoch 1136, test loss = 0.8727
...model saved to 15_exp/models/FloydWarshallDataset_vanilla_0.0001_20000_20260220_112048_relu_best.pth...20260220_113247
At epoch 1142, test loss = 0.8653
...model saved to 15_exp/models/FloydWarshallDataset_vanilla_0.0001_20000_20260220_112048_relu_best.pth...20260220_113250
At epoch 1146, test loss = 0.8643
...model saved to 15_exp/models/FloydWarshallDataset_vanilla_0.0001_20000_20260220_112048_relu_best.pth...20260220_113252
At epoch 1147, test loss = 0.8637
...model saved to 15_exp/models/FloydWarshallDataset_vanilla_0.0001_20000_20260220_112048_relu_best.pth...20260220_113253
At epoch 1151, test loss = 0.8635
...model saved to 15_exp/models/FloydWarshallDataset_vanilla_0.0001_20000_20260220_112048_relu_best.pth...20260220_113255
At epoch 1153, test loss = 0.8594
...model saved to 15_exp/models/FloydWarshallDataset_vanilla_0.0001_20000_20260220_112048_relu_best.pth...20260220_113256
At epoch 1156, test loss = 0.8471
...model saved to 15_exp/models/FloydWarshallDataset_vanilla_0.0001_20000_20260220_112048_relu_best.pth...20260220_113258
At epoch 1160, test loss = 0.8468
...model saved to 15_exp/models/FloydWarshallDataset_vanilla_0.0001_20000_20260220_112048_relu_best.pth...20260220_113300
At epoch 1166, test loss = 0.8430
...model saved to 15_exp/models/FloydWarshallDataset_vanilla_0.0001_20000_20260220_112048_relu_best.pth...20260220_113303
At epoch 1172, test loss = 0.8394
...model saved to 15_exp/models/FloydWarshallDataset_vanilla_0.0001_20000_20260220_112048_relu_best.pth...20260220_113307
At epoch 1175, test loss = 0.8333
...model saved to 15_exp/models/FloydWarshallDataset_vanilla_0.0001_20000_20260220_112048_relu_best.pth...20260220_113308
At epoch 1180, test loss = 0.8280
...model saved to 15_exp/models/FloydWarshallDataset_vanilla_0.0001_20000_20260220_112048_relu_best.pth...20260220_113311
At epoch 1185, test loss = 0.8264
...model saved to 15_exp/models/FloydWarshallDataset_vanilla_0.0001_20000_20260220_112048_relu_best.pth...20260220_113314
At epoch 1192, test loss = 0.8215
...model saved to 15_exp/models/FloydWarshallDataset_vanilla_0.0001_20000_20260220_112048_relu_best.pth...20260220_113318
At epoch 1194, test loss = 0.8204
...model saved to 15_exp/models/FloydWarshallDataset_vanilla_0.0001_20000_20260220_112048_relu_best.pth...20260220_113319
At epoch 1197, test loss = 0.8119
...model saved to 15_exp/models/FloydWarshallDataset_vanilla_0.0001_20000_20260220_112048_relu_best.pth...20260220_113320
At epoch 1202, test loss = 0.8093
...model saved to 15_exp/models/FloydWarshallDataset_vanilla_0.0001_20000_20260220_112048_relu_best.pth...20260220_113323
At epoch 1205, test loss = 0.8045
...model saved to 15_exp/models/FloydWarshallDataset_vanilla_0.0001_20000_20260220_112048_relu_best.pth...20260220_113325
At epoch 1215, test loss = 0.8026
...model saved to 15_exp/models/FloydWarshallDataset_vanilla_0.0001_20000_20260220_112048_relu_best.pth...20260220_113330
At epoch 1216, test loss = 0.8012
...model saved to 15_exp/models/FloydWarshallDataset_vanilla_0.0001_20000_20260220_112048_relu_best.pth...20260220_113331
At epoch 1218, test loss = 0.7979
...model saved to 15_exp/models/FloydWarshallDataset_vanilla_0.0001_20000_20260220_112048_relu_best.pth...20260220_113332
At epoch 1219, test loss = 0.7965
...model saved to 15_exp/models/FloydWarshallDataset_vanilla_0.0001_20000_20260220_112048_relu_best.pth...20260220_113332
At epoch 1224, test loss = 0.7904
...model saved to 15_exp/models/FloydWarshallDataset_vanilla_0.0001_20000_20260220_112048_relu_best.pth...20260220_113335
At epoch 1227, test loss = 0.7847
...model saved to 15_exp/models/FloydWarshallDataset_vanilla_0.0001_20000_20260220_112048_relu_best.pth...20260220_113337
At epoch 1234, test loss = 0.7829
...model saved to 15_exp/models/FloydWarshallDataset_vanilla_0.0001_20000_20260220_112048_relu_best.pth...20260220_113340
At epoch 1242, test loss = 0.7774
...model saved to 15_exp/models/FloydWarshallDataset_vanilla_0.0001_20000_20260220_112048_relu_best.pth...20260220_113345
At epoch 1248, test loss = 0.7703
...model saved to 15_exp/models/FloydWarshallDataset_vanilla_0.0001_20000_20260220_112048_relu_best.pth...20260220_113348
At epoch 1254, test loss = 0.7660
...model saved to 15_exp/models/FloydWarshallDataset_vanilla_0.0001_20000_20260220_112048_relu_best.pth...20260220_113351
At epoch 1259, test loss = 0.7617
...model saved to 15_exp/models/FloydWarshallDataset_vanilla_0.0001_20000_20260220_112048_relu_best.pth...20260220_113354
At epoch 1262, test loss = 0.7590
...model saved to 15_exp/models/FloydWarshallDataset_vanilla_0.0001_20000_20260220_112048_relu_best.pth...20260220_113356
At epoch 1264, test loss = 0.7582
...model saved to 15_exp/models/FloydWarshallDataset_vanilla_0.0001_20000_20260220_112048_relu_best.pth...20260220_113357
At epoch 1268, test loss = 0.7575
...model saved to 15_exp/models/FloydWarshallDataset_vanilla_0.0001_20000_20260220_112048_relu_best.pth...20260220_113359
At epoch 1270, test loss = 0.7550
...model saved to 15_exp/models/FloydWarshallDataset_vanilla_0.0001_20000_20260220_112048_relu_best.pth...20260220_113400
At epoch 1273, test loss = 0.7520
...model saved to 15_exp/models/FloydWarshallDataset_vanilla_0.0001_20000_20260220_112048_relu_best.pth...20260220_113402
At epoch 1277, test loss = 0.7498
...model saved to 15_exp/models/FloydWarshallDataset_vanilla_0.0001_20000_20260220_112048_relu_best.pth...20260220_113404
At epoch 1280, test loss = 0.7497
...model saved to 15_exp/models/FloydWarshallDataset_vanilla_0.0001_20000_20260220_112048_relu_best.pth...20260220_113406
At epoch 1281, test loss = 0.7479
...model saved to 15_exp/models/FloydWarshallDataset_vanilla_0.0001_20000_20260220_112048_relu_best.pth...20260220_113406
At epoch 1286, test loss = 0.7441
...model saved to 15_exp/models/FloydWarshallDataset_vanilla_0.0001_20000_20260220_112048_relu_best.pth...20260220_113409
At epoch 1289, test loss = 0.7439
...model saved to 15_exp/models/FloydWarshallDataset_vanilla_0.0001_20000_20260220_112048_relu_best.pth...20260220_113411
At epoch 1290, test loss = 0.7424
...model saved to 15_exp/models/FloydWarshallDataset_vanilla_0.0001_20000_20260220_112048_relu_best.pth...20260220_113411
At epoch 1291, test loss = 0.7413
...model saved to 15_exp/models/FloydWarshallDataset_vanilla_0.0001_20000_20260220_112048_relu_best.pth...20260220_113412
At epoch 1296, test loss = 0.7383
...model saved to 15_exp/models/FloydWarshallDataset_vanilla_0.0001_20000_20260220_112048_relu_best.pth...20260220_113414
At epoch 1297, test loss = 0.7355
...model saved to 15_exp/models/FloydWarshallDataset_vanilla_0.0001_20000_20260220_112048_relu_best.pth...20260220_113415
At epoch 1300, test loss = 0.7345
...model saved to 15_exp/models/FloydWarshallDataset_vanilla_0.0001_20000_20260220_112048_relu_best.pth...20260220_113417
At epoch 1308, test loss = 0.7326
...model saved to 15_exp/models/FloydWarshallDataset_vanilla_0.0001_20000_20260220_112048_relu_best.pth...20260220_113421
At epoch 1310, test loss = 0.7284
...model saved to 15_exp/models/FloydWarshallDataset_vanilla_0.0001_20000_20260220_112048_relu_best.pth...20260220_113422
At epoch 1312, test loss = 0.7282
...model saved to 15_exp/models/FloydWarshallDataset_vanilla_0.0001_20000_20260220_112048_relu_best.pth...20260220_113423
At epoch 1313, test loss = 0.7260
...model saved to 15_exp/models/FloydWarshallDataset_vanilla_0.0001_20000_20260220_112048_relu_best.pth...20260220_113424
At epoch 1314, test loss = 0.7210
...model saved to 15_exp/models/FloydWarshallDataset_vanilla_0.0001_20000_20260220_112048_relu_best.pth...20260220_113425
At epoch 1318, test loss = 0.7173
...model saved to 15_exp/models/FloydWarshallDataset_vanilla_0.0001_20000_20260220_112048_relu_best.pth...20260220_113427
At epoch 1329, test loss = 0.7103
...model saved to 15_exp/models/FloydWarshallDataset_vanilla_0.0001_20000_20260220_112048_relu_best.pth...20260220_113433
At epoch 1334, test loss = 0.7074
...model saved to 15_exp/models/FloydWarshallDataset_vanilla_0.0001_20000_20260220_112048_relu_best.pth...20260220_113435
At epoch 1339, test loss = 0.7045
...model saved to 15_exp/models/FloydWarshallDataset_vanilla_0.0001_20000_20260220_112048_relu_best.pth...20260220_113438
At epoch 1349, test loss = 0.7037
...model saved to 15_exp/models/FloydWarshallDataset_vanilla_0.0001_20000_20260220_112048_relu_best.pth...20260220_113443
At epoch 1350, test loss = 0.7012
...model saved to 15_exp/models/FloydWarshallDataset_vanilla_0.0001_20000_20260220_112048_relu_best.pth...20260220_113444
At epoch 1351, test loss = 0.6935
...model saved to 15_exp/models/FloydWarshallDataset_vanilla_0.0001_20000_20260220_112048_relu_best.pth...20260220_113445
At epoch 1357, test loss = 0.6914
...model saved to 15_exp/models/FloydWarshallDataset_vanilla_0.0001_20000_20260220_112048_relu_best.pth...20260220_113448
At epoch 1366, test loss = 0.6899
...model saved to 15_exp/models/FloydWarshallDataset_vanilla_0.0001_20000_20260220_112048_relu_best.pth...20260220_113453
At epoch 1374, test loss = 0.6872
...model saved to 15_exp/models/FloydWarshallDataset_vanilla_0.0001_20000_20260220_112048_relu_best.pth...20260220_113457
At epoch 1376, test loss = 0.6788
...model saved to 15_exp/models/FloydWarshallDataset_vanilla_0.0001_20000_20260220_112048_relu_best.pth...20260220_113458
At epoch 1388, test loss = 0.6756
...model saved to 15_exp/models/FloydWarshallDataset_vanilla_0.0001_20000_20260220_112048_relu_best.pth...20260220_113505
At epoch 1394, test loss = 0.6733
...model saved to 15_exp/models/FloydWarshallDataset_vanilla_0.0001_20000_20260220_112048_relu_best.pth...20260220_113508
At epoch 1395, test loss = 0.6719
...model saved to 15_exp/models/FloydWarshallDataset_vanilla_0.0001_20000_20260220_112048_relu_best.pth...20260220_113509
At epoch 1397, test loss = 0.6717
...model saved to 15_exp/models/FloydWarshallDataset_vanilla_0.0001_20000_20260220_112048_relu_best.pth...20260220_113510
At epoch 1399, test loss = 0.6713
...model saved to 15_exp/models/FloydWarshallDataset_vanilla_0.0001_20000_20260220_112048_relu_best.pth...20260220_113511
At epoch 1401, test loss = 0.6702
...model saved to 15_exp/models/FloydWarshallDataset_vanilla_0.0001_20000_20260220_112048_relu_best.pth...20260220_113512
At epoch 1402, test loss = 0.6693
...model saved to 15_exp/models/FloydWarshallDataset_vanilla_0.0001_20000_20260220_112048_relu_best.pth...20260220_113513
At epoch 1405, test loss = 0.6693
...model saved to 15_exp/models/FloydWarshallDataset_vanilla_0.0001_20000_20260220_112048_relu_best.pth...20260220_113514
At epoch 1406, test loss = 0.6620
...model saved to 15_exp/models/FloydWarshallDataset_vanilla_0.0001_20000_20260220_112048_relu_best.pth...20260220_113515
At epoch 1415, test loss = 0.6613
...model saved to 15_exp/models/FloydWarshallDataset_vanilla_0.0001_20000_20260220_112048_relu_best.pth...20260220_113520
At epoch 1421, test loss = 0.6562
...model saved to 15_exp/models/FloydWarshallDataset_vanilla_0.0001_20000_20260220_112048_relu_best.pth...20260220_113523
At epoch 1424, test loss = 0.6559
...model saved to 15_exp/models/FloydWarshallDataset_vanilla_0.0001_20000_20260220_112048_relu_best.pth...20260220_113525
At epoch 1430, test loss = 0.6541
...model saved to 15_exp/models/FloydWarshallDataset_vanilla_0.0001_20000_20260220_112048_relu_best.pth...20260220_113528
At epoch 1432, test loss = 0.6496
...model saved to 15_exp/models/FloydWarshallDataset_vanilla_0.0001_20000_20260220_112048_relu_best.pth...20260220_113529
At epoch 1436, test loss = 0.6488
...model saved to 15_exp/models/FloydWarshallDataset_vanilla_0.0001_20000_20260220_112048_relu_best.pth...20260220_113531
At epoch 1437, test loss = 0.6464
...model saved to 15_exp/models/FloydWarshallDataset_vanilla_0.0001_20000_20260220_112048_relu_best.pth...20260220_113532
At epoch 1438, test loss = 0.6448
...model saved to 15_exp/models/FloydWarshallDataset_vanilla_0.0001_20000_20260220_112048_relu_best.pth...20260220_113533
At epoch 1439, test loss = 0.6430
...model saved to 15_exp/models/FloydWarshallDataset_vanilla_0.0001_20000_20260220_112048_relu_best.pth...20260220_113533
At epoch 1450, test loss = 0.6421
...model saved to 15_exp/models/FloydWarshallDataset_vanilla_0.0001_20000_20260220_112048_relu_best.pth...20260220_113539
At epoch 1452, test loss = 0.6404
...model saved to 15_exp/models/FloydWarshallDataset_vanilla_0.0001_20000_20260220_112048_relu_best.pth...20260220_113540
At epoch 1454, test loss = 0.6368
...model saved to 15_exp/models/FloydWarshallDataset_vanilla_0.0001_20000_20260220_112048_relu_best.pth...20260220_113542
At epoch 1456, test loss = 0.6345
...model saved to 15_exp/models/FloydWarshallDataset_vanilla_0.0001_20000_20260220_112048_relu_best.pth...20260220_113543
At epoch 1458, test loss = 0.6320
...model saved to 15_exp/models/FloydWarshallDataset_vanilla_0.0001_20000_20260220_112048_relu_best.pth...20260220_113544
At epoch 1468, test loss = 0.6278
...model saved to 15_exp/models/FloydWarshallDataset_vanilla_0.0001_20000_20260220_112048_relu_best.pth...20260220_113549
At epoch 1476, test loss = 0.6234
...model saved to 15_exp/models/FloydWarshallDataset_vanilla_0.0001_20000_20260220_112048_relu_best.pth...20260220_113554
At epoch 1481, test loss = 0.6225
...model saved to 15_exp/models/FloydWarshallDataset_vanilla_0.0001_20000_20260220_112048_relu_best.pth...20260220_113557
At epoch 1486, test loss = 0.6223
...model saved to 15_exp/models/FloydWarshallDataset_vanilla_0.0001_20000_20260220_112048_relu_best.pth...20260220_113600
At epoch 1489, test loss = 0.6151
...model saved to 15_exp/models/FloydWarshallDataset_vanilla_0.0001_20000_20260220_112048_relu_best.pth...20260220_113602
At epoch 1497, test loss = 0.6128
...model saved to 15_exp/models/FloydWarshallDataset_vanilla_0.0001_20000_20260220_112048_relu_best.pth...20260220_113607
At epoch 1506, test loss = 0.6070
...model saved to 15_exp/models/FloydWarshallDataset_vanilla_0.0001_20000_20260220_112048_relu_best.pth...20260220_113612
At epoch 1518, test loss = 0.6057
...model saved to 15_exp/models/FloydWarshallDataset_vanilla_0.0001_20000_20260220_112048_relu_best.pth...20260220_113619
At epoch 1523, test loss = 0.6039
...model saved to 15_exp/models/FloydWarshallDataset_vanilla_0.0001_20000_20260220_112048_relu_best.pth...20260220_113623
At epoch 1529, test loss = 0.6006
...model saved to 15_exp/models/FloydWarshallDataset_vanilla_0.0001_20000_20260220_112048_relu_best.pth...20260220_113626
At epoch 1537, test loss = 0.5983
...model saved to 15_exp/models/FloydWarshallDataset_vanilla_0.0001_20000_20260220_112048_relu_best.pth...20260220_113631
At epoch 1538, test loss = 0.5950
...model saved to 15_exp/models/FloydWarshallDataset_vanilla_0.0001_20000_20260220_112048_relu_best.pth...20260220_113632
At epoch 1539, test loss = 0.5936
...model saved to 15_exp/models/FloydWarshallDataset_vanilla_0.0001_20000_20260220_112048_relu_best.pth...20260220_113632
At epoch 1544, test loss = 0.5930
...model saved to 15_exp/models/FloydWarshallDataset_vanilla_0.0001_20000_20260220_112048_relu_best.pth...20260220_113635
At epoch 1545, test loss = 0.5919
...model saved to 15_exp/models/FloydWarshallDataset_vanilla_0.0001_20000_20260220_112048_relu_best.pth...20260220_113636
At epoch 1550, test loss = 0.5896
...model saved to 15_exp/models/FloydWarshallDataset_vanilla_0.0001_20000_20260220_112048_relu_best.pth...20260220_113639
At epoch 1556, test loss = 0.5894
...model saved to 15_exp/models/FloydWarshallDataset_vanilla_0.0001_20000_20260220_112048_relu_best.pth...20260220_113643
At epoch 1557, test loss = 0.5880
...model saved to 15_exp/models/FloydWarshallDataset_vanilla_0.0001_20000_20260220_112048_relu_best.pth...20260220_113644
At epoch 1561, test loss = 0.5878
...model saved to 15_exp/models/FloydWarshallDataset_vanilla_0.0001_20000_20260220_112048_relu_best.pth...20260220_113646
At epoch 1563, test loss = 0.5843
...model saved to 15_exp/models/FloydWarshallDataset_vanilla_0.0001_20000_20260220_112048_relu_best.pth...20260220_113647
At epoch 1572, test loss = 0.5795
...model saved to 15_exp/models/FloydWarshallDataset_vanilla_0.0001_20000_20260220_112048_relu_best.pth...20260220_113653
At epoch 1573, test loss = 0.5779
...model saved to 15_exp/models/FloydWarshallDataset_vanilla_0.0001_20000_20260220_112048_relu_best.pth...20260220_113653
At epoch 1587, test loss = 0.5762
...model saved to 15_exp/models/FloydWarshallDataset_vanilla_0.0001_20000_20260220_112048_relu_best.pth...20260220_113702
At epoch 1592, test loss = 0.5752
...model saved to 15_exp/models/FloydWarshallDataset_vanilla_0.0001_20000_20260220_112048_relu_best.pth...20260220_113705
At epoch 1595, test loss = 0.5732
...model saved to 15_exp/models/FloydWarshallDataset_vanilla_0.0001_20000_20260220_112048_relu_best.pth...20260220_113707
At epoch 1597, test loss = 0.5729
...model saved to 15_exp/models/FloydWarshallDataset_vanilla_0.0001_20000_20260220_112048_relu_best.pth...20260220_113708
At epoch 1598, test loss = 0.5710
...model saved to 15_exp/models/FloydWarshallDataset_vanilla_0.0001_20000_20260220_112048_relu_best.pth...20260220_113709
At epoch 1601, test loss = 0.5678
...model saved to 15_exp/models/FloydWarshallDataset_vanilla_0.0001_20000_20260220_112048_relu_best.pth...20260220_113711
At epoch 1607, test loss = 0.5672
...model saved to 15_exp/models/FloydWarshallDataset_vanilla_0.0001_20000_20260220_112048_relu_best.pth...20260220_113714
At epoch 1613, test loss = 0.5659
...model saved to 15_exp/models/FloydWarshallDataset_vanilla_0.0001_20000_20260220_112048_relu_best.pth...20260220_113718
At epoch 1622, test loss = 0.5647
...model saved to 15_exp/models/FloydWarshallDataset_vanilla_0.0001_20000_20260220_112048_relu_best.pth...20260220_113724
At epoch 1623, test loss = 0.5645
...model saved to 15_exp/models/FloydWarshallDataset_vanilla_0.0001_20000_20260220_112048_relu_best.pth...20260220_113724
At epoch 1625, test loss = 0.5640
...model saved to 15_exp/models/FloydWarshallDataset_vanilla_0.0001_20000_20260220_112048_relu_best.pth...20260220_113726
At epoch 1628, test loss = 0.5633
...model saved to 15_exp/models/FloydWarshallDataset_vanilla_0.0001_20000_20260220_112048_relu_best.pth...20260220_113728
At epoch 1631, test loss = 0.5632
...model saved to 15_exp/models/FloydWarshallDataset_vanilla_0.0001_20000_20260220_112048_relu_best.pth...20260220_113730
At epoch 1632, test loss = 0.5600
...model saved to 15_exp/models/FloydWarshallDataset_vanilla_0.0001_20000_20260220_112048_relu_best.pth...20260220_113730
At epoch 1634, test loss = 0.5577
...model saved to 15_exp/models/FloydWarshallDataset_vanilla_0.0001_20000_20260220_112048_relu_best.pth...20260220_113731
At epoch 1646, test loss = 0.5571
...model saved to 15_exp/models/FloydWarshallDataset_vanilla_0.0001_20000_20260220_112048_relu_best.pth...20260220_113739
At epoch 1652, test loss = 0.5525
...model saved to 15_exp/models/FloydWarshallDataset_vanilla_0.0001_20000_20260220_112048_relu_best.pth...20260220_113743
At epoch 1653, test loss = 0.5523
...model saved to 15_exp/models/FloydWarshallDataset_vanilla_0.0001_20000_20260220_112048_relu_best.pth...20260220_113743
At epoch 1654, test loss = 0.5462
...model saved to 15_exp/models/FloydWarshallDataset_vanilla_0.0001_20000_20260220_112048_relu_best.pth...20260220_113744
At epoch 1671, test loss = 0.5454
...model saved to 15_exp/models/FloydWarshallDataset_vanilla_0.0001_20000_20260220_112048_relu_best.pth...20260220_113754
At epoch 1674, test loss = 0.5454
...model saved to 15_exp/models/FloydWarshallDataset_vanilla_0.0001_20000_20260220_112048_relu_best.pth...20260220_113757
At epoch 1677, test loss = 0.5435
...model saved to 15_exp/models/FloydWarshallDataset_vanilla_0.0001_20000_20260220_112048_relu_best.pth...20260220_113758
At epoch 1678, test loss = 0.5428
...model saved to 15_exp/models/FloydWarshallDataset_vanilla_0.0001_20000_20260220_112048_relu_best.pth...20260220_113759
At epoch 1682, test loss = 0.5418
...model saved to 15_exp/models/FloydWarshallDataset_vanilla_0.0001_20000_20260220_112048_relu_best.pth...20260220_113802
At epoch 1687, test loss = 0.5403
...model saved to 15_exp/models/FloydWarshallDataset_vanilla_0.0001_20000_20260220_112048_relu_best.pth...20260220_113805
At epoch 1691, test loss = 0.5392
...model saved to 15_exp/models/FloydWarshallDataset_vanilla_0.0001_20000_20260220_112048_relu_best.pth...20260220_113807
At epoch 1692, test loss = 0.5384
...model saved to 15_exp/models/FloydWarshallDataset_vanilla_0.0001_20000_20260220_112048_relu_best.pth...20260220_113807
At epoch 1696, test loss = 0.5341
...model saved to 15_exp/models/FloydWarshallDataset_vanilla_0.0001_20000_20260220_112048_relu_best.pth...20260220_113810
At epoch 1697, test loss = 0.5334
...model saved to 15_exp/models/FloydWarshallDataset_vanilla_0.0001_20000_20260220_112048_relu_best.pth...20260220_113810
At epoch 1701, test loss = 0.5327
...model saved to 15_exp/models/FloydWarshallDataset_vanilla_0.0001_20000_20260220_112048_relu_best.pth...20260220_113813
At epoch 1709, test loss = 0.5284
...model saved to 15_exp/models/FloydWarshallDataset_vanilla_0.0001_20000_20260220_112048_relu_best.pth...20260220_113817
At epoch 1716, test loss = 0.5281
...model saved to 15_exp/models/FloydWarshallDataset_vanilla_0.0001_20000_20260220_112048_relu_best.pth...20260220_113821
At epoch 1718, test loss = 0.5266
...model saved to 15_exp/models/FloydWarshallDataset_vanilla_0.0001_20000_20260220_112048_relu_best.pth...20260220_113822
At epoch 1735, test loss = 0.5258
...model saved to 15_exp/models/FloydWarshallDataset_vanilla_0.0001_20000_20260220_112048_relu_best.pth...20260220_113831
At epoch 1737, test loss = 0.5216
...model saved to 15_exp/models/FloydWarshallDataset_vanilla_0.0001_20000_20260220_112048_relu_best.pth...20260220_113832
At epoch 1746, test loss = 0.5193
...model saved to 15_exp/models/FloydWarshallDataset_vanilla_0.0001_20000_20260220_112048_relu_best.pth...20260220_113837
At epoch 1756, test loss = 0.5168
...model saved to 15_exp/models/FloydWarshallDataset_vanilla_0.0001_20000_20260220_112048_relu_best.pth...20260220_113843
At epoch 1758, test loss = 0.5165
...model saved to 15_exp/models/FloydWarshallDataset_vanilla_0.0001_20000_20260220_112048_relu_best.pth...20260220_113844
At epoch 1761, test loss = 0.5156
...model saved to 15_exp/models/FloydWarshallDataset_vanilla_0.0001_20000_20260220_112048_relu_best.pth...20260220_113846
At epoch 1767, test loss = 0.5117
...model saved to 15_exp/models/FloydWarshallDataset_vanilla_0.0001_20000_20260220_112048_relu_best.pth...20260220_113849
At epoch 1769, test loss = 0.5090
...model saved to 15_exp/models/FloydWarshallDataset_vanilla_0.0001_20000_20260220_112048_relu_best.pth...20260220_113851
At epoch 1790, test loss = 0.5079
...model saved to 15_exp/models/FloydWarshallDataset_vanilla_0.0001_20000_20260220_112048_relu_best.pth...20260220_113903
At epoch 1795, test loss = 0.5018
...model saved to 15_exp/models/FloydWarshallDataset_vanilla_0.0001_20000_20260220_112048_relu_best.pth...20260220_113906
At epoch 1814, test loss = 0.4972
...model saved to 15_exp/models/FloydWarshallDataset_vanilla_0.0001_20000_20260220_112048_relu_best.pth...20260220_113917
At epoch 1828, test loss = 0.4970
...model saved to 15_exp/models/FloydWarshallDataset_vanilla_0.0001_20000_20260220_112048_relu_best.pth...20260220_113925
At epoch 1829, test loss = 0.4970
...model saved to 15_exp/models/FloydWarshallDataset_vanilla_0.0001_20000_20260220_112048_relu_best.pth...20260220_113926
At epoch 1831, test loss = 0.4934
...model saved to 15_exp/models/FloydWarshallDataset_vanilla_0.0001_20000_20260220_112048_relu_best.pth...20260220_113927
At epoch 1849, test loss = 0.4877
...model saved to 15_exp/models/FloydWarshallDataset_vanilla_0.0001_20000_20260220_112048_relu_best.pth...20260220_113937
At epoch 1855, test loss = 0.4863
...model saved to 15_exp/models/FloydWarshallDataset_vanilla_0.0001_20000_20260220_112048_relu_best.pth...20260220_113941
At epoch 1858, test loss = 0.4862
...model saved to 15_exp/models/FloydWarshallDataset_vanilla_0.0001_20000_20260220_112048_relu_best.pth...20260220_113943
At epoch 1870, test loss = 0.4838
...model saved to 15_exp/models/FloydWarshallDataset_vanilla_0.0001_20000_20260220_112048_relu_best.pth...20260220_113950
At epoch 1871, test loss = 0.4831
...model saved to 15_exp/models/FloydWarshallDataset_vanilla_0.0001_20000_20260220_112048_relu_best.pth...20260220_113950
At epoch 1885, test loss = 0.4805
...model saved to 15_exp/models/FloydWarshallDataset_vanilla_0.0001_20000_20260220_112048_relu_best.pth...20260220_113959
At epoch 1899, test loss = 0.4767
...model saved to 15_exp/models/FloydWarshallDataset_vanilla_0.0001_20000_20260220_112048_relu_best.pth...20260220_114007
At epoch 1902, test loss = 0.4750
...model saved to 15_exp/models/FloydWarshallDataset_vanilla_0.0001_20000_20260220_112048_relu_best.pth...20260220_114009
At epoch 1912, test loss = 0.4724
...model saved to 15_exp/models/FloydWarshallDataset_vanilla_0.0001_20000_20260220_112048_relu_best.pth...20260220_114014
At epoch 1918, test loss = 0.4713
...model saved to 15_exp/models/FloydWarshallDataset_vanilla_0.0001_20000_20260220_112048_relu_best.pth...20260220_114018
At epoch 1931, test loss = 0.4702
...model saved to 15_exp/models/FloydWarshallDataset_vanilla_0.0001_20000_20260220_112048_relu_best.pth...20260220_114025
At epoch 1936, test loss = 0.4685
...model saved to 15_exp/models/FloydWarshallDataset_vanilla_0.0001_20000_20260220_112048_relu_best.pth...20260220_114028
At epoch 1938, test loss = 0.4656
...model saved to 15_exp/models/FloydWarshallDataset_vanilla_0.0001_20000_20260220_112048_relu_best.pth...20260220_114030
At epoch 1954, test loss = 0.4648
...model saved to 15_exp/models/FloydWarshallDataset_vanilla_0.0001_20000_20260220_112048_relu_best.pth...20260220_114039
At epoch 1959, test loss = 0.4604
...model saved to 15_exp/models/FloydWarshallDataset_vanilla_0.0001_20000_20260220_112048_relu_best.pth...20260220_114042
At epoch 1964, test loss = 0.4599
...model saved to 15_exp/models/FloydWarshallDataset_vanilla_0.0001_20000_20260220_112048_relu_best.pth...20260220_114045
At epoch 1979, test loss = 0.4586
...model saved to 15_exp/models/FloydWarshallDataset_vanilla_0.0001_20000_20260220_112048_relu_best.pth...20260220_114053
At epoch 1981, test loss = 0.4583
...model saved to 15_exp/models/FloydWarshallDataset_vanilla_0.0001_20000_20260220_112048_relu_best.pth...20260220_114054
At epoch 1984, test loss = 0.4573
...model saved to 15_exp/models/FloydWarshallDataset_vanilla_0.0001_20000_20260220_112048_relu_best.pth...20260220_114056
At epoch 1986, test loss = 0.4545
...model saved to 15_exp/models/FloydWarshallDataset_vanilla_0.0001_20000_20260220_112048_relu_best.pth...20260220_114057
At epoch 1997, test loss = 0.4529
...model saved to 15_exp/models/FloydWarshallDataset_vanilla_0.0001_20000_20260220_112048_relu_best.pth...20260220_114104
At epoch 2009, test loss = 0.4527
...model saved to 15_exp/models/FloydWarshallDataset_vanilla_0.0001_20000_20260220_112048_relu_best.pth...20260220_114111
At epoch 2010, test loss = 0.4515
...model saved to 15_exp/models/FloydWarshallDataset_vanilla_0.0001_20000_20260220_112048_relu_best.pth...20260220_114111
At epoch 2011, test loss = 0.4514
...model saved to 15_exp/models/FloydWarshallDataset_vanilla_0.0001_20000_20260220_112048_relu_best.pth...20260220_114112
At epoch 2013, test loss = 0.4504
...model saved to 15_exp/models/FloydWarshallDataset_vanilla_0.0001_20000_20260220_112048_relu_best.pth...20260220_114113
At epoch 2018, test loss = 0.4492
...model saved to 15_exp/models/FloydWarshallDataset_vanilla_0.0001_20000_20260220_112048_relu_best.pth...20260220_114116
At epoch 2019, test loss = 0.4483
...model saved to 15_exp/models/FloydWarshallDataset_vanilla_0.0001_20000_20260220_112048_relu_best.pth...20260220_114116
At epoch 2026, test loss = 0.4423
...model saved to 15_exp/models/FloydWarshallDataset_vanilla_0.0001_20000_20260220_112048_relu_best.pth...20260220_114121
At epoch 2062, test loss = 0.4398
...model saved to 15_exp/models/FloydWarshallDataset_vanilla_0.0001_20000_20260220_112048_relu_best.pth...20260220_114142
At epoch 2066, test loss = 0.4393
...model saved to 15_exp/models/FloydWarshallDataset_vanilla_0.0001_20000_20260220_112048_relu_best.pth...20260220_114144
At epoch 2078, test loss = 0.4351
...model saved to 15_exp/models/FloydWarshallDataset_vanilla_0.0001_20000_20260220_112048_relu_best.pth...20260220_114151
At epoch 2087, test loss = 0.4344
...model saved to 15_exp/models/FloydWarshallDataset_vanilla_0.0001_20000_20260220_112048_relu_best.pth...20260220_114156
At epoch 2099, test loss = 0.4338
...model saved to 15_exp/models/FloydWarshallDataset_vanilla_0.0001_20000_20260220_112048_relu_best.pth...20260220_114203
At epoch 2104, test loss = 0.4317
...model saved to 15_exp/models/FloydWarshallDataset_vanilla_0.0001_20000_20260220_112048_relu_best.pth...20260220_114206
At epoch 2108, test loss = 0.4306
...model saved to 15_exp/models/FloydWarshallDataset_vanilla_0.0001_20000_20260220_112048_relu_best.pth...20260220_114208
At epoch 2109, test loss = 0.4301
...model saved to 15_exp/models/FloydWarshallDataset_vanilla_0.0001_20000_20260220_112048_relu_best.pth...20260220_114208
At epoch 2113, test loss = 0.4286
...model saved to 15_exp/models/FloydWarshallDataset_vanilla_0.0001_20000_20260220_112048_relu_best.pth...20260220_114210
At epoch 2121, test loss = 0.4276
...model saved to 15_exp/models/FloydWarshallDataset_vanilla_0.0001_20000_20260220_112048_relu_best.pth...20260220_114215
At epoch 2124, test loss = 0.4266
...model saved to 15_exp/models/FloydWarshallDataset_vanilla_0.0001_20000_20260220_112048_relu_best.pth...20260220_114216
At epoch 2127, test loss = 0.4239
...model saved to 15_exp/models/FloydWarshallDataset_vanilla_0.0001_20000_20260220_112048_relu_best.pth...20260220_114218
At epoch 2144, test loss = 0.4232
...model saved to 15_exp/models/FloydWarshallDataset_vanilla_0.0001_20000_20260220_112048_relu_best.pth...20260220_114227
At epoch 2149, test loss = 0.4218
...model saved to 15_exp/models/FloydWarshallDataset_vanilla_0.0001_20000_20260220_112048_relu_best.pth...20260220_114230
At epoch 2156, test loss = 0.4189
...model saved to 15_exp/models/FloydWarshallDataset_vanilla_0.0001_20000_20260220_112048_relu_best.pth...20260220_114234
At epoch 2164, test loss = 0.4184
...model saved to 15_exp/models/FloydWarshallDataset_vanilla_0.0001_20000_20260220_112048_relu_best.pth...20260220_114238
At epoch 2177, test loss = 0.4176
...model saved to 15_exp/models/FloydWarshallDataset_vanilla_0.0001_20000_20260220_112048_relu_best.pth...20260220_114245
At epoch 2185, test loss = 0.4146
...model saved to 15_exp/models/FloydWarshallDataset_vanilla_0.0001_20000_20260220_112048_relu_best.pth...20260220_114249
At epoch 2203, test loss = 0.4115
...model saved to 15_exp/models/FloydWarshallDataset_vanilla_0.0001_20000_20260220_112048_relu_best.pth...20260220_114259
At epoch 2208, test loss = 0.4100
...model saved to 15_exp/models/FloydWarshallDataset_vanilla_0.0001_20000_20260220_112048_relu_best.pth...20260220_114302
At epoch 2218, test loss = 0.4081
...model saved to 15_exp/models/FloydWarshallDataset_vanilla_0.0001_20000_20260220_112048_relu_best.pth...20260220_114307
At epoch 2230, test loss = 0.4062
...model saved to 15_exp/models/FloydWarshallDataset_vanilla_0.0001_20000_20260220_112048_relu_best.pth...20260220_114314
At epoch 2234, test loss = 0.4050
...model saved to 15_exp/models/FloydWarshallDataset_vanilla_0.0001_20000_20260220_112048_relu_best.pth...20260220_114316
At epoch 2244, test loss = 0.4040
...model saved to 15_exp/models/FloydWarshallDataset_vanilla_0.0001_20000_20260220_112048_relu_best.pth...20260220_114321
At epoch 2247, test loss = 0.4032
...model saved to 15_exp/models/FloydWarshallDataset_vanilla_0.0001_20000_20260220_112048_relu_best.pth...20260220_114323
At epoch 2248, test loss = 0.4027
...model saved to 15_exp/models/FloydWarshallDataset_vanilla_0.0001_20000_20260220_112048_relu_best.pth...20260220_114323
At epoch 2258, test loss = 0.3989
...model saved to 15_exp/models/FloydWarshallDataset_vanilla_0.0001_20000_20260220_112048_relu_best.pth...20260220_114329
At epoch 2288, test loss = 0.3984
...model saved to 15_exp/models/FloydWarshallDataset_vanilla_0.0001_20000_20260220_112048_relu_best.pth...20260220_114345
At epoch 2294, test loss = 0.3922
...model saved to 15_exp/models/FloydWarshallDataset_vanilla_0.0001_20000_20260220_112048_relu_best.pth...20260220_114348
At epoch 2306, test loss = 0.3908
...model saved to 15_exp/models/FloydWarshallDataset_vanilla_0.0001_20000_20260220_112048_relu_best.pth...20260220_114355
At epoch 2315, test loss = 0.3907
...model saved to 15_exp/models/FloydWarshallDataset_vanilla_0.0001_20000_20260220_112048_relu_best.pth...20260220_114400
At epoch 2322, test loss = 0.3904
...model saved to 15_exp/models/FloydWarshallDataset_vanilla_0.0001_20000_20260220_112048_relu_best.pth...20260220_114403
At epoch 2337, test loss = 0.3876
...model saved to 15_exp/models/FloydWarshallDataset_vanilla_0.0001_20000_20260220_112048_relu_best.pth...20260220_114412
At epoch 2342, test loss = 0.3828
...model saved to 15_exp/models/FloydWarshallDataset_vanilla_0.0001_20000_20260220_112048_relu_best.pth...20260220_114414
At epoch 2378, test loss = 0.3820
...model saved to 15_exp/models/FloydWarshallDataset_vanilla_0.0001_20000_20260220_112048_relu_best.pth...20260220_114435
At epoch 2389, test loss = 0.3806
...model saved to 15_exp/models/FloydWarshallDataset_vanilla_0.0001_20000_20260220_112048_relu_best.pth...20260220_114441
At epoch 2393, test loss = 0.3788
...model saved to 15_exp/models/FloydWarshallDataset_vanilla_0.0001_20000_20260220_112048_relu_best.pth...20260220_114444
At epoch 2401, test loss = 0.3786
...model saved to 15_exp/models/FloydWarshallDataset_vanilla_0.0001_20000_20260220_112048_relu_best.pth...20260220_114448
At epoch 2402, test loss = 0.3772
...model saved to 15_exp/models/FloydWarshallDataset_vanilla_0.0001_20000_20260220_112048_relu_best.pth...20260220_114449
At epoch 2414, test loss = 0.3771
...model saved to 15_exp/models/FloydWarshallDataset_vanilla_0.0001_20000_20260220_112048_relu_best.pth...20260220_114456
At epoch 2426, test loss = 0.3745
...model saved to 15_exp/models/FloydWarshallDataset_vanilla_0.0001_20000_20260220_112048_relu_best.pth...20260220_114503
At epoch 2431, test loss = 0.3728
...model saved to 15_exp/models/FloydWarshallDataset_vanilla_0.0001_20000_20260220_112048_relu_best.pth...20260220_114506
At epoch 2437, test loss = 0.3719
...model saved to 15_exp/models/FloydWarshallDataset_vanilla_0.0001_20000_20260220_112048_relu_best.pth...20260220_114509
At epoch 2444, test loss = 0.3694
...model saved to 15_exp/models/FloydWarshallDataset_vanilla_0.0001_20000_20260220_112048_relu_best.pth...20260220_114514
At epoch 2463, test loss = 0.3680
...model saved to 15_exp/models/FloydWarshallDataset_vanilla_0.0001_20000_20260220_112048_relu_best.pth...20260220_114524
At epoch 2475, test loss = 0.3662
...model saved to 15_exp/models/FloydWarshallDataset_vanilla_0.0001_20000_20260220_112048_relu_best.pth...20260220_114532
At epoch 2496, test loss = 0.3662
...model saved to 15_exp/models/FloydWarshallDataset_vanilla_0.0001_20000_20260220_112048_relu_best.pth...20260220_114544
At epoch 2498, test loss = 0.3656
...model saved to 15_exp/models/FloydWarshallDataset_vanilla_0.0001_20000_20260220_112048_relu_best.pth...20260220_114545
At epoch 2508, test loss = 0.3627
...model saved to 15_exp/models/FloydWarshallDataset_vanilla_0.0001_20000_20260220_112048_relu_best.pth...20260220_114551
At epoch 2511, test loss = 0.3606
...model saved to 15_exp/models/FloydWarshallDataset_vanilla_0.0001_20000_20260220_112048_relu_best.pth...20260220_114553
At epoch 2537, test loss = 0.3568
...model saved to 15_exp/models/FloydWarshallDataset_vanilla_0.0001_20000_20260220_112048_relu_best.pth...20260220_114608
At epoch 2573, test loss = 0.3560
...model saved to 15_exp/models/FloydWarshallDataset_vanilla_0.0001_20000_20260220_112048_relu_best.pth...20260220_114628
At epoch 2585, test loss = 0.3557
...model saved to 15_exp/models/FloydWarshallDataset_vanilla_0.0001_20000_20260220_112048_relu_best.pth...20260220_114635
At epoch 2588, test loss = 0.3549
...model saved to 15_exp/models/FloydWarshallDataset_vanilla_0.0001_20000_20260220_112048_relu_best.pth...20260220_114637
At epoch 2590, test loss = 0.3540
...model saved to 15_exp/models/FloydWarshallDataset_vanilla_0.0001_20000_20260220_112048_relu_best.pth...20260220_114638
At epoch 2593, test loss = 0.3498
...model saved to 15_exp/models/FloydWarshallDataset_vanilla_0.0001_20000_20260220_112048_relu_best.pth...20260220_114640
At epoch 2607, test loss = 0.3497
...model saved to 15_exp/models/FloydWarshallDataset_vanilla_0.0001_20000_20260220_112048_relu_best.pth...20260220_114648
At epoch 2625, test loss = 0.3481
...model saved to 15_exp/models/FloydWarshallDataset_vanilla_0.0001_20000_20260220_112048_relu_best.pth...20260220_114658
At epoch 2650, test loss = 0.3469
...model saved to 15_exp/models/FloydWarshallDataset_vanilla_0.0001_20000_20260220_112048_relu_best.pth...20260220_114712
At epoch 2652, test loss = 0.3465
...model saved to 15_exp/models/FloydWarshallDataset_vanilla_0.0001_20000_20260220_112048_relu_best.pth...20260220_114713
At epoch 2656, test loss = 0.3448
...model saved to 15_exp/models/FloydWarshallDataset_vanilla_0.0001_20000_20260220_112048_relu_best.pth...20260220_114715
At epoch 2667, test loss = 0.3429
...model saved to 15_exp/models/FloydWarshallDataset_vanilla_0.0001_20000_20260220_112048_relu_best.pth...20260220_114721
At epoch 2688, test loss = 0.3427
...model saved to 15_exp/models/FloydWarshallDataset_vanilla_0.0001_20000_20260220_112048_relu_best.pth...20260220_114732
At epoch 2703, test loss = 0.3422
...model saved to 15_exp/models/FloydWarshallDataset_vanilla_0.0001_20000_20260220_112048_relu_best.pth...20260220_114741
At epoch 2706, test loss = 0.3406
...model saved to 15_exp/models/FloydWarshallDataset_vanilla_0.0001_20000_20260220_112048_relu_best.pth...20260220_114742
At epoch 2716, test loss = 0.3398
...model saved to 15_exp/models/FloydWarshallDataset_vanilla_0.0001_20000_20260220_112048_relu_best.pth...20260220_114748
At epoch 2719, test loss = 0.3392
...model saved to 15_exp/models/FloydWarshallDataset_vanilla_0.0001_20000_20260220_112048_relu_best.pth...20260220_114749
At epoch 2720, test loss = 0.3390
...model saved to 15_exp/models/FloydWarshallDataset_vanilla_0.0001_20000_20260220_112048_relu_best.pth...20260220_114750
At epoch 2725, test loss = 0.3374
...model saved to 15_exp/models/FloydWarshallDataset_vanilla_0.0001_20000_20260220_112048_relu_best.pth...20260220_114753
At epoch 2742, test loss = 0.3365
...model saved to 15_exp/models/FloydWarshallDataset_vanilla_0.0001_20000_20260220_112048_relu_best.pth...20260220_114802
At epoch 2749, test loss = 0.3353
...model saved to 15_exp/models/FloydWarshallDataset_vanilla_0.0001_20000_20260220_112048_relu_best.pth...20260220_114806
At epoch 2768, test loss = 0.3326
...model saved to 15_exp/models/FloydWarshallDataset_vanilla_0.0001_20000_20260220_112048_relu_best.pth...20260220_114816
At epoch 2774, test loss = 0.3308
...model saved to 15_exp/models/FloydWarshallDataset_vanilla_0.0001_20000_20260220_112048_relu_best.pth...20260220_114819
At epoch 2779, test loss = 0.3306
...model saved to 15_exp/models/FloydWarshallDataset_vanilla_0.0001_20000_20260220_112048_relu_best.pth...20260220_114822
At epoch 2808, test loss = 0.3296
...model saved to 15_exp/models/FloydWarshallDataset_vanilla_0.0001_20000_20260220_112048_relu_best.pth...20260220_114838
At epoch 2826, test loss = 0.3267
...model saved to 15_exp/models/FloydWarshallDataset_vanilla_0.0001_20000_20260220_112048_relu_best.pth...20260220_114847
At epoch 2846, test loss = 0.3255
...model saved to 15_exp/models/FloydWarshallDataset_vanilla_0.0001_20000_20260220_112048_relu_best.pth...20260220_114858
At epoch 2860, test loss = 0.3254
...model saved to 15_exp/models/FloydWarshallDataset_vanilla_0.0001_20000_20260220_112048_relu_best.pth...20260220_114906
At epoch 2864, test loss = 0.3246
...model saved to 15_exp/models/FloydWarshallDataset_vanilla_0.0001_20000_20260220_112048_relu_best.pth...20260220_114908
At epoch 2873, test loss = 0.3222
...model saved to 15_exp/models/FloydWarshallDataset_vanilla_0.0001_20000_20260220_112048_relu_best.pth...20260220_114913
At epoch 2894, test loss = 0.3212
...model saved to 15_exp/models/FloydWarshallDataset_vanilla_0.0001_20000_20260220_112048_relu_best.pth...20260220_114924
At epoch 2908, test loss = 0.3193
...model saved to 15_exp/models/FloydWarshallDataset_vanilla_0.0001_20000_20260220_112048_relu_best.pth...20260220_114932
At epoch 2936, test loss = 0.3188
...model saved to 15_exp/models/FloydWarshallDataset_vanilla_0.0001_20000_20260220_112048_relu_best.pth...20260220_114947
At epoch 2939, test loss = 0.3161
...model saved to 15_exp/models/FloydWarshallDataset_vanilla_0.0001_20000_20260220_112048_relu_best.pth...20260220_114949
At epoch 2962, test loss = 0.3161
...model saved to 15_exp/models/FloydWarshallDataset_vanilla_0.0001_20000_20260220_112048_relu_best.pth...20260220_115001
At epoch 2963, test loss = 0.3147
...model saved to 15_exp/models/FloydWarshallDataset_vanilla_0.0001_20000_20260220_112048_relu_best.pth...20260220_115002
At epoch 2966, test loss = 0.3140
...model saved to 15_exp/models/FloydWarshallDataset_vanilla_0.0001_20000_20260220_112048_relu_best.pth...20260220_115004
At epoch 3005, test loss = 0.3132
...model saved to 15_exp/models/FloydWarshallDataset_vanilla_0.0001_20000_20260220_112048_relu_best.pth...20260220_115025
At epoch 3016, test loss = 0.3112
...model saved to 15_exp/models/FloydWarshallDataset_vanilla_0.0001_20000_20260220_112048_relu_best.pth...20260220_115031
At epoch 3024, test loss = 0.3110
...model saved to 15_exp/models/FloydWarshallDataset_vanilla_0.0001_20000_20260220_112048_relu_best.pth...20260220_115035
At epoch 3028, test loss = 0.3091
...model saved to 15_exp/models/FloydWarshallDataset_vanilla_0.0001_20000_20260220_112048_relu_best.pth...20260220_115037
At epoch 3045, test loss = 0.3074
...model saved to 15_exp/models/FloydWarshallDataset_vanilla_0.0001_20000_20260220_112048_relu_best.pth...20260220_115047
At epoch 3050, test loss = 0.3063
...model saved to 15_exp/models/FloydWarshallDataset_vanilla_0.0001_20000_20260220_112048_relu_best.pth...20260220_115049
At epoch 3075, test loss = 0.3059
...model saved to 15_exp/models/FloydWarshallDataset_vanilla_0.0001_20000_20260220_112048_relu_best.pth...20260220_115103
At epoch 3076, test loss = 0.3056
...model saved to 15_exp/models/FloydWarshallDataset_vanilla_0.0001_20000_20260220_112048_relu_best.pth...20260220_115104
At epoch 3080, test loss = 0.3049
...model saved to 15_exp/models/FloydWarshallDataset_vanilla_0.0001_20000_20260220_112048_relu_best.pth...20260220_115106
At epoch 3098, test loss = 0.3042
...model saved to 15_exp/models/FloydWarshallDataset_vanilla_0.0001_20000_20260220_112048_relu_best.pth...20260220_115116
At epoch 3113, test loss = 0.3030
...model saved to 15_exp/models/FloydWarshallDataset_vanilla_0.0001_20000_20260220_112048_relu_best.pth...20260220_115124
At epoch 3132, test loss = 0.3015
...model saved to 15_exp/models/FloydWarshallDataset_vanilla_0.0001_20000_20260220_112048_relu_best.pth...20260220_115134
At epoch 3136, test loss = 0.3012
...model saved to 15_exp/models/FloydWarshallDataset_vanilla_0.0001_20000_20260220_112048_relu_best.pth...20260220_115136
At epoch 3143, test loss = 0.2991
...model saved to 15_exp/models/FloydWarshallDataset_vanilla_0.0001_20000_20260220_112048_relu_best.pth...20260220_115140
At epoch 3180, test loss = 0.2986
...model saved to 15_exp/models/FloydWarshallDataset_vanilla_0.0001_20000_20260220_112048_relu_best.pth...20260220_115200
At epoch 3185, test loss = 0.2979
...model saved to 15_exp/models/FloydWarshallDataset_vanilla_0.0001_20000_20260220_112048_relu_best.pth...20260220_115203
At epoch 3194, test loss = 0.2957
...model saved to 15_exp/models/FloydWarshallDataset_vanilla_0.0001_20000_20260220_112048_relu_best.pth...20260220_115208
At epoch 3220, test loss = 0.2952
...model saved to 15_exp/models/FloydWarshallDataset_vanilla_0.0001_20000_20260220_112048_relu_best.pth...20260220_115222
At epoch 3226, test loss = 0.2927
...model saved to 15_exp/models/FloydWarshallDataset_vanilla_0.0001_20000_20260220_112048_relu_best.pth...20260220_115225
At epoch 3228, test loss = 0.2922
...model saved to 15_exp/models/FloydWarshallDataset_vanilla_0.0001_20000_20260220_112048_relu_best.pth...20260220_115226
At epoch 3263, test loss = 0.2913
...model saved to 15_exp/models/FloydWarshallDataset_vanilla_0.0001_20000_20260220_112048_relu_best.pth...20260220_115245
At epoch 3277, test loss = 0.2888
...model saved to 15_exp/models/FloydWarshallDataset_vanilla_0.0001_20000_20260220_112048_relu_best.pth...20260220_115252
At epoch 3296, test loss = 0.2882
...model saved to 15_exp/models/FloydWarshallDataset_vanilla_0.0001_20000_20260220_112048_relu_best.pth...20260220_115303
At epoch 3329, test loss = 0.2857
...model saved to 15_exp/models/FloydWarshallDataset_vanilla_0.0001_20000_20260220_112048_relu_best.pth...20260220_115321
At epoch 3372, test loss = 0.2850
...model saved to 15_exp/models/FloydWarshallDataset_vanilla_0.0001_20000_20260220_112048_relu_best.pth...20260220_115344
At epoch 3374, test loss = 0.2843
...model saved to 15_exp/models/FloydWarshallDataset_vanilla_0.0001_20000_20260220_112048_relu_best.pth...20260220_115345
At epoch 3386, test loss = 0.2821
...model saved to 15_exp/models/FloydWarshallDataset_vanilla_0.0001_20000_20260220_112048_relu_best.pth...20260220_115352
At epoch 3391, test loss = 0.2820
...model saved to 15_exp/models/FloydWarshallDataset_vanilla_0.0001_20000_20260220_112048_relu_best.pth...20260220_115354
At epoch 3399, test loss = 0.2819
...model saved to 15_exp/models/FloydWarshallDataset_vanilla_0.0001_20000_20260220_112048_relu_best.pth...20260220_115359
At epoch 3417, test loss = 0.2812
...model saved to 15_exp/models/FloydWarshallDataset_vanilla_0.0001_20000_20260220_112048_relu_best.pth...20260220_115409
At epoch 3419, test loss = 0.2807
...model saved to 15_exp/models/FloydWarshallDataset_vanilla_0.0001_20000_20260220_112048_relu_best.pth...20260220_115410
At epoch 3425, test loss = 0.2806
...model saved to 15_exp/models/FloydWarshallDataset_vanilla_0.0001_20000_20260220_112048_relu_best.pth...20260220_115413
At epoch 3437, test loss = 0.2805
...model saved to 15_exp/models/FloydWarshallDataset_vanilla_0.0001_20000_20260220_112048_relu_best.pth...20260220_115420
At epoch 3443, test loss = 0.2801
...model saved to 15_exp/models/FloydWarshallDataset_vanilla_0.0001_20000_20260220_112048_relu_best.pth...20260220_115423
At epoch 3445, test loss = 0.2775
...model saved to 15_exp/models/FloydWarshallDataset_vanilla_0.0001_20000_20260220_112048_relu_best.pth...20260220_115424
At epoch 3458, test loss = 0.2765
...model saved to 15_exp/models/FloydWarshallDataset_vanilla_0.0001_20000_20260220_112048_relu_best.pth...20260220_115431
At epoch 3462, test loss = 0.2762
...model saved to 15_exp/models/FloydWarshallDataset_vanilla_0.0001_20000_20260220_112048_relu_best.pth...20260220_115433
At epoch 3471, test loss = 0.2761
...model saved to 15_exp/models/FloydWarshallDataset_vanilla_0.0001_20000_20260220_112048_relu_best.pth...20260220_115438
At epoch 3493, test loss = 0.2759
...model saved to 15_exp/models/FloydWarshallDataset_vanilla_0.0001_20000_20260220_112048_relu_best.pth...20260220_115450
At epoch 3502, test loss = 0.2734
...model saved to 15_exp/models/FloydWarshallDataset_vanilla_0.0001_20000_20260220_112048_relu_best.pth...20260220_115455
At epoch 3531, test loss = 0.2722
...model saved to 15_exp/models/FloydWarshallDataset_vanilla_0.0001_20000_20260220_112048_relu_best.pth...20260220_115511
At epoch 3546, test loss = 0.2718
...model saved to 15_exp/models/FloydWarshallDataset_vanilla_0.0001_20000_20260220_112048_relu_best.pth...20260220_115520
At epoch 3553, test loss = 0.2715
...model saved to 15_exp/models/FloydWarshallDataset_vanilla_0.0001_20000_20260220_112048_relu_best.pth...20260220_115524
At epoch 3563, test loss = 0.2707
...model saved to 15_exp/models/FloydWarshallDataset_vanilla_0.0001_20000_20260220_112048_relu_best.pth...20260220_115530
At epoch 3573, test loss = 0.2704
...model saved to 15_exp/models/FloydWarshallDataset_vanilla_0.0001_20000_20260220_112048_relu_best.pth...20260220_115536
At epoch 3589, test loss = 0.2696
...model saved to 15_exp/models/FloydWarshallDataset_vanilla_0.0001_20000_20260220_112048_relu_best.pth...20260220_115546
At epoch 3593, test loss = 0.2688
...model saved to 15_exp/models/FloydWarshallDataset_vanilla_0.0001_20000_20260220_112048_relu_best.pth...20260220_115549
At epoch 3606, test loss = 0.2672
...model saved to 15_exp/models/FloydWarshallDataset_vanilla_0.0001_20000_20260220_112048_relu_best.pth...20260220_115557
At epoch 3635, test loss = 0.2632
...model saved to 15_exp/models/FloydWarshallDataset_vanilla_0.0001_20000_20260220_112048_relu_best.pth...20260220_115616
At epoch 3698, test loss = 0.2630
...model saved to 15_exp/models/FloydWarshallDataset_vanilla_0.0001_20000_20260220_112048_relu_best.pth...20260220_115654
At epoch 3702, test loss = 0.2612
...model saved to 15_exp/models/FloydWarshallDataset_vanilla_0.0001_20000_20260220_112048_relu_best.pth...20260220_115656
At epoch 3720, test loss = 0.2606
...model saved to 15_exp/models/FloydWarshallDataset_vanilla_0.0001_20000_20260220_112048_relu_best.pth...20260220_115707
At epoch 3744, test loss = 0.2598
...model saved to 15_exp/models/FloydWarshallDataset_vanilla_0.0001_20000_20260220_112048_relu_best.pth...20260220_115720
At epoch 3755, test loss = 0.2589
...model saved to 15_exp/models/FloydWarshallDataset_vanilla_0.0001_20000_20260220_112048_relu_best.pth...20260220_115726
At epoch 3774, test loss = 0.2583
...model saved to 15_exp/models/FloydWarshallDataset_vanilla_0.0001_20000_20260220_112048_relu_best.pth...20260220_115736
At epoch 3797, test loss = 0.2579
...model saved to 15_exp/models/FloydWarshallDataset_vanilla_0.0001_20000_20260220_112048_relu_best.pth...20260220_115749
At epoch 3809, test loss = 0.2579
...model saved to 15_exp/models/FloydWarshallDataset_vanilla_0.0001_20000_20260220_112048_relu_best.pth...20260220_115756
At epoch 3820, test loss = 0.2576
...model saved to 15_exp/models/FloydWarshallDataset_vanilla_0.0001_20000_20260220_112048_relu_best.pth...20260220_115801
At epoch 3826, test loss = 0.2570
...model saved to 15_exp/models/FloydWarshallDataset_vanilla_0.0001_20000_20260220_112048_relu_best.pth...20260220_115805
At epoch 3837, test loss = 0.2568
...model saved to 15_exp/models/FloydWarshallDataset_vanilla_0.0001_20000_20260220_112048_relu_best.pth...20260220_115811
At epoch 3850, test loss = 0.2557
...model saved to 15_exp/models/FloydWarshallDataset_vanilla_0.0001_20000_20260220_112048_relu_best.pth...20260220_115818
At epoch 3855, test loss = 0.2532
...model saved to 15_exp/models/FloydWarshallDataset_vanilla_0.0001_20000_20260220_112048_relu_best.pth...20260220_115821
At epoch 3893, test loss = 0.2511
...model saved to 15_exp/models/FloydWarshallDataset_vanilla_0.0001_20000_20260220_112048_relu_best.pth...20260220_115842
At epoch 3924, test loss = 0.2505
...model saved to 15_exp/models/FloydWarshallDataset_vanilla_0.0001_20000_20260220_112048_relu_best.pth...20260220_115858
At epoch 3947, test loss = 0.2502
...model saved to 15_exp/models/FloydWarshallDataset_vanilla_0.0001_20000_20260220_112048_relu_best.pth...20260220_115911
At epoch 3949, test loss = 0.2501
...model saved to 15_exp/models/FloydWarshallDataset_vanilla_0.0001_20000_20260220_112048_relu_best.pth...20260220_115912
At epoch 3972, test loss = 0.2495
...model saved to 15_exp/models/FloydWarshallDataset_vanilla_0.0001_20000_20260220_112048_relu_best.pth...20260220_115925
At epoch 3990, test loss = 0.2480
...model saved to 15_exp/models/FloydWarshallDataset_vanilla_0.0001_20000_20260220_112048_relu_best.pth...20260220_115935
At epoch 4018, test loss = 0.2476
...model saved to 15_exp/models/FloydWarshallDataset_vanilla_0.0001_20000_20260220_112048_relu_best.pth...20260220_115950
At epoch 4028, test loss = 0.2457
...model saved to 15_exp/models/FloydWarshallDataset_vanilla_0.0001_20000_20260220_112048_relu_best.pth...20260220_115956
At epoch 4034, test loss = 0.2449
...model saved to 15_exp/models/FloydWarshallDataset_vanilla_0.0001_20000_20260220_112048_relu_best.pth...20260220_115959
At epoch 4069, test loss = 0.2444
...model saved to 15_exp/models/FloydWarshallDataset_vanilla_0.0001_20000_20260220_112048_relu_best.pth...20260220_120019
At epoch 4070, test loss = 0.2440
...model saved to 15_exp/models/FloydWarshallDataset_vanilla_0.0001_20000_20260220_112048_relu_best.pth...20260220_120019
At epoch 4095, test loss = 0.2413
...model saved to 15_exp/models/FloydWarshallDataset_vanilla_0.0001_20000_20260220_112048_relu_best.pth...20260220_120033
At epoch 4136, test loss = 0.2411
...model saved to 15_exp/models/FloydWarshallDataset_vanilla_0.0001_20000_20260220_112048_relu_best.pth...20260220_120056
At epoch 4143, test loss = 0.2409
...model saved to 15_exp/models/FloydWarshallDataset_vanilla_0.0001_20000_20260220_112048_relu_best.pth...20260220_120100
At epoch 4158, test loss = 0.2398
...model saved to 15_exp/models/FloydWarshallDataset_vanilla_0.0001_20000_20260220_112048_relu_best.pth...20260220_120108
At epoch 4166, test loss = 0.2392
...model saved to 15_exp/models/FloydWarshallDataset_vanilla_0.0001_20000_20260220_112048_relu_best.pth...20260220_120112
At epoch 4184, test loss = 0.2391
...model saved to 15_exp/models/FloydWarshallDataset_vanilla_0.0001_20000_20260220_112048_relu_best.pth...20260220_120122
At epoch 4201, test loss = 0.2385
...model saved to 15_exp/models/FloydWarshallDataset_vanilla_0.0001_20000_20260220_112048_relu_best.pth...20260220_120131
At epoch 4204, test loss = 0.2385
...model saved to 15_exp/models/FloydWarshallDataset_vanilla_0.0001_20000_20260220_112048_relu_best.pth...20260220_120133
At epoch 4209, test loss = 0.2375
...model saved to 15_exp/models/FloydWarshallDataset_vanilla_0.0001_20000_20260220_112048_relu_best.pth...20260220_120136
At epoch 4217, test loss = 0.2374
...model saved to 15_exp/models/FloydWarshallDataset_vanilla_0.0001_20000_20260220_112048_relu_best.pth...20260220_120140
At epoch 4242, test loss = 0.2360
...model saved to 15_exp/models/FloydWarshallDataset_vanilla_0.0001_20000_20260220_112048_relu_best.pth...20260220_120154
At epoch 4250, test loss = 0.2350
...model saved to 15_exp/models/FloydWarshallDataset_vanilla_0.0001_20000_20260220_112048_relu_best.pth...20260220_120158
At epoch 4263, test loss = 0.2348
...model saved to 15_exp/models/FloydWarshallDataset_vanilla_0.0001_20000_20260220_112048_relu_best.pth...20260220_120205
At epoch 4277, test loss = 0.2348
...model saved to 15_exp/models/FloydWarshallDataset_vanilla_0.0001_20000_20260220_112048_relu_best.pth...20260220_120213
At epoch 4315, test loss = 0.2342
...model saved to 15_exp/models/FloydWarshallDataset_vanilla_0.0001_20000_20260220_112048_relu_best.pth...20260220_120234
At epoch 4322, test loss = 0.2339
...model saved to 15_exp/models/FloydWarshallDataset_vanilla_0.0001_20000_20260220_112048_relu_best.pth...20260220_120238
At epoch 4323, test loss = 0.2336
...model saved to 15_exp/models/FloydWarshallDataset_vanilla_0.0001_20000_20260220_112048_relu_best.pth...20260220_120239
At epoch 4336, test loss = 0.2312
...model saved to 15_exp/models/FloydWarshallDataset_vanilla_0.0001_20000_20260220_112048_relu_best.pth...20260220_120246
At epoch 4339, test loss = 0.2296
...model saved to 15_exp/models/FloydWarshallDataset_vanilla_0.0001_20000_20260220_112048_relu_best.pth...20260220_120248
At epoch 4424, test loss = 0.2292
...model saved to 15_exp/models/FloydWarshallDataset_vanilla_0.0001_20000_20260220_112048_relu_best.pth...20260220_120334
At epoch 4426, test loss = 0.2283
...model saved to 15_exp/models/FloydWarshallDataset_vanilla_0.0001_20000_20260220_112048_relu_best.pth...20260220_120335
At epoch 4449, test loss = 0.2254
...model saved to 15_exp/models/FloydWarshallDataset_vanilla_0.0001_20000_20260220_112048_relu_best.pth...20260220_120348
At epoch 4512, test loss = 0.2253
...model saved to 15_exp/models/FloydWarshallDataset_vanilla_0.0001_20000_20260220_112048_relu_best.pth...20260220_120422
At epoch 4518, test loss = 0.2247
...model saved to 15_exp/models/FloydWarshallDataset_vanilla_0.0001_20000_20260220_112048_relu_best.pth...20260220_120425
At epoch 4533, test loss = 0.2238
...model saved to 15_exp/models/FloydWarshallDataset_vanilla_0.0001_20000_20260220_112048_relu_best.pth...20260220_120433
At epoch 4561, test loss = 0.2234
...model saved to 15_exp/models/FloydWarshallDataset_vanilla_0.0001_20000_20260220_112048_relu_best.pth...20260220_120449
At epoch 4583, test loss = 0.2221
...model saved to 15_exp/models/FloydWarshallDataset_vanilla_0.0001_20000_20260220_112048_relu_best.pth...20260220_120501
At epoch 4595, test loss = 0.2214
...model saved to 15_exp/models/FloydWarshallDataset_vanilla_0.0001_20000_20260220_112048_relu_best.pth...20260220_120508
At epoch 4620, test loss = 0.2207
...model saved to 15_exp/models/FloydWarshallDataset_vanilla_0.0001_20000_20260220_112048_relu_best.pth...20260220_120522
At epoch 4642, test loss = 0.2205
...model saved to 15_exp/models/FloydWarshallDataset_vanilla_0.0001_20000_20260220_112048_relu_best.pth...20260220_120535
At epoch 4659, test loss = 0.2197
...model saved to 15_exp/models/FloydWarshallDataset_vanilla_0.0001_20000_20260220_112048_relu_best.pth...20260220_120545
At epoch 4681, test loss = 0.2192
...model saved to 15_exp/models/FloydWarshallDataset_vanilla_0.0001_20000_20260220_112048_relu_best.pth...20260220_120559
At epoch 4692, test loss = 0.2181
...model saved to 15_exp/models/FloydWarshallDataset_vanilla_0.0001_20000_20260220_112048_relu_best.pth...20260220_120605
At epoch 4705, test loss = 0.2171
...model saved to 15_exp/models/FloydWarshallDataset_vanilla_0.0001_20000_20260220_112048_relu_best.pth...20260220_120613
At epoch 4710, test loss = 0.2171
...model saved to 15_exp/models/FloydWarshallDataset_vanilla_0.0001_20000_20260220_112048_relu_best.pth...20260220_120616
At epoch 4725, test loss = 0.2158
...model saved to 15_exp/models/FloydWarshallDataset_vanilla_0.0001_20000_20260220_112048_relu_best.pth...20260220_120626
At epoch 4741, test loss = 0.2150
...model saved to 15_exp/models/FloydWarshallDataset_vanilla_0.0001_20000_20260220_112048_relu_best.pth...20260220_120635
At epoch 4771, test loss = 0.2148
...model saved to 15_exp/models/FloydWarshallDataset_vanilla_0.0001_20000_20260220_112048_relu_best.pth...20260220_120653
At epoch 4786, test loss = 0.2135
...model saved to 15_exp/models/FloydWarshallDataset_vanilla_0.0001_20000_20260220_112048_relu_best.pth...20260220_120702
At epoch 4841, test loss = 0.2128
...model saved to 15_exp/models/FloydWarshallDataset_vanilla_0.0001_20000_20260220_112048_relu_best.pth...20260220_120733
At epoch 4872, test loss = 0.2122
...model saved to 15_exp/models/FloydWarshallDataset_vanilla_0.0001_20000_20260220_112048_relu_best.pth...20260220_120750
At epoch 4875, test loss = 0.2120
...model saved to 15_exp/models/FloydWarshallDataset_vanilla_0.0001_20000_20260220_112048_relu_best.pth...20260220_120752
At epoch 4877, test loss = 0.2104
...model saved to 15_exp/models/FloydWarshallDataset_vanilla_0.0001_20000_20260220_112048_relu_best.pth...20260220_120753
At epoch 4890, test loss = 0.2098
...model saved to 15_exp/models/FloydWarshallDataset_vanilla_0.0001_20000_20260220_112048_relu_best.pth...20260220_120800
At epoch 4899, test loss = 0.2093
...model saved to 15_exp/models/FloydWarshallDataset_vanilla_0.0001_20000_20260220_112048_relu_best.pth...20260220_120805
At epoch 4936, test loss = 0.2092
...model saved to 15_exp/models/FloydWarshallDataset_vanilla_0.0001_20000_20260220_112048_relu_best.pth...20260220_120825
At epoch 4940, test loss = 0.2077
...model saved to 15_exp/models/FloydWarshallDataset_vanilla_0.0001_20000_20260220_112048_relu_best.pth...20260220_120827
At epoch 5003, test loss = 0.2072
...model saved to 15_exp/models/FloydWarshallDataset_vanilla_0.0001_20000_20260220_112048_relu_best.pth...20260220_120902
At epoch 5007, test loss = 0.2065
...model saved to 15_exp/models/FloydWarshallDataset_vanilla_0.0001_20000_20260220_112048_relu_best.pth...20260220_120904
At epoch 5009, test loss = 0.2062
...model saved to 15_exp/models/FloydWarshallDataset_vanilla_0.0001_20000_20260220_112048_relu_best.pth...20260220_120905
At epoch 5044, test loss = 0.2060
...model saved to 15_exp/models/FloydWarshallDataset_vanilla_0.0001_20000_20260220_112048_relu_best.pth...20260220_120924
At epoch 5073, test loss = 0.2044
...model saved to 15_exp/models/FloydWarshallDataset_vanilla_0.0001_20000_20260220_112048_relu_best.pth...20260220_120940
At epoch 5092, test loss = 0.2034
...model saved to 15_exp/models/FloydWarshallDataset_vanilla_0.0001_20000_20260220_112048_relu_best.pth...20260220_120950
At epoch 5130, test loss = 0.2034
...model saved to 15_exp/models/FloydWarshallDataset_vanilla_0.0001_20000_20260220_112048_relu_best.pth...20260220_121011
At epoch 5136, test loss = 0.2028
...model saved to 15_exp/models/FloydWarshallDataset_vanilla_0.0001_20000_20260220_112048_relu_best.pth...20260220_121014
At epoch 5154, test loss = 0.2025
...model saved to 15_exp/models/FloydWarshallDataset_vanilla_0.0001_20000_20260220_112048_relu_best.pth...20260220_121024
At epoch 5158, test loss = 0.2005
...model saved to 15_exp/models/FloydWarshallDataset_vanilla_0.0001_20000_20260220_112048_relu_best.pth...20260220_121026
At epoch 5159, test loss = 0.2004
...model saved to 15_exp/models/FloydWarshallDataset_vanilla_0.0001_20000_20260220_112048_relu_best.pth...20260220_121027
At epoch 5219, test loss = 0.2001
...model saved to 15_exp/models/FloydWarshallDataset_vanilla_0.0001_20000_20260220_112048_relu_best.pth...20260220_121059
At epoch 5223, test loss = 0.1990
...model saved to 15_exp/models/FloydWarshallDataset_vanilla_0.0001_20000_20260220_112048_relu_best.pth...20260220_121101
At epoch 5261, test loss = 0.1985
...model saved to 15_exp/models/FloydWarshallDataset_vanilla_0.0001_20000_20260220_112048_relu_best.pth...20260220_121122
At epoch 5263, test loss = 0.1973
...model saved to 15_exp/models/FloydWarshallDataset_vanilla_0.0001_20000_20260220_112048_relu_best.pth...20260220_121123
At epoch 5306, test loss = 0.1971
...model saved to 15_exp/models/FloydWarshallDataset_vanilla_0.0001_20000_20260220_112048_relu_best.pth...20260220_121147
At epoch 5316, test loss = 0.1952
...model saved to 15_exp/models/FloydWarshallDataset_vanilla_0.0001_20000_20260220_112048_relu_best.pth...20260220_121152
At epoch 5329, test loss = 0.1941
...model saved to 15_exp/models/FloydWarshallDataset_vanilla_0.0001_20000_20260220_112048_relu_best.pth...20260220_121200
At epoch 5380, test loss = 0.1937
...model saved to 15_exp/models/FloydWarshallDataset_vanilla_0.0001_20000_20260220_112048_relu_best.pth...20260220_121230
At epoch 5412, test loss = 0.1935
...model saved to 15_exp/models/FloydWarshallDataset_vanilla_0.0001_20000_20260220_112048_relu_best.pth...20260220_121249
At epoch 5419, test loss = 0.1933
...model saved to 15_exp/models/FloydWarshallDataset_vanilla_0.0001_20000_20260220_112048_relu_best.pth...20260220_121253
At epoch 5436, test loss = 0.1924
...model saved to 15_exp/models/FloydWarshallDataset_vanilla_0.0001_20000_20260220_112048_relu_best.pth...20260220_121304
At epoch 5475, test loss = 0.1917
...model saved to 15_exp/models/FloydWarshallDataset_vanilla_0.0001_20000_20260220_112048_relu_best.pth...20260220_121327
At epoch 5478, test loss = 0.1917
...model saved to 15_exp/models/FloydWarshallDataset_vanilla_0.0001_20000_20260220_112048_relu_best.pth...20260220_121329
At epoch 5481, test loss = 0.1911
...model saved to 15_exp/models/FloydWarshallDataset_vanilla_0.0001_20000_20260220_112048_relu_best.pth...20260220_121331
At epoch 5499, test loss = 0.1904
...model saved to 15_exp/models/FloydWarshallDataset_vanilla_0.0001_20000_20260220_112048_relu_best.pth...20260220_121341
At epoch 5500, test loss = 0.1898
...model saved to 15_exp/models/FloydWarshallDataset_vanilla_0.0001_20000_20260220_112048_relu_best.pth...20260220_121342
At epoch 5545, test loss = 0.1894
...model saved to 15_exp/models/FloydWarshallDataset_vanilla_0.0001_20000_20260220_112048_relu_best.pth...20260220_121407
At epoch 5548, test loss = 0.1890
...model saved to 15_exp/models/FloydWarshallDataset_vanilla_0.0001_20000_20260220_112048_relu_best.pth...20260220_121408
At epoch 5582, test loss = 0.1871
...model saved to 15_exp/models/FloydWarshallDataset_vanilla_0.0001_20000_20260220_112048_relu_best.pth...20260220_121427
At epoch 5611, test loss = 0.1863
...model saved to 15_exp/models/FloydWarshallDataset_vanilla_0.0001_20000_20260220_112048_relu_best.pth...20260220_121444
At epoch 5632, test loss = 0.1859
...model saved to 15_exp/models/FloydWarshallDataset_vanilla_0.0001_20000_20260220_112048_relu_best.pth...20260220_121457
At epoch 5635, test loss = 0.1845
...model saved to 15_exp/models/FloydWarshallDataset_vanilla_0.0001_20000_20260220_112048_relu_best.pth...20260220_121458
At epoch 5737, test loss = 0.1840
...model saved to 15_exp/models/FloydWarshallDataset_vanilla_0.0001_20000_20260220_112048_relu_best.pth...20260220_121558
At epoch 5747, test loss = 0.1836
...model saved to 15_exp/models/FloydWarshallDataset_vanilla_0.0001_20000_20260220_112048_relu_best.pth...20260220_121604
At epoch 5773, test loss = 0.1833
...model saved to 15_exp/models/FloydWarshallDataset_vanilla_0.0001_20000_20260220_112048_relu_best.pth...20260220_121619
At epoch 5783, test loss = 0.1824
...model saved to 15_exp/models/FloydWarshallDataset_vanilla_0.0001_20000_20260220_112048_relu_best.pth...20260220_121625
At epoch 5794, test loss = 0.1821
...model saved to 15_exp/models/FloydWarshallDataset_vanilla_0.0001_20000_20260220_112048_relu_best.pth...20260220_121632
At epoch 5808, test loss = 0.1819
...model saved to 15_exp/models/FloydWarshallDataset_vanilla_0.0001_20000_20260220_112048_relu_best.pth...20260220_121640
At epoch 5818, test loss = 0.1815
...model saved to 15_exp/models/FloydWarshallDataset_vanilla_0.0001_20000_20260220_112048_relu_best.pth...20260220_121646
At epoch 5841, test loss = 0.1808
...model saved to 15_exp/models/FloydWarshallDataset_vanilla_0.0001_20000_20260220_112048_relu_best.pth...20260220_121700
At epoch 5864, test loss = 0.1807
...model saved to 15_exp/models/FloydWarshallDataset_vanilla_0.0001_20000_20260220_112048_relu_best.pth...20260220_121713
At epoch 5869, test loss = 0.1790
...model saved to 15_exp/models/FloydWarshallDataset_vanilla_0.0001_20000_20260220_112048_relu_best.pth...20260220_121716
At epoch 5885, test loss = 0.1790
...model saved to 15_exp/models/FloydWarshallDataset_vanilla_0.0001_20000_20260220_112048_relu_best.pth...20260220_121725
At epoch 5920, test loss = 0.1788
...model saved to 15_exp/models/FloydWarshallDataset_vanilla_0.0001_20000_20260220_112048_relu_best.pth...20260220_121746
At epoch 5934, test loss = 0.1786
...model saved to 15_exp/models/FloydWarshallDataset_vanilla_0.0001_20000_20260220_112048_relu_best.pth...20260220_121754
At epoch 5959, test loss = 0.1764
...model saved to 15_exp/models/FloydWarshallDataset_vanilla_0.0001_20000_20260220_112048_relu_best.pth...20260220_121809
At epoch 5983, test loss = 0.1762
...model saved to 15_exp/models/FloydWarshallDataset_vanilla_0.0001_20000_20260220_112048_relu_best.pth...20260220_121823
At epoch 5984, test loss = 0.1752
...model saved to 15_exp/models/FloydWarshallDataset_vanilla_0.0001_20000_20260220_112048_relu_best.pth...20260220_121823
At epoch 6082, test loss = 0.1751
...model saved to 15_exp/models/FloydWarshallDataset_vanilla_0.0001_20000_20260220_112048_relu_best.pth...20260220_121921
At epoch 6120, test loss = 0.1746
...model saved to 15_exp/models/FloydWarshallDataset_vanilla_0.0001_20000_20260220_112048_relu_best.pth...20260220_121944
At epoch 6125, test loss = 0.1744
...model saved to 15_exp/models/FloydWarshallDataset_vanilla_0.0001_20000_20260220_112048_relu_best.pth...20260220_121947
At epoch 6129, test loss = 0.1739
...model saved to 15_exp/models/FloydWarshallDataset_vanilla_0.0001_20000_20260220_112048_relu_best.pth...20260220_121949
At epoch 6143, test loss = 0.1733
...model saved to 15_exp/models/FloydWarshallDataset_vanilla_0.0001_20000_20260220_112048_relu_best.pth...20260220_121957
At epoch 6167, test loss = 0.1718
...model saved to 15_exp/models/FloydWarshallDataset_vanilla_0.0001_20000_20260220_112048_relu_best.pth...20260220_122011
At epoch 6210, test loss = 0.1714
...model saved to 15_exp/models/FloydWarshallDataset_vanilla_0.0001_20000_20260220_112048_relu_best.pth...20260220_122037
At epoch 6214, test loss = 0.1710
...model saved to 15_exp/models/FloydWarshallDataset_vanilla_0.0001_20000_20260220_112048_relu_best.pth...20260220_122039
At epoch 6256, test loss = 0.1708
...model saved to 15_exp/models/FloydWarshallDataset_vanilla_0.0001_20000_20260220_112048_relu_best.pth...20260220_122104
At epoch 6262, test loss = 0.1702
...model saved to 15_exp/models/FloydWarshallDataset_vanilla_0.0001_20000_20260220_112048_relu_best.pth...20260220_122107
At epoch 6279, test loss = 0.1701
...model saved to 15_exp/models/FloydWarshallDataset_vanilla_0.0001_20000_20260220_112048_relu_best.pth...20260220_122117
At epoch 6283, test loss = 0.1701
...model saved to 15_exp/models/FloydWarshallDataset_vanilla_0.0001_20000_20260220_112048_relu_best.pth...20260220_122120
At epoch 6289, test loss = 0.1698
...model saved to 15_exp/models/FloydWarshallDataset_vanilla_0.0001_20000_20260220_112048_relu_best.pth...20260220_122123
At epoch 6296, test loss = 0.1695
...model saved to 15_exp/models/FloydWarshallDataset_vanilla_0.0001_20000_20260220_112048_relu_best.pth...20260220_122127
At epoch 6314, test loss = 0.1688
...model saved to 15_exp/models/FloydWarshallDataset_vanilla_0.0001_20000_20260220_112048_relu_best.pth...20260220_122138
At epoch 6366, test loss = 0.1672
...model saved to 15_exp/models/FloydWarshallDataset_vanilla_0.0001_20000_20260220_112048_relu_best.pth...20260220_122208
At epoch 6407, test loss = 0.1670
...model saved to 15_exp/models/FloydWarshallDataset_vanilla_0.0001_20000_20260220_112048_relu_best.pth...20260220_122232
At epoch 6413, test loss = 0.1664
...model saved to 15_exp/models/FloydWarshallDataset_vanilla_0.0001_20000_20260220_112048_relu_best.pth...20260220_122235
At epoch 6429, test loss = 0.1660
...model saved to 15_exp/models/FloydWarshallDataset_vanilla_0.0001_20000_20260220_112048_relu_best.pth...20260220_122244
At epoch 6527, test loss = 0.1657
...model saved to 15_exp/models/FloydWarshallDataset_vanilla_0.0001_20000_20260220_112048_relu_best.pth...20260220_122341
At epoch 6532, test loss = 0.1657
...model saved to 15_exp/models/FloydWarshallDataset_vanilla_0.0001_20000_20260220_112048_relu_best.pth...20260220_122344
At epoch 6533, test loss = 0.1644
...model saved to 15_exp/models/FloydWarshallDataset_vanilla_0.0001_20000_20260220_112048_relu_best.pth...20260220_122345
At epoch 6534, test loss = 0.1643
...model saved to 15_exp/models/FloydWarshallDataset_vanilla_0.0001_20000_20260220_112048_relu_best.pth...20260220_122346
At epoch 6608, test loss = 0.1642
...model saved to 15_exp/models/FloydWarshallDataset_vanilla_0.0001_20000_20260220_112048_relu_best.pth...20260220_122429
At epoch 6611, test loss = 0.1634
...model saved to 15_exp/models/FloydWarshallDataset_vanilla_0.0001_20000_20260220_112048_relu_best.pth...20260220_122431
At epoch 6620, test loss = 0.1626
...model saved to 15_exp/models/FloydWarshallDataset_vanilla_0.0001_20000_20260220_112048_relu_best.pth...20260220_122436
At epoch 6641, test loss = 0.1621
...model saved to 15_exp/models/FloydWarshallDataset_vanilla_0.0001_20000_20260220_112048_relu_best.pth...20260220_122447
At epoch 6653, test loss = 0.1618
...model saved to 15_exp/models/FloydWarshallDataset_vanilla_0.0001_20000_20260220_112048_relu_best.pth...20260220_122454
At epoch 6685, test loss = 0.1606
...model saved to 15_exp/models/FloydWarshallDataset_vanilla_0.0001_20000_20260220_112048_relu_best.pth...20260220_122511
At epoch 6752, test loss = 0.1593
...model saved to 15_exp/models/FloydWarshallDataset_vanilla_0.0001_20000_20260220_112048_relu_best.pth...20260220_122547
At epoch 6784, test loss = 0.1589
...model saved to 15_exp/models/FloydWarshallDataset_vanilla_0.0001_20000_20260220_112048_relu_best.pth...20260220_122605
At epoch 6822, test loss = 0.1584
...model saved to 15_exp/models/FloydWarshallDataset_vanilla_0.0001_20000_20260220_112048_relu_best.pth...20260220_122625
At epoch 6831, test loss = 0.1570
...model saved to 15_exp/models/FloydWarshallDataset_vanilla_0.0001_20000_20260220_112048_relu_best.pth...20260220_122630
At epoch 6915, test loss = 0.1563
...model saved to 15_exp/models/FloydWarshallDataset_vanilla_0.0001_20000_20260220_112048_relu_best.pth...20260220_122716
At epoch 6931, test loss = 0.1561
...model saved to 15_exp/models/FloydWarshallDataset_vanilla_0.0001_20000_20260220_112048_relu_best.pth...20260220_122725
At epoch 6976, test loss = 0.1560
...model saved to 15_exp/models/FloydWarshallDataset_vanilla_0.0001_20000_20260220_112048_relu_best.pth...20260220_122749
At epoch 7013, test loss = 0.1548
...model saved to 15_exp/models/FloydWarshallDataset_vanilla_0.0001_20000_20260220_112048_relu_best.pth...20260220_122809
At epoch 7029, test loss = 0.1548
...model saved to 15_exp/models/FloydWarshallDataset_vanilla_0.0001_20000_20260220_112048_relu_best.pth...20260220_122818
At epoch 7047, test loss = 0.1541
...model saved to 15_exp/models/FloydWarshallDataset_vanilla_0.0001_20000_20260220_112048_relu_best.pth...20260220_122828
At epoch 7054, test loss = 0.1538
...model saved to 15_exp/models/FloydWarshallDataset_vanilla_0.0001_20000_20260220_112048_relu_best.pth...20260220_122832
At epoch 7084, test loss = 0.1529
...model saved to 15_exp/models/FloydWarshallDataset_vanilla_0.0001_20000_20260220_112048_relu_best.pth...20260220_122848
At epoch 7130, test loss = 0.1526
...model saved to 15_exp/models/FloydWarshallDataset_vanilla_0.0001_20000_20260220_112048_relu_best.pth...20260220_122913
At epoch 7197, test loss = 0.1514
...model saved to 15_exp/models/FloydWarshallDataset_vanilla_0.0001_20000_20260220_112048_relu_best.pth...20260220_122951
At epoch 7220, test loss = 0.1513
...model saved to 15_exp/models/FloydWarshallDataset_vanilla_0.0001_20000_20260220_112048_relu_best.pth...20260220_123004
At epoch 7230, test loss = 0.1507
...model saved to 15_exp/models/FloydWarshallDataset_vanilla_0.0001_20000_20260220_112048_relu_best.pth...20260220_123011
At epoch 7236, test loss = 0.1506
...model saved to 15_exp/models/FloydWarshallDataset_vanilla_0.0001_20000_20260220_112048_relu_best.pth...20260220_123014
At epoch 7237, test loss = 0.1505
...model saved to 15_exp/models/FloydWarshallDataset_vanilla_0.0001_20000_20260220_112048_relu_best.pth...20260220_123015
At epoch 7275, test loss = 0.1501
...model saved to 15_exp/models/FloydWarshallDataset_vanilla_0.0001_20000_20260220_112048_relu_best.pth...20260220_123038
At epoch 7282, test loss = 0.1489
...model saved to 15_exp/models/FloydWarshallDataset_vanilla_0.0001_20000_20260220_112048_relu_best.pth...20260220_123043
At epoch 7361, test loss = 0.1487
...model saved to 15_exp/models/FloydWarshallDataset_vanilla_0.0001_20000_20260220_112048_relu_best.pth...20260220_123129
At epoch 7390, test loss = 0.1480
...model saved to 15_exp/models/FloydWarshallDataset_vanilla_0.0001_20000_20260220_112048_relu_best.pth...20260220_123145
At epoch 7415, test loss = 0.1476
...model saved to 15_exp/models/FloydWarshallDataset_vanilla_0.0001_20000_20260220_112048_relu_best.pth...20260220_123158
At epoch 7452, test loss = 0.1464
...model saved to 15_exp/models/FloydWarshallDataset_vanilla_0.0001_20000_20260220_112048_relu_best.pth...20260220_123218
At epoch 7545, test loss = 0.1458
...model saved to 15_exp/models/FloydWarshallDataset_vanilla_0.0001_20000_20260220_112048_relu_best.pth...20260220_123309
At epoch 7577, test loss = 0.1453
...model saved to 15_exp/models/FloydWarshallDataset_vanilla_0.0001_20000_20260220_112048_relu_best.pth...20260220_123326
At epoch 7591, test loss = 0.1439
...model saved to 15_exp/models/FloydWarshallDataset_vanilla_0.0001_20000_20260220_112048_relu_best.pth...20260220_123334
At epoch 7695, test loss = 0.1436
...model saved to 15_exp/models/FloydWarshallDataset_vanilla_0.0001_20000_20260220_112048_relu_best.pth...20260220_123430
At epoch 7696, test loss = 0.1435
...model saved to 15_exp/models/FloydWarshallDataset_vanilla_0.0001_20000_20260220_112048_relu_best.pth...20260220_123430
At epoch 7742, test loss = 0.1414
...model saved to 15_exp/models/FloydWarshallDataset_vanilla_0.0001_20000_20260220_112048_relu_best.pth...20260220_123455
At epoch 7774, test loss = 0.1411
...model saved to 15_exp/models/FloydWarshallDataset_vanilla_0.0001_20000_20260220_112048_relu_best.pth...20260220_123512
At epoch 7861, test loss = 0.1411
...model saved to 15_exp/models/FloydWarshallDataset_vanilla_0.0001_20000_20260220_112048_relu_best.pth...20260220_123600
At epoch 7878, test loss = 0.1402
...model saved to 15_exp/models/FloydWarshallDataset_vanilla_0.0001_20000_20260220_112048_relu_best.pth...20260220_123609
At epoch 7929, test loss = 0.1396
...model saved to 15_exp/models/FloydWarshallDataset_vanilla_0.0001_20000_20260220_112048_relu_best.pth...20260220_123636
At epoch 7955, test loss = 0.1392
...model saved to 15_exp/models/FloydWarshallDataset_vanilla_0.0001_20000_20260220_112048_relu_best.pth...20260220_123651
At epoch 7990, test loss = 0.1391
...model saved to 15_exp/models/FloydWarshallDataset_vanilla_0.0001_20000_20260220_112048_relu_best.pth...20260220_123710
At epoch 7999, test loss = 0.1379
...model saved to 15_exp/models/FloydWarshallDataset_vanilla_0.0001_20000_20260220_112048_relu_best.pth...20260220_123714
At epoch 8060, test loss = 0.1379
...model saved to 15_exp/models/FloydWarshallDataset_vanilla_0.0001_20000_20260220_112048_relu_best.pth...20260220_123747
At epoch 8090, test loss = 0.1377
...model saved to 15_exp/models/FloydWarshallDataset_vanilla_0.0001_20000_20260220_112048_relu_best.pth...20260220_123804
At epoch 8095, test loss = 0.1366
...model saved to 15_exp/models/FloydWarshallDataset_vanilla_0.0001_20000_20260220_112048_relu_best.pth...20260220_123806
At epoch 8105, test loss = 0.1365
...model saved to 15_exp/models/FloydWarshallDataset_vanilla_0.0001_20000_20260220_112048_relu_best.pth...20260220_123812
At epoch 8149, test loss = 0.1360
...model saved to 15_exp/models/FloydWarshallDataset_vanilla_0.0001_20000_20260220_112048_relu_best.pth...20260220_123836
At epoch 8196, test loss = 0.1335
...model saved to 15_exp/models/FloydWarshallDataset_vanilla_0.0001_20000_20260220_112048_relu_best.pth...20260220_123901
At epoch 8342, test loss = 0.1325
...model saved to 15_exp/models/FloydWarshallDataset_vanilla_0.0001_20000_20260220_112048_relu_best.pth...20260220_124021
At epoch 8432, test loss = 0.1320
...model saved to 15_exp/models/FloydWarshallDataset_vanilla_0.0001_20000_20260220_112048_relu_best.pth...20260220_124109
At epoch 8479, test loss = 0.1317
...model saved to 15_exp/models/FloydWarshallDataset_vanilla_0.0001_20000_20260220_112048_relu_best.pth...20260220_124135
At epoch 8481, test loss = 0.1311
...model saved to 15_exp/models/FloydWarshallDataset_vanilla_0.0001_20000_20260220_112048_relu_best.pth...20260220_124136
At epoch 8490, test loss = 0.1308
...model saved to 15_exp/models/FloydWarshallDataset_vanilla_0.0001_20000_20260220_112048_relu_best.pth...20260220_124141
At epoch 8562, test loss = 0.1302
...model saved to 15_exp/models/FloydWarshallDataset_vanilla_0.0001_20000_20260220_112048_relu_best.pth...20260220_124221
At epoch 8621, test loss = 0.1301
...model saved to 15_exp/models/FloydWarshallDataset_vanilla_0.0001_20000_20260220_112048_relu_best.pth...20260220_124253
At epoch 8627, test loss = 0.1300
...model saved to 15_exp/models/FloydWarshallDataset_vanilla_0.0001_20000_20260220_112048_relu_best.pth...20260220_124256
At epoch 8642, test loss = 0.1296
...model saved to 15_exp/models/FloydWarshallDataset_vanilla_0.0001_20000_20260220_112048_relu_best.pth...20260220_124304
At epoch 8644, test loss = 0.1287
...model saved to 15_exp/models/FloydWarshallDataset_vanilla_0.0001_20000_20260220_112048_relu_best.pth...20260220_124305
At epoch 8729, test loss = 0.1285
...model saved to 15_exp/models/FloydWarshallDataset_vanilla_0.0001_20000_20260220_112048_relu_best.pth...20260220_124351
At epoch 8749, test loss = 0.1284
...model saved to 15_exp/models/FloydWarshallDataset_vanilla_0.0001_20000_20260220_112048_relu_best.pth...20260220_124402
At epoch 8765, test loss = 0.1279
...model saved to 15_exp/models/FloydWarshallDataset_vanilla_0.0001_20000_20260220_112048_relu_best.pth...20260220_124411
At epoch 8769, test loss = 0.1279
...model saved to 15_exp/models/FloydWarshallDataset_vanilla_0.0001_20000_20260220_112048_relu_best.pth...20260220_124413
At epoch 8794, test loss = 0.1275
...model saved to 15_exp/models/FloydWarshallDataset_vanilla_0.0001_20000_20260220_112048_relu_best.pth...20260220_124426
At epoch 8826, test loss = 0.1271
...model saved to 15_exp/models/FloydWarshallDataset_vanilla_0.0001_20000_20260220_112048_relu_best.pth...20260220_124444
At epoch 8844, test loss = 0.1266
...model saved to 15_exp/models/FloydWarshallDataset_vanilla_0.0001_20000_20260220_112048_relu_best.pth...20260220_124455
At epoch 8851, test loss = 0.1260
...model saved to 15_exp/models/FloydWarshallDataset_vanilla_0.0001_20000_20260220_112048_relu_best.pth...20260220_124459
At epoch 8939, test loss = 0.1248
...model saved to 15_exp/models/FloydWarshallDataset_vanilla_0.0001_20000_20260220_112048_relu_best.pth...20260220_124549
At epoch 9000, test loss = 0.1246
...model saved to 15_exp/models/FloydWarshallDataset_vanilla_0.0001_20000_20260220_112048_relu_best.pth...20260220_124625
At epoch 9034, test loss = 0.1244
...model saved to 15_exp/models/FloydWarshallDataset_vanilla_0.0001_20000_20260220_112048_relu_best.pth...20260220_124644
At epoch 9049, test loss = 0.1233
...model saved to 15_exp/models/FloydWarshallDataset_vanilla_0.0001_20000_20260220_112048_relu_best.pth...20260220_124654
At epoch 9126, test loss = 0.1225
...model saved to 15_exp/models/FloydWarshallDataset_vanilla_0.0001_20000_20260220_112048_relu_best.pth...20260220_124738
At epoch 9261, test loss = 0.1207
...model saved to 15_exp/models/FloydWarshallDataset_vanilla_0.0001_20000_20260220_112048_relu_best.pth...20260220_124857
At epoch 9333, test loss = 0.1205
...model saved to 15_exp/models/FloydWarshallDataset_vanilla_0.0001_20000_20260220_112048_relu_best.pth...20260220_124938
At epoch 9393, test loss = 0.1201
...model saved to 15_exp/models/FloydWarshallDataset_vanilla_0.0001_20000_20260220_112048_relu_best.pth...20260220_125013
At epoch 9455, test loss = 0.1195
...model saved to 15_exp/models/FloydWarshallDataset_vanilla_0.0001_20000_20260220_112048_relu_best.pth...20260220_125049
At epoch 9522, test loss = 0.1194
...model saved to 15_exp/models/FloydWarshallDataset_vanilla_0.0001_20000_20260220_112048_relu_best.pth...20260220_125128
At epoch 9528, test loss = 0.1193
...model saved to 15_exp/models/FloydWarshallDataset_vanilla_0.0001_20000_20260220_112048_relu_best.pth...20260220_125132
At epoch 9535, test loss = 0.1187
...model saved to 15_exp/models/FloydWarshallDataset_vanilla_0.0001_20000_20260220_112048_relu_best.pth...20260220_125135
At epoch 9541, test loss = 0.1185
...model saved to 15_exp/models/FloydWarshallDataset_vanilla_0.0001_20000_20260220_112048_relu_best.pth...20260220_125139
At epoch 9594, test loss = 0.1185
...model saved to 15_exp/models/FloydWarshallDataset_vanilla_0.0001_20000_20260220_112048_relu_best.pth...20260220_125207
At epoch 9597, test loss = 0.1181
...model saved to 15_exp/models/FloydWarshallDataset_vanilla_0.0001_20000_20260220_112048_relu_best.pth...20260220_125209
At epoch 9652, test loss = 0.1179
...model saved to 15_exp/models/FloydWarshallDataset_vanilla_0.0001_20000_20260220_112048_relu_best.pth...20260220_125239
At epoch 9658, test loss = 0.1178
...model saved to 15_exp/models/FloydWarshallDataset_vanilla_0.0001_20000_20260220_112048_relu_best.pth...20260220_125242
At epoch 9701, test loss = 0.1178
...model saved to 15_exp/models/FloydWarshallDataset_vanilla_0.0001_20000_20260220_112048_relu_best.pth...20260220_125307
At epoch 9755, test loss = 0.1175
...model saved to 15_exp/models/FloydWarshallDataset_vanilla_0.0001_20000_20260220_112048_relu_best.pth...20260220_125338
At epoch 9762, test loss = 0.1170
...model saved to 15_exp/models/FloydWarshallDataset_vanilla_0.0001_20000_20260220_112048_relu_best.pth...20260220_125342
At epoch 9801, test loss = 0.1169
...model saved to 15_exp/models/FloydWarshallDataset_vanilla_0.0001_20000_20260220_112048_relu_best.pth...20260220_125405
At epoch 9813, test loss = 0.1167
...model saved to 15_exp/models/FloydWarshallDataset_vanilla_0.0001_20000_20260220_112048_relu_best.pth...20260220_125412
At epoch 9817, test loss = 0.1165
...model saved to 15_exp/models/FloydWarshallDataset_vanilla_0.0001_20000_20260220_112048_relu_best.pth...20260220_125415
At epoch 9838, test loss = 0.1155
...model saved to 15_exp/models/FloydWarshallDataset_vanilla_0.0001_20000_20260220_112048_relu_best.pth...20260220_125427
At epoch 9882, test loss = 0.1153
...model saved to 15_exp/models/FloydWarshallDataset_vanilla_0.0001_20000_20260220_112048_relu_best.pth...20260220_125453
At epoch 9936, test loss = 0.1150
...model saved to 15_exp/models/FloydWarshallDataset_vanilla_0.0001_20000_20260220_112048_relu_best.pth...20260220_125524
At epoch 9986, test loss = 0.1148
...model saved to 15_exp/models/FloydWarshallDataset_vanilla_0.0001_20000_20260220_112048_relu_best.pth...20260220_125554
At epoch 10012, test loss = 0.1146
...model saved to 15_exp/models/FloydWarshallDataset_vanilla_0.0001_20000_20260220_112048_relu_best.pth...20260220_125609
At epoch 10030, test loss = 0.1141
...model saved to 15_exp/models/FloydWarshallDataset_vanilla_0.0001_20000_20260220_112048_relu_best.pth...20260220_125619
At epoch 10043, test loss = 0.1138
...model saved to 15_exp/models/FloydWarshallDataset_vanilla_0.0001_20000_20260220_112048_relu_best.pth...20260220_125627
At epoch 10057, test loss = 0.1137
...model saved to 15_exp/models/FloydWarshallDataset_vanilla_0.0001_20000_20260220_112048_relu_best.pth...20260220_125635
At epoch 10129, test loss = 0.1133
...model saved to 15_exp/models/FloydWarshallDataset_vanilla_0.0001_20000_20260220_112048_relu_best.pth...20260220_125716
At epoch 10148, test loss = 0.1126
...model saved to 15_exp/models/FloydWarshallDataset_vanilla_0.0001_20000_20260220_112048_relu_best.pth...20260220_125726
At epoch 10177, test loss = 0.1125
...model saved to 15_exp/models/FloydWarshallDataset_vanilla_0.0001_20000_20260220_112048_relu_best.pth...20260220_125742
At epoch 10211, test loss = 0.1122
...model saved to 15_exp/models/FloydWarshallDataset_vanilla_0.0001_20000_20260220_112048_relu_best.pth...20260220_125800
At epoch 10228, test loss = 0.1120
...model saved to 15_exp/models/FloydWarshallDataset_vanilla_0.0001_20000_20260220_112048_relu_best.pth...20260220_125810
At epoch 10239, test loss = 0.1112
...model saved to 15_exp/models/FloydWarshallDataset_vanilla_0.0001_20000_20260220_112048_relu_best.pth...20260220_125816
At epoch 10401, test loss = 0.1101
...model saved to 15_exp/models/FloydWarshallDataset_vanilla_0.0001_20000_20260220_112048_relu_best.pth...20260220_125943
At epoch 10405, test loss = 0.1092
...model saved to 15_exp/models/FloydWarshallDataset_vanilla_0.0001_20000_20260220_112048_relu_best.pth...20260220_125945
At epoch 10541, test loss = 0.1091
...model saved to 15_exp/models/FloydWarshallDataset_vanilla_0.0001_20000_20260220_112048_relu_best.pth...20260220_130059
At epoch 10548, test loss = 0.1091
...model saved to 15_exp/models/FloydWarshallDataset_vanilla_0.0001_20000_20260220_112048_relu_best.pth...20260220_130103
At epoch 10596, test loss = 0.1088
...model saved to 15_exp/models/FloydWarshallDataset_vanilla_0.0001_20000_20260220_112048_relu_best.pth...20260220_130129
At epoch 10610, test loss = 0.1077
...model saved to 15_exp/models/FloydWarshallDataset_vanilla_0.0001_20000_20260220_112048_relu_best.pth...20260220_130136
At epoch 10695, test loss = 0.1073
...model saved to 15_exp/models/FloydWarshallDataset_vanilla_0.0001_20000_20260220_112048_relu_best.pth...20260220_130223
At epoch 10818, test loss = 0.1069
...model saved to 15_exp/models/FloydWarshallDataset_vanilla_0.0001_20000_20260220_112048_relu_best.pth...20260220_130329
At epoch 10829, test loss = 0.1066
...model saved to 15_exp/models/FloydWarshallDataset_vanilla_0.0001_20000_20260220_112048_relu_best.pth...20260220_130335
At epoch 10852, test loss = 0.1053
...model saved to 15_exp/models/FloydWarshallDataset_vanilla_0.0001_20000_20260220_112048_relu_best.pth...20260220_130348
At epoch 10900, test loss = 0.1047
...model saved to 15_exp/models/FloydWarshallDataset_vanilla_0.0001_20000_20260220_112048_relu_best.pth...20260220_130414
At epoch 11108, test loss = 0.1040
...model saved to 15_exp/models/FloydWarshallDataset_vanilla_0.0001_20000_20260220_112048_relu_best.pth...20260220_130612
At epoch 11117, test loss = 0.1040
...model saved to 15_exp/models/FloydWarshallDataset_vanilla_0.0001_20000_20260220_112048_relu_best.pth...20260220_130618
At epoch 11133, test loss = 0.1037
...model saved to 15_exp/models/FloydWarshallDataset_vanilla_0.0001_20000_20260220_112048_relu_best.pth...20260220_130627
At epoch 11146, test loss = 0.1032
...model saved to 15_exp/models/FloydWarshallDataset_vanilla_0.0001_20000_20260220_112048_relu_best.pth...20260220_130635
At epoch 11239, test loss = 0.1027
...model saved to 15_exp/models/FloydWarshallDataset_vanilla_0.0001_20000_20260220_112048_relu_best.pth...20260220_130728
At epoch 11275, test loss = 0.1022
...model saved to 15_exp/models/FloydWarshallDataset_vanilla_0.0001_20000_20260220_112048_relu_best.pth...20260220_130747
At epoch 11381, test loss = 0.1021
...model saved to 15_exp/models/FloydWarshallDataset_vanilla_0.0001_20000_20260220_112048_relu_best.pth...20260220_130845
At epoch 11401, test loss = 0.1018
...model saved to 15_exp/models/FloydWarshallDataset_vanilla_0.0001_20000_20260220_112048_relu_best.pth...20260220_130856
At epoch 11432, test loss = 0.1017
...model saved to 15_exp/models/FloydWarshallDataset_vanilla_0.0001_20000_20260220_112048_relu_best.pth...20260220_130912
At epoch 11434, test loss = 0.1006
...model saved to 15_exp/models/FloydWarshallDataset_vanilla_0.0001_20000_20260220_112048_relu_best.pth...20260220_130913
At epoch 11539, test loss = 0.1005
...model saved to 15_exp/models/FloydWarshallDataset_vanilla_0.0001_20000_20260220_112048_relu_best.pth...20260220_131011
At epoch 11554, test loss = 0.1003
...model saved to 15_exp/models/FloydWarshallDataset_vanilla_0.0001_20000_20260220_112048_relu_best.pth...20260220_131020
At epoch 11560, test loss = 0.0998
...model saved to 15_exp/models/FloydWarshallDataset_vanilla_0.0001_20000_20260220_112048_relu_best.pth...20260220_131023
At epoch 11615, test loss = 0.0994
...model saved to 15_exp/models/FloydWarshallDataset_vanilla_0.0001_20000_20260220_112048_relu_best.pth...20260220_131056
At epoch 11646, test loss = 0.0989
...model saved to 15_exp/models/FloydWarshallDataset_vanilla_0.0001_20000_20260220_112048_relu_best.pth...20260220_131114
At epoch 11798, test loss = 0.0986
...model saved to 15_exp/models/FloydWarshallDataset_vanilla_0.0001_20000_20260220_112048_relu_best.pth...20260220_131240
At epoch 11809, test loss = 0.0982
...model saved to 15_exp/models/FloydWarshallDataset_vanilla_0.0001_20000_20260220_112048_relu_best.pth...20260220_131246
At epoch 11858, test loss = 0.0971
...model saved to 15_exp/models/FloydWarshallDataset_vanilla_0.0001_20000_20260220_112048_relu_best.pth...20260220_131312
At epoch 11921, test loss = 0.0970
...model saved to 15_exp/models/FloydWarshallDataset_vanilla_0.0001_20000_20260220_112048_relu_best.pth...20260220_131347
At epoch 11944, test loss = 0.0968
...model saved to 15_exp/models/FloydWarshallDataset_vanilla_0.0001_20000_20260220_112048_relu_best.pth...20260220_131400
At epoch 12002, test loss = 0.0967
...model saved to 15_exp/models/FloydWarshallDataset_vanilla_0.0001_20000_20260220_112048_relu_best.pth...20260220_131431
At epoch 12023, test loss = 0.0965
...model saved to 15_exp/models/FloydWarshallDataset_vanilla_0.0001_20000_20260220_112048_relu_best.pth...20260220_131443
At epoch 12077, test loss = 0.0961
...model saved to 15_exp/models/FloydWarshallDataset_vanilla_0.0001_20000_20260220_112048_relu_best.pth...20260220_131512
At epoch 12080, test loss = 0.0960
...model saved to 15_exp/models/FloydWarshallDataset_vanilla_0.0001_20000_20260220_112048_relu_best.pth...20260220_131514
At epoch 12176, test loss = 0.0960
...model saved to 15_exp/models/FloydWarshallDataset_vanilla_0.0001_20000_20260220_112048_relu_best.pth...20260220_131605
At epoch 12216, test loss = 0.0954
...model saved to 15_exp/models/FloydWarshallDataset_vanilla_0.0001_20000_20260220_112048_relu_best.pth...20260220_131627
At epoch 12257, test loss = 0.0952
...model saved to 15_exp/models/FloydWarshallDataset_vanilla_0.0001_20000_20260220_112048_relu_best.pth...20260220_131649
At epoch 12263, test loss = 0.0949
...model saved to 15_exp/models/FloydWarshallDataset_vanilla_0.0001_20000_20260220_112048_relu_best.pth...20260220_131652
At epoch 12321, test loss = 0.0947
...model saved to 15_exp/models/FloydWarshallDataset_vanilla_0.0001_20000_20260220_112048_relu_best.pth...20260220_131723
At epoch 12409, test loss = 0.0945
...model saved to 15_exp/models/FloydWarshallDataset_vanilla_0.0001_20000_20260220_112048_relu_best.pth...20260220_131811
At epoch 12419, test loss = 0.0942
...model saved to 15_exp/models/FloydWarshallDataset_vanilla_0.0001_20000_20260220_112048_relu_best.pth...20260220_131817
At epoch 12450, test loss = 0.0939
...model saved to 15_exp/models/FloydWarshallDataset_vanilla_0.0001_20000_20260220_112048_relu_best.pth...20260220_131833
At epoch 12480, test loss = 0.0935
...model saved to 15_exp/models/FloydWarshallDataset_vanilla_0.0001_20000_20260220_112048_relu_best.pth...20260220_131850
At epoch 12511, test loss = 0.0934
...model saved to 15_exp/models/FloydWarshallDataset_vanilla_0.0001_20000_20260220_112048_relu_best.pth...20260220_131908
At epoch 12552, test loss = 0.0931
...model saved to 15_exp/models/FloydWarshallDataset_vanilla_0.0001_20000_20260220_112048_relu_best.pth...20260220_131930
At epoch 12569, test loss = 0.0931
...model saved to 15_exp/models/FloydWarshallDataset_vanilla_0.0001_20000_20260220_112048_relu_best.pth...20260220_131939
At epoch 12578, test loss = 0.0925
...model saved to 15_exp/models/FloydWarshallDataset_vanilla_0.0001_20000_20260220_112048_relu_best.pth...20260220_131944
At epoch 12615, test loss = 0.0918
...model saved to 15_exp/models/FloydWarshallDataset_vanilla_0.0001_20000_20260220_112048_relu_best.pth...20260220_132004
At epoch 12800, test loss = 0.0913
...model saved to 15_exp/models/FloydWarshallDataset_vanilla_0.0001_20000_20260220_112048_relu_best.pth...20260220_132143
At epoch 12884, test loss = 0.0909
...model saved to 15_exp/models/FloydWarshallDataset_vanilla_0.0001_20000_20260220_112048_relu_best.pth...20260220_132230
At epoch 13020, test loss = 0.0903
...model saved to 15_exp/models/FloydWarshallDataset_vanilla_0.0001_20000_20260220_112048_relu_best.pth...20260220_132344
At epoch 13135, test loss = 0.0902
...model saved to 15_exp/models/FloydWarshallDataset_vanilla_0.0001_20000_20260220_112048_relu_best.pth...20260220_132446
At epoch 13143, test loss = 0.0898
...model saved to 15_exp/models/FloydWarshallDataset_vanilla_0.0001_20000_20260220_112048_relu_best.pth...20260220_132450
At epoch 13188, test loss = 0.0897
...model saved to 15_exp/models/FloydWarshallDataset_vanilla_0.0001_20000_20260220_112048_relu_best.pth...20260220_132515
At epoch 13189, test loss = 0.0891
...model saved to 15_exp/models/FloydWarshallDataset_vanilla_0.0001_20000_20260220_112048_relu_best.pth...20260220_132515
At epoch 13375, test loss = 0.0888
...model saved to 15_exp/models/FloydWarshallDataset_vanilla_0.0001_20000_20260220_112048_relu_best.pth...20260220_132655
At epoch 13454, test loss = 0.0884
...model saved to 15_exp/models/FloydWarshallDataset_vanilla_0.0001_20000_20260220_112048_relu_best.pth...20260220_132738
At epoch 13524, test loss = 0.0883
...model saved to 15_exp/models/FloydWarshallDataset_vanilla_0.0001_20000_20260220_112048_relu_best.pth...20260220_132816
At epoch 13549, test loss = 0.0878
...model saved to 15_exp/models/FloydWarshallDataset_vanilla_0.0001_20000_20260220_112048_relu_best.pth...20260220_132829
At epoch 13687, test loss = 0.0877
...model saved to 15_exp/models/FloydWarshallDataset_vanilla_0.0001_20000_20260220_112048_relu_best.pth...20260220_132944
At epoch 13729, test loss = 0.0876
...model saved to 15_exp/models/FloydWarshallDataset_vanilla_0.0001_20000_20260220_112048_relu_best.pth...20260220_133007
At epoch 13734, test loss = 0.0876
...model saved to 15_exp/models/FloydWarshallDataset_vanilla_0.0001_20000_20260220_112048_relu_best.pth...20260220_133009
At epoch 13743, test loss = 0.0869
...model saved to 15_exp/models/FloydWarshallDataset_vanilla_0.0001_20000_20260220_112048_relu_best.pth...20260220_133014
At epoch 13842, test loss = 0.0869
...model saved to 15_exp/models/FloydWarshallDataset_vanilla_0.0001_20000_20260220_112048_relu_best.pth...20260220_133108
At epoch 13915, test loss = 0.0867
...model saved to 15_exp/models/FloydWarshallDataset_vanilla_0.0001_20000_20260220_112048_relu_best.pth...20260220_133147
At epoch 13927, test loss = 0.0862
...model saved to 15_exp/models/FloydWarshallDataset_vanilla_0.0001_20000_20260220_112048_relu_best.pth...20260220_133154
At epoch 13948, test loss = 0.0856
...model saved to 15_exp/models/FloydWarshallDataset_vanilla_0.0001_20000_20260220_112048_relu_best.pth...20260220_133206
At epoch 14039, test loss = 0.0852
...model saved to 15_exp/models/FloydWarshallDataset_vanilla_0.0001_20000_20260220_112048_relu_best.pth...20260220_133255
At epoch 14111, test loss = 0.0850
...model saved to 15_exp/models/FloydWarshallDataset_vanilla_0.0001_20000_20260220_112048_relu_best.pth...20260220_133334
At epoch 14195, test loss = 0.0845
...model saved to 15_exp/models/FloydWarshallDataset_vanilla_0.0001_20000_20260220_112048_relu_best.pth...20260220_133419
At epoch 14340, test loss = 0.0844
...model saved to 15_exp/models/FloydWarshallDataset_vanilla_0.0001_20000_20260220_112048_relu_best.pth...20260220_133537
At epoch 14352, test loss = 0.0836
...model saved to 15_exp/models/FloydWarshallDataset_vanilla_0.0001_20000_20260220_112048_relu_best.pth...20260220_133544
At epoch 14449, test loss = 0.0834
...model saved to 15_exp/models/FloydWarshallDataset_vanilla_0.0001_20000_20260220_112048_relu_best.pth...20260220_133636
At epoch 14566, test loss = 0.0833
...model saved to 15_exp/models/FloydWarshallDataset_vanilla_0.0001_20000_20260220_112048_relu_best.pth...20260220_133739
At epoch 14626, test loss = 0.0831
...model saved to 15_exp/models/FloydWarshallDataset_vanilla_0.0001_20000_20260220_112048_relu_best.pth...20260220_133812
At epoch 14730, test loss = 0.0825
...model saved to 15_exp/models/FloydWarshallDataset_vanilla_0.0001_20000_20260220_112048_relu_best.pth...20260220_133907
At epoch 14867, test loss = 0.0823
...model saved to 15_exp/models/FloydWarshallDataset_vanilla_0.0001_20000_20260220_112048_relu_best.pth...20260220_134021
At epoch 14883, test loss = 0.0808
...model saved to 15_exp/models/FloydWarshallDataset_vanilla_0.0001_20000_20260220_112048_relu_best.pth...20260220_134030
At epoch 15069, test loss = 0.0808
...model saved to 15_exp/models/FloydWarshallDataset_vanilla_0.0001_20000_20260220_112048_relu_best.pth...20260220_134209
At epoch 15208, test loss = 0.0797
...model saved to 15_exp/models/FloydWarshallDataset_vanilla_0.0001_20000_20260220_112048_relu_best.pth...20260220_134327
At epoch 15270, test loss = 0.0791
...model saved to 15_exp/models/FloydWarshallDataset_vanilla_0.0001_20000_20260220_112048_relu_best.pth...20260220_134400
At epoch 15501, test loss = 0.0783
...model saved to 15_exp/models/FloydWarshallDataset_vanilla_0.0001_20000_20260220_112048_relu_best.pth...20260220_134604
At epoch 15618, test loss = 0.0776
...model saved to 15_exp/models/FloydWarshallDataset_vanilla_0.0001_20000_20260220_112048_relu_best.pth...20260220_134708
At epoch 15867, test loss = 0.0767
...model saved to 15_exp/models/FloydWarshallDataset_vanilla_0.0001_20000_20260220_112048_relu_best.pth...20260220_134922
At epoch 16068, test loss = 0.0762
...model saved to 15_exp/models/FloydWarshallDataset_vanilla_0.0001_20000_20260220_112048_relu_best.pth...20260220_135111
At epoch 16262, test loss = 0.0760
...model saved to 15_exp/models/FloydWarshallDataset_vanilla_0.0001_20000_20260220_112048_relu_best.pth...20260220_135255
At epoch 16264, test loss = 0.0753
...model saved to 15_exp/models/FloydWarshallDataset_vanilla_0.0001_20000_20260220_112048_relu_best.pth...20260220_135257
At epoch 16512, test loss = 0.0752
...model saved to 15_exp/models/FloydWarshallDataset_vanilla_0.0001_20000_20260220_112048_relu_best.pth...20260220_135510
At epoch 16532, test loss = 0.0742
...model saved to 15_exp/models/FloydWarshallDataset_vanilla_0.0001_20000_20260220_112048_relu_best.pth...20260220_135521
At epoch 16754, test loss = 0.0734
...model saved to 15_exp/models/FloydWarshallDataset_vanilla_0.0001_20000_20260220_112048_relu_best.pth...20260220_135724
At epoch 17030, test loss = 0.0729
...model saved to 15_exp/models/FloydWarshallDataset_vanilla_0.0001_20000_20260220_112048_relu_best.pth...20260220_140000
At epoch 17359, test loss = 0.0728
...model saved to 15_exp/models/FloydWarshallDataset_vanilla_0.0001_20000_20260220_112048_relu_best.pth...20260220_140257
At epoch 17377, test loss = 0.0717
...model saved to 15_exp/models/FloydWarshallDataset_vanilla_0.0001_20000_20260220_112048_relu_best.pth...20260220_140307
At epoch 17443, test loss = 0.0712
...model saved to 15_exp/models/FloydWarshallDataset_vanilla_0.0001_20000_20260220_112048_relu_best.pth...20260220_140343
At epoch 17458, test loss = 0.0710
...model saved to 15_exp/models/FloydWarshallDataset_vanilla_0.0001_20000_20260220_112048_relu_best.pth...20260220_140351
At epoch 17891, test loss = 0.0709
...model saved to 15_exp/models/FloydWarshallDataset_vanilla_0.0001_20000_20260220_112048_relu_best.pth...20260220_140746
At epoch 17911, test loss = 0.0708
...model saved to 15_exp/models/FloydWarshallDataset_vanilla_0.0001_20000_20260220_112048_relu_best.pth...20260220_140756
At epoch 17929, test loss = 0.0706
...model saved to 15_exp/models/FloydWarshallDataset_vanilla_0.0001_20000_20260220_112048_relu_best.pth...20260220_140806
At epoch 17965, test loss = 0.0705
...model saved to 15_exp/models/FloydWarshallDataset_vanilla_0.0001_20000_20260220_112048_relu_best.pth...20260220_140825
At epoch 18127, test loss = 0.0701
...model saved to 15_exp/models/FloydWarshallDataset_vanilla_0.0001_20000_20260220_112048_relu_best.pth...20260220_140953
At epoch 18136, test loss = 0.0696
...model saved to 15_exp/models/FloydWarshallDataset_vanilla_0.0001_20000_20260220_112048_relu_best.pth...20260220_140958
At epoch 18436, test loss = 0.0688
...model saved to 15_exp/models/FloydWarshallDataset_vanilla_0.0001_20000_20260220_112048_relu_best.pth...20260220_141241
At epoch 18661, test loss = 0.0687
...model saved to 15_exp/models/FloydWarshallDataset_vanilla_0.0001_20000_20260220_112048_relu_best.pth...20260220_141447
At epoch 18732, test loss = 0.0681
...model saved to 15_exp/models/FloydWarshallDataset_vanilla_0.0001_20000_20260220_112048_relu_best.pth...20260220_141528
At epoch 19106, test loss = 0.0679
...model saved to 15_exp/models/FloydWarshallDataset_vanilla_0.0001_20000_20260220_112048_relu_best.pth...20260220_141851
At epoch 19217, test loss = 0.0679
...model saved to 15_exp/models/FloydWarshallDataset_vanilla_0.0001_20000_20260220_112048_relu_best.pth...20260220_141951
At epoch 19229, test loss = 0.0675
...model saved to 15_exp/models/FloydWarshallDataset_vanilla_0.0001_20000_20260220_112048_relu_best.pth...20260220_141957
At epoch 19390, test loss = 0.0669
...model saved to 15_exp/models/FloydWarshallDataset_vanilla_0.0001_20000_20260220_112048_relu_best.pth...20260220_142125
At epoch 19850, test loss = 0.0665
...model saved to 15_exp/models/FloydWarshallDataset_vanilla_0.0001_20000_20260220_112048_relu_best.pth...20260220_142534
At epoch 19916, test loss = 0.0665
...model saved to 15_exp/models/FloydWarshallDataset_vanilla_0.0001_20000_20260220_112048_relu_best.pth...20260220_142610
...plot saved to 15_exp/plots/plots_FloydWarshallDataset_vanilla_0.0001_20000_20260220_112048_relu.png...
