CUDA available? True
GPU device: NVIDIA A100-SXM4-40GB
CUDA_VISIBLE_DEVICES=0,1,2,3
SLURM_JOB_GPUS=0,1,2,3

 Running config: {'task': 'train', 'model_type': 'tropical', 'dataset_name': 'FloydWarshallDataset', 'input_dim': 3, 'd_model': 32, 'n_heads': 4, 'num_layers': 4, 'num_epochs': 20000, 'dropout': 0.05, 'lr': 0.0001, 'seed': 999, 'n_samples': 50000, 'batch_size': 1000, 'target_range': 'na', 'weight_range': 'na', 'adversarial_range': '(10,20)', 'length_range': '(8,8)', 'noise_prob': 0, 'value_range': '(1,15)'}
FloydWarshallDataset_tropical_0.0001_20000_20260225_104712_relu
...setting dataloader...20260225_104712
...setting model object...20260225_104724
...training model...20260225_104725
At epoch 0, test loss = 108.5904
...model saved to 15_exp/models/FloydWarshallDataset_tropical_0.0001_20000_20260225_104712_relu_best.pth...20260225_104753
At epoch 1, test loss = 106.9601
...model saved to 15_exp/models/FloydWarshallDataset_tropical_0.0001_20000_20260225_104712_relu_best.pth...20260225_104754
At epoch 2, test loss = 104.9815
...model saved to 15_exp/models/FloydWarshallDataset_tropical_0.0001_20000_20260225_104712_relu_best.pth...20260225_104754
At epoch 3, test loss = 102.6389
...model saved to 15_exp/models/FloydWarshallDataset_tropical_0.0001_20000_20260225_104712_relu_best.pth...20260225_104755
At epoch 4, test loss = 99.7368
...model saved to 15_exp/models/FloydWarshallDataset_tropical_0.0001_20000_20260225_104712_relu_best.pth...20260225_104756
At epoch 5, test loss = 96.2343
...model saved to 15_exp/models/FloydWarshallDataset_tropical_0.0001_20000_20260225_104712_relu_best.pth...20260225_104756
At epoch 6, test loss = 92.1266
...model saved to 15_exp/models/FloydWarshallDataset_tropical_0.0001_20000_20260225_104712_relu_best.pth...20260225_104757
At epoch 7, test loss = 87.5927
...model saved to 15_exp/models/FloydWarshallDataset_tropical_0.0001_20000_20260225_104712_relu_best.pth...20260225_104758
At epoch 8, test loss = 82.7909
...model saved to 15_exp/models/FloydWarshallDataset_tropical_0.0001_20000_20260225_104712_relu_best.pth...20260225_104758
At epoch 9, test loss = 77.8623
...model saved to 15_exp/models/FloydWarshallDataset_tropical_0.0001_20000_20260225_104712_relu_best.pth...20260225_104759
At epoch 10, test loss = 72.9619
...model saved to 15_exp/models/FloydWarshallDataset_tropical_0.0001_20000_20260225_104712_relu_best.pth...20260225_104800
At epoch 11, test loss = 68.2093
...model saved to 15_exp/models/FloydWarshallDataset_tropical_0.0001_20000_20260225_104712_relu_best.pth...20260225_104800
At epoch 12, test loss = 63.7623
...model saved to 15_exp/models/FloydWarshallDataset_tropical_0.0001_20000_20260225_104712_relu_best.pth...20260225_104801
At epoch 13, test loss = 59.7124
...model saved to 15_exp/models/FloydWarshallDataset_tropical_0.0001_20000_20260225_104712_relu_best.pth...20260225_104802
At epoch 14, test loss = 56.1487
...model saved to 15_exp/models/FloydWarshallDataset_tropical_0.0001_20000_20260225_104712_relu_best.pth...20260225_104802
At epoch 15, test loss = 53.0709
...model saved to 15_exp/models/FloydWarshallDataset_tropical_0.0001_20000_20260225_104712_relu_best.pth...20260225_104803
At epoch 16, test loss = 50.4365
...model saved to 15_exp/models/FloydWarshallDataset_tropical_0.0001_20000_20260225_104712_relu_best.pth...20260225_104804
At epoch 17, test loss = 48.3201
...model saved to 15_exp/models/FloydWarshallDataset_tropical_0.0001_20000_20260225_104712_relu_best.pth...20260225_104804
At epoch 18, test loss = 46.6865
...model saved to 15_exp/models/FloydWarshallDataset_tropical_0.0001_20000_20260225_104712_relu_best.pth...20260225_104805
At epoch 19, test loss = 45.4666
...model saved to 15_exp/models/FloydWarshallDataset_tropical_0.0001_20000_20260225_104712_relu_best.pth...20260225_104806
At epoch 20, test loss = 44.5729
...model saved to 15_exp/models/FloydWarshallDataset_tropical_0.0001_20000_20260225_104712_relu_best.pth...20260225_104806
At epoch 21, test loss = 43.9090
...model saved to 15_exp/models/FloydWarshallDataset_tropical_0.0001_20000_20260225_104712_relu_best.pth...20260225_104807
At epoch 22, test loss = 43.4193
...model saved to 15_exp/models/FloydWarshallDataset_tropical_0.0001_20000_20260225_104712_relu_best.pth...20260225_104808
At epoch 23, test loss = 43.0495
...model saved to 15_exp/models/FloydWarshallDataset_tropical_0.0001_20000_20260225_104712_relu_best.pth...20260225_104808
At epoch 24, test loss = 42.7706
...model saved to 15_exp/models/FloydWarshallDataset_tropical_0.0001_20000_20260225_104712_relu_best.pth...20260225_104809
At epoch 25, test loss = 42.5598
...model saved to 15_exp/models/FloydWarshallDataset_tropical_0.0001_20000_20260225_104712_relu_best.pth...20260225_104810
At epoch 26, test loss = 42.3868
...model saved to 15_exp/models/FloydWarshallDataset_tropical_0.0001_20000_20260225_104712_relu_best.pth...20260225_104810
At epoch 27, test loss = 42.2321
...model saved to 15_exp/models/FloydWarshallDataset_tropical_0.0001_20000_20260225_104712_relu_best.pth...20260225_104811
At epoch 28, test loss = 41.8725
...model saved to 15_exp/models/FloydWarshallDataset_tropical_0.0001_20000_20260225_104712_relu_best.pth...20260225_104812
At epoch 29, test loss = 41.5027
...model saved to 15_exp/models/FloydWarshallDataset_tropical_0.0001_20000_20260225_104712_relu_best.pth...20260225_104812
At epoch 30, test loss = 41.2843
...model saved to 15_exp/models/FloydWarshallDataset_tropical_0.0001_20000_20260225_104712_relu_best.pth...20260225_104813
At epoch 31, test loss = 40.9128
...model saved to 15_exp/models/FloydWarshallDataset_tropical_0.0001_20000_20260225_104712_relu_best.pth...20260225_104814
At epoch 32, test loss = 40.6110
...model saved to 15_exp/models/FloydWarshallDataset_tropical_0.0001_20000_20260225_104712_relu_best.pth...20260225_104815
At epoch 33, test loss = 40.3060
...model saved to 15_exp/models/FloydWarshallDataset_tropical_0.0001_20000_20260225_104712_relu_best.pth...20260225_104815
At epoch 34, test loss = 40.0074
...model saved to 15_exp/models/FloydWarshallDataset_tropical_0.0001_20000_20260225_104712_relu_best.pth...20260225_104816
At epoch 35, test loss = 39.7569
...model saved to 15_exp/models/FloydWarshallDataset_tropical_0.0001_20000_20260225_104712_relu_best.pth...20260225_104817
At epoch 36, test loss = 39.5210
...model saved to 15_exp/models/FloydWarshallDataset_tropical_0.0001_20000_20260225_104712_relu_best.pth...20260225_104817
At epoch 37, test loss = 39.2854
...model saved to 15_exp/models/FloydWarshallDataset_tropical_0.0001_20000_20260225_104712_relu_best.pth...20260225_104818
At epoch 38, test loss = 39.0826
...model saved to 15_exp/models/FloydWarshallDataset_tropical_0.0001_20000_20260225_104712_relu_best.pth...20260225_104819
At epoch 39, test loss = 38.8860
...model saved to 15_exp/models/FloydWarshallDataset_tropical_0.0001_20000_20260225_104712_relu_best.pth...20260225_104819
At epoch 40, test loss = 38.6795
...model saved to 15_exp/models/FloydWarshallDataset_tropical_0.0001_20000_20260225_104712_relu_best.pth...20260225_104820
At epoch 41, test loss = 38.5240
...model saved to 15_exp/models/FloydWarshallDataset_tropical_0.0001_20000_20260225_104712_relu_best.pth...20260225_104821
At epoch 42, test loss = 38.3003
...model saved to 15_exp/models/FloydWarshallDataset_tropical_0.0001_20000_20260225_104712_relu_best.pth...20260225_104821
At epoch 43, test loss = 38.1073
...model saved to 15_exp/models/FloydWarshallDataset_tropical_0.0001_20000_20260225_104712_relu_best.pth...20260225_104822
At epoch 44, test loss = 37.9142
...model saved to 15_exp/models/FloydWarshallDataset_tropical_0.0001_20000_20260225_104712_relu_best.pth...20260225_104823
At epoch 45, test loss = 37.7261
...model saved to 15_exp/models/FloydWarshallDataset_tropical_0.0001_20000_20260225_104712_relu_best.pth...20260225_104823
At epoch 46, test loss = 37.5199
...model saved to 15_exp/models/FloydWarshallDataset_tropical_0.0001_20000_20260225_104712_relu_best.pth...20260225_104824
At epoch 47, test loss = 37.3396
...model saved to 15_exp/models/FloydWarshallDataset_tropical_0.0001_20000_20260225_104712_relu_best.pth...20260225_104825
At epoch 48, test loss = 37.1436
...model saved to 15_exp/models/FloydWarshallDataset_tropical_0.0001_20000_20260225_104712_relu_best.pth...20260225_104825
At epoch 49, test loss = 36.9529
...model saved to 15_exp/models/FloydWarshallDataset_tropical_0.0001_20000_20260225_104712_relu_best.pth...20260225_104826
At epoch 50, test loss = 36.7166
...model saved to 15_exp/models/FloydWarshallDataset_tropical_0.0001_20000_20260225_104712_relu_best.pth...20260225_104827
At epoch 51, test loss = 36.4969
...model saved to 15_exp/models/FloydWarshallDataset_tropical_0.0001_20000_20260225_104712_relu_best.pth...20260225_104827
At epoch 52, test loss = 36.3644
...model saved to 15_exp/models/FloydWarshallDataset_tropical_0.0001_20000_20260225_104712_relu_best.pth...20260225_104828
At epoch 53, test loss = 36.1047
...model saved to 15_exp/models/FloydWarshallDataset_tropical_0.0001_20000_20260225_104712_relu_best.pth...20260225_104829
At epoch 54, test loss = 35.9403
...model saved to 15_exp/models/FloydWarshallDataset_tropical_0.0001_20000_20260225_104712_relu_best.pth...20260225_104829
At epoch 55, test loss = 35.7121
...model saved to 15_exp/models/FloydWarshallDataset_tropical_0.0001_20000_20260225_104712_relu_best.pth...20260225_104830
At epoch 56, test loss = 35.5268
...model saved to 15_exp/models/FloydWarshallDataset_tropical_0.0001_20000_20260225_104712_relu_best.pth...20260225_104831
At epoch 57, test loss = 35.3535
...model saved to 15_exp/models/FloydWarshallDataset_tropical_0.0001_20000_20260225_104712_relu_best.pth...20260225_104831
At epoch 58, test loss = 35.1476
...model saved to 15_exp/models/FloydWarshallDataset_tropical_0.0001_20000_20260225_104712_relu_best.pth...20260225_104832
At epoch 59, test loss = 34.9768
...model saved to 15_exp/models/FloydWarshallDataset_tropical_0.0001_20000_20260225_104712_relu_best.pth...20260225_104833
At epoch 60, test loss = 34.7907
...model saved to 15_exp/models/FloydWarshallDataset_tropical_0.0001_20000_20260225_104712_relu_best.pth...20260225_104833
At epoch 61, test loss = 34.6531
...model saved to 15_exp/models/FloydWarshallDataset_tropical_0.0001_20000_20260225_104712_relu_best.pth...20260225_104834
At epoch 62, test loss = 34.4855
...model saved to 15_exp/models/FloydWarshallDataset_tropical_0.0001_20000_20260225_104712_relu_best.pth...20260225_104835
At epoch 63, test loss = 34.3010
...model saved to 15_exp/models/FloydWarshallDataset_tropical_0.0001_20000_20260225_104712_relu_best.pth...20260225_104835
At epoch 64, test loss = 34.1959
...model saved to 15_exp/models/FloydWarshallDataset_tropical_0.0001_20000_20260225_104712_relu_best.pth...20260225_104836
At epoch 65, test loss = 33.9941
...model saved to 15_exp/models/FloydWarshallDataset_tropical_0.0001_20000_20260225_104712_relu_best.pth...20260225_104837
At epoch 67, test loss = 33.7350
...model saved to 15_exp/models/FloydWarshallDataset_tropical_0.0001_20000_20260225_104712_relu_best.pth...20260225_104838
At epoch 68, test loss = 33.6226
...model saved to 15_exp/models/FloydWarshallDataset_tropical_0.0001_20000_20260225_104712_relu_best.pth...20260225_104839
At epoch 69, test loss = 33.5648
...model saved to 15_exp/models/FloydWarshallDataset_tropical_0.0001_20000_20260225_104712_relu_best.pth...20260225_104839
At epoch 70, test loss = 33.4274
...model saved to 15_exp/models/FloydWarshallDataset_tropical_0.0001_20000_20260225_104712_relu_best.pth...20260225_104840
At epoch 71, test loss = 33.3139
...model saved to 15_exp/models/FloydWarshallDataset_tropical_0.0001_20000_20260225_104712_relu_best.pth...20260225_104841
At epoch 72, test loss = 33.2633
...model saved to 15_exp/models/FloydWarshallDataset_tropical_0.0001_20000_20260225_104712_relu_best.pth...20260225_104841
At epoch 73, test loss = 33.1588
...model saved to 15_exp/models/FloydWarshallDataset_tropical_0.0001_20000_20260225_104712_relu_best.pth...20260225_104842
At epoch 75, test loss = 33.0106
...model saved to 15_exp/models/FloydWarshallDataset_tropical_0.0001_20000_20260225_104712_relu_best.pth...20260225_104844
At epoch 76, test loss = 32.9542
...model saved to 15_exp/models/FloydWarshallDataset_tropical_0.0001_20000_20260225_104712_relu_best.pth...20260225_104844
At epoch 77, test loss = 32.8775
...model saved to 15_exp/models/FloydWarshallDataset_tropical_0.0001_20000_20260225_104712_relu_best.pth...20260225_104845
At epoch 78, test loss = 32.8394
...model saved to 15_exp/models/FloydWarshallDataset_tropical_0.0001_20000_20260225_104712_relu_best.pth...20260225_104846
At epoch 80, test loss = 32.7664
...model saved to 15_exp/models/FloydWarshallDataset_tropical_0.0001_20000_20260225_104712_relu_best.pth...20260225_104847
At epoch 81, test loss = 32.6604
...model saved to 15_exp/models/FloydWarshallDataset_tropical_0.0001_20000_20260225_104712_relu_best.pth...20260225_104848
At epoch 84, test loss = 32.6242
...model saved to 15_exp/models/FloydWarshallDataset_tropical_0.0001_20000_20260225_104712_relu_best.pth...20260225_104850
At epoch 85, test loss = 32.6077
...model saved to 15_exp/models/FloydWarshallDataset_tropical_0.0001_20000_20260225_104712_relu_best.pth...20260225_104850
At epoch 88, test loss = 32.5789
...model saved to 15_exp/models/FloydWarshallDataset_tropical_0.0001_20000_20260225_104712_relu_best.pth...20260225_104852
At epoch 89, test loss = 32.5734
...model saved to 15_exp/models/FloydWarshallDataset_tropical_0.0001_20000_20260225_104712_relu_best.pth...20260225_104853
At epoch 90, test loss = 32.5057
...model saved to 15_exp/models/FloydWarshallDataset_tropical_0.0001_20000_20260225_104712_relu_best.pth...20260225_104854
At epoch 95, test loss = 32.4772
...model saved to 15_exp/models/FloydWarshallDataset_tropical_0.0001_20000_20260225_104712_relu_best.pth...20260225_104857
At epoch 113, test loss = 32.4690
...model saved to 15_exp/models/FloydWarshallDataset_tropical_0.0001_20000_20260225_104712_relu_best.pth...20260225_104909
At epoch 140, test loss = 32.4480
...model saved to 15_exp/models/FloydWarshallDataset_tropical_0.0001_20000_20260225_104712_relu_best.pth...20260225_104927
At epoch 161, test loss = 32.4219
...model saved to 15_exp/models/FloydWarshallDataset_tropical_0.0001_20000_20260225_104712_relu_best.pth...20260225_104941
At epoch 176, test loss = 32.4178
...model saved to 15_exp/models/FloydWarshallDataset_tropical_0.0001_20000_20260225_104712_relu_best.pth...20260225_104951
At epoch 177, test loss = 32.4155
...model saved to 15_exp/models/FloydWarshallDataset_tropical_0.0001_20000_20260225_104712_relu_best.pth...20260225_104951
At epoch 197, test loss = 32.3795
...model saved to 15_exp/models/FloydWarshallDataset_tropical_0.0001_20000_20260225_104712_relu_best.pth...20260225_105005
At epoch 199, test loss = 32.3264
...model saved to 15_exp/models/FloydWarshallDataset_tropical_0.0001_20000_20260225_104712_relu_best.pth...20260225_105006
At epoch 225, test loss = 32.2636
...model saved to 15_exp/models/FloydWarshallDataset_tropical_0.0001_20000_20260225_104712_relu_best.pth...20260225_105023
At epoch 263, test loss = 32.2513
...model saved to 15_exp/models/FloydWarshallDataset_tropical_0.0001_20000_20260225_104712_relu_best.pth...20260225_105049
At epoch 267, test loss = 32.2033
...model saved to 15_exp/models/FloydWarshallDataset_tropical_0.0001_20000_20260225_104712_relu_best.pth...20260225_105052
At epoch 268, test loss = 32.1100
...model saved to 15_exp/models/FloydWarshallDataset_tropical_0.0001_20000_20260225_104712_relu_best.pth...20260225_105052
At epoch 273, test loss = 32.0176
...model saved to 15_exp/models/FloydWarshallDataset_tropical_0.0001_20000_20260225_104712_relu_best.pth...20260225_105056
At epoch 274, test loss = 31.9874
...model saved to 15_exp/models/FloydWarshallDataset_tropical_0.0001_20000_20260225_104712_relu_best.pth...20260225_105056
At epoch 277, test loss = 31.9335
...model saved to 15_exp/models/FloydWarshallDataset_tropical_0.0001_20000_20260225_104712_relu_best.pth...20260225_105058
At epoch 279, test loss = 31.7908
...model saved to 15_exp/models/FloydWarshallDataset_tropical_0.0001_20000_20260225_104712_relu_best.pth...20260225_105100
At epoch 281, test loss = 31.6664
...model saved to 15_exp/models/FloydWarshallDataset_tropical_0.0001_20000_20260225_104712_relu_best.pth...20260225_105101
At epoch 282, test loss = 31.6510
...model saved to 15_exp/models/FloydWarshallDataset_tropical_0.0001_20000_20260225_104712_relu_best.pth...20260225_105102
At epoch 283, test loss = 31.5405
...model saved to 15_exp/models/FloydWarshallDataset_tropical_0.0001_20000_20260225_104712_relu_best.pth...20260225_105102
At epoch 284, test loss = 31.5155
...model saved to 15_exp/models/FloydWarshallDataset_tropical_0.0001_20000_20260225_104712_relu_best.pth...20260225_105103
At epoch 285, test loss = 31.4987
...model saved to 15_exp/models/FloydWarshallDataset_tropical_0.0001_20000_20260225_104712_relu_best.pth...20260225_105104
At epoch 287, test loss = 31.4208
...model saved to 15_exp/models/FloydWarshallDataset_tropical_0.0001_20000_20260225_104712_relu_best.pth...20260225_105105
At epoch 288, test loss = 31.3855
...model saved to 15_exp/models/FloydWarshallDataset_tropical_0.0001_20000_20260225_104712_relu_best.pth...20260225_105106
At epoch 290, test loss = 31.3269
...model saved to 15_exp/models/FloydWarshallDataset_tropical_0.0001_20000_20260225_104712_relu_best.pth...20260225_105107
At epoch 291, test loss = 31.2062
...model saved to 15_exp/models/FloydWarshallDataset_tropical_0.0001_20000_20260225_104712_relu_best.pth...20260225_105108
At epoch 292, test loss = 31.1920
...model saved to 15_exp/models/FloydWarshallDataset_tropical_0.0001_20000_20260225_104712_relu_best.pth...20260225_105109
At epoch 293, test loss = 31.1350
...model saved to 15_exp/models/FloydWarshallDataset_tropical_0.0001_20000_20260225_104712_relu_best.pth...20260225_105109
At epoch 294, test loss = 31.0168
...model saved to 15_exp/models/FloydWarshallDataset_tropical_0.0001_20000_20260225_104712_relu_best.pth...20260225_105110
At epoch 295, test loss = 30.9752
...model saved to 15_exp/models/FloydWarshallDataset_tropical_0.0001_20000_20260225_104712_relu_best.pth...20260225_105111
At epoch 296, test loss = 30.8619
...model saved to 15_exp/models/FloydWarshallDataset_tropical_0.0001_20000_20260225_104712_relu_best.pth...20260225_105111
At epoch 300, test loss = 30.6951
...model saved to 15_exp/models/FloydWarshallDataset_tropical_0.0001_20000_20260225_104712_relu_best.pth...20260225_105114
At epoch 302, test loss = 30.6386
...model saved to 15_exp/models/FloydWarshallDataset_tropical_0.0001_20000_20260225_104712_relu_best.pth...20260225_105115
At epoch 303, test loss = 30.5761
...model saved to 15_exp/models/FloydWarshallDataset_tropical_0.0001_20000_20260225_104712_relu_best.pth...20260225_105116
At epoch 304, test loss = 30.5066
...model saved to 15_exp/models/FloydWarshallDataset_tropical_0.0001_20000_20260225_104712_relu_best.pth...20260225_105117
At epoch 305, test loss = 30.4908
...model saved to 15_exp/models/FloydWarshallDataset_tropical_0.0001_20000_20260225_104712_relu_best.pth...20260225_105117
At epoch 306, test loss = 30.4620
...model saved to 15_exp/models/FloydWarshallDataset_tropical_0.0001_20000_20260225_104712_relu_best.pth...20260225_105118
At epoch 307, test loss = 30.4439
...model saved to 15_exp/models/FloydWarshallDataset_tropical_0.0001_20000_20260225_104712_relu_best.pth...20260225_105119
At epoch 309, test loss = 30.3216
...model saved to 15_exp/models/FloydWarshallDataset_tropical_0.0001_20000_20260225_104712_relu_best.pth...20260225_105120
At epoch 310, test loss = 30.2678
...model saved to 15_exp/models/FloydWarshallDataset_tropical_0.0001_20000_20260225_104712_relu_best.pth...20260225_105121
At epoch 311, test loss = 30.1161
...model saved to 15_exp/models/FloydWarshallDataset_tropical_0.0001_20000_20260225_104712_relu_best.pth...20260225_105121
At epoch 314, test loss = 30.0745
...model saved to 15_exp/models/FloydWarshallDataset_tropical_0.0001_20000_20260225_104712_relu_best.pth...20260225_105123
At epoch 316, test loss = 30.0702
...model saved to 15_exp/models/FloydWarshallDataset_tropical_0.0001_20000_20260225_104712_relu_best.pth...20260225_105125
At epoch 317, test loss = 29.9341
...model saved to 15_exp/models/FloydWarshallDataset_tropical_0.0001_20000_20260225_104712_relu_best.pth...20260225_105125
At epoch 318, test loss = 29.8515
...model saved to 15_exp/models/FloydWarshallDataset_tropical_0.0001_20000_20260225_104712_relu_best.pth...20260225_105126
At epoch 319, test loss = 29.8486
...model saved to 15_exp/models/FloydWarshallDataset_tropical_0.0001_20000_20260225_104712_relu_best.pth...20260225_105127
At epoch 320, test loss = 29.8111
...model saved to 15_exp/models/FloydWarshallDataset_tropical_0.0001_20000_20260225_104712_relu_best.pth...20260225_105127
At epoch 321, test loss = 29.7965
...model saved to 15_exp/models/FloydWarshallDataset_tropical_0.0001_20000_20260225_104712_relu_best.pth...20260225_105128
At epoch 324, test loss = 29.7689
...model saved to 15_exp/models/FloydWarshallDataset_tropical_0.0001_20000_20260225_104712_relu_best.pth...20260225_105130
At epoch 325, test loss = 29.7135
...model saved to 15_exp/models/FloydWarshallDataset_tropical_0.0001_20000_20260225_104712_relu_best.pth...20260225_105131
At epoch 327, test loss = 29.5450
...model saved to 15_exp/models/FloydWarshallDataset_tropical_0.0001_20000_20260225_104712_relu_best.pth...20260225_105132
At epoch 333, test loss = 29.5256
...model saved to 15_exp/models/FloydWarshallDataset_tropical_0.0001_20000_20260225_104712_relu_best.pth...20260225_105136
At epoch 334, test loss = 29.5113
...model saved to 15_exp/models/FloydWarshallDataset_tropical_0.0001_20000_20260225_104712_relu_best.pth...20260225_105137
At epoch 336, test loss = 29.4833
...model saved to 15_exp/models/FloydWarshallDataset_tropical_0.0001_20000_20260225_104712_relu_best.pth...20260225_105138
At epoch 337, test loss = 29.4075
...model saved to 15_exp/models/FloydWarshallDataset_tropical_0.0001_20000_20260225_104712_relu_best.pth...20260225_105139
At epoch 338, test loss = 29.3616
...model saved to 15_exp/models/FloydWarshallDataset_tropical_0.0001_20000_20260225_104712_relu_best.pth...20260225_105139
At epoch 340, test loss = 29.1487
...model saved to 15_exp/models/FloydWarshallDataset_tropical_0.0001_20000_20260225_104712_relu_best.pth...20260225_105141
At epoch 341, test loss = 29.0872
...model saved to 15_exp/models/FloydWarshallDataset_tropical_0.0001_20000_20260225_104712_relu_best.pth...20260225_105141
At epoch 348, test loss = 29.0634
...model saved to 15_exp/models/FloydWarshallDataset_tropical_0.0001_20000_20260225_104712_relu_best.pth...20260225_105146
At epoch 349, test loss = 28.9693
...model saved to 15_exp/models/FloydWarshallDataset_tropical_0.0001_20000_20260225_104712_relu_best.pth...20260225_105147
At epoch 352, test loss = 28.9557
...model saved to 15_exp/models/FloydWarshallDataset_tropical_0.0001_20000_20260225_104712_relu_best.pth...20260225_105149
At epoch 353, test loss = 28.9026
...model saved to 15_exp/models/FloydWarshallDataset_tropical_0.0001_20000_20260225_104712_relu_best.pth...20260225_105149
At epoch 354, test loss = 28.8442
...model saved to 15_exp/models/FloydWarshallDataset_tropical_0.0001_20000_20260225_104712_relu_best.pth...20260225_105150
At epoch 355, test loss = 28.8027
...model saved to 15_exp/models/FloydWarshallDataset_tropical_0.0001_20000_20260225_104712_relu_best.pth...20260225_105151
At epoch 357, test loss = 28.7844
...model saved to 15_exp/models/FloydWarshallDataset_tropical_0.0001_20000_20260225_104712_relu_best.pth...20260225_105152
At epoch 358, test loss = 28.7500
...model saved to 15_exp/models/FloydWarshallDataset_tropical_0.0001_20000_20260225_104712_relu_best.pth...20260225_105153
At epoch 361, test loss = 28.7387
...model saved to 15_exp/models/FloydWarshallDataset_tropical_0.0001_20000_20260225_104712_relu_best.pth...20260225_105155
At epoch 362, test loss = 28.6499
...model saved to 15_exp/models/FloydWarshallDataset_tropical_0.0001_20000_20260225_104712_relu_best.pth...20260225_105155
At epoch 364, test loss = 28.6158
...model saved to 15_exp/models/FloydWarshallDataset_tropical_0.0001_20000_20260225_104712_relu_best.pth...20260225_105157
At epoch 365, test loss = 28.5495
...model saved to 15_exp/models/FloydWarshallDataset_tropical_0.0001_20000_20260225_104712_relu_best.pth...20260225_105157
At epoch 367, test loss = 28.4408
...model saved to 15_exp/models/FloydWarshallDataset_tropical_0.0001_20000_20260225_104712_relu_best.pth...20260225_105159
At epoch 369, test loss = 28.3683
...model saved to 15_exp/models/FloydWarshallDataset_tropical_0.0001_20000_20260225_104712_relu_best.pth...20260225_105200
At epoch 371, test loss = 28.3479
...model saved to 15_exp/models/FloydWarshallDataset_tropical_0.0001_20000_20260225_104712_relu_best.pth...20260225_105201
At epoch 372, test loss = 28.2851
...model saved to 15_exp/models/FloydWarshallDataset_tropical_0.0001_20000_20260225_104712_relu_best.pth...20260225_105202
At epoch 373, test loss = 28.2255
...model saved to 15_exp/models/FloydWarshallDataset_tropical_0.0001_20000_20260225_104712_relu_best.pth...20260225_105203
At epoch 375, test loss = 28.1819
...model saved to 15_exp/models/FloydWarshallDataset_tropical_0.0001_20000_20260225_104712_relu_best.pth...20260225_105204
At epoch 377, test loss = 28.0896
...model saved to 15_exp/models/FloydWarshallDataset_tropical_0.0001_20000_20260225_104712_relu_best.pth...20260225_105206
At epoch 380, test loss = 28.0315
...model saved to 15_exp/models/FloydWarshallDataset_tropical_0.0001_20000_20260225_104712_relu_best.pth...20260225_105208
At epoch 381, test loss = 27.9819
...model saved to 15_exp/models/FloydWarshallDataset_tropical_0.0001_20000_20260225_104712_relu_best.pth...20260225_105208
At epoch 382, test loss = 27.9501
...model saved to 15_exp/models/FloydWarshallDataset_tropical_0.0001_20000_20260225_104712_relu_best.pth...20260225_105209
At epoch 383, test loss = 27.8882
...model saved to 15_exp/models/FloydWarshallDataset_tropical_0.0001_20000_20260225_104712_relu_best.pth...20260225_105210
At epoch 384, test loss = 27.8149
...model saved to 15_exp/models/FloydWarshallDataset_tropical_0.0001_20000_20260225_104712_relu_best.pth...20260225_105210
At epoch 385, test loss = 27.7160
...model saved to 15_exp/models/FloydWarshallDataset_tropical_0.0001_20000_20260225_104712_relu_best.pth...20260225_105211
At epoch 386, test loss = 27.7103
...model saved to 15_exp/models/FloydWarshallDataset_tropical_0.0001_20000_20260225_104712_relu_best.pth...20260225_105212
At epoch 389, test loss = 27.6446
...model saved to 15_exp/models/FloydWarshallDataset_tropical_0.0001_20000_20260225_104712_relu_best.pth...20260225_105214
At epoch 394, test loss = 27.5711
...model saved to 15_exp/models/FloydWarshallDataset_tropical_0.0001_20000_20260225_104712_relu_best.pth...20260225_105217
At epoch 395, test loss = 27.3588
...model saved to 15_exp/models/FloydWarshallDataset_tropical_0.0001_20000_20260225_104712_relu_best.pth...20260225_105218
At epoch 396, test loss = 27.2912
...model saved to 15_exp/models/FloydWarshallDataset_tropical_0.0001_20000_20260225_104712_relu_best.pth...20260225_105218
At epoch 397, test loss = 27.2236
...model saved to 15_exp/models/FloydWarshallDataset_tropical_0.0001_20000_20260225_104712_relu_best.pth...20260225_105219
At epoch 398, test loss = 27.1713
...model saved to 15_exp/models/FloydWarshallDataset_tropical_0.0001_20000_20260225_104712_relu_best.pth...20260225_105220
At epoch 401, test loss = 27.0155
...model saved to 15_exp/models/FloydWarshallDataset_tropical_0.0001_20000_20260225_104712_relu_best.pth...20260225_105222
At epoch 402, test loss = 26.9126
...model saved to 15_exp/models/FloydWarshallDataset_tropical_0.0001_20000_20260225_104712_relu_best.pth...20260225_105222
At epoch 405, test loss = 26.7827
...model saved to 15_exp/models/FloydWarshallDataset_tropical_0.0001_20000_20260225_104712_relu_best.pth...20260225_105224
At epoch 406, test loss = 26.6151
...model saved to 15_exp/models/FloydWarshallDataset_tropical_0.0001_20000_20260225_104712_relu_best.pth...20260225_105225
At epoch 407, test loss = 26.6079
...model saved to 15_exp/models/FloydWarshallDataset_tropical_0.0001_20000_20260225_104712_relu_best.pth...20260225_105226
At epoch 408, test loss = 26.5464
...model saved to 15_exp/models/FloydWarshallDataset_tropical_0.0001_20000_20260225_104712_relu_best.pth...20260225_105226
At epoch 409, test loss = 26.4845
...model saved to 15_exp/models/FloydWarshallDataset_tropical_0.0001_20000_20260225_104712_relu_best.pth...20260225_105227
At epoch 410, test loss = 26.4041
...model saved to 15_exp/models/FloydWarshallDataset_tropical_0.0001_20000_20260225_104712_relu_best.pth...20260225_105228
At epoch 411, test loss = 26.3510
...model saved to 15_exp/models/FloydWarshallDataset_tropical_0.0001_20000_20260225_104712_relu_best.pth...20260225_105228
At epoch 415, test loss = 26.2422
...model saved to 15_exp/models/FloydWarshallDataset_tropical_0.0001_20000_20260225_104712_relu_best.pth...20260225_105231
At epoch 417, test loss = 26.0925
...model saved to 15_exp/models/FloydWarshallDataset_tropical_0.0001_20000_20260225_104712_relu_best.pth...20260225_105232
At epoch 419, test loss = 25.8669
...model saved to 15_exp/models/FloydWarshallDataset_tropical_0.0001_20000_20260225_104712_relu_best.pth...20260225_105234
At epoch 424, test loss = 25.7752
...model saved to 15_exp/models/FloydWarshallDataset_tropical_0.0001_20000_20260225_104712_relu_best.pth...20260225_105237
At epoch 425, test loss = 25.6813
...model saved to 15_exp/models/FloydWarshallDataset_tropical_0.0001_20000_20260225_104712_relu_best.pth...20260225_105238
At epoch 427, test loss = 25.6649
...model saved to 15_exp/models/FloydWarshallDataset_tropical_0.0001_20000_20260225_104712_relu_best.pth...20260225_105239
At epoch 428, test loss = 25.4127
...model saved to 15_exp/models/FloydWarshallDataset_tropical_0.0001_20000_20260225_104712_relu_best.pth...20260225_105240
At epoch 429, test loss = 25.4108
...model saved to 15_exp/models/FloydWarshallDataset_tropical_0.0001_20000_20260225_104712_relu_best.pth...20260225_105240
At epoch 431, test loss = 25.2976
...model saved to 15_exp/models/FloydWarshallDataset_tropical_0.0001_20000_20260225_104712_relu_best.pth...20260225_105242
At epoch 434, test loss = 25.1295
...model saved to 15_exp/models/FloydWarshallDataset_tropical_0.0001_20000_20260225_104712_relu_best.pth...20260225_105244
At epoch 435, test loss = 25.1061
...model saved to 15_exp/models/FloydWarshallDataset_tropical_0.0001_20000_20260225_104712_relu_best.pth...20260225_105244
At epoch 438, test loss = 24.9762
...model saved to 15_exp/models/FloydWarshallDataset_tropical_0.0001_20000_20260225_104712_relu_best.pth...20260225_105246
At epoch 439, test loss = 24.8999
...model saved to 15_exp/models/FloydWarshallDataset_tropical_0.0001_20000_20260225_104712_relu_best.pth...20260225_105247
At epoch 440, test loss = 24.8532
...model saved to 15_exp/models/FloydWarshallDataset_tropical_0.0001_20000_20260225_104712_relu_best.pth...20260225_105248
At epoch 441, test loss = 24.8122
...model saved to 15_exp/models/FloydWarshallDataset_tropical_0.0001_20000_20260225_104712_relu_best.pth...20260225_105248
At epoch 445, test loss = 24.6959
...model saved to 15_exp/models/FloydWarshallDataset_tropical_0.0001_20000_20260225_104712_relu_best.pth...20260225_105251
At epoch 446, test loss = 24.6579
...model saved to 15_exp/models/FloydWarshallDataset_tropical_0.0001_20000_20260225_104712_relu_best.pth...20260225_105252
At epoch 449, test loss = 24.6115
...model saved to 15_exp/models/FloydWarshallDataset_tropical_0.0001_20000_20260225_104712_relu_best.pth...20260225_105254
At epoch 450, test loss = 24.6005
...model saved to 15_exp/models/FloydWarshallDataset_tropical_0.0001_20000_20260225_104712_relu_best.pth...20260225_105254
At epoch 451, test loss = 24.5731
...model saved to 15_exp/models/FloydWarshallDataset_tropical_0.0001_20000_20260225_104712_relu_best.pth...20260225_105255
At epoch 452, test loss = 24.4223
...model saved to 15_exp/models/FloydWarshallDataset_tropical_0.0001_20000_20260225_104712_relu_best.pth...20260225_105256
At epoch 454, test loss = 24.3719
...model saved to 15_exp/models/FloydWarshallDataset_tropical_0.0001_20000_20260225_104712_relu_best.pth...20260225_105257
At epoch 455, test loss = 24.3224
...model saved to 15_exp/models/FloydWarshallDataset_tropical_0.0001_20000_20260225_104712_relu_best.pth...20260225_105258
At epoch 456, test loss = 24.2738
...model saved to 15_exp/models/FloydWarshallDataset_tropical_0.0001_20000_20260225_104712_relu_best.pth...20260225_105259
At epoch 458, test loss = 24.2515
...model saved to 15_exp/models/FloydWarshallDataset_tropical_0.0001_20000_20260225_104712_relu_best.pth...20260225_105300
At epoch 459, test loss = 24.1832
...model saved to 15_exp/models/FloydWarshallDataset_tropical_0.0001_20000_20260225_104712_relu_best.pth...20260225_105301
At epoch 462, test loss = 24.1030
...model saved to 15_exp/models/FloydWarshallDataset_tropical_0.0001_20000_20260225_104712_relu_best.pth...20260225_105303
At epoch 463, test loss = 24.0870
...model saved to 15_exp/models/FloydWarshallDataset_tropical_0.0001_20000_20260225_104712_relu_best.pth...20260225_105303
At epoch 464, test loss = 24.0163
...model saved to 15_exp/models/FloydWarshallDataset_tropical_0.0001_20000_20260225_104712_relu_best.pth...20260225_105304
At epoch 468, test loss = 23.9367
...model saved to 15_exp/models/FloydWarshallDataset_tropical_0.0001_20000_20260225_104712_relu_best.pth...20260225_105307
At epoch 469, test loss = 23.9041
...model saved to 15_exp/models/FloydWarshallDataset_tropical_0.0001_20000_20260225_104712_relu_best.pth...20260225_105307
At epoch 472, test loss = 23.8770
...model saved to 15_exp/models/FloydWarshallDataset_tropical_0.0001_20000_20260225_104712_relu_best.pth...20260225_105309
At epoch 473, test loss = 23.8307
...model saved to 15_exp/models/FloydWarshallDataset_tropical_0.0001_20000_20260225_104712_relu_best.pth...20260225_105310
At epoch 474, test loss = 23.8119
...model saved to 15_exp/models/FloydWarshallDataset_tropical_0.0001_20000_20260225_104712_relu_best.pth...20260225_105311
At epoch 475, test loss = 23.7537
...model saved to 15_exp/models/FloydWarshallDataset_tropical_0.0001_20000_20260225_104712_relu_best.pth...20260225_105311
At epoch 479, test loss = 23.6538
...model saved to 15_exp/models/FloydWarshallDataset_tropical_0.0001_20000_20260225_104712_relu_best.pth...20260225_105314
At epoch 485, test loss = 23.6172
...model saved to 15_exp/models/FloydWarshallDataset_tropical_0.0001_20000_20260225_104712_relu_best.pth...20260225_105318
At epoch 487, test loss = 23.5629
...model saved to 15_exp/models/FloydWarshallDataset_tropical_0.0001_20000_20260225_104712_relu_best.pth...20260225_105319
At epoch 490, test loss = 23.5136
...model saved to 15_exp/models/FloydWarshallDataset_tropical_0.0001_20000_20260225_104712_relu_best.pth...20260225_105321
At epoch 492, test loss = 23.4575
...model saved to 15_exp/models/FloydWarshallDataset_tropical_0.0001_20000_20260225_104712_relu_best.pth...20260225_105323
At epoch 496, test loss = 23.4256
...model saved to 15_exp/models/FloydWarshallDataset_tropical_0.0001_20000_20260225_104712_relu_best.pth...20260225_105325
At epoch 497, test loss = 23.3950
...model saved to 15_exp/models/FloydWarshallDataset_tropical_0.0001_20000_20260225_104712_relu_best.pth...20260225_105326
At epoch 499, test loss = 23.3473
...model saved to 15_exp/models/FloydWarshallDataset_tropical_0.0001_20000_20260225_104712_relu_best.pth...20260225_105327
At epoch 503, test loss = 23.2606
...model saved to 15_exp/models/FloydWarshallDataset_tropical_0.0001_20000_20260225_104712_relu_best.pth...20260225_105330
At epoch 510, test loss = 23.1564
...model saved to 15_exp/models/FloydWarshallDataset_tropical_0.0001_20000_20260225_104712_relu_best.pth...20260225_105335
At epoch 515, test loss = 23.1222
...model saved to 15_exp/models/FloydWarshallDataset_tropical_0.0001_20000_20260225_104712_relu_best.pth...20260225_105338
At epoch 517, test loss = 23.1039
...model saved to 15_exp/models/FloydWarshallDataset_tropical_0.0001_20000_20260225_104712_relu_best.pth...20260225_105339
At epoch 519, test loss = 23.0834
...model saved to 15_exp/models/FloydWarshallDataset_tropical_0.0001_20000_20260225_104712_relu_best.pth...20260225_105341
At epoch 520, test loss = 23.0537
...model saved to 15_exp/models/FloydWarshallDataset_tropical_0.0001_20000_20260225_104712_relu_best.pth...20260225_105341
At epoch 522, test loss = 22.9572
...model saved to 15_exp/models/FloydWarshallDataset_tropical_0.0001_20000_20260225_104712_relu_best.pth...20260225_105343
At epoch 525, test loss = 22.9514
...model saved to 15_exp/models/FloydWarshallDataset_tropical_0.0001_20000_20260225_104712_relu_best.pth...20260225_105345
At epoch 527, test loss = 22.9188
...model saved to 15_exp/models/FloydWarshallDataset_tropical_0.0001_20000_20260225_104712_relu_best.pth...20260225_105346
At epoch 528, test loss = 22.8574
...model saved to 15_exp/models/FloydWarshallDataset_tropical_0.0001_20000_20260225_104712_relu_best.pth...20260225_105347
At epoch 532, test loss = 22.8516
...model saved to 15_exp/models/FloydWarshallDataset_tropical_0.0001_20000_20260225_104712_relu_best.pth...20260225_105349
At epoch 534, test loss = 22.8048
...model saved to 15_exp/models/FloydWarshallDataset_tropical_0.0001_20000_20260225_104712_relu_best.pth...20260225_105351
At epoch 536, test loss = 22.7693
...model saved to 15_exp/models/FloydWarshallDataset_tropical_0.0001_20000_20260225_104712_relu_best.pth...20260225_105352
At epoch 538, test loss = 22.7605
...model saved to 15_exp/models/FloydWarshallDataset_tropical_0.0001_20000_20260225_104712_relu_best.pth...20260225_105353
At epoch 541, test loss = 22.7436
...model saved to 15_exp/models/FloydWarshallDataset_tropical_0.0001_20000_20260225_104712_relu_best.pth...20260225_105355
At epoch 542, test loss = 22.7328
...model saved to 15_exp/models/FloydWarshallDataset_tropical_0.0001_20000_20260225_104712_relu_best.pth...20260225_105356
At epoch 543, test loss = 22.7171
...model saved to 15_exp/models/FloydWarshallDataset_tropical_0.0001_20000_20260225_104712_relu_best.pth...20260225_105357
At epoch 546, test loss = 22.6172
...model saved to 15_exp/models/FloydWarshallDataset_tropical_0.0001_20000_20260225_104712_relu_best.pth...20260225_105359
At epoch 548, test loss = 22.5590
...model saved to 15_exp/models/FloydWarshallDataset_tropical_0.0001_20000_20260225_104712_relu_best.pth...20260225_105400
At epoch 550, test loss = 22.5458
...model saved to 15_exp/models/FloydWarshallDataset_tropical_0.0001_20000_20260225_104712_relu_best.pth...20260225_105401
At epoch 555, test loss = 22.5367
...model saved to 15_exp/models/FloydWarshallDataset_tropical_0.0001_20000_20260225_104712_relu_best.pth...20260225_105405
At epoch 558, test loss = 22.4182
...model saved to 15_exp/models/FloydWarshallDataset_tropical_0.0001_20000_20260225_104712_relu_best.pth...20260225_105407
At epoch 559, test loss = 22.3625
...model saved to 15_exp/models/FloydWarshallDataset_tropical_0.0001_20000_20260225_104712_relu_best.pth...20260225_105407
At epoch 562, test loss = 22.3275
...model saved to 15_exp/models/FloydWarshallDataset_tropical_0.0001_20000_20260225_104712_relu_best.pth...20260225_105409
At epoch 563, test loss = 22.3165
...model saved to 15_exp/models/FloydWarshallDataset_tropical_0.0001_20000_20260225_104712_relu_best.pth...20260225_105410
At epoch 564, test loss = 22.2313
...model saved to 15_exp/models/FloydWarshallDataset_tropical_0.0001_20000_20260225_104712_relu_best.pth...20260225_105410
At epoch 566, test loss = 22.1625
...model saved to 15_exp/models/FloydWarshallDataset_tropical_0.0001_20000_20260225_104712_relu_best.pth...20260225_105412
At epoch 567, test loss = 22.1335
...model saved to 15_exp/models/FloydWarshallDataset_tropical_0.0001_20000_20260225_104712_relu_best.pth...20260225_105412
At epoch 569, test loss = 22.1202
...model saved to 15_exp/models/FloydWarshallDataset_tropical_0.0001_20000_20260225_104712_relu_best.pth...20260225_105414
At epoch 570, test loss = 22.0730
...model saved to 15_exp/models/FloydWarshallDataset_tropical_0.0001_20000_20260225_104712_relu_best.pth...20260225_105414
At epoch 571, test loss = 22.0501
...model saved to 15_exp/models/FloydWarshallDataset_tropical_0.0001_20000_20260225_104712_relu_best.pth...20260225_105415
At epoch 573, test loss = 21.9831
...model saved to 15_exp/models/FloydWarshallDataset_tropical_0.0001_20000_20260225_104712_relu_best.pth...20260225_105417
At epoch 576, test loss = 21.9141
...model saved to 15_exp/models/FloydWarshallDataset_tropical_0.0001_20000_20260225_104712_relu_best.pth...20260225_105419
At epoch 578, test loss = 21.8778
...model saved to 15_exp/models/FloydWarshallDataset_tropical_0.0001_20000_20260225_104712_relu_best.pth...20260225_105420
At epoch 580, test loss = 21.8260
...model saved to 15_exp/models/FloydWarshallDataset_tropical_0.0001_20000_20260225_104712_relu_best.pth...20260225_105421
At epoch 584, test loss = 21.7180
...model saved to 15_exp/models/FloydWarshallDataset_tropical_0.0001_20000_20260225_104712_relu_best.pth...20260225_105424
At epoch 585, test loss = 21.6445
...model saved to 15_exp/models/FloydWarshallDataset_tropical_0.0001_20000_20260225_104712_relu_best.pth...20260225_105425
At epoch 587, test loss = 21.5872
...model saved to 15_exp/models/FloydWarshallDataset_tropical_0.0001_20000_20260225_104712_relu_best.pth...20260225_105426
At epoch 589, test loss = 21.5655
...model saved to 15_exp/models/FloydWarshallDataset_tropical_0.0001_20000_20260225_104712_relu_best.pth...20260225_105427
At epoch 590, test loss = 21.5295
...model saved to 15_exp/models/FloydWarshallDataset_tropical_0.0001_20000_20260225_104712_relu_best.pth...20260225_105428
At epoch 592, test loss = 21.5131
...model saved to 15_exp/models/FloydWarshallDataset_tropical_0.0001_20000_20260225_104712_relu_best.pth...20260225_105429
At epoch 593, test loss = 21.4966
...model saved to 15_exp/models/FloydWarshallDataset_tropical_0.0001_20000_20260225_104712_relu_best.pth...20260225_105430
At epoch 594, test loss = 21.3869
...model saved to 15_exp/models/FloydWarshallDataset_tropical_0.0001_20000_20260225_104712_relu_best.pth...20260225_105430
At epoch 595, test loss = 21.3181
...model saved to 15_exp/models/FloydWarshallDataset_tropical_0.0001_20000_20260225_104712_relu_best.pth...20260225_105431
At epoch 599, test loss = 21.1453
...model saved to 15_exp/models/FloydWarshallDataset_tropical_0.0001_20000_20260225_104712_relu_best.pth...20260225_105434
At epoch 601, test loss = 21.0513
...model saved to 15_exp/models/FloydWarshallDataset_tropical_0.0001_20000_20260225_104712_relu_best.pth...20260225_105435
At epoch 604, test loss = 20.9493
...model saved to 15_exp/models/FloydWarshallDataset_tropical_0.0001_20000_20260225_104712_relu_best.pth...20260225_105437
At epoch 606, test loss = 20.9266
...model saved to 15_exp/models/FloydWarshallDataset_tropical_0.0001_20000_20260225_104712_relu_best.pth...20260225_105439
At epoch 607, test loss = 20.8760
...model saved to 15_exp/models/FloydWarshallDataset_tropical_0.0001_20000_20260225_104712_relu_best.pth...20260225_105439
At epoch 609, test loss = 20.7683
...model saved to 15_exp/models/FloydWarshallDataset_tropical_0.0001_20000_20260225_104712_relu_best.pth...20260225_105441
At epoch 611, test loss = 20.7344
...model saved to 15_exp/models/FloydWarshallDataset_tropical_0.0001_20000_20260225_104712_relu_best.pth...20260225_105442
At epoch 612, test loss = 20.6576
...model saved to 15_exp/models/FloydWarshallDataset_tropical_0.0001_20000_20260225_104712_relu_best.pth...20260225_105442
At epoch 615, test loss = 20.4982
...model saved to 15_exp/models/FloydWarshallDataset_tropical_0.0001_20000_20260225_104712_relu_best.pth...20260225_105445
At epoch 618, test loss = 20.4316
...model saved to 15_exp/models/FloydWarshallDataset_tropical_0.0001_20000_20260225_104712_relu_best.pth...20260225_105446
At epoch 622, test loss = 20.2428
...model saved to 15_exp/models/FloydWarshallDataset_tropical_0.0001_20000_20260225_104712_relu_best.pth...20260225_105449
At epoch 624, test loss = 20.2401
...model saved to 15_exp/models/FloydWarshallDataset_tropical_0.0001_20000_20260225_104712_relu_best.pth...20260225_105450
At epoch 627, test loss = 20.0073
...model saved to 15_exp/models/FloydWarshallDataset_tropical_0.0001_20000_20260225_104712_relu_best.pth...20260225_105452
At epoch 628, test loss = 19.9448
...model saved to 15_exp/models/FloydWarshallDataset_tropical_0.0001_20000_20260225_104712_relu_best.pth...20260225_105453
At epoch 632, test loss = 19.8703
...model saved to 15_exp/models/FloydWarshallDataset_tropical_0.0001_20000_20260225_104712_relu_best.pth...20260225_105456
At epoch 633, test loss = 19.8080
...model saved to 15_exp/models/FloydWarshallDataset_tropical_0.0001_20000_20260225_104712_relu_best.pth...20260225_105456
At epoch 635, test loss = 19.7534
...model saved to 15_exp/models/FloydWarshallDataset_tropical_0.0001_20000_20260225_104712_relu_best.pth...20260225_105458
At epoch 640, test loss = 19.6108
...model saved to 15_exp/models/FloydWarshallDataset_tropical_0.0001_20000_20260225_104712_relu_best.pth...20260225_105501
At epoch 641, test loss = 19.5464
...model saved to 15_exp/models/FloydWarshallDataset_tropical_0.0001_20000_20260225_104712_relu_best.pth...20260225_105502
At epoch 643, test loss = 19.4508
...model saved to 15_exp/models/FloydWarshallDataset_tropical_0.0001_20000_20260225_104712_relu_best.pth...20260225_105503
At epoch 644, test loss = 19.4155
...model saved to 15_exp/models/FloydWarshallDataset_tropical_0.0001_20000_20260225_104712_relu_best.pth...20260225_105504
At epoch 648, test loss = 19.2476
...model saved to 15_exp/models/FloydWarshallDataset_tropical_0.0001_20000_20260225_104712_relu_best.pth...20260225_105506
At epoch 649, test loss = 19.1876
...model saved to 15_exp/models/FloydWarshallDataset_tropical_0.0001_20000_20260225_104712_relu_best.pth...20260225_105507
At epoch 650, test loss = 19.1302
...model saved to 15_exp/models/FloydWarshallDataset_tropical_0.0001_20000_20260225_104712_relu_best.pth...20260225_105508
At epoch 652, test loss = 19.0918
...model saved to 15_exp/models/FloydWarshallDataset_tropical_0.0001_20000_20260225_104712_relu_best.pth...20260225_105509
At epoch 656, test loss = 18.9361
...model saved to 15_exp/models/FloydWarshallDataset_tropical_0.0001_20000_20260225_104712_relu_best.pth...20260225_105512
At epoch 658, test loss = 18.8456
...model saved to 15_exp/models/FloydWarshallDataset_tropical_0.0001_20000_20260225_104712_relu_best.pth...20260225_105513
At epoch 659, test loss = 18.8148
...model saved to 15_exp/models/FloydWarshallDataset_tropical_0.0001_20000_20260225_104712_relu_best.pth...20260225_105514
At epoch 662, test loss = 18.7785
...model saved to 15_exp/models/FloydWarshallDataset_tropical_0.0001_20000_20260225_104712_relu_best.pth...20260225_105516
At epoch 664, test loss = 18.6838
...model saved to 15_exp/models/FloydWarshallDataset_tropical_0.0001_20000_20260225_104712_relu_best.pth...20260225_105517
At epoch 666, test loss = 18.6579
...model saved to 15_exp/models/FloydWarshallDataset_tropical_0.0001_20000_20260225_104712_relu_best.pth...20260225_105519
At epoch 667, test loss = 18.5035
...model saved to 15_exp/models/FloydWarshallDataset_tropical_0.0001_20000_20260225_104712_relu_best.pth...20260225_105519
At epoch 671, test loss = 18.4298
...model saved to 15_exp/models/FloydWarshallDataset_tropical_0.0001_20000_20260225_104712_relu_best.pth...20260225_105522
At epoch 673, test loss = 18.3618
...model saved to 15_exp/models/FloydWarshallDataset_tropical_0.0001_20000_20260225_104712_relu_best.pth...20260225_105523
At epoch 674, test loss = 18.2634
...model saved to 15_exp/models/FloydWarshallDataset_tropical_0.0001_20000_20260225_104712_relu_best.pth...20260225_105524
At epoch 676, test loss = 18.1462
...model saved to 15_exp/models/FloydWarshallDataset_tropical_0.0001_20000_20260225_104712_relu_best.pth...20260225_105525
At epoch 677, test loss = 18.1167
...model saved to 15_exp/models/FloydWarshallDataset_tropical_0.0001_20000_20260225_104712_relu_best.pth...20260225_105526
At epoch 678, test loss = 18.0799
...model saved to 15_exp/models/FloydWarshallDataset_tropical_0.0001_20000_20260225_104712_relu_best.pth...20260225_105526
At epoch 679, test loss = 18.0399
...model saved to 15_exp/models/FloydWarshallDataset_tropical_0.0001_20000_20260225_104712_relu_best.pth...20260225_105527
At epoch 680, test loss = 17.9540
...model saved to 15_exp/models/FloydWarshallDataset_tropical_0.0001_20000_20260225_104712_relu_best.pth...20260225_105528
At epoch 681, test loss = 17.9517
...model saved to 15_exp/models/FloydWarshallDataset_tropical_0.0001_20000_20260225_104712_relu_best.pth...20260225_105529
At epoch 683, test loss = 17.9286
...model saved to 15_exp/models/FloydWarshallDataset_tropical_0.0001_20000_20260225_104712_relu_best.pth...20260225_105530
At epoch 684, test loss = 17.8874
...model saved to 15_exp/models/FloydWarshallDataset_tropical_0.0001_20000_20260225_104712_relu_best.pth...20260225_105531
At epoch 685, test loss = 17.8450
...model saved to 15_exp/models/FloydWarshallDataset_tropical_0.0001_20000_20260225_104712_relu_best.pth...20260225_105531
At epoch 687, test loss = 17.8442
...model saved to 15_exp/models/FloydWarshallDataset_tropical_0.0001_20000_20260225_104712_relu_best.pth...20260225_105533
At epoch 689, test loss = 17.8097
...model saved to 15_exp/models/FloydWarshallDataset_tropical_0.0001_20000_20260225_104712_relu_best.pth...20260225_105534
At epoch 690, test loss = 17.7718
...model saved to 15_exp/models/FloydWarshallDataset_tropical_0.0001_20000_20260225_104712_relu_best.pth...20260225_105535
At epoch 691, test loss = 17.7582
...model saved to 15_exp/models/FloydWarshallDataset_tropical_0.0001_20000_20260225_104712_relu_best.pth...20260225_105535
At epoch 692, test loss = 17.6747
...model saved to 15_exp/models/FloydWarshallDataset_tropical_0.0001_20000_20260225_104712_relu_best.pth...20260225_105536
At epoch 693, test loss = 17.5360
...model saved to 15_exp/models/FloydWarshallDataset_tropical_0.0001_20000_20260225_104712_relu_best.pth...20260225_105537
At epoch 694, test loss = 17.5206
...model saved to 15_exp/models/FloydWarshallDataset_tropical_0.0001_20000_20260225_104712_relu_best.pth...20260225_105537
At epoch 695, test loss = 17.4785
...model saved to 15_exp/models/FloydWarshallDataset_tropical_0.0001_20000_20260225_104712_relu_best.pth...20260225_105538
At epoch 697, test loss = 17.3999
...model saved to 15_exp/models/FloydWarshallDataset_tropical_0.0001_20000_20260225_104712_relu_best.pth...20260225_105539
At epoch 698, test loss = 17.3723
...model saved to 15_exp/models/FloydWarshallDataset_tropical_0.0001_20000_20260225_104712_relu_best.pth...20260225_105540
At epoch 700, test loss = 17.3136
...model saved to 15_exp/models/FloydWarshallDataset_tropical_0.0001_20000_20260225_104712_relu_best.pth...20260225_105541
At epoch 701, test loss = 17.2550
...model saved to 15_exp/models/FloydWarshallDataset_tropical_0.0001_20000_20260225_104712_relu_best.pth...20260225_105542
At epoch 704, test loss = 17.2284
...model saved to 15_exp/models/FloydWarshallDataset_tropical_0.0001_20000_20260225_104712_relu_best.pth...20260225_105544
At epoch 705, test loss = 17.1501
...model saved to 15_exp/models/FloydWarshallDataset_tropical_0.0001_20000_20260225_104712_relu_best.pth...20260225_105545
At epoch 709, test loss = 17.1003
...model saved to 15_exp/models/FloydWarshallDataset_tropical_0.0001_20000_20260225_104712_relu_best.pth...20260225_105547
At epoch 711, test loss = 17.0357
...model saved to 15_exp/models/FloydWarshallDataset_tropical_0.0001_20000_20260225_104712_relu_best.pth...20260225_105549
At epoch 713, test loss = 16.9357
...model saved to 15_exp/models/FloydWarshallDataset_tropical_0.0001_20000_20260225_104712_relu_best.pth...20260225_105550
At epoch 716, test loss = 16.8408
...model saved to 15_exp/models/FloydWarshallDataset_tropical_0.0001_20000_20260225_104712_relu_best.pth...20260225_105552
At epoch 718, test loss = 16.7914
...model saved to 15_exp/models/FloydWarshallDataset_tropical_0.0001_20000_20260225_104712_relu_best.pth...20260225_105553
At epoch 722, test loss = 16.7243
...model saved to 15_exp/models/FloydWarshallDataset_tropical_0.0001_20000_20260225_104712_relu_best.pth...20260225_105556
At epoch 724, test loss = 16.6602
...model saved to 15_exp/models/FloydWarshallDataset_tropical_0.0001_20000_20260225_104712_relu_best.pth...20260225_105557
At epoch 725, test loss = 16.6321
...model saved to 15_exp/models/FloydWarshallDataset_tropical_0.0001_20000_20260225_104712_relu_best.pth...20260225_105558
At epoch 729, test loss = 16.6072
...model saved to 15_exp/models/FloydWarshallDataset_tropical_0.0001_20000_20260225_104712_relu_best.pth...20260225_105601
At epoch 730, test loss = 16.5418
...model saved to 15_exp/models/FloydWarshallDataset_tropical_0.0001_20000_20260225_104712_relu_best.pth...20260225_105601
At epoch 731, test loss = 16.4718
...model saved to 15_exp/models/FloydWarshallDataset_tropical_0.0001_20000_20260225_104712_relu_best.pth...20260225_105602
At epoch 736, test loss = 16.4090
...model saved to 15_exp/models/FloydWarshallDataset_tropical_0.0001_20000_20260225_104712_relu_best.pth...20260225_105605
At epoch 737, test loss = 16.4081
...model saved to 15_exp/models/FloydWarshallDataset_tropical_0.0001_20000_20260225_104712_relu_best.pth...20260225_105606
At epoch 740, test loss = 16.2577
...model saved to 15_exp/models/FloydWarshallDataset_tropical_0.0001_20000_20260225_104712_relu_best.pth...20260225_105608
At epoch 741, test loss = 16.2194
...model saved to 15_exp/models/FloydWarshallDataset_tropical_0.0001_20000_20260225_104712_relu_best.pth...20260225_105609
At epoch 744, test loss = 16.1832
...model saved to 15_exp/models/FloydWarshallDataset_tropical_0.0001_20000_20260225_104712_relu_best.pth...20260225_105611
At epoch 745, test loss = 16.1229
...model saved to 15_exp/models/FloydWarshallDataset_tropical_0.0001_20000_20260225_104712_relu_best.pth...20260225_105611
At epoch 750, test loss = 15.9776
...model saved to 15_exp/models/FloydWarshallDataset_tropical_0.0001_20000_20260225_104712_relu_best.pth...20260225_105615
At epoch 751, test loss = 15.9512
...model saved to 15_exp/models/FloydWarshallDataset_tropical_0.0001_20000_20260225_104712_relu_best.pth...20260225_105615
At epoch 753, test loss = 15.9251
...model saved to 15_exp/models/FloydWarshallDataset_tropical_0.0001_20000_20260225_104712_relu_best.pth...20260225_105617
At epoch 755, test loss = 15.8613
...model saved to 15_exp/models/FloydWarshallDataset_tropical_0.0001_20000_20260225_104712_relu_best.pth...20260225_105618
At epoch 756, test loss = 15.8371
...model saved to 15_exp/models/FloydWarshallDataset_tropical_0.0001_20000_20260225_104712_relu_best.pth...20260225_105619
At epoch 757, test loss = 15.8337
...model saved to 15_exp/models/FloydWarshallDataset_tropical_0.0001_20000_20260225_104712_relu_best.pth...20260225_105619
At epoch 758, test loss = 15.8280
...model saved to 15_exp/models/FloydWarshallDataset_tropical_0.0001_20000_20260225_104712_relu_best.pth...20260225_105620
At epoch 761, test loss = 15.7092
...model saved to 15_exp/models/FloydWarshallDataset_tropical_0.0001_20000_20260225_104712_relu_best.pth...20260225_105622
At epoch 764, test loss = 15.5929
...model saved to 15_exp/models/FloydWarshallDataset_tropical_0.0001_20000_20260225_104712_relu_best.pth...20260225_105624
At epoch 765, test loss = 15.5612
...model saved to 15_exp/models/FloydWarshallDataset_tropical_0.0001_20000_20260225_104712_relu_best.pth...20260225_105625
At epoch 767, test loss = 15.5277
...model saved to 15_exp/models/FloydWarshallDataset_tropical_0.0001_20000_20260225_104712_relu_best.pth...20260225_105626
At epoch 768, test loss = 15.4776
...model saved to 15_exp/models/FloydWarshallDataset_tropical_0.0001_20000_20260225_104712_relu_best.pth...20260225_105627
At epoch 769, test loss = 15.4708
...model saved to 15_exp/models/FloydWarshallDataset_tropical_0.0001_20000_20260225_104712_relu_best.pth...20260225_105627
At epoch 770, test loss = 15.4252
...model saved to 15_exp/models/FloydWarshallDataset_tropical_0.0001_20000_20260225_104712_relu_best.pth...20260225_105628
At epoch 772, test loss = 15.3567
...model saved to 15_exp/models/FloydWarshallDataset_tropical_0.0001_20000_20260225_104712_relu_best.pth...20260225_105629
At epoch 774, test loss = 15.2720
...model saved to 15_exp/models/FloydWarshallDataset_tropical_0.0001_20000_20260225_104712_relu_best.pth...20260225_105631
At epoch 776, test loss = 15.1896
...model saved to 15_exp/models/FloydWarshallDataset_tropical_0.0001_20000_20260225_104712_relu_best.pth...20260225_105632
At epoch 778, test loss = 15.1820
...model saved to 15_exp/models/FloydWarshallDataset_tropical_0.0001_20000_20260225_104712_relu_best.pth...20260225_105634
At epoch 782, test loss = 15.0685
...model saved to 15_exp/models/FloydWarshallDataset_tropical_0.0001_20000_20260225_104712_relu_best.pth...20260225_105636
At epoch 783, test loss = 15.0070
...model saved to 15_exp/models/FloydWarshallDataset_tropical_0.0001_20000_20260225_104712_relu_best.pth...20260225_105637
At epoch 784, test loss = 14.9557
...model saved to 15_exp/models/FloydWarshallDataset_tropical_0.0001_20000_20260225_104712_relu_best.pth...20260225_105638
At epoch 785, test loss = 14.9477
...model saved to 15_exp/models/FloydWarshallDataset_tropical_0.0001_20000_20260225_104712_relu_best.pth...20260225_105638
At epoch 786, test loss = 14.9100
...model saved to 15_exp/models/FloydWarshallDataset_tropical_0.0001_20000_20260225_104712_relu_best.pth...20260225_105639
At epoch 787, test loss = 14.8487
...model saved to 15_exp/models/FloydWarshallDataset_tropical_0.0001_20000_20260225_104712_relu_best.pth...20260225_105640
At epoch 788, test loss = 14.8313
...model saved to 15_exp/models/FloydWarshallDataset_tropical_0.0001_20000_20260225_104712_relu_best.pth...20260225_105640
At epoch 789, test loss = 14.8163
...model saved to 15_exp/models/FloydWarshallDataset_tropical_0.0001_20000_20260225_104712_relu_best.pth...20260225_105641
At epoch 790, test loss = 14.8131
...model saved to 15_exp/models/FloydWarshallDataset_tropical_0.0001_20000_20260225_104712_relu_best.pth...20260225_105642
At epoch 792, test loss = 14.7292
...model saved to 15_exp/models/FloydWarshallDataset_tropical_0.0001_20000_20260225_104712_relu_best.pth...20260225_105643
At epoch 793, test loss = 14.6972
...model saved to 15_exp/models/FloydWarshallDataset_tropical_0.0001_20000_20260225_104712_relu_best.pth...20260225_105644
At epoch 794, test loss = 14.6487
...model saved to 15_exp/models/FloydWarshallDataset_tropical_0.0001_20000_20260225_104712_relu_best.pth...20260225_105644
At epoch 795, test loss = 14.5698
...model saved to 15_exp/models/FloydWarshallDataset_tropical_0.0001_20000_20260225_104712_relu_best.pth...20260225_105645
At epoch 797, test loss = 14.5386
...model saved to 15_exp/models/FloydWarshallDataset_tropical_0.0001_20000_20260225_104712_relu_best.pth...20260225_105646
At epoch 798, test loss = 14.4950
...model saved to 15_exp/models/FloydWarshallDataset_tropical_0.0001_20000_20260225_104712_relu_best.pth...20260225_105647
At epoch 802, test loss = 14.4212
...model saved to 15_exp/models/FloydWarshallDataset_tropical_0.0001_20000_20260225_104712_relu_best.pth...20260225_105650
At epoch 803, test loss = 14.3382
...model saved to 15_exp/models/FloydWarshallDataset_tropical_0.0001_20000_20260225_104712_relu_best.pth...20260225_105651
At epoch 805, test loss = 14.2913
...model saved to 15_exp/models/FloydWarshallDataset_tropical_0.0001_20000_20260225_104712_relu_best.pth...20260225_105652
At epoch 806, test loss = 14.2553
...model saved to 15_exp/models/FloydWarshallDataset_tropical_0.0001_20000_20260225_104712_relu_best.pth...20260225_105653
At epoch 807, test loss = 14.2074
...model saved to 15_exp/models/FloydWarshallDataset_tropical_0.0001_20000_20260225_104712_relu_best.pth...20260225_105653
At epoch 808, test loss = 14.1573
...model saved to 15_exp/models/FloydWarshallDataset_tropical_0.0001_20000_20260225_104712_relu_best.pth...20260225_105654
At epoch 809, test loss = 14.0704
...model saved to 15_exp/models/FloydWarshallDataset_tropical_0.0001_20000_20260225_104712_relu_best.pth...20260225_105655
At epoch 810, test loss = 14.0382
...model saved to 15_exp/models/FloydWarshallDataset_tropical_0.0001_20000_20260225_104712_relu_best.pth...20260225_105655
At epoch 812, test loss = 13.9888
...model saved to 15_exp/models/FloydWarshallDataset_tropical_0.0001_20000_20260225_104712_relu_best.pth...20260225_105657
At epoch 813, test loss = 13.9141
...model saved to 15_exp/models/FloydWarshallDataset_tropical_0.0001_20000_20260225_104712_relu_best.pth...20260225_105657
At epoch 816, test loss = 13.8634
...model saved to 15_exp/models/FloydWarshallDataset_tropical_0.0001_20000_20260225_104712_relu_best.pth...20260225_105659
At epoch 817, test loss = 13.8192
...model saved to 15_exp/models/FloydWarshallDataset_tropical_0.0001_20000_20260225_104712_relu_best.pth...20260225_105700
At epoch 818, test loss = 13.7383
...model saved to 15_exp/models/FloydWarshallDataset_tropical_0.0001_20000_20260225_104712_relu_best.pth...20260225_105701
At epoch 819, test loss = 13.6902
...model saved to 15_exp/models/FloydWarshallDataset_tropical_0.0001_20000_20260225_104712_relu_best.pth...20260225_105701
At epoch 820, test loss = 13.6526
...model saved to 15_exp/models/FloydWarshallDataset_tropical_0.0001_20000_20260225_104712_relu_best.pth...20260225_105702
At epoch 822, test loss = 13.6457
...model saved to 15_exp/models/FloydWarshallDataset_tropical_0.0001_20000_20260225_104712_relu_best.pth...20260225_105703
At epoch 823, test loss = 13.5649
...model saved to 15_exp/models/FloydWarshallDataset_tropical_0.0001_20000_20260225_104712_relu_best.pth...20260225_105704
At epoch 824, test loss = 13.5147
...model saved to 15_exp/models/FloydWarshallDataset_tropical_0.0001_20000_20260225_104712_relu_best.pth...20260225_105705
At epoch 825, test loss = 13.4742
...model saved to 15_exp/models/FloydWarshallDataset_tropical_0.0001_20000_20260225_104712_relu_best.pth...20260225_105705
At epoch 828, test loss = 13.4255
...model saved to 15_exp/models/FloydWarshallDataset_tropical_0.0001_20000_20260225_104712_relu_best.pth...20260225_105707
At epoch 829, test loss = 13.3174
...model saved to 15_exp/models/FloydWarshallDataset_tropical_0.0001_20000_20260225_104712_relu_best.pth...20260225_105708
At epoch 833, test loss = 13.2460
...model saved to 15_exp/models/FloydWarshallDataset_tropical_0.0001_20000_20260225_104712_relu_best.pth...20260225_105711
At epoch 834, test loss = 13.2000
...model saved to 15_exp/models/FloydWarshallDataset_tropical_0.0001_20000_20260225_104712_relu_best.pth...20260225_105711
At epoch 837, test loss = 13.1287
...model saved to 15_exp/models/FloydWarshallDataset_tropical_0.0001_20000_20260225_104712_relu_best.pth...20260225_105713
At epoch 838, test loss = 13.1014
...model saved to 15_exp/models/FloydWarshallDataset_tropical_0.0001_20000_20260225_104712_relu_best.pth...20260225_105714
At epoch 839, test loss = 13.0463
...model saved to 15_exp/models/FloydWarshallDataset_tropical_0.0001_20000_20260225_104712_relu_best.pth...20260225_105715
At epoch 842, test loss = 12.9973
...model saved to 15_exp/models/FloydWarshallDataset_tropical_0.0001_20000_20260225_104712_relu_best.pth...20260225_105717
At epoch 843, test loss = 12.9347
...model saved to 15_exp/models/FloydWarshallDataset_tropical_0.0001_20000_20260225_104712_relu_best.pth...20260225_105717
At epoch 845, test loss = 12.8706
...model saved to 15_exp/models/FloydWarshallDataset_tropical_0.0001_20000_20260225_104712_relu_best.pth...20260225_105719
At epoch 846, test loss = 12.8297
...model saved to 15_exp/models/FloydWarshallDataset_tropical_0.0001_20000_20260225_104712_relu_best.pth...20260225_105720
At epoch 848, test loss = 12.7329
...model saved to 15_exp/models/FloydWarshallDataset_tropical_0.0001_20000_20260225_104712_relu_best.pth...20260225_105721
At epoch 849, test loss = 12.7301
...model saved to 15_exp/models/FloydWarshallDataset_tropical_0.0001_20000_20260225_104712_relu_best.pth...20260225_105722
At epoch 850, test loss = 12.7196
...model saved to 15_exp/models/FloydWarshallDataset_tropical_0.0001_20000_20260225_104712_relu_best.pth...20260225_105722
At epoch 851, test loss = 12.6718
...model saved to 15_exp/models/FloydWarshallDataset_tropical_0.0001_20000_20260225_104712_relu_best.pth...20260225_105723
At epoch 853, test loss = 12.6511
...model saved to 15_exp/models/FloydWarshallDataset_tropical_0.0001_20000_20260225_104712_relu_best.pth...20260225_105724
At epoch 854, test loss = 12.6231
...model saved to 15_exp/models/FloydWarshallDataset_tropical_0.0001_20000_20260225_104712_relu_best.pth...20260225_105725
At epoch 857, test loss = 12.5109
...model saved to 15_exp/models/FloydWarshallDataset_tropical_0.0001_20000_20260225_104712_relu_best.pth...20260225_105727
At epoch 858, test loss = 12.4983
...model saved to 15_exp/models/FloydWarshallDataset_tropical_0.0001_20000_20260225_104712_relu_best.pth...20260225_105728
At epoch 859, test loss = 12.4537
...model saved to 15_exp/models/FloydWarshallDataset_tropical_0.0001_20000_20260225_104712_relu_best.pth...20260225_105729
At epoch 861, test loss = 12.3911
...model saved to 15_exp/models/FloydWarshallDataset_tropical_0.0001_20000_20260225_104712_relu_best.pth...20260225_105730
At epoch 864, test loss = 12.3704
...model saved to 15_exp/models/FloydWarshallDataset_tropical_0.0001_20000_20260225_104712_relu_best.pth...20260225_105732
At epoch 865, test loss = 12.2981
...model saved to 15_exp/models/FloydWarshallDataset_tropical_0.0001_20000_20260225_104712_relu_best.pth...20260225_105733
At epoch 868, test loss = 12.2831
...model saved to 15_exp/models/FloydWarshallDataset_tropical_0.0001_20000_20260225_104712_relu_best.pth...20260225_105735
At epoch 869, test loss = 12.2411
...model saved to 15_exp/models/FloydWarshallDataset_tropical_0.0001_20000_20260225_104712_relu_best.pth...20260225_105735
At epoch 870, test loss = 12.2157
...model saved to 15_exp/models/FloydWarshallDataset_tropical_0.0001_20000_20260225_104712_relu_best.pth...20260225_105736
At epoch 872, test loss = 12.1390
...model saved to 15_exp/models/FloydWarshallDataset_tropical_0.0001_20000_20260225_104712_relu_best.pth...20260225_105737
At epoch 874, test loss = 12.1362
...model saved to 15_exp/models/FloydWarshallDataset_tropical_0.0001_20000_20260225_104712_relu_best.pth...20260225_105739
At epoch 877, test loss = 12.1254
...model saved to 15_exp/models/FloydWarshallDataset_tropical_0.0001_20000_20260225_104712_relu_best.pth...20260225_105741
At epoch 878, test loss = 12.0503
...model saved to 15_exp/models/FloydWarshallDataset_tropical_0.0001_20000_20260225_104712_relu_best.pth...20260225_105741
At epoch 881, test loss = 11.9903
...model saved to 15_exp/models/FloydWarshallDataset_tropical_0.0001_20000_20260225_104712_relu_best.pth...20260225_105743
At epoch 883, test loss = 11.9560
...model saved to 15_exp/models/FloydWarshallDataset_tropical_0.0001_20000_20260225_104712_relu_best.pth...20260225_105745
At epoch 884, test loss = 11.9007
...model saved to 15_exp/models/FloydWarshallDataset_tropical_0.0001_20000_20260225_104712_relu_best.pth...20260225_105745
At epoch 888, test loss = 11.8355
...model saved to 15_exp/models/FloydWarshallDataset_tropical_0.0001_20000_20260225_104712_relu_best.pth...20260225_105748
At epoch 889, test loss = 11.8332
...model saved to 15_exp/models/FloydWarshallDataset_tropical_0.0001_20000_20260225_104712_relu_best.pth...20260225_105749
At epoch 890, test loss = 11.8092
...model saved to 15_exp/models/FloydWarshallDataset_tropical_0.0001_20000_20260225_104712_relu_best.pth...20260225_105749
At epoch 891, test loss = 11.7856
...model saved to 15_exp/models/FloydWarshallDataset_tropical_0.0001_20000_20260225_104712_relu_best.pth...20260225_105750
At epoch 892, test loss = 11.7499
...model saved to 15_exp/models/FloydWarshallDataset_tropical_0.0001_20000_20260225_104712_relu_best.pth...20260225_105751
At epoch 893, test loss = 11.7240
...model saved to 15_exp/models/FloydWarshallDataset_tropical_0.0001_20000_20260225_104712_relu_best.pth...20260225_105751
At epoch 894, test loss = 11.6684
...model saved to 15_exp/models/FloydWarshallDataset_tropical_0.0001_20000_20260225_104712_relu_best.pth...20260225_105752
At epoch 898, test loss = 11.5904
...model saved to 15_exp/models/FloydWarshallDataset_tropical_0.0001_20000_20260225_104712_relu_best.pth...20260225_105755
At epoch 899, test loss = 11.5828
...model saved to 15_exp/models/FloydWarshallDataset_tropical_0.0001_20000_20260225_104712_relu_best.pth...20260225_105755
At epoch 901, test loss = 11.5571
...model saved to 15_exp/models/FloydWarshallDataset_tropical_0.0001_20000_20260225_104712_relu_best.pth...20260225_105757
At epoch 903, test loss = 11.5024
...model saved to 15_exp/models/FloydWarshallDataset_tropical_0.0001_20000_20260225_104712_relu_best.pth...20260225_105758
At epoch 904, test loss = 11.4981
...model saved to 15_exp/models/FloydWarshallDataset_tropical_0.0001_20000_20260225_104712_relu_best.pth...20260225_105759
At epoch 905, test loss = 11.4620
...model saved to 15_exp/models/FloydWarshallDataset_tropical_0.0001_20000_20260225_104712_relu_best.pth...20260225_105759
At epoch 907, test loss = 11.4408
...model saved to 15_exp/models/FloydWarshallDataset_tropical_0.0001_20000_20260225_104712_relu_best.pth...20260225_105801
At epoch 908, test loss = 11.4096
...model saved to 15_exp/models/FloydWarshallDataset_tropical_0.0001_20000_20260225_104712_relu_best.pth...20260225_105801
At epoch 910, test loss = 11.3364
...model saved to 15_exp/models/FloydWarshallDataset_tropical_0.0001_20000_20260225_104712_relu_best.pth...20260225_105803
At epoch 912, test loss = 11.3108
...model saved to 15_exp/models/FloydWarshallDataset_tropical_0.0001_20000_20260225_104712_relu_best.pth...20260225_105804
At epoch 913, test loss = 11.2922
...model saved to 15_exp/models/FloydWarshallDataset_tropical_0.0001_20000_20260225_104712_relu_best.pth...20260225_105805
At epoch 914, test loss = 11.2884
...model saved to 15_exp/models/FloydWarshallDataset_tropical_0.0001_20000_20260225_104712_relu_best.pth...20260225_105806
At epoch 915, test loss = 11.2437
...model saved to 15_exp/models/FloydWarshallDataset_tropical_0.0001_20000_20260225_104712_relu_best.pth...20260225_105806
At epoch 918, test loss = 11.2409
...model saved to 15_exp/models/FloydWarshallDataset_tropical_0.0001_20000_20260225_104712_relu_best.pth...20260225_105808
At epoch 921, test loss = 11.2245
...model saved to 15_exp/models/FloydWarshallDataset_tropical_0.0001_20000_20260225_104712_relu_best.pth...20260225_105810
At epoch 923, test loss = 11.1438
...model saved to 15_exp/models/FloydWarshallDataset_tropical_0.0001_20000_20260225_104712_relu_best.pth...20260225_105812
At epoch 924, test loss = 11.1044
...model saved to 15_exp/models/FloydWarshallDataset_tropical_0.0001_20000_20260225_104712_relu_best.pth...20260225_105812
At epoch 928, test loss = 11.1015
...model saved to 15_exp/models/FloydWarshallDataset_tropical_0.0001_20000_20260225_104712_relu_best.pth...20260225_105815
At epoch 929, test loss = 11.0184
...model saved to 15_exp/models/FloydWarshallDataset_tropical_0.0001_20000_20260225_104712_relu_best.pth...20260225_105816
At epoch 930, test loss = 11.0006
...model saved to 15_exp/models/FloydWarshallDataset_tropical_0.0001_20000_20260225_104712_relu_best.pth...20260225_105816
At epoch 931, test loss = 10.9894
...model saved to 15_exp/models/FloydWarshallDataset_tropical_0.0001_20000_20260225_104712_relu_best.pth...20260225_105817
At epoch 932, test loss = 10.9841
...model saved to 15_exp/models/FloydWarshallDataset_tropical_0.0001_20000_20260225_104712_relu_best.pth...20260225_105818
At epoch 934, test loss = 10.9097
...model saved to 15_exp/models/FloydWarshallDataset_tropical_0.0001_20000_20260225_104712_relu_best.pth...20260225_105819
At epoch 935, test loss = 10.9053
...model saved to 15_exp/models/FloydWarshallDataset_tropical_0.0001_20000_20260225_104712_relu_best.pth...20260225_105820
At epoch 937, test loss = 10.8569
...model saved to 15_exp/models/FloydWarshallDataset_tropical_0.0001_20000_20260225_104712_relu_best.pth...20260225_105821
At epoch 938, test loss = 10.8205
...model saved to 15_exp/models/FloydWarshallDataset_tropical_0.0001_20000_20260225_104712_relu_best.pth...20260225_105822
At epoch 939, test loss = 10.8158
...model saved to 15_exp/models/FloydWarshallDataset_tropical_0.0001_20000_20260225_104712_relu_best.pth...20260225_105822
At epoch 941, test loss = 10.8085
...model saved to 15_exp/models/FloydWarshallDataset_tropical_0.0001_20000_20260225_104712_relu_best.pth...20260225_105824
At epoch 943, test loss = 10.7530
...model saved to 15_exp/models/FloydWarshallDataset_tropical_0.0001_20000_20260225_104712_relu_best.pth...20260225_105825
At epoch 944, test loss = 10.7311
...model saved to 15_exp/models/FloydWarshallDataset_tropical_0.0001_20000_20260225_104712_relu_best.pth...20260225_105826
At epoch 946, test loss = 10.7236
...model saved to 15_exp/models/FloydWarshallDataset_tropical_0.0001_20000_20260225_104712_relu_best.pth...20260225_105827
At epoch 947, test loss = 10.6870
...model saved to 15_exp/models/FloydWarshallDataset_tropical_0.0001_20000_20260225_104712_relu_best.pth...20260225_105828
At epoch 948, test loss = 10.6660
...model saved to 15_exp/models/FloydWarshallDataset_tropical_0.0001_20000_20260225_104712_relu_best.pth...20260225_105829
At epoch 949, test loss = 10.6612
...model saved to 15_exp/models/FloydWarshallDataset_tropical_0.0001_20000_20260225_104712_relu_best.pth...20260225_105829
At epoch 951, test loss = 10.6522
...model saved to 15_exp/models/FloydWarshallDataset_tropical_0.0001_20000_20260225_104712_relu_best.pth...20260225_105831
At epoch 952, test loss = 10.5779
...model saved to 15_exp/models/FloydWarshallDataset_tropical_0.0001_20000_20260225_104712_relu_best.pth...20260225_105831
At epoch 953, test loss = 10.5503
...model saved to 15_exp/models/FloydWarshallDataset_tropical_0.0001_20000_20260225_104712_relu_best.pth...20260225_105832
At epoch 955, test loss = 10.5292
...model saved to 15_exp/models/FloydWarshallDataset_tropical_0.0001_20000_20260225_104712_relu_best.pth...20260225_105833
At epoch 957, test loss = 10.5072
...model saved to 15_exp/models/FloydWarshallDataset_tropical_0.0001_20000_20260225_104712_relu_best.pth...20260225_105835
At epoch 959, test loss = 10.4997
...model saved to 15_exp/models/FloydWarshallDataset_tropical_0.0001_20000_20260225_104712_relu_best.pth...20260225_105836
At epoch 960, test loss = 10.4651
...model saved to 15_exp/models/FloydWarshallDataset_tropical_0.0001_20000_20260225_104712_relu_best.pth...20260225_105837
At epoch 962, test loss = 10.4304
...model saved to 15_exp/models/FloydWarshallDataset_tropical_0.0001_20000_20260225_104712_relu_best.pth...20260225_105838
At epoch 963, test loss = 10.4218
...model saved to 15_exp/models/FloydWarshallDataset_tropical_0.0001_20000_20260225_104712_relu_best.pth...20260225_105839
At epoch 964, test loss = 10.3828
...model saved to 15_exp/models/FloydWarshallDataset_tropical_0.0001_20000_20260225_104712_relu_best.pth...20260225_105840
At epoch 965, test loss = 10.3710
...model saved to 15_exp/models/FloydWarshallDataset_tropical_0.0001_20000_20260225_104712_relu_best.pth...20260225_105840
At epoch 969, test loss = 10.3511
...model saved to 15_exp/models/FloydWarshallDataset_tropical_0.0001_20000_20260225_104712_relu_best.pth...20260225_105843
At epoch 970, test loss = 10.3023
...model saved to 15_exp/models/FloydWarshallDataset_tropical_0.0001_20000_20260225_104712_relu_best.pth...20260225_105844
At epoch 975, test loss = 10.2146
...model saved to 15_exp/models/FloydWarshallDataset_tropical_0.0001_20000_20260225_104712_relu_best.pth...20260225_105847
At epoch 978, test loss = 10.1993
...model saved to 15_exp/models/FloydWarshallDataset_tropical_0.0001_20000_20260225_104712_relu_best.pth...20260225_105849
At epoch 984, test loss = 10.1783
...model saved to 15_exp/models/FloydWarshallDataset_tropical_0.0001_20000_20260225_104712_relu_best.pth...20260225_105853
At epoch 985, test loss = 10.1323
...model saved to 15_exp/models/FloydWarshallDataset_tropical_0.0001_20000_20260225_104712_relu_best.pth...20260225_105854
At epoch 988, test loss = 10.1299
...model saved to 15_exp/models/FloydWarshallDataset_tropical_0.0001_20000_20260225_104712_relu_best.pth...20260225_105856
At epoch 989, test loss = 10.1226
...model saved to 15_exp/models/FloydWarshallDataset_tropical_0.0001_20000_20260225_104712_relu_best.pth...20260225_105856
At epoch 990, test loss = 10.1009
...model saved to 15_exp/models/FloydWarshallDataset_tropical_0.0001_20000_20260225_104712_relu_best.pth...20260225_105857
At epoch 991, test loss = 10.0904
...model saved to 15_exp/models/FloydWarshallDataset_tropical_0.0001_20000_20260225_104712_relu_best.pth...20260225_105858
At epoch 997, test loss = 10.0710
...model saved to 15_exp/models/FloydWarshallDataset_tropical_0.0001_20000_20260225_104712_relu_best.pth...20260225_105902
At epoch 998, test loss = 10.0605
...model saved to 15_exp/models/FloydWarshallDataset_tropical_0.0001_20000_20260225_104712_relu_best.pth...20260225_105902
At epoch 1000, test loss = 10.0427
...model saved to 15_exp/models/FloydWarshallDataset_tropical_0.0001_20000_20260225_104712_relu_best.pth...20260225_105904
At epoch 1002, test loss = 10.0356
...model saved to 15_exp/models/FloydWarshallDataset_tropical_0.0001_20000_20260225_104712_relu_best.pth...20260225_105905
At epoch 1003, test loss = 10.0178
...model saved to 15_exp/models/FloydWarshallDataset_tropical_0.0001_20000_20260225_104712_relu_best.pth...20260225_105906
At epoch 1012, test loss = 10.0124
...model saved to 15_exp/models/FloydWarshallDataset_tropical_0.0001_20000_20260225_104712_relu_best.pth...20260225_105912
At epoch 1013, test loss = 10.0087
...model saved to 15_exp/models/FloydWarshallDataset_tropical_0.0001_20000_20260225_104712_relu_best.pth...20260225_105913
At epoch 1014, test loss = 9.9822
...model saved to 15_exp/models/FloydWarshallDataset_tropical_0.0001_20000_20260225_104712_relu_best.pth...20260225_105913
At epoch 1016, test loss = 9.9733
...model saved to 15_exp/models/FloydWarshallDataset_tropical_0.0001_20000_20260225_104712_relu_best.pth...20260225_105915
At epoch 1017, test loss = 9.9611
...model saved to 15_exp/models/FloydWarshallDataset_tropical_0.0001_20000_20260225_104712_relu_best.pth...20260225_105915
At epoch 1023, test loss = 9.9604
...model saved to 15_exp/models/FloydWarshallDataset_tropical_0.0001_20000_20260225_104712_relu_best.pth...20260225_105919
At epoch 1025, test loss = 9.9286
...model saved to 15_exp/models/FloydWarshallDataset_tropical_0.0001_20000_20260225_104712_relu_best.pth...20260225_105921
At epoch 1028, test loss = 9.9243
...model saved to 15_exp/models/FloydWarshallDataset_tropical_0.0001_20000_20260225_104712_relu_best.pth...20260225_105923
At epoch 1034, test loss = 9.8984
...model saved to 15_exp/models/FloydWarshallDataset_tropical_0.0001_20000_20260225_104712_relu_best.pth...20260225_105927
At epoch 1038, test loss = 9.8795
...model saved to 15_exp/models/FloydWarshallDataset_tropical_0.0001_20000_20260225_104712_relu_best.pth...20260225_105929
At epoch 1060, test loss = 9.8766
...model saved to 15_exp/models/FloydWarshallDataset_tropical_0.0001_20000_20260225_104712_relu_best.pth...20260225_105944
At epoch 1062, test loss = 9.8605
...model saved to 15_exp/models/FloydWarshallDataset_tropical_0.0001_20000_20260225_104712_relu_best.pth...20260225_105945
At epoch 1064, test loss = 9.8445
...model saved to 15_exp/models/FloydWarshallDataset_tropical_0.0001_20000_20260225_104712_relu_best.pth...20260225_105947
At epoch 1066, test loss = 9.8337
...model saved to 15_exp/models/FloydWarshallDataset_tropical_0.0001_20000_20260225_104712_relu_best.pth...20260225_105948
At epoch 1067, test loss = 9.8212
...model saved to 15_exp/models/FloydWarshallDataset_tropical_0.0001_20000_20260225_104712_relu_best.pth...20260225_105949
At epoch 1085, test loss = 9.8203
...model saved to 15_exp/models/FloydWarshallDataset_tropical_0.0001_20000_20260225_104712_relu_best.pth...20260225_110001
At epoch 1087, test loss = 9.8180
...model saved to 15_exp/models/FloydWarshallDataset_tropical_0.0001_20000_20260225_104712_relu_best.pth...20260225_110002
At epoch 1089, test loss = 9.8076
...model saved to 15_exp/models/FloydWarshallDataset_tropical_0.0001_20000_20260225_104712_relu_best.pth...20260225_110003
At epoch 1097, test loss = 9.8074
...model saved to 15_exp/models/FloydWarshallDataset_tropical_0.0001_20000_20260225_104712_relu_best.pth...20260225_110009
At epoch 1098, test loss = 9.7982
...model saved to 15_exp/models/FloydWarshallDataset_tropical_0.0001_20000_20260225_104712_relu_best.pth...20260225_110009
At epoch 1099, test loss = 9.7904
...model saved to 15_exp/models/FloydWarshallDataset_tropical_0.0001_20000_20260225_104712_relu_best.pth...20260225_110010
At epoch 1113, test loss = 9.7811
...model saved to 15_exp/models/FloydWarshallDataset_tropical_0.0001_20000_20260225_104712_relu_best.pth...20260225_110019
At epoch 1115, test loss = 9.7497
...model saved to 15_exp/models/FloydWarshallDataset_tropical_0.0001_20000_20260225_104712_relu_best.pth...20260225_110021
At epoch 1116, test loss = 9.7385
...model saved to 15_exp/models/FloydWarshallDataset_tropical_0.0001_20000_20260225_104712_relu_best.pth...20260225_110021
At epoch 1117, test loss = 9.7347
...model saved to 15_exp/models/FloydWarshallDataset_tropical_0.0001_20000_20260225_104712_relu_best.pth...20260225_110022
At epoch 1129, test loss = 9.7107
...model saved to 15_exp/models/FloydWarshallDataset_tropical_0.0001_20000_20260225_104712_relu_best.pth...20260225_110030
At epoch 1130, test loss = 9.7105
...model saved to 15_exp/models/FloydWarshallDataset_tropical_0.0001_20000_20260225_104712_relu_best.pth...20260225_110031
At epoch 1153, test loss = 9.6868
...model saved to 15_exp/models/FloydWarshallDataset_tropical_0.0001_20000_20260225_104712_relu_best.pth...20260225_110046
At epoch 1184, test loss = 9.6783
...model saved to 15_exp/models/FloydWarshallDataset_tropical_0.0001_20000_20260225_104712_relu_best.pth...20260225_110107
At epoch 1186, test loss = 9.6771
...model saved to 15_exp/models/FloydWarshallDataset_tropical_0.0001_20000_20260225_104712_relu_best.pth...20260225_110109
At epoch 1187, test loss = 9.6701
...model saved to 15_exp/models/FloydWarshallDataset_tropical_0.0001_20000_20260225_104712_relu_best.pth...20260225_110109
At epoch 1194, test loss = 9.6696
...model saved to 15_exp/models/FloydWarshallDataset_tropical_0.0001_20000_20260225_104712_relu_best.pth...20260225_110114
At epoch 1203, test loss = 9.6439
...model saved to 15_exp/models/FloydWarshallDataset_tropical_0.0001_20000_20260225_104712_relu_best.pth...20260225_110120
At epoch 1204, test loss = 9.6296
...model saved to 15_exp/models/FloydWarshallDataset_tropical_0.0001_20000_20260225_104712_relu_best.pth...20260225_110121
At epoch 1228, test loss = 9.6146
...model saved to 15_exp/models/FloydWarshallDataset_tropical_0.0001_20000_20260225_104712_relu_best.pth...20260225_110137
At epoch 1233, test loss = 9.6127
...model saved to 15_exp/models/FloydWarshallDataset_tropical_0.0001_20000_20260225_104712_relu_best.pth...20260225_110140
At epoch 1261, test loss = 9.5891
...model saved to 15_exp/models/FloydWarshallDataset_tropical_0.0001_20000_20260225_104712_relu_best.pth...20260225_110159
At epoch 1262, test loss = 9.5623
...model saved to 15_exp/models/FloydWarshallDataset_tropical_0.0001_20000_20260225_104712_relu_best.pth...20260225_110159
At epoch 1264, test loss = 9.5475
...model saved to 15_exp/models/FloydWarshallDataset_tropical_0.0001_20000_20260225_104712_relu_best.pth...20260225_110201
At epoch 1316, test loss = 9.5474
...model saved to 15_exp/models/FloydWarshallDataset_tropical_0.0001_20000_20260225_104712_relu_best.pth...20260225_110235
At epoch 1363, test loss = 9.5406
...model saved to 15_exp/models/FloydWarshallDataset_tropical_0.0001_20000_20260225_104712_relu_best.pth...20260225_110306
At epoch 1366, test loss = 9.5094
...model saved to 15_exp/models/FloydWarshallDataset_tropical_0.0001_20000_20260225_104712_relu_best.pth...20260225_110308
At epoch 1429, test loss = 9.5063
...model saved to 15_exp/models/FloydWarshallDataset_tropical_0.0001_20000_20260225_104712_relu_best.pth...20260225_110350
At epoch 1431, test loss = 9.4739
...model saved to 15_exp/models/FloydWarshallDataset_tropical_0.0001_20000_20260225_104712_relu_best.pth...20260225_110351
At epoch 1453, test loss = 9.4515
...model saved to 15_exp/models/FloydWarshallDataset_tropical_0.0001_20000_20260225_104712_relu_best.pth...20260225_110406
At epoch 1481, test loss = 9.4473
...model saved to 15_exp/models/FloydWarshallDataset_tropical_0.0001_20000_20260225_104712_relu_best.pth...20260225_110424
At epoch 1483, test loss = 9.4391
...model saved to 15_exp/models/FloydWarshallDataset_tropical_0.0001_20000_20260225_104712_relu_best.pth...20260225_110426
At epoch 1513, test loss = 9.4223
...model saved to 15_exp/models/FloydWarshallDataset_tropical_0.0001_20000_20260225_104712_relu_best.pth...20260225_110446
At epoch 1519, test loss = 9.3911
...model saved to 15_exp/models/FloydWarshallDataset_tropical_0.0001_20000_20260225_104712_relu_best.pth...20260225_110450
At epoch 1566, test loss = 9.3805
...model saved to 15_exp/models/FloydWarshallDataset_tropical_0.0001_20000_20260225_104712_relu_best.pth...20260225_110521
At epoch 1567, test loss = 9.3560
...model saved to 15_exp/models/FloydWarshallDataset_tropical_0.0001_20000_20260225_104712_relu_best.pth...20260225_110521
At epoch 1615, test loss = 9.3449
...model saved to 15_exp/models/FloydWarshallDataset_tropical_0.0001_20000_20260225_104712_relu_best.pth...20260225_110553
At epoch 1625, test loss = 9.3392
...model saved to 15_exp/models/FloydWarshallDataset_tropical_0.0001_20000_20260225_104712_relu_best.pth...20260225_110559
At epoch 1685, test loss = 9.3369
...model saved to 15_exp/models/FloydWarshallDataset_tropical_0.0001_20000_20260225_104712_relu_best.pth...20260225_110639
At epoch 1702, test loss = 9.3299
...model saved to 15_exp/models/FloydWarshallDataset_tropical_0.0001_20000_20260225_104712_relu_best.pth...20260225_110650
At epoch 1783, test loss = 9.3289
...model saved to 15_exp/models/FloydWarshallDataset_tropical_0.0001_20000_20260225_104712_relu_best.pth...20260225_110743
At epoch 1784, test loss = 9.3215
...model saved to 15_exp/models/FloydWarshallDataset_tropical_0.0001_20000_20260225_104712_relu_best.pth...20260225_110744
At epoch 1816, test loss = 9.3205
...model saved to 15_exp/models/FloydWarshallDataset_tropical_0.0001_20000_20260225_104712_relu_best.pth...20260225_110805
At epoch 1850, test loss = 9.3192
...model saved to 15_exp/models/FloydWarshallDataset_tropical_0.0001_20000_20260225_104712_relu_best.pth...20260225_110828
At epoch 1851, test loss = 9.2999
...model saved to 15_exp/models/FloydWarshallDataset_tropical_0.0001_20000_20260225_104712_relu_best.pth...20260225_110829
At epoch 1903, test loss = 9.2835
...model saved to 15_exp/models/FloydWarshallDataset_tropical_0.0001_20000_20260225_104712_relu_best.pth...20260225_110904
At epoch 1915, test loss = 9.2757
...model saved to 15_exp/models/FloydWarshallDataset_tropical_0.0001_20000_20260225_104712_relu_best.pth...20260225_110912
At epoch 2030, test loss = 9.2478
...model saved to 15_exp/models/FloydWarshallDataset_tropical_0.0001_20000_20260225_104712_relu_best.pth...20260225_111028
At epoch 2079, test loss = 9.2476
...model saved to 15_exp/models/FloydWarshallDataset_tropical_0.0001_20000_20260225_104712_relu_best.pth...20260225_111100
At epoch 2080, test loss = 9.2366
...model saved to 15_exp/models/FloydWarshallDataset_tropical_0.0001_20000_20260225_104712_relu_best.pth...20260225_111101
At epoch 2123, test loss = 9.2264
...model saved to 15_exp/models/FloydWarshallDataset_tropical_0.0001_20000_20260225_104712_relu_best.pth...20260225_111129
At epoch 2125, test loss = 9.2249
...model saved to 15_exp/models/FloydWarshallDataset_tropical_0.0001_20000_20260225_104712_relu_best.pth...20260225_111131
At epoch 2138, test loss = 9.2123
...model saved to 15_exp/models/FloydWarshallDataset_tropical_0.0001_20000_20260225_104712_relu_best.pth...20260225_111139
At epoch 2210, test loss = 9.2043
...model saved to 15_exp/models/FloydWarshallDataset_tropical_0.0001_20000_20260225_104712_relu_best.pth...20260225_111227
At epoch 2212, test loss = 9.1994
...model saved to 15_exp/models/FloydWarshallDataset_tropical_0.0001_20000_20260225_104712_relu_best.pth...20260225_111229
At epoch 2213, test loss = 9.1871
...model saved to 15_exp/models/FloydWarshallDataset_tropical_0.0001_20000_20260225_104712_relu_best.pth...20260225_111229
At epoch 2232, test loss = 9.1813
...model saved to 15_exp/models/FloydWarshallDataset_tropical_0.0001_20000_20260225_104712_relu_best.pth...20260225_111242
At epoch 2240, test loss = 9.1631
...model saved to 15_exp/models/FloydWarshallDataset_tropical_0.0001_20000_20260225_104712_relu_best.pth...20260225_111247
At epoch 2242, test loss = 9.1567
...model saved to 15_exp/models/FloydWarshallDataset_tropical_0.0001_20000_20260225_104712_relu_best.pth...20260225_111249
At epoch 2245, test loss = 9.1344
...model saved to 15_exp/models/FloydWarshallDataset_tropical_0.0001_20000_20260225_104712_relu_best.pth...20260225_111251
At epoch 2262, test loss = 9.1203
...model saved to 15_exp/models/FloydWarshallDataset_tropical_0.0001_20000_20260225_104712_relu_best.pth...20260225_111302
At epoch 2279, test loss = 9.1106
...model saved to 15_exp/models/FloydWarshallDataset_tropical_0.0001_20000_20260225_104712_relu_best.pth...20260225_111313
At epoch 2280, test loss = 9.0844
...model saved to 15_exp/models/FloydWarshallDataset_tropical_0.0001_20000_20260225_104712_relu_best.pth...20260225_111314
At epoch 2302, test loss = 9.0820
...model saved to 15_exp/models/FloydWarshallDataset_tropical_0.0001_20000_20260225_104712_relu_best.pth...20260225_111329
At epoch 2304, test loss = 9.0782
...model saved to 15_exp/models/FloydWarshallDataset_tropical_0.0001_20000_20260225_104712_relu_best.pth...20260225_111330
At epoch 2313, test loss = 9.0755
...model saved to 15_exp/models/FloydWarshallDataset_tropical_0.0001_20000_20260225_104712_relu_best.pth...20260225_111336
At epoch 2314, test loss = 9.0644
...model saved to 15_exp/models/FloydWarshallDataset_tropical_0.0001_20000_20260225_104712_relu_best.pth...20260225_111337
At epoch 2317, test loss = 9.0548
...model saved to 15_exp/models/FloydWarshallDataset_tropical_0.0001_20000_20260225_104712_relu_best.pth...20260225_111339
At epoch 2320, test loss = 9.0401
...model saved to 15_exp/models/FloydWarshallDataset_tropical_0.0001_20000_20260225_104712_relu_best.pth...20260225_111340
At epoch 2325, test loss = 9.0086
...model saved to 15_exp/models/FloydWarshallDataset_tropical_0.0001_20000_20260225_104712_relu_best.pth...20260225_111344
At epoch 2362, test loss = 8.9965
...model saved to 15_exp/models/FloydWarshallDataset_tropical_0.0001_20000_20260225_104712_relu_best.pth...20260225_111408
At epoch 2363, test loss = 8.9939
...model saved to 15_exp/models/FloydWarshallDataset_tropical_0.0001_20000_20260225_104712_relu_best.pth...20260225_111409
At epoch 2366, test loss = 8.9910
...model saved to 15_exp/models/FloydWarshallDataset_tropical_0.0001_20000_20260225_104712_relu_best.pth...20260225_111411
At epoch 2370, test loss = 8.9842
...model saved to 15_exp/models/FloydWarshallDataset_tropical_0.0001_20000_20260225_104712_relu_best.pth...20260225_111414
At epoch 2371, test loss = 8.9743
...model saved to 15_exp/models/FloydWarshallDataset_tropical_0.0001_20000_20260225_104712_relu_best.pth...20260225_111414
At epoch 2403, test loss = 8.9464
...model saved to 15_exp/models/FloydWarshallDataset_tropical_0.0001_20000_20260225_104712_relu_best.pth...20260225_111436
At epoch 2423, test loss = 8.9429
...model saved to 15_exp/models/FloydWarshallDataset_tropical_0.0001_20000_20260225_104712_relu_best.pth...20260225_111449
At epoch 2429, test loss = 8.9137
...model saved to 15_exp/models/FloydWarshallDataset_tropical_0.0001_20000_20260225_104712_relu_best.pth...20260225_111453
At epoch 2451, test loss = 8.9014
...model saved to 15_exp/models/FloydWarshallDataset_tropical_0.0001_20000_20260225_104712_relu_best.pth...20260225_111508
At epoch 2463, test loss = 8.8950
...model saved to 15_exp/models/FloydWarshallDataset_tropical_0.0001_20000_20260225_104712_relu_best.pth...20260225_111516
At epoch 2469, test loss = 8.8929
...model saved to 15_exp/models/FloydWarshallDataset_tropical_0.0001_20000_20260225_104712_relu_best.pth...20260225_111520
At epoch 2471, test loss = 8.8877
...model saved to 15_exp/models/FloydWarshallDataset_tropical_0.0001_20000_20260225_104712_relu_best.pth...20260225_111521
At epoch 2473, test loss = 8.8774
...model saved to 15_exp/models/FloydWarshallDataset_tropical_0.0001_20000_20260225_104712_relu_best.pth...20260225_111522
At epoch 2478, test loss = 8.8658
...model saved to 15_exp/models/FloydWarshallDataset_tropical_0.0001_20000_20260225_104712_relu_best.pth...20260225_111526
At epoch 2479, test loss = 8.8424
...model saved to 15_exp/models/FloydWarshallDataset_tropical_0.0001_20000_20260225_104712_relu_best.pth...20260225_111526
At epoch 2491, test loss = 8.8387
...model saved to 15_exp/models/FloydWarshallDataset_tropical_0.0001_20000_20260225_104712_relu_best.pth...20260225_111534
At epoch 2496, test loss = 8.8147
...model saved to 15_exp/models/FloydWarshallDataset_tropical_0.0001_20000_20260225_104712_relu_best.pth...20260225_111538
At epoch 2501, test loss = 8.8109
...model saved to 15_exp/models/FloydWarshallDataset_tropical_0.0001_20000_20260225_104712_relu_best.pth...20260225_111541
At epoch 2502, test loss = 8.7969
...model saved to 15_exp/models/FloydWarshallDataset_tropical_0.0001_20000_20260225_104712_relu_best.pth...20260225_111542
At epoch 2513, test loss = 8.7790
...model saved to 15_exp/models/FloydWarshallDataset_tropical_0.0001_20000_20260225_104712_relu_best.pth...20260225_111549
At epoch 2525, test loss = 8.7337
...model saved to 15_exp/models/FloydWarshallDataset_tropical_0.0001_20000_20260225_104712_relu_best.pth...20260225_111557
At epoch 2529, test loss = 8.7210
...model saved to 15_exp/models/FloydWarshallDataset_tropical_0.0001_20000_20260225_104712_relu_best.pth...20260225_111600
At epoch 2542, test loss = 8.6891
...model saved to 15_exp/models/FloydWarshallDataset_tropical_0.0001_20000_20260225_104712_relu_best.pth...20260225_111608
At epoch 2566, test loss = 8.6863
...model saved to 15_exp/models/FloydWarshallDataset_tropical_0.0001_20000_20260225_104712_relu_best.pth...20260225_111624
At epoch 2567, test loss = 8.6772
...model saved to 15_exp/models/FloydWarshallDataset_tropical_0.0001_20000_20260225_104712_relu_best.pth...20260225_111625
At epoch 2570, test loss = 8.6771
...model saved to 15_exp/models/FloydWarshallDataset_tropical_0.0001_20000_20260225_104712_relu_best.pth...20260225_111627
At epoch 2582, test loss = 8.6693
...model saved to 15_exp/models/FloydWarshallDataset_tropical_0.0001_20000_20260225_104712_relu_best.pth...20260225_111635
At epoch 2585, test loss = 8.6485
...model saved to 15_exp/models/FloydWarshallDataset_tropical_0.0001_20000_20260225_104712_relu_best.pth...20260225_111637
At epoch 2586, test loss = 8.6458
...model saved to 15_exp/models/FloydWarshallDataset_tropical_0.0001_20000_20260225_104712_relu_best.pth...20260225_111637
At epoch 2588, test loss = 8.6370
...model saved to 15_exp/models/FloydWarshallDataset_tropical_0.0001_20000_20260225_104712_relu_best.pth...20260225_111639
At epoch 2596, test loss = 8.6191
...model saved to 15_exp/models/FloydWarshallDataset_tropical_0.0001_20000_20260225_104712_relu_best.pth...20260225_111644
At epoch 2735, test loss = 8.6090
...model saved to 15_exp/models/FloydWarshallDataset_tropical_0.0001_20000_20260225_104712_relu_best.pth...20260225_111816
At epoch 2754, test loss = 8.6063
...model saved to 15_exp/models/FloydWarshallDataset_tropical_0.0001_20000_20260225_104712_relu_best.pth...20260225_111829
At epoch 2758, test loss = 8.6043
...model saved to 15_exp/models/FloydWarshallDataset_tropical_0.0001_20000_20260225_104712_relu_best.pth...20260225_111831
At epoch 2761, test loss = 8.5876
...model saved to 15_exp/models/FloydWarshallDataset_tropical_0.0001_20000_20260225_104712_relu_best.pth...20260225_111833
At epoch 2788, test loss = 8.5723
...model saved to 15_exp/models/FloydWarshallDataset_tropical_0.0001_20000_20260225_104712_relu_best.pth...20260225_111851
At epoch 2798, test loss = 8.5643
...model saved to 15_exp/models/FloydWarshallDataset_tropical_0.0001_20000_20260225_104712_relu_best.pth...20260225_111858
At epoch 2848, test loss = 8.5602
...model saved to 15_exp/models/FloydWarshallDataset_tropical_0.0001_20000_20260225_104712_relu_best.pth...20260225_111931
At epoch 2851, test loss = 8.5557
...model saved to 15_exp/models/FloydWarshallDataset_tropical_0.0001_20000_20260225_104712_relu_best.pth...20260225_111933
At epoch 2852, test loss = 8.5451
...model saved to 15_exp/models/FloydWarshallDataset_tropical_0.0001_20000_20260225_104712_relu_best.pth...20260225_111934
At epoch 2882, test loss = 8.5386
...model saved to 15_exp/models/FloydWarshallDataset_tropical_0.0001_20000_20260225_104712_relu_best.pth...20260225_111954
At epoch 2888, test loss = 8.5082
...model saved to 15_exp/models/FloydWarshallDataset_tropical_0.0001_20000_20260225_104712_relu_best.pth...20260225_111958
At epoch 2974, test loss = 8.5069
...model saved to 15_exp/models/FloydWarshallDataset_tropical_0.0001_20000_20260225_104712_relu_best.pth...20260225_112054
At epoch 2978, test loss = 8.4936
...model saved to 15_exp/models/FloydWarshallDataset_tropical_0.0001_20000_20260225_104712_relu_best.pth...20260225_112057
At epoch 2979, test loss = 8.4748
...model saved to 15_exp/models/FloydWarshallDataset_tropical_0.0001_20000_20260225_104712_relu_best.pth...20260225_112058
At epoch 2980, test loss = 8.4588
...model saved to 15_exp/models/FloydWarshallDataset_tropical_0.0001_20000_20260225_104712_relu_best.pth...20260225_112058
At epoch 3041, test loss = 8.4571
...model saved to 15_exp/models/FloydWarshallDataset_tropical_0.0001_20000_20260225_104712_relu_best.pth...20260225_112139
At epoch 3042, test loss = 8.4454
...model saved to 15_exp/models/FloydWarshallDataset_tropical_0.0001_20000_20260225_104712_relu_best.pth...20260225_112139
At epoch 3048, test loss = 8.4416
...model saved to 15_exp/models/FloydWarshallDataset_tropical_0.0001_20000_20260225_104712_relu_best.pth...20260225_112143
At epoch 3051, test loss = 8.4358
...model saved to 15_exp/models/FloydWarshallDataset_tropical_0.0001_20000_20260225_104712_relu_best.pth...20260225_112145
At epoch 3052, test loss = 8.4339
...model saved to 15_exp/models/FloydWarshallDataset_tropical_0.0001_20000_20260225_104712_relu_best.pth...20260225_112146
At epoch 3064, test loss = 8.4049
...model saved to 15_exp/models/FloydWarshallDataset_tropical_0.0001_20000_20260225_104712_relu_best.pth...20260225_112154
At epoch 3068, test loss = 8.3969
...model saved to 15_exp/models/FloydWarshallDataset_tropical_0.0001_20000_20260225_104712_relu_best.pth...20260225_112156
At epoch 3076, test loss = 8.3957
...model saved to 15_exp/models/FloydWarshallDataset_tropical_0.0001_20000_20260225_104712_relu_best.pth...20260225_112202
At epoch 3079, test loss = 8.3779
...model saved to 15_exp/models/FloydWarshallDataset_tropical_0.0001_20000_20260225_104712_relu_best.pth...20260225_112204
At epoch 3081, test loss = 8.3547
...model saved to 15_exp/models/FloydWarshallDataset_tropical_0.0001_20000_20260225_104712_relu_best.pth...20260225_112205
At epoch 3088, test loss = 8.3501
...model saved to 15_exp/models/FloydWarshallDataset_tropical_0.0001_20000_20260225_104712_relu_best.pth...20260225_112210
At epoch 3094, test loss = 8.3396
...model saved to 15_exp/models/FloydWarshallDataset_tropical_0.0001_20000_20260225_104712_relu_best.pth...20260225_112214
At epoch 3096, test loss = 8.3376
...model saved to 15_exp/models/FloydWarshallDataset_tropical_0.0001_20000_20260225_104712_relu_best.pth...20260225_112215
At epoch 3098, test loss = 8.3322
...model saved to 15_exp/models/FloydWarshallDataset_tropical_0.0001_20000_20260225_104712_relu_best.pth...20260225_112216
At epoch 3100, test loss = 8.3068
...model saved to 15_exp/models/FloydWarshallDataset_tropical_0.0001_20000_20260225_104712_relu_best.pth...20260225_112218
At epoch 3101, test loss = 8.2931
...model saved to 15_exp/models/FloydWarshallDataset_tropical_0.0001_20000_20260225_104712_relu_best.pth...20260225_112218
At epoch 3102, test loss = 8.2833
...model saved to 15_exp/models/FloydWarshallDataset_tropical_0.0001_20000_20260225_104712_relu_best.pth...20260225_112219
At epoch 3118, test loss = 8.2569
...model saved to 15_exp/models/FloydWarshallDataset_tropical_0.0001_20000_20260225_104712_relu_best.pth...20260225_112230
At epoch 3119, test loss = 8.2334
...model saved to 15_exp/models/FloydWarshallDataset_tropical_0.0001_20000_20260225_104712_relu_best.pth...20260225_112230
At epoch 3124, test loss = 8.2180
...model saved to 15_exp/models/FloydWarshallDataset_tropical_0.0001_20000_20260225_104712_relu_best.pth...20260225_112234
At epoch 3127, test loss = 8.1944
...model saved to 15_exp/models/FloydWarshallDataset_tropical_0.0001_20000_20260225_104712_relu_best.pth...20260225_112236
At epoch 3136, test loss = 8.1912
...model saved to 15_exp/models/FloydWarshallDataset_tropical_0.0001_20000_20260225_104712_relu_best.pth...20260225_112242
At epoch 3137, test loss = 8.1885
...model saved to 15_exp/models/FloydWarshallDataset_tropical_0.0001_20000_20260225_104712_relu_best.pth...20260225_112242
At epoch 3138, test loss = 8.1752
...model saved to 15_exp/models/FloydWarshallDataset_tropical_0.0001_20000_20260225_104712_relu_best.pth...20260225_112243
At epoch 3141, test loss = 8.1702
...model saved to 15_exp/models/FloydWarshallDataset_tropical_0.0001_20000_20260225_104712_relu_best.pth...20260225_112245
At epoch 3152, test loss = 8.1680
...model saved to 15_exp/models/FloydWarshallDataset_tropical_0.0001_20000_20260225_104712_relu_best.pth...20260225_112252
At epoch 3165, test loss = 8.1578
...model saved to 15_exp/models/FloydWarshallDataset_tropical_0.0001_20000_20260225_104712_relu_best.pth...20260225_112301
At epoch 3166, test loss = 8.1457
...model saved to 15_exp/models/FloydWarshallDataset_tropical_0.0001_20000_20260225_104712_relu_best.pth...20260225_112301
At epoch 3167, test loss = 8.1351
...model saved to 15_exp/models/FloydWarshallDataset_tropical_0.0001_20000_20260225_104712_relu_best.pth...20260225_112302
At epoch 3168, test loss = 8.1341
...model saved to 15_exp/models/FloydWarshallDataset_tropical_0.0001_20000_20260225_104712_relu_best.pth...20260225_112303
At epoch 3177, test loss = 8.1204
...model saved to 15_exp/models/FloydWarshallDataset_tropical_0.0001_20000_20260225_104712_relu_best.pth...20260225_112309
At epoch 3181, test loss = 8.1011
...model saved to 15_exp/models/FloydWarshallDataset_tropical_0.0001_20000_20260225_104712_relu_best.pth...20260225_112311
At epoch 3188, test loss = 8.0989
...model saved to 15_exp/models/FloydWarshallDataset_tropical_0.0001_20000_20260225_104712_relu_best.pth...20260225_112316
At epoch 3200, test loss = 8.0961
...model saved to 15_exp/models/FloydWarshallDataset_tropical_0.0001_20000_20260225_104712_relu_best.pth...20260225_112324
At epoch 3201, test loss = 8.0940
...model saved to 15_exp/models/FloydWarshallDataset_tropical_0.0001_20000_20260225_104712_relu_best.pth...20260225_112325
At epoch 3202, test loss = 8.0580
...model saved to 15_exp/models/FloydWarshallDataset_tropical_0.0001_20000_20260225_104712_relu_best.pth...20260225_112325
At epoch 3207, test loss = 8.0560
...model saved to 15_exp/models/FloydWarshallDataset_tropical_0.0001_20000_20260225_104712_relu_best.pth...20260225_112329
At epoch 3209, test loss = 8.0336
...model saved to 15_exp/models/FloydWarshallDataset_tropical_0.0001_20000_20260225_104712_relu_best.pth...20260225_112330
At epoch 3227, test loss = 8.0209
...model saved to 15_exp/models/FloydWarshallDataset_tropical_0.0001_20000_20260225_104712_relu_best.pth...20260225_112342
At epoch 3229, test loss = 8.0135
...model saved to 15_exp/models/FloydWarshallDataset_tropical_0.0001_20000_20260225_104712_relu_best.pth...20260225_112343
At epoch 3231, test loss = 8.0046
...model saved to 15_exp/models/FloydWarshallDataset_tropical_0.0001_20000_20260225_104712_relu_best.pth...20260225_112345
At epoch 3242, test loss = 7.9828
...model saved to 15_exp/models/FloydWarshallDataset_tropical_0.0001_20000_20260225_104712_relu_best.pth...20260225_112352
At epoch 3249, test loss = 7.9591
...model saved to 15_exp/models/FloydWarshallDataset_tropical_0.0001_20000_20260225_104712_relu_best.pth...20260225_112356
At epoch 3280, test loss = 7.9521
...model saved to 15_exp/models/FloydWarshallDataset_tropical_0.0001_20000_20260225_104712_relu_best.pth...20260225_112417
At epoch 3284, test loss = 7.9409
...model saved to 15_exp/models/FloydWarshallDataset_tropical_0.0001_20000_20260225_104712_relu_best.pth...20260225_112420
At epoch 3285, test loss = 7.9407
...model saved to 15_exp/models/FloydWarshallDataset_tropical_0.0001_20000_20260225_104712_relu_best.pth...20260225_112420
At epoch 3286, test loss = 7.9392
...model saved to 15_exp/models/FloydWarshallDataset_tropical_0.0001_20000_20260225_104712_relu_best.pth...20260225_112421
At epoch 3290, test loss = 7.9299
...model saved to 15_exp/models/FloydWarshallDataset_tropical_0.0001_20000_20260225_104712_relu_best.pth...20260225_112424
At epoch 3293, test loss = 7.9224
...model saved to 15_exp/models/FloydWarshallDataset_tropical_0.0001_20000_20260225_104712_relu_best.pth...20260225_112426
At epoch 3294, test loss = 7.8913
...model saved to 15_exp/models/FloydWarshallDataset_tropical_0.0001_20000_20260225_104712_relu_best.pth...20260225_112426
At epoch 3295, test loss = 7.8897
...model saved to 15_exp/models/FloydWarshallDataset_tropical_0.0001_20000_20260225_104712_relu_best.pth...20260225_112427
At epoch 3299, test loss = 7.8746
...model saved to 15_exp/models/FloydWarshallDataset_tropical_0.0001_20000_20260225_104712_relu_best.pth...20260225_112430
At epoch 3301, test loss = 7.8604
...model saved to 15_exp/models/FloydWarshallDataset_tropical_0.0001_20000_20260225_104712_relu_best.pth...20260225_112431
At epoch 3303, test loss = 7.8569
...model saved to 15_exp/models/FloydWarshallDataset_tropical_0.0001_20000_20260225_104712_relu_best.pth...20260225_112432
At epoch 3304, test loss = 7.8433
...model saved to 15_exp/models/FloydWarshallDataset_tropical_0.0001_20000_20260225_104712_relu_best.pth...20260225_112433
At epoch 3308, test loss = 7.7947
...model saved to 15_exp/models/FloydWarshallDataset_tropical_0.0001_20000_20260225_104712_relu_best.pth...20260225_112436
At epoch 3309, test loss = 7.7925
...model saved to 15_exp/models/FloydWarshallDataset_tropical_0.0001_20000_20260225_104712_relu_best.pth...20260225_112436
At epoch 3331, test loss = 7.7892
...model saved to 15_exp/models/FloydWarshallDataset_tropical_0.0001_20000_20260225_104712_relu_best.pth...20260225_112451
At epoch 3332, test loss = 7.7828
...model saved to 15_exp/models/FloydWarshallDataset_tropical_0.0001_20000_20260225_104712_relu_best.pth...20260225_112451
At epoch 3333, test loss = 7.7826
...model saved to 15_exp/models/FloydWarshallDataset_tropical_0.0001_20000_20260225_104712_relu_best.pth...20260225_112452
At epoch 3336, test loss = 7.7712
...model saved to 15_exp/models/FloydWarshallDataset_tropical_0.0001_20000_20260225_104712_relu_best.pth...20260225_112454
At epoch 3337, test loss = 7.7623
...model saved to 15_exp/models/FloydWarshallDataset_tropical_0.0001_20000_20260225_104712_relu_best.pth...20260225_112455
At epoch 3339, test loss = 7.7501
...model saved to 15_exp/models/FloydWarshallDataset_tropical_0.0001_20000_20260225_104712_relu_best.pth...20260225_112456
At epoch 3344, test loss = 7.7384
...model saved to 15_exp/models/FloydWarshallDataset_tropical_0.0001_20000_20260225_104712_relu_best.pth...20260225_112459
At epoch 3346, test loss = 7.7312
...model saved to 15_exp/models/FloydWarshallDataset_tropical_0.0001_20000_20260225_104712_relu_best.pth...20260225_112501
At epoch 3348, test loss = 7.6974
...model saved to 15_exp/models/FloydWarshallDataset_tropical_0.0001_20000_20260225_104712_relu_best.pth...20260225_112502
At epoch 3355, test loss = 7.6894
...model saved to 15_exp/models/FloydWarshallDataset_tropical_0.0001_20000_20260225_104712_relu_best.pth...20260225_112507
At epoch 3356, test loss = 7.6881
...model saved to 15_exp/models/FloydWarshallDataset_tropical_0.0001_20000_20260225_104712_relu_best.pth...20260225_112507
At epoch 3358, test loss = 7.6760
...model saved to 15_exp/models/FloydWarshallDataset_tropical_0.0001_20000_20260225_104712_relu_best.pth...20260225_112509
At epoch 3369, test loss = 7.6543
...model saved to 15_exp/models/FloydWarshallDataset_tropical_0.0001_20000_20260225_104712_relu_best.pth...20260225_112516
At epoch 3370, test loss = 7.6540
...model saved to 15_exp/models/FloydWarshallDataset_tropical_0.0001_20000_20260225_104712_relu_best.pth...20260225_112517
At epoch 3372, test loss = 7.6526
...model saved to 15_exp/models/FloydWarshallDataset_tropical_0.0001_20000_20260225_104712_relu_best.pth...20260225_112518
At epoch 3374, test loss = 7.6432
...model saved to 15_exp/models/FloydWarshallDataset_tropical_0.0001_20000_20260225_104712_relu_best.pth...20260225_112519
At epoch 3376, test loss = 7.6182
...model saved to 15_exp/models/FloydWarshallDataset_tropical_0.0001_20000_20260225_104712_relu_best.pth...20260225_112521
At epoch 3378, test loss = 7.6134
...model saved to 15_exp/models/FloydWarshallDataset_tropical_0.0001_20000_20260225_104712_relu_best.pth...20260225_112522
At epoch 3381, test loss = 7.6118
...model saved to 15_exp/models/FloydWarshallDataset_tropical_0.0001_20000_20260225_104712_relu_best.pth...20260225_112524
At epoch 3382, test loss = 7.5952
...model saved to 15_exp/models/FloydWarshallDataset_tropical_0.0001_20000_20260225_104712_relu_best.pth...20260225_112525
At epoch 3389, test loss = 7.5583
...model saved to 15_exp/models/FloydWarshallDataset_tropical_0.0001_20000_20260225_104712_relu_best.pth...20260225_112529
At epoch 3395, test loss = 7.5433
...model saved to 15_exp/models/FloydWarshallDataset_tropical_0.0001_20000_20260225_104712_relu_best.pth...20260225_112533
At epoch 3401, test loss = 7.5316
...model saved to 15_exp/models/FloydWarshallDataset_tropical_0.0001_20000_20260225_104712_relu_best.pth...20260225_112537
At epoch 3405, test loss = 7.5079
...model saved to 15_exp/models/FloydWarshallDataset_tropical_0.0001_20000_20260225_104712_relu_best.pth...20260225_112540
At epoch 3406, test loss = 7.5062
...model saved to 15_exp/models/FloydWarshallDataset_tropical_0.0001_20000_20260225_104712_relu_best.pth...20260225_112540
At epoch 3412, test loss = 7.4747
...model saved to 15_exp/models/FloydWarshallDataset_tropical_0.0001_20000_20260225_104712_relu_best.pth...20260225_112544
At epoch 3415, test loss = 7.4687
...model saved to 15_exp/models/FloydWarshallDataset_tropical_0.0001_20000_20260225_104712_relu_best.pth...20260225_112546
At epoch 3426, test loss = 7.4572
...model saved to 15_exp/models/FloydWarshallDataset_tropical_0.0001_20000_20260225_104712_relu_best.pth...20260225_112554
At epoch 3427, test loss = 7.4332
...model saved to 15_exp/models/FloydWarshallDataset_tropical_0.0001_20000_20260225_104712_relu_best.pth...20260225_112554
At epoch 3429, test loss = 7.4313
...model saved to 15_exp/models/FloydWarshallDataset_tropical_0.0001_20000_20260225_104712_relu_best.pth...20260225_112556
At epoch 3431, test loss = 7.4170
...model saved to 15_exp/models/FloydWarshallDataset_tropical_0.0001_20000_20260225_104712_relu_best.pth...20260225_112557
At epoch 3434, test loss = 7.4072
...model saved to 15_exp/models/FloydWarshallDataset_tropical_0.0001_20000_20260225_104712_relu_best.pth...20260225_112559
At epoch 3442, test loss = 7.4072
...model saved to 15_exp/models/FloydWarshallDataset_tropical_0.0001_20000_20260225_104712_relu_best.pth...20260225_112604
At epoch 3443, test loss = 7.4063
...model saved to 15_exp/models/FloydWarshallDataset_tropical_0.0001_20000_20260225_104712_relu_best.pth...20260225_112605
At epoch 3449, test loss = 7.3951
...model saved to 15_exp/models/FloydWarshallDataset_tropical_0.0001_20000_20260225_104712_relu_best.pth...20260225_112609
At epoch 3452, test loss = 7.3832
...model saved to 15_exp/models/FloydWarshallDataset_tropical_0.0001_20000_20260225_104712_relu_best.pth...20260225_112611
At epoch 3454, test loss = 7.3739
...model saved to 15_exp/models/FloydWarshallDataset_tropical_0.0001_20000_20260225_104712_relu_best.pth...20260225_112612
At epoch 3455, test loss = 7.3642
...model saved to 15_exp/models/FloydWarshallDataset_tropical_0.0001_20000_20260225_104712_relu_best.pth...20260225_112613
At epoch 3466, test loss = 7.3192
...model saved to 15_exp/models/FloydWarshallDataset_tropical_0.0001_20000_20260225_104712_relu_best.pth...20260225_112620
At epoch 3494, test loss = 7.3133
...model saved to 15_exp/models/FloydWarshallDataset_tropical_0.0001_20000_20260225_104712_relu_best.pth...20260225_112639
At epoch 3495, test loss = 7.3026
...model saved to 15_exp/models/FloydWarshallDataset_tropical_0.0001_20000_20260225_104712_relu_best.pth...20260225_112639
At epoch 3497, test loss = 7.2683
...model saved to 15_exp/models/FloydWarshallDataset_tropical_0.0001_20000_20260225_104712_relu_best.pth...20260225_112641
At epoch 3531, test loss = 7.2130
...model saved to 15_exp/models/FloydWarshallDataset_tropical_0.0001_20000_20260225_104712_relu_best.pth...20260225_112703
At epoch 3553, test loss = 7.2071
...model saved to 15_exp/models/FloydWarshallDataset_tropical_0.0001_20000_20260225_104712_relu_best.pth...20260225_112717
At epoch 3569, test loss = 7.1909
...model saved to 15_exp/models/FloydWarshallDataset_tropical_0.0001_20000_20260225_104712_relu_best.pth...20260225_112728
At epoch 3572, test loss = 7.1885
...model saved to 15_exp/models/FloydWarshallDataset_tropical_0.0001_20000_20260225_104712_relu_best.pth...20260225_112730
At epoch 3577, test loss = 7.1781
...model saved to 15_exp/models/FloydWarshallDataset_tropical_0.0001_20000_20260225_104712_relu_best.pth...20260225_112733
At epoch 3583, test loss = 7.1506
...model saved to 15_exp/models/FloydWarshallDataset_tropical_0.0001_20000_20260225_104712_relu_best.pth...20260225_112737
At epoch 3651, test loss = 7.0908
...model saved to 15_exp/models/FloydWarshallDataset_tropical_0.0001_20000_20260225_104712_relu_best.pth...20260225_112822
At epoch 3652, test loss = 7.0570
...model saved to 15_exp/models/FloydWarshallDataset_tropical_0.0001_20000_20260225_104712_relu_best.pth...20260225_112823
At epoch 3736, test loss = 7.0105
...model saved to 15_exp/models/FloydWarshallDataset_tropical_0.0001_20000_20260225_104712_relu_best.pth...20260225_112919
At epoch 3766, test loss = 7.0036
...model saved to 15_exp/models/FloydWarshallDataset_tropical_0.0001_20000_20260225_104712_relu_best.pth...20260225_112939
At epoch 3779, test loss = 6.9955
...model saved to 15_exp/models/FloydWarshallDataset_tropical_0.0001_20000_20260225_104712_relu_best.pth...20260225_112947
At epoch 3783, test loss = 6.9868
...model saved to 15_exp/models/FloydWarshallDataset_tropical_0.0001_20000_20260225_104712_relu_best.pth...20260225_112950
At epoch 3787, test loss = 6.9827
...model saved to 15_exp/models/FloydWarshallDataset_tropical_0.0001_20000_20260225_104712_relu_best.pth...20260225_112953
At epoch 3790, test loss = 6.9749
...model saved to 15_exp/models/FloydWarshallDataset_tropical_0.0001_20000_20260225_104712_relu_best.pth...20260225_112955
At epoch 3795, test loss = 6.9561
...model saved to 15_exp/models/FloydWarshallDataset_tropical_0.0001_20000_20260225_104712_relu_best.pth...20260225_112958
At epoch 3799, test loss = 6.9478
...model saved to 15_exp/models/FloydWarshallDataset_tropical_0.0001_20000_20260225_104712_relu_best.pth...20260225_113001
At epoch 3801, test loss = 6.9269
...model saved to 15_exp/models/FloydWarshallDataset_tropical_0.0001_20000_20260225_104712_relu_best.pth...20260225_113002
At epoch 3805, test loss = 6.8380
...model saved to 15_exp/models/FloydWarshallDataset_tropical_0.0001_20000_20260225_104712_relu_best.pth...20260225_113005
At epoch 3875, test loss = 6.8071
...model saved to 15_exp/models/FloydWarshallDataset_tropical_0.0001_20000_20260225_104712_relu_best.pth...20260225_113051
At epoch 3909, test loss = 6.7942
...model saved to 15_exp/models/FloydWarshallDataset_tropical_0.0001_20000_20260225_104712_relu_best.pth...20260225_113114
At epoch 3920, test loss = 6.7910
...model saved to 15_exp/models/FloydWarshallDataset_tropical_0.0001_20000_20260225_104712_relu_best.pth...20260225_113121
At epoch 3921, test loss = 6.7781
...model saved to 15_exp/models/FloydWarshallDataset_tropical_0.0001_20000_20260225_104712_relu_best.pth...20260225_113122
At epoch 3934, test loss = 6.6474
...model saved to 15_exp/models/FloydWarshallDataset_tropical_0.0001_20000_20260225_104712_relu_best.pth...20260225_113130
At epoch 3991, test loss = 6.6440
...model saved to 15_exp/models/FloydWarshallDataset_tropical_0.0001_20000_20260225_104712_relu_best.pth...20260225_113208
At epoch 4000, test loss = 6.6364
...model saved to 15_exp/models/FloydWarshallDataset_tropical_0.0001_20000_20260225_104712_relu_best.pth...20260225_113214
At epoch 4001, test loss = 6.5795
...model saved to 15_exp/models/FloydWarshallDataset_tropical_0.0001_20000_20260225_104712_relu_best.pth...20260225_113215
At epoch 4015, test loss = 6.5616
...model saved to 15_exp/models/FloydWarshallDataset_tropical_0.0001_20000_20260225_104712_relu_best.pth...20260225_113224
At epoch 4035, test loss = 6.4434
...model saved to 15_exp/models/FloydWarshallDataset_tropical_0.0001_20000_20260225_104712_relu_best.pth...20260225_113237
At epoch 4191, test loss = 6.4429
...model saved to 15_exp/models/FloydWarshallDataset_tropical_0.0001_20000_20260225_104712_relu_best.pth...20260225_113420
At epoch 4211, test loss = 6.4427
...model saved to 15_exp/models/FloydWarshallDataset_tropical_0.0001_20000_20260225_104712_relu_best.pth...20260225_113433
At epoch 4228, test loss = 6.4345
...model saved to 15_exp/models/FloydWarshallDataset_tropical_0.0001_20000_20260225_104712_relu_best.pth...20260225_113444
At epoch 4232, test loss = 6.4122
...model saved to 15_exp/models/FloydWarshallDataset_tropical_0.0001_20000_20260225_104712_relu_best.pth...20260225_113447
At epoch 4233, test loss = 6.4092
...model saved to 15_exp/models/FloydWarshallDataset_tropical_0.0001_20000_20260225_104712_relu_best.pth...20260225_113447
At epoch 4238, test loss = 6.3860
...model saved to 15_exp/models/FloydWarshallDataset_tropical_0.0001_20000_20260225_104712_relu_best.pth...20260225_113451
At epoch 4239, test loss = 6.3846
...model saved to 15_exp/models/FloydWarshallDataset_tropical_0.0001_20000_20260225_104712_relu_best.pth...20260225_113452
At epoch 4256, test loss = 6.3825
...model saved to 15_exp/models/FloydWarshallDataset_tropical_0.0001_20000_20260225_104712_relu_best.pth...20260225_113503
At epoch 4260, test loss = 6.3456
...model saved to 15_exp/models/FloydWarshallDataset_tropical_0.0001_20000_20260225_104712_relu_best.pth...20260225_113506
At epoch 4281, test loss = 6.2660
...model saved to 15_exp/models/FloydWarshallDataset_tropical_0.0001_20000_20260225_104712_relu_best.pth...20260225_113519
At epoch 4282, test loss = 6.2530
...model saved to 15_exp/models/FloydWarshallDataset_tropical_0.0001_20000_20260225_104712_relu_best.pth...20260225_113520
At epoch 4300, test loss = 6.2062
...model saved to 15_exp/models/FloydWarshallDataset_tropical_0.0001_20000_20260225_104712_relu_best.pth...20260225_113532
At epoch 4310, test loss = 6.1772
...model saved to 15_exp/models/FloydWarshallDataset_tropical_0.0001_20000_20260225_104712_relu_best.pth...20260225_113539
At epoch 4343, test loss = 6.1725
...model saved to 15_exp/models/FloydWarshallDataset_tropical_0.0001_20000_20260225_104712_relu_best.pth...20260225_113600
At epoch 4364, test loss = 6.1537
...model saved to 15_exp/models/FloydWarshallDataset_tropical_0.0001_20000_20260225_104712_relu_best.pth...20260225_113614
At epoch 4397, test loss = 6.1400
...model saved to 15_exp/models/FloydWarshallDataset_tropical_0.0001_20000_20260225_104712_relu_best.pth...20260225_113636
At epoch 4441, test loss = 6.1400
...model saved to 15_exp/models/FloydWarshallDataset_tropical_0.0001_20000_20260225_104712_relu_best.pth...20260225_113705
At epoch 4444, test loss = 6.1348
...model saved to 15_exp/models/FloydWarshallDataset_tropical_0.0001_20000_20260225_104712_relu_best.pth...20260225_113707
At epoch 4478, test loss = 6.1087
...model saved to 15_exp/models/FloydWarshallDataset_tropical_0.0001_20000_20260225_104712_relu_best.pth...20260225_113729
At epoch 4485, test loss = 6.0890
...model saved to 15_exp/models/FloydWarshallDataset_tropical_0.0001_20000_20260225_104712_relu_best.pth...20260225_113734
At epoch 4490, test loss = 6.0616
...model saved to 15_exp/models/FloydWarshallDataset_tropical_0.0001_20000_20260225_104712_relu_best.pth...20260225_113737
At epoch 4735, test loss = 6.0475
...model saved to 15_exp/models/FloydWarshallDataset_tropical_0.0001_20000_20260225_104712_relu_best.pth...20260225_114019
At epoch 4740, test loss = 6.0448
...model saved to 15_exp/models/FloydWarshallDataset_tropical_0.0001_20000_20260225_104712_relu_best.pth...20260225_114022
At epoch 4745, test loss = 6.0362
...model saved to 15_exp/models/FloydWarshallDataset_tropical_0.0001_20000_20260225_104712_relu_best.pth...20260225_114025
At epoch 4779, test loss = 6.0199
...model saved to 15_exp/models/FloydWarshallDataset_tropical_0.0001_20000_20260225_104712_relu_best.pth...20260225_114048
At epoch 4795, test loss = 6.0165
...model saved to 15_exp/models/FloydWarshallDataset_tropical_0.0001_20000_20260225_104712_relu_best.pth...20260225_114058
At epoch 4806, test loss = 6.0068
...model saved to 15_exp/models/FloydWarshallDataset_tropical_0.0001_20000_20260225_104712_relu_best.pth...20260225_114105
At epoch 4849, test loss = 5.9993
...model saved to 15_exp/models/FloydWarshallDataset_tropical_0.0001_20000_20260225_104712_relu_best.pth...20260225_114134
At epoch 4850, test loss = 5.9916
...model saved to 15_exp/models/FloydWarshallDataset_tropical_0.0001_20000_20260225_104712_relu_best.pth...20260225_114135
At epoch 4922, test loss = 5.9613
...model saved to 15_exp/models/FloydWarshallDataset_tropical_0.0001_20000_20260225_104712_relu_best.pth...20260225_114222
At epoch 4925, test loss = 5.9296
...model saved to 15_exp/models/FloydWarshallDataset_tropical_0.0001_20000_20260225_104712_relu_best.pth...20260225_114224
At epoch 4941, test loss = 5.8598
...model saved to 15_exp/models/FloydWarshallDataset_tropical_0.0001_20000_20260225_104712_relu_best.pth...20260225_114235
At epoch 4985, test loss = 5.8407
...model saved to 15_exp/models/FloydWarshallDataset_tropical_0.0001_20000_20260225_104712_relu_best.pth...20260225_114304
At epoch 4987, test loss = 5.7818
...model saved to 15_exp/models/FloydWarshallDataset_tropical_0.0001_20000_20260225_104712_relu_best.pth...20260225_114305
At epoch 5077, test loss = 5.7579
...model saved to 15_exp/models/FloydWarshallDataset_tropical_0.0001_20000_20260225_104712_relu_best.pth...20260225_114405
At epoch 5126, test loss = 5.7499
...model saved to 15_exp/models/FloydWarshallDataset_tropical_0.0001_20000_20260225_104712_relu_best.pth...20260225_114437
At epoch 5148, test loss = 5.7174
...model saved to 15_exp/models/FloydWarshallDataset_tropical_0.0001_20000_20260225_104712_relu_best.pth...20260225_114451
At epoch 5155, test loss = 5.7103
...model saved to 15_exp/models/FloydWarshallDataset_tropical_0.0001_20000_20260225_104712_relu_best.pth...20260225_114456
At epoch 5197, test loss = 5.6867
...model saved to 15_exp/models/FloydWarshallDataset_tropical_0.0001_20000_20260225_104712_relu_best.pth...20260225_114524
At epoch 5210, test loss = 5.6655
...model saved to 15_exp/models/FloydWarshallDataset_tropical_0.0001_20000_20260225_104712_relu_best.pth...20260225_114532
At epoch 5217, test loss = 5.6537
...model saved to 15_exp/models/FloydWarshallDataset_tropical_0.0001_20000_20260225_104712_relu_best.pth...20260225_114537
At epoch 5218, test loss = 5.6475
...model saved to 15_exp/models/FloydWarshallDataset_tropical_0.0001_20000_20260225_104712_relu_best.pth...20260225_114537
At epoch 5223, test loss = 5.6074
...model saved to 15_exp/models/FloydWarshallDataset_tropical_0.0001_20000_20260225_104712_relu_best.pth...20260225_114541
At epoch 5269, test loss = 5.6035
...model saved to 15_exp/models/FloydWarshallDataset_tropical_0.0001_20000_20260225_104712_relu_best.pth...20260225_114611
At epoch 5282, test loss = 5.5596
...model saved to 15_exp/models/FloydWarshallDataset_tropical_0.0001_20000_20260225_104712_relu_best.pth...20260225_114619
At epoch 5293, test loss = 5.5435
...model saved to 15_exp/models/FloydWarshallDataset_tropical_0.0001_20000_20260225_104712_relu_best.pth...20260225_114627
At epoch 5294, test loss = 5.5419
...model saved to 15_exp/models/FloydWarshallDataset_tropical_0.0001_20000_20260225_104712_relu_best.pth...20260225_114627
At epoch 5296, test loss = 5.5251
...model saved to 15_exp/models/FloydWarshallDataset_tropical_0.0001_20000_20260225_104712_relu_best.pth...20260225_114629
At epoch 5301, test loss = 5.4941
...model saved to 15_exp/models/FloydWarshallDataset_tropical_0.0001_20000_20260225_104712_relu_best.pth...20260225_114632
At epoch 5311, test loss = 5.4814
...model saved to 15_exp/models/FloydWarshallDataset_tropical_0.0001_20000_20260225_104712_relu_best.pth...20260225_114639
At epoch 5390, test loss = 5.4746
...model saved to 15_exp/models/FloydWarshallDataset_tropical_0.0001_20000_20260225_104712_relu_best.pth...20260225_114730
At epoch 5400, test loss = 5.4189
...model saved to 15_exp/models/FloydWarshallDataset_tropical_0.0001_20000_20260225_104712_relu_best.pth...20260225_114737
At epoch 5408, test loss = 5.4110
...model saved to 15_exp/models/FloydWarshallDataset_tropical_0.0001_20000_20260225_104712_relu_best.pth...20260225_114742
At epoch 5423, test loss = 5.3920
...model saved to 15_exp/models/FloydWarshallDataset_tropical_0.0001_20000_20260225_104712_relu_best.pth...20260225_114752
At epoch 5429, test loss = 5.3531
...model saved to 15_exp/models/FloydWarshallDataset_tropical_0.0001_20000_20260225_104712_relu_best.pth...20260225_114756
At epoch 5432, test loss = 5.3512
...model saved to 15_exp/models/FloydWarshallDataset_tropical_0.0001_20000_20260225_104712_relu_best.pth...20260225_114758
At epoch 5437, test loss = 5.3414
...model saved to 15_exp/models/FloydWarshallDataset_tropical_0.0001_20000_20260225_104712_relu_best.pth...20260225_114801
At epoch 5440, test loss = 5.3182
...model saved to 15_exp/models/FloydWarshallDataset_tropical_0.0001_20000_20260225_104712_relu_best.pth...20260225_114803
At epoch 5456, test loss = 5.3168
...model saved to 15_exp/models/FloydWarshallDataset_tropical_0.0001_20000_20260225_104712_relu_best.pth...20260225_114814
At epoch 5458, test loss = 5.2775
...model saved to 15_exp/models/FloydWarshallDataset_tropical_0.0001_20000_20260225_104712_relu_best.pth...20260225_114815
At epoch 5479, test loss = 5.2747
...model saved to 15_exp/models/FloydWarshallDataset_tropical_0.0001_20000_20260225_104712_relu_best.pth...20260225_114829
At epoch 5504, test loss = 5.2530
...model saved to 15_exp/models/FloydWarshallDataset_tropical_0.0001_20000_20260225_104712_relu_best.pth...20260225_114845
At epoch 5568, test loss = 5.2355
...model saved to 15_exp/models/FloydWarshallDataset_tropical_0.0001_20000_20260225_104712_relu_best.pth...20260225_114928
At epoch 5571, test loss = 5.2064
...model saved to 15_exp/models/FloydWarshallDataset_tropical_0.0001_20000_20260225_104712_relu_best.pth...20260225_114929
At epoch 5572, test loss = 5.2041
...model saved to 15_exp/models/FloydWarshallDataset_tropical_0.0001_20000_20260225_104712_relu_best.pth...20260225_114930
At epoch 5587, test loss = 5.1883
...model saved to 15_exp/models/FloydWarshallDataset_tropical_0.0001_20000_20260225_104712_relu_best.pth...20260225_114940
At epoch 5595, test loss = 5.1800
...model saved to 15_exp/models/FloydWarshallDataset_tropical_0.0001_20000_20260225_104712_relu_best.pth...20260225_114946
At epoch 5597, test loss = 5.1533
...model saved to 15_exp/models/FloydWarshallDataset_tropical_0.0001_20000_20260225_104712_relu_best.pth...20260225_114947
At epoch 5603, test loss = 5.1408
...model saved to 15_exp/models/FloydWarshallDataset_tropical_0.0001_20000_20260225_104712_relu_best.pth...20260225_114951
At epoch 5604, test loss = 5.1187
...model saved to 15_exp/models/FloydWarshallDataset_tropical_0.0001_20000_20260225_104712_relu_best.pth...20260225_114952
At epoch 5613, test loss = 5.1008
...model saved to 15_exp/models/FloydWarshallDataset_tropical_0.0001_20000_20260225_104712_relu_best.pth...20260225_114958
At epoch 5619, test loss = 5.0917
...model saved to 15_exp/models/FloydWarshallDataset_tropical_0.0001_20000_20260225_104712_relu_best.pth...20260225_115002
At epoch 5624, test loss = 5.0732
...model saved to 15_exp/models/FloydWarshallDataset_tropical_0.0001_20000_20260225_104712_relu_best.pth...20260225_115005
At epoch 5632, test loss = 5.0688
...model saved to 15_exp/models/FloydWarshallDataset_tropical_0.0001_20000_20260225_104712_relu_best.pth...20260225_115010
At epoch 5639, test loss = 5.0679
...model saved to 15_exp/models/FloydWarshallDataset_tropical_0.0001_20000_20260225_104712_relu_best.pth...20260225_115015
At epoch 5655, test loss = 5.0520
...model saved to 15_exp/models/FloydWarshallDataset_tropical_0.0001_20000_20260225_104712_relu_best.pth...20260225_115025
At epoch 5658, test loss = 5.0475
...model saved to 15_exp/models/FloydWarshallDataset_tropical_0.0001_20000_20260225_104712_relu_best.pth...20260225_115027
At epoch 5667, test loss = 4.9970
...model saved to 15_exp/models/FloydWarshallDataset_tropical_0.0001_20000_20260225_104712_relu_best.pth...20260225_115033
At epoch 5693, test loss = 4.9877
...model saved to 15_exp/models/FloydWarshallDataset_tropical_0.0001_20000_20260225_104712_relu_best.pth...20260225_115050
At epoch 5694, test loss = 4.9803
...model saved to 15_exp/models/FloydWarshallDataset_tropical_0.0001_20000_20260225_104712_relu_best.pth...20260225_115051
At epoch 5701, test loss = 4.9674
...model saved to 15_exp/models/FloydWarshallDataset_tropical_0.0001_20000_20260225_104712_relu_best.pth...20260225_115056
At epoch 5771, test loss = 4.9573
...model saved to 15_exp/models/FloydWarshallDataset_tropical_0.0001_20000_20260225_104712_relu_best.pth...20260225_115141
At epoch 5817, test loss = 4.9327
...model saved to 15_exp/models/FloydWarshallDataset_tropical_0.0001_20000_20260225_104712_relu_best.pth...20260225_115211
At epoch 6041, test loss = 4.9048
...model saved to 15_exp/models/FloydWarshallDataset_tropical_0.0001_20000_20260225_104712_relu_best.pth...20260225_115437
At epoch 6158, test loss = 4.8682
...model saved to 15_exp/models/FloydWarshallDataset_tropical_0.0001_20000_20260225_104712_relu_best.pth...20260225_115553
At epoch 6259, test loss = 4.8082
...model saved to 15_exp/models/FloydWarshallDataset_tropical_0.0001_20000_20260225_104712_relu_best.pth...20260225_115659
At epoch 6332, test loss = 4.7948
...model saved to 15_exp/models/FloydWarshallDataset_tropical_0.0001_20000_20260225_104712_relu_best.pth...20260225_115746
At epoch 6339, test loss = 4.7700
...model saved to 15_exp/models/FloydWarshallDataset_tropical_0.0001_20000_20260225_104712_relu_best.pth...20260225_115751
At epoch 6353, test loss = 4.6875
...model saved to 15_exp/models/FloydWarshallDataset_tropical_0.0001_20000_20260225_104712_relu_best.pth...20260225_115800
At epoch 6365, test loss = 4.6596
...model saved to 15_exp/models/FloydWarshallDataset_tropical_0.0001_20000_20260225_104712_relu_best.pth...20260225_115808
At epoch 6370, test loss = 4.6555
...model saved to 15_exp/models/FloydWarshallDataset_tropical_0.0001_20000_20260225_104712_relu_best.pth...20260225_115811
At epoch 6383, test loss = 4.6426
...model saved to 15_exp/models/FloydWarshallDataset_tropical_0.0001_20000_20260225_104712_relu_best.pth...20260225_115819
At epoch 6384, test loss = 4.6347
...model saved to 15_exp/models/FloydWarshallDataset_tropical_0.0001_20000_20260225_104712_relu_best.pth...20260225_115820
At epoch 6386, test loss = 4.6310
...model saved to 15_exp/models/FloydWarshallDataset_tropical_0.0001_20000_20260225_104712_relu_best.pth...20260225_115821
At epoch 6389, test loss = 4.5652
...model saved to 15_exp/models/FloydWarshallDataset_tropical_0.0001_20000_20260225_104712_relu_best.pth...20260225_115823
At epoch 6405, test loss = 4.5310
...model saved to 15_exp/models/FloydWarshallDataset_tropical_0.0001_20000_20260225_104712_relu_best.pth...20260225_115834
At epoch 6420, test loss = 4.5231
...model saved to 15_exp/models/FloydWarshallDataset_tropical_0.0001_20000_20260225_104712_relu_best.pth...20260225_115843
At epoch 6438, test loss = 4.4951
...model saved to 15_exp/models/FloydWarshallDataset_tropical_0.0001_20000_20260225_104712_relu_best.pth...20260225_115855
At epoch 6459, test loss = 4.4884
...model saved to 15_exp/models/FloydWarshallDataset_tropical_0.0001_20000_20260225_104712_relu_best.pth...20260225_115909
At epoch 6463, test loss = 4.4831
...model saved to 15_exp/models/FloydWarshallDataset_tropical_0.0001_20000_20260225_104712_relu_best.pth...20260225_115911
At epoch 6476, test loss = 4.4711
...model saved to 15_exp/models/FloydWarshallDataset_tropical_0.0001_20000_20260225_104712_relu_best.pth...20260225_115920
At epoch 6501, test loss = 4.4547
...model saved to 15_exp/models/FloydWarshallDataset_tropical_0.0001_20000_20260225_104712_relu_best.pth...20260225_115936
At epoch 6502, test loss = 4.4332
...model saved to 15_exp/models/FloydWarshallDataset_tropical_0.0001_20000_20260225_104712_relu_best.pth...20260225_115936
At epoch 6655, test loss = 4.4260
...model saved to 15_exp/models/FloydWarshallDataset_tropical_0.0001_20000_20260225_104712_relu_best.pth...20260225_120116
At epoch 6716, test loss = 4.4246
...model saved to 15_exp/models/FloydWarshallDataset_tropical_0.0001_20000_20260225_104712_relu_best.pth...20260225_120155
At epoch 6717, test loss = 4.4078
...model saved to 15_exp/models/FloydWarshallDataset_tropical_0.0001_20000_20260225_104712_relu_best.pth...20260225_120156
At epoch 6737, test loss = 4.4012
...model saved to 15_exp/models/FloydWarshallDataset_tropical_0.0001_20000_20260225_104712_relu_best.pth...20260225_120209
At epoch 6789, test loss = 4.3911
...model saved to 15_exp/models/FloydWarshallDataset_tropical_0.0001_20000_20260225_104712_relu_best.pth...20260225_120243
At epoch 6791, test loss = 4.3520
...model saved to 15_exp/models/FloydWarshallDataset_tropical_0.0001_20000_20260225_104712_relu_best.pth...20260225_120244
At epoch 6803, test loss = 4.3062
...model saved to 15_exp/models/FloydWarshallDataset_tropical_0.0001_20000_20260225_104712_relu_best.pth...20260225_120252
At epoch 7043, test loss = 4.2975
...model saved to 15_exp/models/FloydWarshallDataset_tropical_0.0001_20000_20260225_104712_relu_best.pth...20260225_120528
At epoch 7105, test loss = 4.2905
...model saved to 15_exp/models/FloydWarshallDataset_tropical_0.0001_20000_20260225_104712_relu_best.pth...20260225_120608
At epoch 7116, test loss = 4.2621
...model saved to 15_exp/models/FloydWarshallDataset_tropical_0.0001_20000_20260225_104712_relu_best.pth...20260225_120615
At epoch 7127, test loss = 4.2594
...model saved to 15_exp/models/FloydWarshallDataset_tropical_0.0001_20000_20260225_104712_relu_best.pth...20260225_120622
At epoch 7142, test loss = 4.2369
...model saved to 15_exp/models/FloydWarshallDataset_tropical_0.0001_20000_20260225_104712_relu_best.pth...20260225_120632
At epoch 7152, test loss = 4.2349
...model saved to 15_exp/models/FloydWarshallDataset_tropical_0.0001_20000_20260225_104712_relu_best.pth...20260225_120638
At epoch 7175, test loss = 4.2182
...model saved to 15_exp/models/FloydWarshallDataset_tropical_0.0001_20000_20260225_104712_relu_best.pth...20260225_120653
At epoch 7212, test loss = 4.1224
...model saved to 15_exp/models/FloydWarshallDataset_tropical_0.0001_20000_20260225_104712_relu_best.pth...20260225_120717
At epoch 7236, test loss = 4.1093
...model saved to 15_exp/models/FloydWarshallDataset_tropical_0.0001_20000_20260225_104712_relu_best.pth...20260225_120733
At epoch 7293, test loss = 4.1072
...model saved to 15_exp/models/FloydWarshallDataset_tropical_0.0001_20000_20260225_104712_relu_best.pth...20260225_120810
At epoch 7295, test loss = 4.0776
...model saved to 15_exp/models/FloydWarshallDataset_tropical_0.0001_20000_20260225_104712_relu_best.pth...20260225_120811
At epoch 7322, test loss = 4.0578
...model saved to 15_exp/models/FloydWarshallDataset_tropical_0.0001_20000_20260225_104712_relu_best.pth...20260225_120828
At epoch 7330, test loss = 4.0525
...model saved to 15_exp/models/FloydWarshallDataset_tropical_0.0001_20000_20260225_104712_relu_best.pth...20260225_120834
At epoch 7331, test loss = 4.0450
...model saved to 15_exp/models/FloydWarshallDataset_tropical_0.0001_20000_20260225_104712_relu_best.pth...20260225_120834
At epoch 7332, test loss = 4.0382
...model saved to 15_exp/models/FloydWarshallDataset_tropical_0.0001_20000_20260225_104712_relu_best.pth...20260225_120835
At epoch 7377, test loss = 4.0376
...model saved to 15_exp/models/FloydWarshallDataset_tropical_0.0001_20000_20260225_104712_relu_best.pth...20260225_120904
At epoch 7423, test loss = 4.0347
...model saved to 15_exp/models/FloydWarshallDataset_tropical_0.0001_20000_20260225_104712_relu_best.pth...20260225_120934
At epoch 7434, test loss = 3.9643
...model saved to 15_exp/models/FloydWarshallDataset_tropical_0.0001_20000_20260225_104712_relu_best.pth...20260225_120941
At epoch 7482, test loss = 3.9580
...model saved to 15_exp/models/FloydWarshallDataset_tropical_0.0001_20000_20260225_104712_relu_best.pth...20260225_121012
At epoch 7485, test loss = 3.9549
...model saved to 15_exp/models/FloydWarshallDataset_tropical_0.0001_20000_20260225_104712_relu_best.pth...20260225_121014
At epoch 7496, test loss = 3.9474
...model saved to 15_exp/models/FloydWarshallDataset_tropical_0.0001_20000_20260225_104712_relu_best.pth...20260225_121022
At epoch 7505, test loss = 3.9134
...model saved to 15_exp/models/FloydWarshallDataset_tropical_0.0001_20000_20260225_104712_relu_best.pth...20260225_121028
At epoch 7509, test loss = 3.8600
...model saved to 15_exp/models/FloydWarshallDataset_tropical_0.0001_20000_20260225_104712_relu_best.pth...20260225_121030
At epoch 7535, test loss = 3.8404
...model saved to 15_exp/models/FloydWarshallDataset_tropical_0.0001_20000_20260225_104712_relu_best.pth...20260225_121047
At epoch 7536, test loss = 3.8311
...model saved to 15_exp/models/FloydWarshallDataset_tropical_0.0001_20000_20260225_104712_relu_best.pth...20260225_121048
At epoch 7537, test loss = 3.8170
...model saved to 15_exp/models/FloydWarshallDataset_tropical_0.0001_20000_20260225_104712_relu_best.pth...20260225_121049
At epoch 7540, test loss = 3.7903
...model saved to 15_exp/models/FloydWarshallDataset_tropical_0.0001_20000_20260225_104712_relu_best.pth...20260225_121051
At epoch 7612, test loss = 3.7856
...model saved to 15_exp/models/FloydWarshallDataset_tropical_0.0001_20000_20260225_104712_relu_best.pth...20260225_121137
At epoch 7645, test loss = 3.7583
...model saved to 15_exp/models/FloydWarshallDataset_tropical_0.0001_20000_20260225_104712_relu_best.pth...20260225_121159
At epoch 7740, test loss = 3.7208
...model saved to 15_exp/models/FloydWarshallDataset_tropical_0.0001_20000_20260225_104712_relu_best.pth...20260225_121300
At epoch 7948, test loss = 3.7155
...model saved to 15_exp/models/FloydWarshallDataset_tropical_0.0001_20000_20260225_104712_relu_best.pth...20260225_121531
At epoch 8183, test loss = 3.6826
...model saved to 15_exp/models/FloydWarshallDataset_tropical_0.0001_20000_20260225_104712_relu_best.pth...20260225_121809
At epoch 8388, test loss = 3.6738
...model saved to 15_exp/models/FloydWarshallDataset_tropical_0.0001_20000_20260225_104712_relu_best.pth...20260225_122023
At epoch 8396, test loss = 3.6552
...model saved to 15_exp/models/FloydWarshallDataset_tropical_0.0001_20000_20260225_104712_relu_best.pth...20260225_122028
At epoch 8401, test loss = 3.6446
...model saved to 15_exp/models/FloydWarshallDataset_tropical_0.0001_20000_20260225_104712_relu_best.pth...20260225_122031
At epoch 8450, test loss = 3.6196
...model saved to 15_exp/models/FloydWarshallDataset_tropical_0.0001_20000_20260225_104712_relu_best.pth...20260225_122103
At epoch 8467, test loss = 3.5645
...model saved to 15_exp/models/FloydWarshallDataset_tropical_0.0001_20000_20260225_104712_relu_best.pth...20260225_122114
At epoch 8523, test loss = 3.4767
...model saved to 15_exp/models/FloydWarshallDataset_tropical_0.0001_20000_20260225_104712_relu_best.pth...20260225_122152
At epoch 8525, test loss = 3.4317
...model saved to 15_exp/models/FloydWarshallDataset_tropical_0.0001_20000_20260225_104712_relu_best.pth...20260225_122153
At epoch 8732, test loss = 3.4232
...model saved to 15_exp/models/FloydWarshallDataset_tropical_0.0001_20000_20260225_104712_relu_best.pth...20260225_122408
At epoch 8765, test loss = 3.4153
...model saved to 15_exp/models/FloydWarshallDataset_tropical_0.0001_20000_20260225_104712_relu_best.pth...20260225_122430
At epoch 8837, test loss = 3.3814
...model saved to 15_exp/models/FloydWarshallDataset_tropical_0.0001_20000_20260225_104712_relu_best.pth...20260225_122517
At epoch 8845, test loss = 3.3270
...model saved to 15_exp/models/FloydWarshallDataset_tropical_0.0001_20000_20260225_104712_relu_best.pth...20260225_122522
At epoch 9091, test loss = 3.3254
...model saved to 15_exp/models/FloydWarshallDataset_tropical_0.0001_20000_20260225_104712_relu_best.pth...20260225_122803
At epoch 9149, test loss = 3.2960
...model saved to 15_exp/models/FloydWarshallDataset_tropical_0.0001_20000_20260225_104712_relu_best.pth...20260225_122842
At epoch 9233, test loss = 3.2703
...model saved to 15_exp/models/FloydWarshallDataset_tropical_0.0001_20000_20260225_104712_relu_best.pth...20260225_122938
At epoch 9984, test loss = 3.2403
...model saved to 15_exp/models/FloydWarshallDataset_tropical_0.0001_20000_20260225_104712_relu_best.pth...20260225_123750
At epoch 10184, test loss = 3.2380
...model saved to 15_exp/models/FloydWarshallDataset_tropical_0.0001_20000_20260225_104712_relu_best.pth...20260225_124000
At epoch 10185, test loss = 3.2205
...model saved to 15_exp/models/FloydWarshallDataset_tropical_0.0001_20000_20260225_104712_relu_best.pth...20260225_124001
At epoch 10186, test loss = 3.1992
...model saved to 15_exp/models/FloydWarshallDataset_tropical_0.0001_20000_20260225_104712_relu_best.pth...20260225_124001
At epoch 10187, test loss = 3.1976
...model saved to 15_exp/models/FloydWarshallDataset_tropical_0.0001_20000_20260225_104712_relu_best.pth...20260225_124002
At epoch 10462, test loss = 3.1972
...model saved to 15_exp/models/FloydWarshallDataset_tropical_0.0001_20000_20260225_104712_relu_best.pth...20260225_124304
At epoch 10571, test loss = 3.1943
...model saved to 15_exp/models/FloydWarshallDataset_tropical_0.0001_20000_20260225_104712_relu_best.pth...20260225_124415
At epoch 10766, test loss = 3.1745
...model saved to 15_exp/models/FloydWarshallDataset_tropical_0.0001_20000_20260225_104712_relu_best.pth...20260225_124623
At epoch 10950, test loss = 3.1712
...model saved to 15_exp/models/FloydWarshallDataset_tropical_0.0001_20000_20260225_104712_relu_best.pth...20260225_124823
At epoch 11139, test loss = 3.1403
...model saved to 15_exp/models/FloydWarshallDataset_tropical_0.0001_20000_20260225_104712_relu_best.pth...20260225_125033
At epoch 11730, test loss = 3.1276
...model saved to 15_exp/models/FloydWarshallDataset_tropical_0.0001_20000_20260225_104712_relu_best.pth...20260225_125710
At epoch 11756, test loss = 3.1083
...model saved to 15_exp/models/FloydWarshallDataset_tropical_0.0001_20000_20260225_104712_relu_best.pth...20260225_125728
At epoch 11791, test loss = 3.0681
...model saved to 15_exp/models/FloydWarshallDataset_tropical_0.0001_20000_20260225_104712_relu_best.pth...20260225_125751
At epoch 11792, test loss = 3.0533
...model saved to 15_exp/models/FloydWarshallDataset_tropical_0.0001_20000_20260225_104712_relu_best.pth...20260225_125752
At epoch 11835, test loss = 3.0502
...model saved to 15_exp/models/FloydWarshallDataset_tropical_0.0001_20000_20260225_104712_relu_best.pth...20260225_125819
At epoch 11863, test loss = 3.0423
...model saved to 15_exp/models/FloydWarshallDataset_tropical_0.0001_20000_20260225_104712_relu_best.pth...20260225_125837
At epoch 11878, test loss = 2.9490
...model saved to 15_exp/models/FloydWarshallDataset_tropical_0.0001_20000_20260225_104712_relu_best.pth...20260225_125847
At epoch 11884, test loss = 2.9207
...model saved to 15_exp/models/FloydWarshallDataset_tropical_0.0001_20000_20260225_104712_relu_best.pth...20260225_125851
At epoch 11885, test loss = 2.8879
...model saved to 15_exp/models/FloydWarshallDataset_tropical_0.0001_20000_20260225_104712_relu_best.pth...20260225_125852
At epoch 12060, test loss = 2.8536
...model saved to 15_exp/models/FloydWarshallDataset_tropical_0.0001_20000_20260225_104712_relu_best.pth...20260225_130045
At epoch 12376, test loss = 2.8326
...model saved to 15_exp/models/FloydWarshallDataset_tropical_0.0001_20000_20260225_104712_relu_best.pth...20260225_130409
At epoch 12538, test loss = 2.8240
...model saved to 15_exp/models/FloydWarshallDataset_tropical_0.0001_20000_20260225_104712_relu_best.pth...20260225_130601
At epoch 13486, test loss = 2.7964
...model saved to 15_exp/models/FloydWarshallDataset_tropical_0.0001_20000_20260225_104712_relu_best.pth...20260225_131652
At epoch 13626, test loss = 2.7877
...model saved to 15_exp/models/FloydWarshallDataset_tropical_0.0001_20000_20260225_104712_relu_best.pth...20260225_131831
At epoch 13693, test loss = 2.7827
...model saved to 15_exp/models/FloydWarshallDataset_tropical_0.0001_20000_20260225_104712_relu_best.pth...20260225_131918
At epoch 13695, test loss = 2.7697
...model saved to 15_exp/models/FloydWarshallDataset_tropical_0.0001_20000_20260225_104712_relu_best.pth...20260225_131919
At epoch 13713, test loss = 2.7688
...model saved to 15_exp/models/FloydWarshallDataset_tropical_0.0001_20000_20260225_104712_relu_best.pth...20260225_131932
At epoch 13719, test loss = 2.7359
...model saved to 15_exp/models/FloydWarshallDataset_tropical_0.0001_20000_20260225_104712_relu_best.pth...20260225_131936
At epoch 14601, test loss = 2.7016
...model saved to 15_exp/models/FloydWarshallDataset_tropical_0.0001_20000_20260225_104712_relu_best.pth...20260225_132920
At epoch 16079, test loss = 2.6866
...model saved to 15_exp/models/FloydWarshallDataset_tropical_0.0001_20000_20260225_104712_relu_best.pth...20260225_134516
At epoch 16539, test loss = 2.6774
...model saved to 15_exp/models/FloydWarshallDataset_tropical_0.0001_20000_20260225_104712_relu_best.pth...20260225_135015
At epoch 17016, test loss = 2.6759
...model saved to 15_exp/models/FloydWarshallDataset_tropical_0.0001_20000_20260225_104712_relu_best.pth...20260225_135530
At epoch 17235, test loss = 2.6720
...model saved to 15_exp/models/FloydWarshallDataset_tropical_0.0001_20000_20260225_104712_relu_best.pth...20260225_135755
At epoch 17320, test loss = 2.6626
...model saved to 15_exp/models/FloydWarshallDataset_tropical_0.0001_20000_20260225_104712_relu_best.pth...20260225_135851
At epoch 17363, test loss = 2.6607
...model saved to 15_exp/models/FloydWarshallDataset_tropical_0.0001_20000_20260225_104712_relu_best.pth...20260225_135919
At epoch 17400, test loss = 2.6494
...model saved to 15_exp/models/FloydWarshallDataset_tropical_0.0001_20000_20260225_104712_relu_best.pth...20260225_135945
At epoch 17692, test loss = 2.6489
...model saved to 15_exp/models/FloydWarshallDataset_tropical_0.0001_20000_20260225_104712_relu_best.pth...20260225_140253
At epoch 17707, test loss = 2.6478
...model saved to 15_exp/models/FloydWarshallDataset_tropical_0.0001_20000_20260225_104712_relu_best.pth...20260225_140302
At epoch 17713, test loss = 2.6466
...model saved to 15_exp/models/FloydWarshallDataset_tropical_0.0001_20000_20260225_104712_relu_best.pth...20260225_140306
At epoch 18175, test loss = 2.6459
...model saved to 15_exp/models/FloydWarshallDataset_tropical_0.0001_20000_20260225_104712_relu_best.pth...20260225_140803
At epoch 18263, test loss = 2.6436
...model saved to 15_exp/models/FloydWarshallDataset_tropical_0.0001_20000_20260225_104712_relu_best.pth...20260225_140859
At epoch 18266, test loss = 2.6305
...model saved to 15_exp/models/FloydWarshallDataset_tropical_0.0001_20000_20260225_104712_relu_best.pth...20260225_140901
...plot saved to 15_exp/plots/plots_FloydWarshallDataset_tropical_0.0001_20000_20260225_104712_relu.png...
