CUDA available? True
GPU device: NVIDIA A100-SXM4-40GB
CUDA_VISIBLE_DEVICES=0,1,2,3
SLURM_JOB_GPUS=0,1,2,3

 Running config: {'task': 'train', 'model_type': 'tropical', 'dataset_name': 'FloydWarshallDataset', 'input_dim': 3, 'd_model': 32, 'n_heads': 4, 'num_layers': 4, 'num_epochs': 20000, 'dropout': 0.05, 'lr': 0.0001, 'seed': 999, 'n_samples': 50000, 'batch_size': 1000, 'target_range': 'na', 'weight_range': 'na', 'adversarial_range': '(10,20)', 'length_range': '(8,8)', 'noise_prob': 0, 'value_range': '(1,15)'}
FloydWarshallDataset_tropical_0.0001_20000_20260225_110900_relu
...setting dataloader...20260225_110900
...setting model object...20260225_110913
...training model...20260225_110913
At epoch 0, test loss = 101.2697
...model saved to 15_exp/models/FloydWarshallDataset_tropical_0.0001_20000_20260225_110900_relu_best.pth...20260225_110932
At epoch 1, test loss = 89.9436
...model saved to 15_exp/models/FloydWarshallDataset_tropical_0.0001_20000_20260225_110900_relu_best.pth...20260225_110932
At epoch 2, test loss = 75.9245
...model saved to 15_exp/models/FloydWarshallDataset_tropical_0.0001_20000_20260225_110900_relu_best.pth...20260225_110933
At epoch 3, test loss = 63.9449
...model saved to 15_exp/models/FloydWarshallDataset_tropical_0.0001_20000_20260225_110900_relu_best.pth...20260225_110934
At epoch 4, test loss = 56.0894
...model saved to 15_exp/models/FloydWarshallDataset_tropical_0.0001_20000_20260225_110900_relu_best.pth...20260225_110935
At epoch 5, test loss = 51.5896
...model saved to 15_exp/models/FloydWarshallDataset_tropical_0.0001_20000_20260225_110900_relu_best.pth...20260225_110935
At epoch 6, test loss = 48.9897
...model saved to 15_exp/models/FloydWarshallDataset_tropical_0.0001_20000_20260225_110900_relu_best.pth...20260225_110936
At epoch 7, test loss = 47.2979
...model saved to 15_exp/models/FloydWarshallDataset_tropical_0.0001_20000_20260225_110900_relu_best.pth...20260225_110937
At epoch 8, test loss = 45.6718
...model saved to 15_exp/models/FloydWarshallDataset_tropical_0.0001_20000_20260225_110900_relu_best.pth...20260225_110938
At epoch 9, test loss = 44.5304
...model saved to 15_exp/models/FloydWarshallDataset_tropical_0.0001_20000_20260225_110900_relu_best.pth...20260225_110938
At epoch 10, test loss = 43.9122
...model saved to 15_exp/models/FloydWarshallDataset_tropical_0.0001_20000_20260225_110900_relu_best.pth...20260225_110939
At epoch 11, test loss = 43.5090
...model saved to 15_exp/models/FloydWarshallDataset_tropical_0.0001_20000_20260225_110900_relu_best.pth...20260225_110940
At epoch 12, test loss = 43.1756
...model saved to 15_exp/models/FloydWarshallDataset_tropical_0.0001_20000_20260225_110900_relu_best.pth...20260225_110940
At epoch 13, test loss = 42.8645
...model saved to 15_exp/models/FloydWarshallDataset_tropical_0.0001_20000_20260225_110900_relu_best.pth...20260225_110941
At epoch 14, test loss = 42.5605
...model saved to 15_exp/models/FloydWarshallDataset_tropical_0.0001_20000_20260225_110900_relu_best.pth...20260225_110942
At epoch 15, test loss = 42.2557
...model saved to 15_exp/models/FloydWarshallDataset_tropical_0.0001_20000_20260225_110900_relu_best.pth...20260225_110942
At epoch 16, test loss = 41.9438
...model saved to 15_exp/models/FloydWarshallDataset_tropical_0.0001_20000_20260225_110900_relu_best.pth...20260225_110943
At epoch 17, test loss = 41.6152
...model saved to 15_exp/models/FloydWarshallDataset_tropical_0.0001_20000_20260225_110900_relu_best.pth...20260225_110944
At epoch 18, test loss = 41.2917
...model saved to 15_exp/models/FloydWarshallDataset_tropical_0.0001_20000_20260225_110900_relu_best.pth...20260225_110944
At epoch 19, test loss = 40.9477
...model saved to 15_exp/models/FloydWarshallDataset_tropical_0.0001_20000_20260225_110900_relu_best.pth...20260225_110945
At epoch 20, test loss = 40.6078
...model saved to 15_exp/models/FloydWarshallDataset_tropical_0.0001_20000_20260225_110900_relu_best.pth...20260225_110946
At epoch 21, test loss = 40.2500
...model saved to 15_exp/models/FloydWarshallDataset_tropical_0.0001_20000_20260225_110900_relu_best.pth...20260225_110946
At epoch 22, test loss = 39.9077
...model saved to 15_exp/models/FloydWarshallDataset_tropical_0.0001_20000_20260225_110900_relu_best.pth...20260225_110947
At epoch 23, test loss = 39.5748
...model saved to 15_exp/models/FloydWarshallDataset_tropical_0.0001_20000_20260225_110900_relu_best.pth...20260225_110948
At epoch 24, test loss = 39.2568
...model saved to 15_exp/models/FloydWarshallDataset_tropical_0.0001_20000_20260225_110900_relu_best.pth...20260225_110948
At epoch 25, test loss = 38.9337
...model saved to 15_exp/models/FloydWarshallDataset_tropical_0.0001_20000_20260225_110900_relu_best.pth...20260225_110949
At epoch 26, test loss = 38.6375
...model saved to 15_exp/models/FloydWarshallDataset_tropical_0.0001_20000_20260225_110900_relu_best.pth...20260225_110950
At epoch 27, test loss = 38.3806
...model saved to 15_exp/models/FloydWarshallDataset_tropical_0.0001_20000_20260225_110900_relu_best.pth...20260225_110950
At epoch 28, test loss = 38.0167
...model saved to 15_exp/models/FloydWarshallDataset_tropical_0.0001_20000_20260225_110900_relu_best.pth...20260225_110951
At epoch 29, test loss = 37.7590
...model saved to 15_exp/models/FloydWarshallDataset_tropical_0.0001_20000_20260225_110900_relu_best.pth...20260225_110952
At epoch 30, test loss = 37.5563
...model saved to 15_exp/models/FloydWarshallDataset_tropical_0.0001_20000_20260225_110900_relu_best.pth...20260225_110953
At epoch 31, test loss = 37.2539
...model saved to 15_exp/models/FloydWarshallDataset_tropical_0.0001_20000_20260225_110900_relu_best.pth...20260225_110953
At epoch 32, test loss = 37.0589
...model saved to 15_exp/models/FloydWarshallDataset_tropical_0.0001_20000_20260225_110900_relu_best.pth...20260225_110954
At epoch 33, test loss = 36.8322
...model saved to 15_exp/models/FloydWarshallDataset_tropical_0.0001_20000_20260225_110900_relu_best.pth...20260225_110955
At epoch 34, test loss = 36.6250
...model saved to 15_exp/models/FloydWarshallDataset_tropical_0.0001_20000_20260225_110900_relu_best.pth...20260225_110955
At epoch 35, test loss = 36.4663
...model saved to 15_exp/models/FloydWarshallDataset_tropical_0.0001_20000_20260225_110900_relu_best.pth...20260225_110956
At epoch 36, test loss = 36.2998
...model saved to 15_exp/models/FloydWarshallDataset_tropical_0.0001_20000_20260225_110900_relu_best.pth...20260225_110957
At epoch 37, test loss = 36.0716
...model saved to 15_exp/models/FloydWarshallDataset_tropical_0.0001_20000_20260225_110900_relu_best.pth...20260225_110957
At epoch 38, test loss = 35.9027
...model saved to 15_exp/models/FloydWarshallDataset_tropical_0.0001_20000_20260225_110900_relu_best.pth...20260225_110958
At epoch 39, test loss = 35.7804
...model saved to 15_exp/models/FloydWarshallDataset_tropical_0.0001_20000_20260225_110900_relu_best.pth...20260225_110959
At epoch 41, test loss = 35.4363
...model saved to 15_exp/models/FloydWarshallDataset_tropical_0.0001_20000_20260225_110900_relu_best.pth...20260225_111000
At epoch 42, test loss = 35.3752
...model saved to 15_exp/models/FloydWarshallDataset_tropical_0.0001_20000_20260225_110900_relu_best.pth...20260225_111001
At epoch 43, test loss = 35.2174
...model saved to 15_exp/models/FloydWarshallDataset_tropical_0.0001_20000_20260225_110900_relu_best.pth...20260225_111002
At epoch 44, test loss = 35.0473
...model saved to 15_exp/models/FloydWarshallDataset_tropical_0.0001_20000_20260225_110900_relu_best.pth...20260225_111003
At epoch 45, test loss = 34.9618
...model saved to 15_exp/models/FloydWarshallDataset_tropical_0.0001_20000_20260225_110900_relu_best.pth...20260225_111003
At epoch 46, test loss = 34.7661
...model saved to 15_exp/models/FloydWarshallDataset_tropical_0.0001_20000_20260225_110900_relu_best.pth...20260225_111004
At epoch 47, test loss = 34.6277
...model saved to 15_exp/models/FloydWarshallDataset_tropical_0.0001_20000_20260225_110900_relu_best.pth...20260225_111005
At epoch 48, test loss = 34.4940
...model saved to 15_exp/models/FloydWarshallDataset_tropical_0.0001_20000_20260225_110900_relu_best.pth...20260225_111005
At epoch 49, test loss = 34.3985
...model saved to 15_exp/models/FloydWarshallDataset_tropical_0.0001_20000_20260225_110900_relu_best.pth...20260225_111006
At epoch 50, test loss = 34.2209
...model saved to 15_exp/models/FloydWarshallDataset_tropical_0.0001_20000_20260225_110900_relu_best.pth...20260225_111007
At epoch 51, test loss = 34.1109
...model saved to 15_exp/models/FloydWarshallDataset_tropical_0.0001_20000_20260225_110900_relu_best.pth...20260225_111007
At epoch 52, test loss = 34.0243
...model saved to 15_exp/models/FloydWarshallDataset_tropical_0.0001_20000_20260225_110900_relu_best.pth...20260225_111008
At epoch 53, test loss = 33.9997
...model saved to 15_exp/models/FloydWarshallDataset_tropical_0.0001_20000_20260225_110900_relu_best.pth...20260225_111009
At epoch 54, test loss = 33.8626
...model saved to 15_exp/models/FloydWarshallDataset_tropical_0.0001_20000_20260225_110900_relu_best.pth...20260225_111009
At epoch 55, test loss = 33.7553
...model saved to 15_exp/models/FloydWarshallDataset_tropical_0.0001_20000_20260225_110900_relu_best.pth...20260225_111010
At epoch 56, test loss = 33.6600
...model saved to 15_exp/models/FloydWarshallDataset_tropical_0.0001_20000_20260225_110900_relu_best.pth...20260225_111011
At epoch 57, test loss = 33.6214
...model saved to 15_exp/models/FloydWarshallDataset_tropical_0.0001_20000_20260225_110900_relu_best.pth...20260225_111012
At epoch 58, test loss = 33.5017
...model saved to 15_exp/models/FloydWarshallDataset_tropical_0.0001_20000_20260225_110900_relu_best.pth...20260225_111012
At epoch 59, test loss = 33.4685
...model saved to 15_exp/models/FloydWarshallDataset_tropical_0.0001_20000_20260225_110900_relu_best.pth...20260225_111013
At epoch 60, test loss = 33.3313
...model saved to 15_exp/models/FloydWarshallDataset_tropical_0.0001_20000_20260225_110900_relu_best.pth...20260225_111014
At epoch 61, test loss = 33.2873
...model saved to 15_exp/models/FloydWarshallDataset_tropical_0.0001_20000_20260225_110900_relu_best.pth...20260225_111014
At epoch 63, test loss = 33.1936
...model saved to 15_exp/models/FloydWarshallDataset_tropical_0.0001_20000_20260225_110900_relu_best.pth...20260225_111016
At epoch 64, test loss = 33.1599
...model saved to 15_exp/models/FloydWarshallDataset_tropical_0.0001_20000_20260225_110900_relu_best.pth...20260225_111016
At epoch 65, test loss = 33.0725
...model saved to 15_exp/models/FloydWarshallDataset_tropical_0.0001_20000_20260225_110900_relu_best.pth...20260225_111017
At epoch 66, test loss = 33.0514
...model saved to 15_exp/models/FloydWarshallDataset_tropical_0.0001_20000_20260225_110900_relu_best.pth...20260225_111018
At epoch 67, test loss = 32.9840
...model saved to 15_exp/models/FloydWarshallDataset_tropical_0.0001_20000_20260225_110900_relu_best.pth...20260225_111019
At epoch 68, test loss = 32.9320
...model saved to 15_exp/models/FloydWarshallDataset_tropical_0.0001_20000_20260225_110900_relu_best.pth...20260225_111019
At epoch 71, test loss = 32.8178
...model saved to 15_exp/models/FloydWarshallDataset_tropical_0.0001_20000_20260225_110900_relu_best.pth...20260225_111021
At epoch 73, test loss = 32.7711
...model saved to 15_exp/models/FloydWarshallDataset_tropical_0.0001_20000_20260225_110900_relu_best.pth...20260225_111023
At epoch 76, test loss = 32.7067
...model saved to 15_exp/models/FloydWarshallDataset_tropical_0.0001_20000_20260225_110900_relu_best.pth...20260225_111025
At epoch 77, test loss = 32.7066
...model saved to 15_exp/models/FloydWarshallDataset_tropical_0.0001_20000_20260225_110900_relu_best.pth...20260225_111025
At epoch 78, test loss = 32.6661
...model saved to 15_exp/models/FloydWarshallDataset_tropical_0.0001_20000_20260225_110900_relu_best.pth...20260225_111026
At epoch 79, test loss = 32.6334
...model saved to 15_exp/models/FloydWarshallDataset_tropical_0.0001_20000_20260225_110900_relu_best.pth...20260225_111027
At epoch 84, test loss = 32.5894
...model saved to 15_exp/models/FloydWarshallDataset_tropical_0.0001_20000_20260225_110900_relu_best.pth...20260225_111030
At epoch 91, test loss = 32.5483
...model saved to 15_exp/models/FloydWarshallDataset_tropical_0.0001_20000_20260225_110900_relu_best.pth...20260225_111035
At epoch 95, test loss = 32.5469
...model saved to 15_exp/models/FloydWarshallDataset_tropical_0.0001_20000_20260225_110900_relu_best.pth...20260225_111037
At epoch 97, test loss = 32.5416
...model saved to 15_exp/models/FloydWarshallDataset_tropical_0.0001_20000_20260225_110900_relu_best.pth...20260225_111039
At epoch 98, test loss = 32.4900
...model saved to 15_exp/models/FloydWarshallDataset_tropical_0.0001_20000_20260225_110900_relu_best.pth...20260225_111039
At epoch 101, test loss = 32.4845
...model saved to 15_exp/models/FloydWarshallDataset_tropical_0.0001_20000_20260225_110900_relu_best.pth...20260225_111041
At epoch 102, test loss = 32.4639
...model saved to 15_exp/models/FloydWarshallDataset_tropical_0.0001_20000_20260225_110900_relu_best.pth...20260225_111042
At epoch 106, test loss = 32.4559
...model saved to 15_exp/models/FloydWarshallDataset_tropical_0.0001_20000_20260225_110900_relu_best.pth...20260225_111045
At epoch 109, test loss = 32.4519
...model saved to 15_exp/models/FloydWarshallDataset_tropical_0.0001_20000_20260225_110900_relu_best.pth...20260225_111047
At epoch 111, test loss = 32.4253
...model saved to 15_exp/models/FloydWarshallDataset_tropical_0.0001_20000_20260225_110900_relu_best.pth...20260225_111048
At epoch 112, test loss = 32.4200
...model saved to 15_exp/models/FloydWarshallDataset_tropical_0.0001_20000_20260225_110900_relu_best.pth...20260225_111049
At epoch 118, test loss = 32.3855
...model saved to 15_exp/models/FloydWarshallDataset_tropical_0.0001_20000_20260225_110900_relu_best.pth...20260225_111053
At epoch 124, test loss = 32.3806
...model saved to 15_exp/models/FloydWarshallDataset_tropical_0.0001_20000_20260225_110900_relu_best.pth...20260225_111057
At epoch 125, test loss = 32.3351
...model saved to 15_exp/models/FloydWarshallDataset_tropical_0.0001_20000_20260225_110900_relu_best.pth...20260225_111058
At epoch 130, test loss = 32.3316
...model saved to 15_exp/models/FloydWarshallDataset_tropical_0.0001_20000_20260225_110900_relu_best.pth...20260225_111101
At epoch 135, test loss = 32.2984
...model saved to 15_exp/models/FloydWarshallDataset_tropical_0.0001_20000_20260225_110900_relu_best.pth...20260225_111104
At epoch 137, test loss = 32.2471
...model saved to 15_exp/models/FloydWarshallDataset_tropical_0.0001_20000_20260225_110900_relu_best.pth...20260225_111106
At epoch 139, test loss = 32.2093
...model saved to 15_exp/models/FloydWarshallDataset_tropical_0.0001_20000_20260225_110900_relu_best.pth...20260225_111107
At epoch 141, test loss = 32.2070
...model saved to 15_exp/models/FloydWarshallDataset_tropical_0.0001_20000_20260225_110900_relu_best.pth...20260225_111108
At epoch 147, test loss = 32.1850
...model saved to 15_exp/models/FloydWarshallDataset_tropical_0.0001_20000_20260225_110900_relu_best.pth...20260225_111112
At epoch 151, test loss = 32.1757
...model saved to 15_exp/models/FloydWarshallDataset_tropical_0.0001_20000_20260225_110900_relu_best.pth...20260225_111115
At epoch 152, test loss = 32.1649
...model saved to 15_exp/models/FloydWarshallDataset_tropical_0.0001_20000_20260225_110900_relu_best.pth...20260225_111116
At epoch 156, test loss = 32.1424
...model saved to 15_exp/models/FloydWarshallDataset_tropical_0.0001_20000_20260225_110900_relu_best.pth...20260225_111119
At epoch 158, test loss = 32.0600
...model saved to 15_exp/models/FloydWarshallDataset_tropical_0.0001_20000_20260225_110900_relu_best.pth...20260225_111120
At epoch 168, test loss = 32.0173
...model saved to 15_exp/models/FloydWarshallDataset_tropical_0.0001_20000_20260225_110900_relu_best.pth...20260225_111126
At epoch 171, test loss = 31.9771
...model saved to 15_exp/models/FloydWarshallDataset_tropical_0.0001_20000_20260225_110900_relu_best.pth...20260225_111129
At epoch 172, test loss = 31.9557
...model saved to 15_exp/models/FloydWarshallDataset_tropical_0.0001_20000_20260225_110900_relu_best.pth...20260225_111129
At epoch 174, test loss = 31.9308
...model saved to 15_exp/models/FloydWarshallDataset_tropical_0.0001_20000_20260225_110900_relu_best.pth...20260225_111131
At epoch 176, test loss = 31.9142
...model saved to 15_exp/models/FloydWarshallDataset_tropical_0.0001_20000_20260225_110900_relu_best.pth...20260225_111132
At epoch 177, test loss = 31.8574
...model saved to 15_exp/models/FloydWarshallDataset_tropical_0.0001_20000_20260225_110900_relu_best.pth...20260225_111133
At epoch 180, test loss = 31.8555
...model saved to 15_exp/models/FloydWarshallDataset_tropical_0.0001_20000_20260225_110900_relu_best.pth...20260225_111135
At epoch 187, test loss = 31.8505
...model saved to 15_exp/models/FloydWarshallDataset_tropical_0.0001_20000_20260225_110900_relu_best.pth...20260225_111139
At epoch 189, test loss = 31.7811
...model saved to 15_exp/models/FloydWarshallDataset_tropical_0.0001_20000_20260225_110900_relu_best.pth...20260225_111141
At epoch 190, test loss = 31.7614
...model saved to 15_exp/models/FloydWarshallDataset_tropical_0.0001_20000_20260225_110900_relu_best.pth...20260225_111141
At epoch 191, test loss = 31.7155
...model saved to 15_exp/models/FloydWarshallDataset_tropical_0.0001_20000_20260225_110900_relu_best.pth...20260225_111142
At epoch 195, test loss = 31.7001
...model saved to 15_exp/models/FloydWarshallDataset_tropical_0.0001_20000_20260225_110900_relu_best.pth...20260225_111145
At epoch 198, test loss = 31.6948
...model saved to 15_exp/models/FloydWarshallDataset_tropical_0.0001_20000_20260225_110900_relu_best.pth...20260225_111147
At epoch 200, test loss = 31.6476
...model saved to 15_exp/models/FloydWarshallDataset_tropical_0.0001_20000_20260225_110900_relu_best.pth...20260225_111148
At epoch 202, test loss = 31.5649
...model saved to 15_exp/models/FloydWarshallDataset_tropical_0.0001_20000_20260225_110900_relu_best.pth...20260225_111150
At epoch 204, test loss = 31.5435
...model saved to 15_exp/models/FloydWarshallDataset_tropical_0.0001_20000_20260225_110900_relu_best.pth...20260225_111151
At epoch 209, test loss = 31.5022
...model saved to 15_exp/models/FloydWarshallDataset_tropical_0.0001_20000_20260225_110900_relu_best.pth...20260225_111154
At epoch 211, test loss = 31.4734
...model saved to 15_exp/models/FloydWarshallDataset_tropical_0.0001_20000_20260225_110900_relu_best.pth...20260225_111156
At epoch 213, test loss = 31.3899
...model saved to 15_exp/models/FloydWarshallDataset_tropical_0.0001_20000_20260225_110900_relu_best.pth...20260225_111157
At epoch 214, test loss = 31.3473
...model saved to 15_exp/models/FloydWarshallDataset_tropical_0.0001_20000_20260225_110900_relu_best.pth...20260225_111158
At epoch 215, test loss = 31.3331
...model saved to 15_exp/models/FloydWarshallDataset_tropical_0.0001_20000_20260225_110900_relu_best.pth...20260225_111158
At epoch 216, test loss = 31.3049
...model saved to 15_exp/models/FloydWarshallDataset_tropical_0.0001_20000_20260225_110900_relu_best.pth...20260225_111159
At epoch 218, test loss = 31.3040
...model saved to 15_exp/models/FloydWarshallDataset_tropical_0.0001_20000_20260225_110900_relu_best.pth...20260225_111200
At epoch 223, test loss = 31.2435
...model saved to 15_exp/models/FloydWarshallDataset_tropical_0.0001_20000_20260225_110900_relu_best.pth...20260225_111204
At epoch 224, test loss = 31.1816
...model saved to 15_exp/models/FloydWarshallDataset_tropical_0.0001_20000_20260225_110900_relu_best.pth...20260225_111204
At epoch 227, test loss = 31.1714
...model saved to 15_exp/models/FloydWarshallDataset_tropical_0.0001_20000_20260225_110900_relu_best.pth...20260225_111206
At epoch 228, test loss = 31.1154
...model saved to 15_exp/models/FloydWarshallDataset_tropical_0.0001_20000_20260225_110900_relu_best.pth...20260225_111207
At epoch 230, test loss = 31.0851
...model saved to 15_exp/models/FloydWarshallDataset_tropical_0.0001_20000_20260225_110900_relu_best.pth...20260225_111209
At epoch 232, test loss = 31.0586
...model saved to 15_exp/models/FloydWarshallDataset_tropical_0.0001_20000_20260225_110900_relu_best.pth...20260225_111210
At epoch 236, test loss = 31.0356
...model saved to 15_exp/models/FloydWarshallDataset_tropical_0.0001_20000_20260225_110900_relu_best.pth...20260225_111213
At epoch 237, test loss = 30.9271
...model saved to 15_exp/models/FloydWarshallDataset_tropical_0.0001_20000_20260225_110900_relu_best.pth...20260225_111213
At epoch 242, test loss = 30.9130
...model saved to 15_exp/models/FloydWarshallDataset_tropical_0.0001_20000_20260225_110900_relu_best.pth...20260225_111217
At epoch 243, test loss = 30.8946
...model saved to 15_exp/models/FloydWarshallDataset_tropical_0.0001_20000_20260225_110900_relu_best.pth...20260225_111217
At epoch 244, test loss = 30.8016
...model saved to 15_exp/models/FloydWarshallDataset_tropical_0.0001_20000_20260225_110900_relu_best.pth...20260225_111218
At epoch 246, test loss = 30.7449
...model saved to 15_exp/models/FloydWarshallDataset_tropical_0.0001_20000_20260225_110900_relu_best.pth...20260225_111219
At epoch 248, test loss = 30.6907
...model saved to 15_exp/models/FloydWarshallDataset_tropical_0.0001_20000_20260225_110900_relu_best.pth...20260225_111221
At epoch 252, test loss = 30.6481
...model saved to 15_exp/models/FloydWarshallDataset_tropical_0.0001_20000_20260225_110900_relu_best.pth...20260225_111223
At epoch 255, test loss = 30.5940
...model saved to 15_exp/models/FloydWarshallDataset_tropical_0.0001_20000_20260225_110900_relu_best.pth...20260225_111225
At epoch 257, test loss = 30.5449
...model saved to 15_exp/models/FloydWarshallDataset_tropical_0.0001_20000_20260225_110900_relu_best.pth...20260225_111227
At epoch 259, test loss = 30.5307
...model saved to 15_exp/models/FloydWarshallDataset_tropical_0.0001_20000_20260225_110900_relu_best.pth...20260225_111228
At epoch 260, test loss = 30.5238
...model saved to 15_exp/models/FloydWarshallDataset_tropical_0.0001_20000_20260225_110900_relu_best.pth...20260225_111229
At epoch 261, test loss = 30.4983
...model saved to 15_exp/models/FloydWarshallDataset_tropical_0.0001_20000_20260225_110900_relu_best.pth...20260225_111230
At epoch 262, test loss = 30.4870
...model saved to 15_exp/models/FloydWarshallDataset_tropical_0.0001_20000_20260225_110900_relu_best.pth...20260225_111230
At epoch 263, test loss = 30.4323
...model saved to 15_exp/models/FloydWarshallDataset_tropical_0.0001_20000_20260225_110900_relu_best.pth...20260225_111231
At epoch 264, test loss = 30.3762
...model saved to 15_exp/models/FloydWarshallDataset_tropical_0.0001_20000_20260225_110900_relu_best.pth...20260225_111232
At epoch 265, test loss = 30.3297
...model saved to 15_exp/models/FloydWarshallDataset_tropical_0.0001_20000_20260225_110900_relu_best.pth...20260225_111232
At epoch 266, test loss = 30.3290
...model saved to 15_exp/models/FloydWarshallDataset_tropical_0.0001_20000_20260225_110900_relu_best.pth...20260225_111233
At epoch 267, test loss = 30.2386
...model saved to 15_exp/models/FloydWarshallDataset_tropical_0.0001_20000_20260225_110900_relu_best.pth...20260225_111234
At epoch 269, test loss = 30.2343
...model saved to 15_exp/models/FloydWarshallDataset_tropical_0.0001_20000_20260225_110900_relu_best.pth...20260225_111235
At epoch 270, test loss = 30.2109
...model saved to 15_exp/models/FloydWarshallDataset_tropical_0.0001_20000_20260225_110900_relu_best.pth...20260225_111236
At epoch 273, test loss = 30.1533
...model saved to 15_exp/models/FloydWarshallDataset_tropical_0.0001_20000_20260225_110900_relu_best.pth...20260225_111238
At epoch 274, test loss = 30.0749
...model saved to 15_exp/models/FloydWarshallDataset_tropical_0.0001_20000_20260225_110900_relu_best.pth...20260225_111238
At epoch 275, test loss = 30.0237
...model saved to 15_exp/models/FloydWarshallDataset_tropical_0.0001_20000_20260225_110900_relu_best.pth...20260225_111239
At epoch 276, test loss = 29.9517
...model saved to 15_exp/models/FloydWarshallDataset_tropical_0.0001_20000_20260225_110900_relu_best.pth...20260225_111240
At epoch 278, test loss = 29.9442
...model saved to 15_exp/models/FloydWarshallDataset_tropical_0.0001_20000_20260225_110900_relu_best.pth...20260225_111241
At epoch 281, test loss = 29.9313
...model saved to 15_exp/models/FloydWarshallDataset_tropical_0.0001_20000_20260225_110900_relu_best.pth...20260225_111243
At epoch 282, test loss = 29.9026
...model saved to 15_exp/models/FloydWarshallDataset_tropical_0.0001_20000_20260225_110900_relu_best.pth...20260225_111244
At epoch 283, test loss = 29.7509
...model saved to 15_exp/models/FloydWarshallDataset_tropical_0.0001_20000_20260225_110900_relu_best.pth...20260225_111245
At epoch 286, test loss = 29.7158
...model saved to 15_exp/models/FloydWarshallDataset_tropical_0.0001_20000_20260225_110900_relu_best.pth...20260225_111247
At epoch 288, test loss = 29.6153
...model saved to 15_exp/models/FloydWarshallDataset_tropical_0.0001_20000_20260225_110900_relu_best.pth...20260225_111248
At epoch 289, test loss = 29.5863
...model saved to 15_exp/models/FloydWarshallDataset_tropical_0.0001_20000_20260225_110900_relu_best.pth...20260225_111249
At epoch 291, test loss = 29.5744
...model saved to 15_exp/models/FloydWarshallDataset_tropical_0.0001_20000_20260225_110900_relu_best.pth...20260225_111250
At epoch 292, test loss = 29.4834
...model saved to 15_exp/models/FloydWarshallDataset_tropical_0.0001_20000_20260225_110900_relu_best.pth...20260225_111251
At epoch 295, test loss = 29.4338
...model saved to 15_exp/models/FloydWarshallDataset_tropical_0.0001_20000_20260225_110900_relu_best.pth...20260225_111253
At epoch 296, test loss = 29.4331
...model saved to 15_exp/models/FloydWarshallDataset_tropical_0.0001_20000_20260225_110900_relu_best.pth...20260225_111253
At epoch 297, test loss = 29.3691
...model saved to 15_exp/models/FloydWarshallDataset_tropical_0.0001_20000_20260225_110900_relu_best.pth...20260225_111254
At epoch 300, test loss = 29.1801
...model saved to 15_exp/models/FloydWarshallDataset_tropical_0.0001_20000_20260225_110900_relu_best.pth...20260225_111256
At epoch 304, test loss = 29.1665
...model saved to 15_exp/models/FloydWarshallDataset_tropical_0.0001_20000_20260225_110900_relu_best.pth...20260225_111259
At epoch 305, test loss = 29.1551
...model saved to 15_exp/models/FloydWarshallDataset_tropical_0.0001_20000_20260225_110900_relu_best.pth...20260225_111259
At epoch 309, test loss = 29.0898
...model saved to 15_exp/models/FloydWarshallDataset_tropical_0.0001_20000_20260225_110900_relu_best.pth...20260225_111302
At epoch 311, test loss = 29.0052
...model saved to 15_exp/models/FloydWarshallDataset_tropical_0.0001_20000_20260225_110900_relu_best.pth...20260225_111304
At epoch 312, test loss = 28.9816
...model saved to 15_exp/models/FloydWarshallDataset_tropical_0.0001_20000_20260225_110900_relu_best.pth...20260225_111304
At epoch 313, test loss = 28.8831
...model saved to 15_exp/models/FloydWarshallDataset_tropical_0.0001_20000_20260225_110900_relu_best.pth...20260225_111305
At epoch 314, test loss = 28.7938
...model saved to 15_exp/models/FloydWarshallDataset_tropical_0.0001_20000_20260225_110900_relu_best.pth...20260225_111306
At epoch 317, test loss = 28.7732
...model saved to 15_exp/models/FloydWarshallDataset_tropical_0.0001_20000_20260225_110900_relu_best.pth...20260225_111308
At epoch 318, test loss = 28.7028
...model saved to 15_exp/models/FloydWarshallDataset_tropical_0.0001_20000_20260225_110900_relu_best.pth...20260225_111308
At epoch 319, test loss = 28.6068
...model saved to 15_exp/models/FloydWarshallDataset_tropical_0.0001_20000_20260225_110900_relu_best.pth...20260225_111309
At epoch 321, test loss = 28.5556
...model saved to 15_exp/models/FloydWarshallDataset_tropical_0.0001_20000_20260225_110900_relu_best.pth...20260225_111310
At epoch 325, test loss = 28.4913
...model saved to 15_exp/models/FloydWarshallDataset_tropical_0.0001_20000_20260225_110900_relu_best.pth...20260225_111313
At epoch 326, test loss = 28.4839
...model saved to 15_exp/models/FloydWarshallDataset_tropical_0.0001_20000_20260225_110900_relu_best.pth...20260225_111314
At epoch 327, test loss = 28.3769
...model saved to 15_exp/models/FloydWarshallDataset_tropical_0.0001_20000_20260225_110900_relu_best.pth...20260225_111314
At epoch 331, test loss = 28.2726
...model saved to 15_exp/models/FloydWarshallDataset_tropical_0.0001_20000_20260225_110900_relu_best.pth...20260225_111317
At epoch 332, test loss = 28.1689
...model saved to 15_exp/models/FloydWarshallDataset_tropical_0.0001_20000_20260225_110900_relu_best.pth...20260225_111318
At epoch 334, test loss = 28.1171
...model saved to 15_exp/models/FloydWarshallDataset_tropical_0.0001_20000_20260225_110900_relu_best.pth...20260225_111319
At epoch 336, test loss = 28.0892
...model saved to 15_exp/models/FloydWarshallDataset_tropical_0.0001_20000_20260225_110900_relu_best.pth...20260225_111320
At epoch 337, test loss = 28.0671
...model saved to 15_exp/models/FloydWarshallDataset_tropical_0.0001_20000_20260225_110900_relu_best.pth...20260225_111321
At epoch 339, test loss = 28.0535
...model saved to 15_exp/models/FloydWarshallDataset_tropical_0.0001_20000_20260225_110900_relu_best.pth...20260225_111323
At epoch 340, test loss = 27.9529
...model saved to 15_exp/models/FloydWarshallDataset_tropical_0.0001_20000_20260225_110900_relu_best.pth...20260225_111323
At epoch 341, test loss = 27.9272
...model saved to 15_exp/models/FloydWarshallDataset_tropical_0.0001_20000_20260225_110900_relu_best.pth...20260225_111324
At epoch 343, test loss = 27.9210
...model saved to 15_exp/models/FloydWarshallDataset_tropical_0.0001_20000_20260225_110900_relu_best.pth...20260225_111325
At epoch 344, test loss = 27.9046
...model saved to 15_exp/models/FloydWarshallDataset_tropical_0.0001_20000_20260225_110900_relu_best.pth...20260225_111326
At epoch 347, test loss = 27.8684
...model saved to 15_exp/models/FloydWarshallDataset_tropical_0.0001_20000_20260225_110900_relu_best.pth...20260225_111328
At epoch 348, test loss = 27.8587
...model saved to 15_exp/models/FloydWarshallDataset_tropical_0.0001_20000_20260225_110900_relu_best.pth...20260225_111329
At epoch 349, test loss = 27.6691
...model saved to 15_exp/models/FloydWarshallDataset_tropical_0.0001_20000_20260225_110900_relu_best.pth...20260225_111329
At epoch 350, test loss = 27.6646
...model saved to 15_exp/models/FloydWarshallDataset_tropical_0.0001_20000_20260225_110900_relu_best.pth...20260225_111330
At epoch 351, test loss = 27.6627
...model saved to 15_exp/models/FloydWarshallDataset_tropical_0.0001_20000_20260225_110900_relu_best.pth...20260225_111331
At epoch 353, test loss = 27.5760
...model saved to 15_exp/models/FloydWarshallDataset_tropical_0.0001_20000_20260225_110900_relu_best.pth...20260225_111332
At epoch 354, test loss = 27.5311
...model saved to 15_exp/models/FloydWarshallDataset_tropical_0.0001_20000_20260225_110900_relu_best.pth...20260225_111333
At epoch 355, test loss = 27.5287
...model saved to 15_exp/models/FloydWarshallDataset_tropical_0.0001_20000_20260225_110900_relu_best.pth...20260225_111333
At epoch 356, test loss = 27.4199
...model saved to 15_exp/models/FloydWarshallDataset_tropical_0.0001_20000_20260225_110900_relu_best.pth...20260225_111334
At epoch 359, test loss = 27.3906
...model saved to 15_exp/models/FloydWarshallDataset_tropical_0.0001_20000_20260225_110900_relu_best.pth...20260225_111336
At epoch 361, test loss = 27.3622
...model saved to 15_exp/models/FloydWarshallDataset_tropical_0.0001_20000_20260225_110900_relu_best.pth...20260225_111337
At epoch 363, test loss = 27.2878
...model saved to 15_exp/models/FloydWarshallDataset_tropical_0.0001_20000_20260225_110900_relu_best.pth...20260225_111339
At epoch 364, test loss = 27.2071
...model saved to 15_exp/models/FloydWarshallDataset_tropical_0.0001_20000_20260225_110900_relu_best.pth...20260225_111340
At epoch 366, test loss = 27.2057
...model saved to 15_exp/models/FloydWarshallDataset_tropical_0.0001_20000_20260225_110900_relu_best.pth...20260225_111341
At epoch 368, test loss = 27.0749
...model saved to 15_exp/models/FloydWarshallDataset_tropical_0.0001_20000_20260225_110900_relu_best.pth...20260225_111342
At epoch 370, test loss = 26.9907
...model saved to 15_exp/models/FloydWarshallDataset_tropical_0.0001_20000_20260225_110900_relu_best.pth...20260225_111344
At epoch 371, test loss = 26.9287
...model saved to 15_exp/models/FloydWarshallDataset_tropical_0.0001_20000_20260225_110900_relu_best.pth...20260225_111344
At epoch 372, test loss = 26.9106
...model saved to 15_exp/models/FloydWarshallDataset_tropical_0.0001_20000_20260225_110900_relu_best.pth...20260225_111345
At epoch 375, test loss = 26.7992
...model saved to 15_exp/models/FloydWarshallDataset_tropical_0.0001_20000_20260225_110900_relu_best.pth...20260225_111347
At epoch 376, test loss = 26.7375
...model saved to 15_exp/models/FloydWarshallDataset_tropical_0.0001_20000_20260225_110900_relu_best.pth...20260225_111348
At epoch 378, test loss = 26.7042
...model saved to 15_exp/models/FloydWarshallDataset_tropical_0.0001_20000_20260225_110900_relu_best.pth...20260225_111349
At epoch 379, test loss = 26.6618
...model saved to 15_exp/models/FloydWarshallDataset_tropical_0.0001_20000_20260225_110900_relu_best.pth...20260225_111350
At epoch 382, test loss = 26.6081
...model saved to 15_exp/models/FloydWarshallDataset_tropical_0.0001_20000_20260225_110900_relu_best.pth...20260225_111352
At epoch 383, test loss = 26.5131
...model saved to 15_exp/models/FloydWarshallDataset_tropical_0.0001_20000_20260225_110900_relu_best.pth...20260225_111352
At epoch 385, test loss = 26.4561
...model saved to 15_exp/models/FloydWarshallDataset_tropical_0.0001_20000_20260225_110900_relu_best.pth...20260225_111354
At epoch 388, test loss = 26.4490
...model saved to 15_exp/models/FloydWarshallDataset_tropical_0.0001_20000_20260225_110900_relu_best.pth...20260225_111356
At epoch 389, test loss = 26.3548
...model saved to 15_exp/models/FloydWarshallDataset_tropical_0.0001_20000_20260225_110900_relu_best.pth...20260225_111356
At epoch 390, test loss = 26.3205
...model saved to 15_exp/models/FloydWarshallDataset_tropical_0.0001_20000_20260225_110900_relu_best.pth...20260225_111357
At epoch 391, test loss = 26.2338
...model saved to 15_exp/models/FloydWarshallDataset_tropical_0.0001_20000_20260225_110900_relu_best.pth...20260225_111358
At epoch 393, test loss = 26.2274
...model saved to 15_exp/models/FloydWarshallDataset_tropical_0.0001_20000_20260225_110900_relu_best.pth...20260225_111359
At epoch 394, test loss = 26.1985
...model saved to 15_exp/models/FloydWarshallDataset_tropical_0.0001_20000_20260225_110900_relu_best.pth...20260225_111400
At epoch 395, test loss = 26.1677
...model saved to 15_exp/models/FloydWarshallDataset_tropical_0.0001_20000_20260225_110900_relu_best.pth...20260225_111401
At epoch 396, test loss = 26.1431
...model saved to 15_exp/models/FloydWarshallDataset_tropical_0.0001_20000_20260225_110900_relu_best.pth...20260225_111401
At epoch 397, test loss = 25.9962
...model saved to 15_exp/models/FloydWarshallDataset_tropical_0.0001_20000_20260225_110900_relu_best.pth...20260225_111402
At epoch 399, test loss = 25.9888
...model saved to 15_exp/models/FloydWarshallDataset_tropical_0.0001_20000_20260225_110900_relu_best.pth...20260225_111403
At epoch 400, test loss = 25.9753
...model saved to 15_exp/models/FloydWarshallDataset_tropical_0.0001_20000_20260225_110900_relu_best.pth...20260225_111404
At epoch 403, test loss = 25.7910
...model saved to 15_exp/models/FloydWarshallDataset_tropical_0.0001_20000_20260225_110900_relu_best.pth...20260225_111406
At epoch 404, test loss = 25.6988
...model saved to 15_exp/models/FloydWarshallDataset_tropical_0.0001_20000_20260225_110900_relu_best.pth...20260225_111407
At epoch 405, test loss = 25.6809
...model saved to 15_exp/models/FloydWarshallDataset_tropical_0.0001_20000_20260225_110900_relu_best.pth...20260225_111407
At epoch 407, test loss = 25.6344
...model saved to 15_exp/models/FloydWarshallDataset_tropical_0.0001_20000_20260225_110900_relu_best.pth...20260225_111409
At epoch 410, test loss = 25.5829
...model saved to 15_exp/models/FloydWarshallDataset_tropical_0.0001_20000_20260225_110900_relu_best.pth...20260225_111411
At epoch 411, test loss = 25.5032
...model saved to 15_exp/models/FloydWarshallDataset_tropical_0.0001_20000_20260225_110900_relu_best.pth...20260225_111411
At epoch 412, test loss = 25.4067
...model saved to 15_exp/models/FloydWarshallDataset_tropical_0.0001_20000_20260225_110900_relu_best.pth...20260225_111412
At epoch 415, test loss = 25.3342
...model saved to 15_exp/models/FloydWarshallDataset_tropical_0.0001_20000_20260225_110900_relu_best.pth...20260225_111414
At epoch 416, test loss = 25.3216
...model saved to 15_exp/models/FloydWarshallDataset_tropical_0.0001_20000_20260225_110900_relu_best.pth...20260225_111415
At epoch 417, test loss = 25.1927
...model saved to 15_exp/models/FloydWarshallDataset_tropical_0.0001_20000_20260225_110900_relu_best.pth...20260225_111416
At epoch 418, test loss = 25.1841
...model saved to 15_exp/models/FloydWarshallDataset_tropical_0.0001_20000_20260225_110900_relu_best.pth...20260225_111416
At epoch 420, test loss = 25.1248
...model saved to 15_exp/models/FloydWarshallDataset_tropical_0.0001_20000_20260225_110900_relu_best.pth...20260225_111418
At epoch 422, test loss = 25.1005
...model saved to 15_exp/models/FloydWarshallDataset_tropical_0.0001_20000_20260225_110900_relu_best.pth...20260225_111419
At epoch 425, test loss = 25.0939
...model saved to 15_exp/models/FloydWarshallDataset_tropical_0.0001_20000_20260225_110900_relu_best.pth...20260225_111421
At epoch 426, test loss = 24.9759
...model saved to 15_exp/models/FloydWarshallDataset_tropical_0.0001_20000_20260225_110900_relu_best.pth...20260225_111422
At epoch 427, test loss = 24.9625
...model saved to 15_exp/models/FloydWarshallDataset_tropical_0.0001_20000_20260225_110900_relu_best.pth...20260225_111422
At epoch 428, test loss = 24.8868
...model saved to 15_exp/models/FloydWarshallDataset_tropical_0.0001_20000_20260225_110900_relu_best.pth...20260225_111423
At epoch 430, test loss = 24.8867
...model saved to 15_exp/models/FloydWarshallDataset_tropical_0.0001_20000_20260225_110900_relu_best.pth...20260225_111424
At epoch 431, test loss = 24.7472
...model saved to 15_exp/models/FloydWarshallDataset_tropical_0.0001_20000_20260225_110900_relu_best.pth...20260225_111425
At epoch 432, test loss = 24.7253
...model saved to 15_exp/models/FloydWarshallDataset_tropical_0.0001_20000_20260225_110900_relu_best.pth...20260225_111426
At epoch 436, test loss = 24.6276
...model saved to 15_exp/models/FloydWarshallDataset_tropical_0.0001_20000_20260225_110900_relu_best.pth...20260225_111429
At epoch 437, test loss = 24.5782
...model saved to 15_exp/models/FloydWarshallDataset_tropical_0.0001_20000_20260225_110900_relu_best.pth...20260225_111430
At epoch 440, test loss = 24.4888
...model saved to 15_exp/models/FloydWarshallDataset_tropical_0.0001_20000_20260225_110900_relu_best.pth...20260225_111432
At epoch 442, test loss = 24.4369
...model saved to 15_exp/models/FloydWarshallDataset_tropical_0.0001_20000_20260225_110900_relu_best.pth...20260225_111433
At epoch 444, test loss = 24.3296
...model saved to 15_exp/models/FloydWarshallDataset_tropical_0.0001_20000_20260225_110900_relu_best.pth...20260225_111435
At epoch 447, test loss = 24.2487
...model saved to 15_exp/models/FloydWarshallDataset_tropical_0.0001_20000_20260225_110900_relu_best.pth...20260225_111437
At epoch 448, test loss = 24.1829
...model saved to 15_exp/models/FloydWarshallDataset_tropical_0.0001_20000_20260225_110900_relu_best.pth...20260225_111437
At epoch 449, test loss = 24.1649
...model saved to 15_exp/models/FloydWarshallDataset_tropical_0.0001_20000_20260225_110900_relu_best.pth...20260225_111438
At epoch 450, test loss = 24.0983
...model saved to 15_exp/models/FloydWarshallDataset_tropical_0.0001_20000_20260225_110900_relu_best.pth...20260225_111439
At epoch 452, test loss = 24.0243
...model saved to 15_exp/models/FloydWarshallDataset_tropical_0.0001_20000_20260225_110900_relu_best.pth...20260225_111440
At epoch 453, test loss = 24.0144
...model saved to 15_exp/models/FloydWarshallDataset_tropical_0.0001_20000_20260225_110900_relu_best.pth...20260225_111441
At epoch 454, test loss = 23.9228
...model saved to 15_exp/models/FloydWarshallDataset_tropical_0.0001_20000_20260225_110900_relu_best.pth...20260225_111442
At epoch 456, test loss = 23.8443
...model saved to 15_exp/models/FloydWarshallDataset_tropical_0.0001_20000_20260225_110900_relu_best.pth...20260225_111443
At epoch 460, test loss = 23.7567
...model saved to 15_exp/models/FloydWarshallDataset_tropical_0.0001_20000_20260225_110900_relu_best.pth...20260225_111446
At epoch 462, test loss = 23.6376
...model saved to 15_exp/models/FloydWarshallDataset_tropical_0.0001_20000_20260225_110900_relu_best.pth...20260225_111448
At epoch 464, test loss = 23.5620
...model saved to 15_exp/models/FloydWarshallDataset_tropical_0.0001_20000_20260225_110900_relu_best.pth...20260225_111449
At epoch 465, test loss = 23.5565
...model saved to 15_exp/models/FloydWarshallDataset_tropical_0.0001_20000_20260225_110900_relu_best.pth...20260225_111450
At epoch 466, test loss = 23.4678
...model saved to 15_exp/models/FloydWarshallDataset_tropical_0.0001_20000_20260225_110900_relu_best.pth...20260225_111451
At epoch 468, test loss = 23.4512
...model saved to 15_exp/models/FloydWarshallDataset_tropical_0.0001_20000_20260225_110900_relu_best.pth...20260225_111452
At epoch 469, test loss = 23.3293
...model saved to 15_exp/models/FloydWarshallDataset_tropical_0.0001_20000_20260225_110900_relu_best.pth...20260225_111453
At epoch 471, test loss = 23.2659
...model saved to 15_exp/models/FloydWarshallDataset_tropical_0.0001_20000_20260225_110900_relu_best.pth...20260225_111454
At epoch 472, test loss = 23.2426
...model saved to 15_exp/models/FloydWarshallDataset_tropical_0.0001_20000_20260225_110900_relu_best.pth...20260225_111455
At epoch 474, test loss = 23.1293
...model saved to 15_exp/models/FloydWarshallDataset_tropical_0.0001_20000_20260225_110900_relu_best.pth...20260225_111456
At epoch 476, test loss = 23.1046
...model saved to 15_exp/models/FloydWarshallDataset_tropical_0.0001_20000_20260225_110900_relu_best.pth...20260225_111458
At epoch 478, test loss = 22.9433
...model saved to 15_exp/models/FloydWarshallDataset_tropical_0.0001_20000_20260225_110900_relu_best.pth...20260225_111459
At epoch 479, test loss = 22.9071
...model saved to 15_exp/models/FloydWarshallDataset_tropical_0.0001_20000_20260225_110900_relu_best.pth...20260225_111500
At epoch 480, test loss = 22.8793
...model saved to 15_exp/models/FloydWarshallDataset_tropical_0.0001_20000_20260225_110900_relu_best.pth...20260225_111501
At epoch 483, test loss = 22.7363
...model saved to 15_exp/models/FloydWarshallDataset_tropical_0.0001_20000_20260225_110900_relu_best.pth...20260225_111503
At epoch 487, test loss = 22.6339
...model saved to 15_exp/models/FloydWarshallDataset_tropical_0.0001_20000_20260225_110900_relu_best.pth...20260225_111506
At epoch 489, test loss = 22.5680
...model saved to 15_exp/models/FloydWarshallDataset_tropical_0.0001_20000_20260225_110900_relu_best.pth...20260225_111507
At epoch 490, test loss = 22.4462
...model saved to 15_exp/models/FloydWarshallDataset_tropical_0.0001_20000_20260225_110900_relu_best.pth...20260225_111508
At epoch 492, test loss = 22.3720
...model saved to 15_exp/models/FloydWarshallDataset_tropical_0.0001_20000_20260225_110900_relu_best.pth...20260225_111509
At epoch 494, test loss = 22.3210
...model saved to 15_exp/models/FloydWarshallDataset_tropical_0.0001_20000_20260225_110900_relu_best.pth...20260225_111511
At epoch 495, test loss = 22.1957
...model saved to 15_exp/models/FloydWarshallDataset_tropical_0.0001_20000_20260225_110900_relu_best.pth...20260225_111512
At epoch 496, test loss = 22.1325
...model saved to 15_exp/models/FloydWarshallDataset_tropical_0.0001_20000_20260225_110900_relu_best.pth...20260225_111512
At epoch 500, test loss = 22.0099
...model saved to 15_exp/models/FloydWarshallDataset_tropical_0.0001_20000_20260225_110900_relu_best.pth...20260225_111515
At epoch 502, test loss = 21.9329
...model saved to 15_exp/models/FloydWarshallDataset_tropical_0.0001_20000_20260225_110900_relu_best.pth...20260225_111517
At epoch 505, test loss = 21.7957
...model saved to 15_exp/models/FloydWarshallDataset_tropical_0.0001_20000_20260225_110900_relu_best.pth...20260225_111519
At epoch 506, test loss = 21.6301
...model saved to 15_exp/models/FloydWarshallDataset_tropical_0.0001_20000_20260225_110900_relu_best.pth...20260225_111519
At epoch 510, test loss = 21.6052
...model saved to 15_exp/models/FloydWarshallDataset_tropical_0.0001_20000_20260225_110900_relu_best.pth...20260225_111522
At epoch 511, test loss = 21.5960
...model saved to 15_exp/models/FloydWarshallDataset_tropical_0.0001_20000_20260225_110900_relu_best.pth...20260225_111523
At epoch 512, test loss = 21.4033
...model saved to 15_exp/models/FloydWarshallDataset_tropical_0.0001_20000_20260225_110900_relu_best.pth...20260225_111524
At epoch 516, test loss = 21.3194
...model saved to 15_exp/models/FloydWarshallDataset_tropical_0.0001_20000_20260225_110900_relu_best.pth...20260225_111527
At epoch 517, test loss = 21.2609
...model saved to 15_exp/models/FloydWarshallDataset_tropical_0.0001_20000_20260225_110900_relu_best.pth...20260225_111527
At epoch 518, test loss = 21.2176
...model saved to 15_exp/models/FloydWarshallDataset_tropical_0.0001_20000_20260225_110900_relu_best.pth...20260225_111528
At epoch 519, test loss = 21.1421
...model saved to 15_exp/models/FloydWarshallDataset_tropical_0.0001_20000_20260225_110900_relu_best.pth...20260225_111529
At epoch 522, test loss = 21.0237
...model saved to 15_exp/models/FloydWarshallDataset_tropical_0.0001_20000_20260225_110900_relu_best.pth...20260225_111531
At epoch 523, test loss = 20.9702
...model saved to 15_exp/models/FloydWarshallDataset_tropical_0.0001_20000_20260225_110900_relu_best.pth...20260225_111532
At epoch 524, test loss = 20.9059
...model saved to 15_exp/models/FloydWarshallDataset_tropical_0.0001_20000_20260225_110900_relu_best.pth...20260225_111533
At epoch 525, test loss = 20.8919
...model saved to 15_exp/models/FloydWarshallDataset_tropical_0.0001_20000_20260225_110900_relu_best.pth...20260225_111533
At epoch 526, test loss = 20.8275
...model saved to 15_exp/models/FloydWarshallDataset_tropical_0.0001_20000_20260225_110900_relu_best.pth...20260225_111534
At epoch 529, test loss = 20.7146
...model saved to 15_exp/models/FloydWarshallDataset_tropical_0.0001_20000_20260225_110900_relu_best.pth...20260225_111536
At epoch 530, test loss = 20.6492
...model saved to 15_exp/models/FloydWarshallDataset_tropical_0.0001_20000_20260225_110900_relu_best.pth...20260225_111537
At epoch 531, test loss = 20.5753
...model saved to 15_exp/models/FloydWarshallDataset_tropical_0.0001_20000_20260225_110900_relu_best.pth...20260225_111538
At epoch 532, test loss = 20.5747
...model saved to 15_exp/models/FloydWarshallDataset_tropical_0.0001_20000_20260225_110900_relu_best.pth...20260225_111538
At epoch 533, test loss = 20.5002
...model saved to 15_exp/models/FloydWarshallDataset_tropical_0.0001_20000_20260225_110900_relu_best.pth...20260225_111539
At epoch 537, test loss = 20.3604
...model saved to 15_exp/models/FloydWarshallDataset_tropical_0.0001_20000_20260225_110900_relu_best.pth...20260225_111542
At epoch 538, test loss = 20.2905
...model saved to 15_exp/models/FloydWarshallDataset_tropical_0.0001_20000_20260225_110900_relu_best.pth...20260225_111543
At epoch 541, test loss = 20.2302
...model saved to 15_exp/models/FloydWarshallDataset_tropical_0.0001_20000_20260225_110900_relu_best.pth...20260225_111545
At epoch 544, test loss = 20.0539
...model saved to 15_exp/models/FloydWarshallDataset_tropical_0.0001_20000_20260225_110900_relu_best.pth...20260225_111547
At epoch 546, test loss = 19.9530
...model saved to 15_exp/models/FloydWarshallDataset_tropical_0.0001_20000_20260225_110900_relu_best.pth...20260225_111549
At epoch 548, test loss = 19.8610
...model saved to 15_exp/models/FloydWarshallDataset_tropical_0.0001_20000_20260225_110900_relu_best.pth...20260225_111550
At epoch 549, test loss = 19.7987
...model saved to 15_exp/models/FloydWarshallDataset_tropical_0.0001_20000_20260225_110900_relu_best.pth...20260225_111551
At epoch 551, test loss = 19.7395
...model saved to 15_exp/models/FloydWarshallDataset_tropical_0.0001_20000_20260225_110900_relu_best.pth...20260225_111552
At epoch 554, test loss = 19.6016
...model saved to 15_exp/models/FloydWarshallDataset_tropical_0.0001_20000_20260225_110900_relu_best.pth...20260225_111554
At epoch 558, test loss = 19.4870
...model saved to 15_exp/models/FloydWarshallDataset_tropical_0.0001_20000_20260225_110900_relu_best.pth...20260225_111557
At epoch 559, test loss = 19.4862
...model saved to 15_exp/models/FloydWarshallDataset_tropical_0.0001_20000_20260225_110900_relu_best.pth...20260225_111558
At epoch 561, test loss = 19.3238
...model saved to 15_exp/models/FloydWarshallDataset_tropical_0.0001_20000_20260225_110900_relu_best.pth...20260225_111559
At epoch 562, test loss = 19.2715
...model saved to 15_exp/models/FloydWarshallDataset_tropical_0.0001_20000_20260225_110900_relu_best.pth...20260225_111600
At epoch 564, test loss = 19.2053
...model saved to 15_exp/models/FloydWarshallDataset_tropical_0.0001_20000_20260225_110900_relu_best.pth...20260225_111601
At epoch 565, test loss = 19.1106
...model saved to 15_exp/models/FloydWarshallDataset_tropical_0.0001_20000_20260225_110900_relu_best.pth...20260225_111602
At epoch 567, test loss = 19.0095
...model saved to 15_exp/models/FloydWarshallDataset_tropical_0.0001_20000_20260225_110900_relu_best.pth...20260225_111604
At epoch 569, test loss = 18.9840
...model saved to 15_exp/models/FloydWarshallDataset_tropical_0.0001_20000_20260225_110900_relu_best.pth...20260225_111605
At epoch 570, test loss = 18.9570
...model saved to 15_exp/models/FloydWarshallDataset_tropical_0.0001_20000_20260225_110900_relu_best.pth...20260225_111606
At epoch 571, test loss = 18.9261
...model saved to 15_exp/models/FloydWarshallDataset_tropical_0.0001_20000_20260225_110900_relu_best.pth...20260225_111607
At epoch 572, test loss = 18.8489
...model saved to 15_exp/models/FloydWarshallDataset_tropical_0.0001_20000_20260225_110900_relu_best.pth...20260225_111607
At epoch 573, test loss = 18.7337
...model saved to 15_exp/models/FloydWarshallDataset_tropical_0.0001_20000_20260225_110900_relu_best.pth...20260225_111608
At epoch 574, test loss = 18.7098
...model saved to 15_exp/models/FloydWarshallDataset_tropical_0.0001_20000_20260225_110900_relu_best.pth...20260225_111609
At epoch 575, test loss = 18.6279
...model saved to 15_exp/models/FloydWarshallDataset_tropical_0.0001_20000_20260225_110900_relu_best.pth...20260225_111609
At epoch 578, test loss = 18.5229
...model saved to 15_exp/models/FloydWarshallDataset_tropical_0.0001_20000_20260225_110900_relu_best.pth...20260225_111612
At epoch 579, test loss = 18.4741
...model saved to 15_exp/models/FloydWarshallDataset_tropical_0.0001_20000_20260225_110900_relu_best.pth...20260225_111612
At epoch 580, test loss = 18.4633
...model saved to 15_exp/models/FloydWarshallDataset_tropical_0.0001_20000_20260225_110900_relu_best.pth...20260225_111613
At epoch 583, test loss = 18.2100
...model saved to 15_exp/models/FloydWarshallDataset_tropical_0.0001_20000_20260225_110900_relu_best.pth...20260225_111615
At epoch 584, test loss = 18.1317
...model saved to 15_exp/models/FloydWarshallDataset_tropical_0.0001_20000_20260225_110900_relu_best.pth...20260225_111616
At epoch 585, test loss = 18.0997
...model saved to 15_exp/models/FloydWarshallDataset_tropical_0.0001_20000_20260225_110900_relu_best.pth...20260225_111617
At epoch 586, test loss = 18.0587
...model saved to 15_exp/models/FloydWarshallDataset_tropical_0.0001_20000_20260225_110900_relu_best.pth...20260225_111617
At epoch 587, test loss = 17.9735
...model saved to 15_exp/models/FloydWarshallDataset_tropical_0.0001_20000_20260225_110900_relu_best.pth...20260225_111618
At epoch 588, test loss = 17.9596
...model saved to 15_exp/models/FloydWarshallDataset_tropical_0.0001_20000_20260225_110900_relu_best.pth...20260225_111619
At epoch 590, test loss = 17.8892
...model saved to 15_exp/models/FloydWarshallDataset_tropical_0.0001_20000_20260225_110900_relu_best.pth...20260225_111620
At epoch 591, test loss = 17.7638
...model saved to 15_exp/models/FloydWarshallDataset_tropical_0.0001_20000_20260225_110900_relu_best.pth...20260225_111621
At epoch 592, test loss = 17.6621
...model saved to 15_exp/models/FloydWarshallDataset_tropical_0.0001_20000_20260225_110900_relu_best.pth...20260225_111622
At epoch 594, test loss = 17.6501
...model saved to 15_exp/models/FloydWarshallDataset_tropical_0.0001_20000_20260225_110900_relu_best.pth...20260225_111623
At epoch 595, test loss = 17.5276
...model saved to 15_exp/models/FloydWarshallDataset_tropical_0.0001_20000_20260225_110900_relu_best.pth...20260225_111624
At epoch 597, test loss = 17.5134
...model saved to 15_exp/models/FloydWarshallDataset_tropical_0.0001_20000_20260225_110900_relu_best.pth...20260225_111625
At epoch 600, test loss = 17.3463
...model saved to 15_exp/models/FloydWarshallDataset_tropical_0.0001_20000_20260225_110900_relu_best.pth...20260225_111628
At epoch 601, test loss = 17.3360
...model saved to 15_exp/models/FloydWarshallDataset_tropical_0.0001_20000_20260225_110900_relu_best.pth...20260225_111628
At epoch 602, test loss = 17.2758
...model saved to 15_exp/models/FloydWarshallDataset_tropical_0.0001_20000_20260225_110900_relu_best.pth...20260225_111629
At epoch 603, test loss = 17.1469
...model saved to 15_exp/models/FloydWarshallDataset_tropical_0.0001_20000_20260225_110900_relu_best.pth...20260225_111630
At epoch 604, test loss = 17.1393
...model saved to 15_exp/models/FloydWarshallDataset_tropical_0.0001_20000_20260225_110900_relu_best.pth...20260225_111630
At epoch 605, test loss = 17.0714
...model saved to 15_exp/models/FloydWarshallDataset_tropical_0.0001_20000_20260225_110900_relu_best.pth...20260225_111631
At epoch 607, test loss = 16.9607
...model saved to 15_exp/models/FloydWarshallDataset_tropical_0.0001_20000_20260225_110900_relu_best.pth...20260225_111633
At epoch 609, test loss = 16.8661
...model saved to 15_exp/models/FloydWarshallDataset_tropical_0.0001_20000_20260225_110900_relu_best.pth...20260225_111634
At epoch 612, test loss = 16.7127
...model saved to 15_exp/models/FloydWarshallDataset_tropical_0.0001_20000_20260225_110900_relu_best.pth...20260225_111636
At epoch 614, test loss = 16.6459
...model saved to 15_exp/models/FloydWarshallDataset_tropical_0.0001_20000_20260225_110900_relu_best.pth...20260225_111638
At epoch 615, test loss = 16.5264
...model saved to 15_exp/models/FloydWarshallDataset_tropical_0.0001_20000_20260225_110900_relu_best.pth...20260225_111638
At epoch 619, test loss = 16.4616
...model saved to 15_exp/models/FloydWarshallDataset_tropical_0.0001_20000_20260225_110900_relu_best.pth...20260225_111641
At epoch 621, test loss = 16.4517
...model saved to 15_exp/models/FloydWarshallDataset_tropical_0.0001_20000_20260225_110900_relu_best.pth...20260225_111643
At epoch 622, test loss = 16.3185
...model saved to 15_exp/models/FloydWarshallDataset_tropical_0.0001_20000_20260225_110900_relu_best.pth...20260225_111643
At epoch 623, test loss = 16.2510
...model saved to 15_exp/models/FloydWarshallDataset_tropical_0.0001_20000_20260225_110900_relu_best.pth...20260225_111644
At epoch 624, test loss = 16.1947
...model saved to 15_exp/models/FloydWarshallDataset_tropical_0.0001_20000_20260225_110900_relu_best.pth...20260225_111645
At epoch 625, test loss = 16.0687
...model saved to 15_exp/models/FloydWarshallDataset_tropical_0.0001_20000_20260225_110900_relu_best.pth...20260225_111646
At epoch 630, test loss = 15.9877
...model saved to 15_exp/models/FloydWarshallDataset_tropical_0.0001_20000_20260225_110900_relu_best.pth...20260225_111649
At epoch 632, test loss = 15.8419
...model saved to 15_exp/models/FloydWarshallDataset_tropical_0.0001_20000_20260225_110900_relu_best.pth...20260225_111651
At epoch 633, test loss = 15.8186
...model saved to 15_exp/models/FloydWarshallDataset_tropical_0.0001_20000_20260225_110900_relu_best.pth...20260225_111651
At epoch 634, test loss = 15.7116
...model saved to 15_exp/models/FloydWarshallDataset_tropical_0.0001_20000_20260225_110900_relu_best.pth...20260225_111652
At epoch 638, test loss = 15.6355
...model saved to 15_exp/models/FloydWarshallDataset_tropical_0.0001_20000_20260225_110900_relu_best.pth...20260225_111655
At epoch 639, test loss = 15.5906
...model saved to 15_exp/models/FloydWarshallDataset_tropical_0.0001_20000_20260225_110900_relu_best.pth...20260225_111656
At epoch 640, test loss = 15.4877
...model saved to 15_exp/models/FloydWarshallDataset_tropical_0.0001_20000_20260225_110900_relu_best.pth...20260225_111656
At epoch 641, test loss = 15.3910
...model saved to 15_exp/models/FloydWarshallDataset_tropical_0.0001_20000_20260225_110900_relu_best.pth...20260225_111657
At epoch 644, test loss = 15.3334
...model saved to 15_exp/models/FloydWarshallDataset_tropical_0.0001_20000_20260225_110900_relu_best.pth...20260225_111659
At epoch 645, test loss = 15.2322
...model saved to 15_exp/models/FloydWarshallDataset_tropical_0.0001_20000_20260225_110900_relu_best.pth...20260225_111700
At epoch 646, test loss = 15.2206
...model saved to 15_exp/models/FloydWarshallDataset_tropical_0.0001_20000_20260225_110900_relu_best.pth...20260225_111701
At epoch 648, test loss = 15.1498
...model saved to 15_exp/models/FloydWarshallDataset_tropical_0.0001_20000_20260225_110900_relu_best.pth...20260225_111702
At epoch 650, test loss = 15.0825
...model saved to 15_exp/models/FloydWarshallDataset_tropical_0.0001_20000_20260225_110900_relu_best.pth...20260225_111704
At epoch 651, test loss = 15.0683
...model saved to 15_exp/models/FloydWarshallDataset_tropical_0.0001_20000_20260225_110900_relu_best.pth...20260225_111704
At epoch 652, test loss = 14.9427
...model saved to 15_exp/models/FloydWarshallDataset_tropical_0.0001_20000_20260225_110900_relu_best.pth...20260225_111705
At epoch 653, test loss = 14.9405
...model saved to 15_exp/models/FloydWarshallDataset_tropical_0.0001_20000_20260225_110900_relu_best.pth...20260225_111706
At epoch 654, test loss = 14.8904
...model saved to 15_exp/models/FloydWarshallDataset_tropical_0.0001_20000_20260225_110900_relu_best.pth...20260225_111707
At epoch 656, test loss = 14.8245
...model saved to 15_exp/models/FloydWarshallDataset_tropical_0.0001_20000_20260225_110900_relu_best.pth...20260225_111708
At epoch 657, test loss = 14.7525
...model saved to 15_exp/models/FloydWarshallDataset_tropical_0.0001_20000_20260225_110900_relu_best.pth...20260225_111709
At epoch 659, test loss = 14.7163
...model saved to 15_exp/models/FloydWarshallDataset_tropical_0.0001_20000_20260225_110900_relu_best.pth...20260225_111710
At epoch 660, test loss = 14.6405
...model saved to 15_exp/models/FloydWarshallDataset_tropical_0.0001_20000_20260225_110900_relu_best.pth...20260225_111711
At epoch 663, test loss = 14.6165
...model saved to 15_exp/models/FloydWarshallDataset_tropical_0.0001_20000_20260225_110900_relu_best.pth...20260225_111713
At epoch 664, test loss = 14.4438
...model saved to 15_exp/models/FloydWarshallDataset_tropical_0.0001_20000_20260225_110900_relu_best.pth...20260225_111714
At epoch 666, test loss = 14.4186
...model saved to 15_exp/models/FloydWarshallDataset_tropical_0.0001_20000_20260225_110900_relu_best.pth...20260225_111715
At epoch 668, test loss = 14.3578
...model saved to 15_exp/models/FloydWarshallDataset_tropical_0.0001_20000_20260225_110900_relu_best.pth...20260225_111717
At epoch 670, test loss = 14.2577
...model saved to 15_exp/models/FloydWarshallDataset_tropical_0.0001_20000_20260225_110900_relu_best.pth...20260225_111718
At epoch 673, test loss = 14.2334
...model saved to 15_exp/models/FloydWarshallDataset_tropical_0.0001_20000_20260225_110900_relu_best.pth...20260225_111720
At epoch 674, test loss = 14.1426
...model saved to 15_exp/models/FloydWarshallDataset_tropical_0.0001_20000_20260225_110900_relu_best.pth...20260225_111721
At epoch 676, test loss = 14.0890
...model saved to 15_exp/models/FloydWarshallDataset_tropical_0.0001_20000_20260225_110900_relu_best.pth...20260225_111723
At epoch 678, test loss = 14.0829
...model saved to 15_exp/models/FloydWarshallDataset_tropical_0.0001_20000_20260225_110900_relu_best.pth...20260225_111724
At epoch 679, test loss = 14.0501
...model saved to 15_exp/models/FloydWarshallDataset_tropical_0.0001_20000_20260225_110900_relu_best.pth...20260225_111725
At epoch 681, test loss = 13.9621
...model saved to 15_exp/models/FloydWarshallDataset_tropical_0.0001_20000_20260225_110900_relu_best.pth...20260225_111726
At epoch 683, test loss = 13.8513
...model saved to 15_exp/models/FloydWarshallDataset_tropical_0.0001_20000_20260225_110900_relu_best.pth...20260225_111728
At epoch 684, test loss = 13.8300
...model saved to 15_exp/models/FloydWarshallDataset_tropical_0.0001_20000_20260225_110900_relu_best.pth...20260225_111728
At epoch 688, test loss = 13.7375
...model saved to 15_exp/models/FloydWarshallDataset_tropical_0.0001_20000_20260225_110900_relu_best.pth...20260225_111731
At epoch 690, test loss = 13.7160
...model saved to 15_exp/models/FloydWarshallDataset_tropical_0.0001_20000_20260225_110900_relu_best.pth...20260225_111733
At epoch 691, test loss = 13.6950
...model saved to 15_exp/models/FloydWarshallDataset_tropical_0.0001_20000_20260225_110900_relu_best.pth...20260225_111733
At epoch 695, test loss = 13.5941
...model saved to 15_exp/models/FloydWarshallDataset_tropical_0.0001_20000_20260225_110900_relu_best.pth...20260225_111736
At epoch 697, test loss = 13.5926
...model saved to 15_exp/models/FloydWarshallDataset_tropical_0.0001_20000_20260225_110900_relu_best.pth...20260225_111738
At epoch 698, test loss = 13.5751
...model saved to 15_exp/models/FloydWarshallDataset_tropical_0.0001_20000_20260225_110900_relu_best.pth...20260225_111738
At epoch 699, test loss = 13.4908
...model saved to 15_exp/models/FloydWarshallDataset_tropical_0.0001_20000_20260225_110900_relu_best.pth...20260225_111739
At epoch 700, test loss = 13.4324
...model saved to 15_exp/models/FloydWarshallDataset_tropical_0.0001_20000_20260225_110900_relu_best.pth...20260225_111740
At epoch 704, test loss = 13.4173
...model saved to 15_exp/models/FloydWarshallDataset_tropical_0.0001_20000_20260225_110900_relu_best.pth...20260225_111743
At epoch 706, test loss = 13.3259
...model saved to 15_exp/models/FloydWarshallDataset_tropical_0.0001_20000_20260225_110900_relu_best.pth...20260225_111744
At epoch 707, test loss = 13.3158
...model saved to 15_exp/models/FloydWarshallDataset_tropical_0.0001_20000_20260225_110900_relu_best.pth...20260225_111745
At epoch 708, test loss = 13.3129
...model saved to 15_exp/models/FloydWarshallDataset_tropical_0.0001_20000_20260225_110900_relu_best.pth...20260225_111746
At epoch 709, test loss = 13.2554
...model saved to 15_exp/models/FloydWarshallDataset_tropical_0.0001_20000_20260225_110900_relu_best.pth...20260225_111746
At epoch 713, test loss = 13.2478
...model saved to 15_exp/models/FloydWarshallDataset_tropical_0.0001_20000_20260225_110900_relu_best.pth...20260225_111749
At epoch 714, test loss = 13.1972
...model saved to 15_exp/models/FloydWarshallDataset_tropical_0.0001_20000_20260225_110900_relu_best.pth...20260225_111750
At epoch 716, test loss = 13.1178
...model saved to 15_exp/models/FloydWarshallDataset_tropical_0.0001_20000_20260225_110900_relu_best.pth...20260225_111752
At epoch 718, test loss = 13.0844
...model saved to 15_exp/models/FloydWarshallDataset_tropical_0.0001_20000_20260225_110900_relu_best.pth...20260225_111753
At epoch 719, test loss = 13.0701
...model saved to 15_exp/models/FloydWarshallDataset_tropical_0.0001_20000_20260225_110900_relu_best.pth...20260225_111754
At epoch 721, test loss = 13.0461
...model saved to 15_exp/models/FloydWarshallDataset_tropical_0.0001_20000_20260225_110900_relu_best.pth...20260225_111755
At epoch 722, test loss = 13.0332
...model saved to 15_exp/models/FloydWarshallDataset_tropical_0.0001_20000_20260225_110900_relu_best.pth...20260225_111756
At epoch 723, test loss = 12.9956
...model saved to 15_exp/models/FloydWarshallDataset_tropical_0.0001_20000_20260225_110900_relu_best.pth...20260225_111757
At epoch 724, test loss = 12.9452
...model saved to 15_exp/models/FloydWarshallDataset_tropical_0.0001_20000_20260225_110900_relu_best.pth...20260225_111757
At epoch 728, test loss = 12.9302
...model saved to 15_exp/models/FloydWarshallDataset_tropical_0.0001_20000_20260225_110900_relu_best.pth...20260225_111800
At epoch 729, test loss = 12.9299
...model saved to 15_exp/models/FloydWarshallDataset_tropical_0.0001_20000_20260225_110900_relu_best.pth...20260225_111801
At epoch 730, test loss = 12.9028
...model saved to 15_exp/models/FloydWarshallDataset_tropical_0.0001_20000_20260225_110900_relu_best.pth...20260225_111802
At epoch 733, test loss = 12.8793
...model saved to 15_exp/models/FloydWarshallDataset_tropical_0.0001_20000_20260225_110900_relu_best.pth...20260225_111804
At epoch 734, test loss = 12.8516
...model saved to 15_exp/models/FloydWarshallDataset_tropical_0.0001_20000_20260225_110900_relu_best.pth...20260225_111804
At epoch 736, test loss = 12.8346
...model saved to 15_exp/models/FloydWarshallDataset_tropical_0.0001_20000_20260225_110900_relu_best.pth...20260225_111806
At epoch 737, test loss = 12.7539
...model saved to 15_exp/models/FloydWarshallDataset_tropical_0.0001_20000_20260225_110900_relu_best.pth...20260225_111807
At epoch 741, test loss = 12.7171
...model saved to 15_exp/models/FloydWarshallDataset_tropical_0.0001_20000_20260225_110900_relu_best.pth...20260225_111810
At epoch 742, test loss = 12.6978
...model saved to 15_exp/models/FloydWarshallDataset_tropical_0.0001_20000_20260225_110900_relu_best.pth...20260225_111810
At epoch 744, test loss = 12.6751
...model saved to 15_exp/models/FloydWarshallDataset_tropical_0.0001_20000_20260225_110900_relu_best.pth...20260225_111812
At epoch 745, test loss = 12.6499
...model saved to 15_exp/models/FloydWarshallDataset_tropical_0.0001_20000_20260225_110900_relu_best.pth...20260225_111813
At epoch 746, test loss = 12.6082
...model saved to 15_exp/models/FloydWarshallDataset_tropical_0.0001_20000_20260225_110900_relu_best.pth...20260225_111813
At epoch 749, test loss = 12.6021
...model saved to 15_exp/models/FloydWarshallDataset_tropical_0.0001_20000_20260225_110900_relu_best.pth...20260225_111815
At epoch 752, test loss = 12.5773
...model saved to 15_exp/models/FloydWarshallDataset_tropical_0.0001_20000_20260225_110900_relu_best.pth...20260225_111818
At epoch 753, test loss = 12.5433
...model saved to 15_exp/models/FloydWarshallDataset_tropical_0.0001_20000_20260225_110900_relu_best.pth...20260225_111818
At epoch 754, test loss = 12.5187
...model saved to 15_exp/models/FloydWarshallDataset_tropical_0.0001_20000_20260225_110900_relu_best.pth...20260225_111819
At epoch 756, test loss = 12.4752
...model saved to 15_exp/models/FloydWarshallDataset_tropical_0.0001_20000_20260225_110900_relu_best.pth...20260225_111820
At epoch 761, test loss = 12.4043
...model saved to 15_exp/models/FloydWarshallDataset_tropical_0.0001_20000_20260225_110900_relu_best.pth...20260225_111824
At epoch 764, test loss = 12.3794
...model saved to 15_exp/models/FloydWarshallDataset_tropical_0.0001_20000_20260225_110900_relu_best.pth...20260225_111826
At epoch 768, test loss = 12.2946
...model saved to 15_exp/models/FloydWarshallDataset_tropical_0.0001_20000_20260225_110900_relu_best.pth...20260225_111828
At epoch 772, test loss = 12.2724
...model saved to 15_exp/models/FloydWarshallDataset_tropical_0.0001_20000_20260225_110900_relu_best.pth...20260225_111831
At epoch 777, test loss = 12.2264
...model saved to 15_exp/models/FloydWarshallDataset_tropical_0.0001_20000_20260225_110900_relu_best.pth...20260225_111834
At epoch 781, test loss = 12.2206
...model saved to 15_exp/models/FloydWarshallDataset_tropical_0.0001_20000_20260225_110900_relu_best.pth...20260225_111837
At epoch 782, test loss = 12.2123
...model saved to 15_exp/models/FloydWarshallDataset_tropical_0.0001_20000_20260225_110900_relu_best.pth...20260225_111838
At epoch 786, test loss = 12.1762
...model saved to 15_exp/models/FloydWarshallDataset_tropical_0.0001_20000_20260225_110900_relu_best.pth...20260225_111840
At epoch 787, test loss = 12.1717
...model saved to 15_exp/models/FloydWarshallDataset_tropical_0.0001_20000_20260225_110900_relu_best.pth...20260225_111841
At epoch 790, test loss = 12.1343
...model saved to 15_exp/models/FloydWarshallDataset_tropical_0.0001_20000_20260225_110900_relu_best.pth...20260225_111843
At epoch 791, test loss = 12.1180
...model saved to 15_exp/models/FloydWarshallDataset_tropical_0.0001_20000_20260225_110900_relu_best.pth...20260225_111844
At epoch 794, test loss = 12.0922
...model saved to 15_exp/models/FloydWarshallDataset_tropical_0.0001_20000_20260225_110900_relu_best.pth...20260225_111846
At epoch 797, test loss = 12.0768
...model saved to 15_exp/models/FloydWarshallDataset_tropical_0.0001_20000_20260225_110900_relu_best.pth...20260225_111848
At epoch 800, test loss = 12.0743
...model saved to 15_exp/models/FloydWarshallDataset_tropical_0.0001_20000_20260225_110900_relu_best.pth...20260225_111850
At epoch 802, test loss = 12.0302
...model saved to 15_exp/models/FloydWarshallDataset_tropical_0.0001_20000_20260225_110900_relu_best.pth...20260225_111851
At epoch 804, test loss = 12.0220
...model saved to 15_exp/models/FloydWarshallDataset_tropical_0.0001_20000_20260225_110900_relu_best.pth...20260225_111853
At epoch 806, test loss = 12.0157
...model saved to 15_exp/models/FloydWarshallDataset_tropical_0.0001_20000_20260225_110900_relu_best.pth...20260225_111854
At epoch 807, test loss = 12.0033
...model saved to 15_exp/models/FloydWarshallDataset_tropical_0.0001_20000_20260225_110900_relu_best.pth...20260225_111855
At epoch 809, test loss = 11.9674
...model saved to 15_exp/models/FloydWarshallDataset_tropical_0.0001_20000_20260225_110900_relu_best.pth...20260225_111856
At epoch 811, test loss = 11.9388
...model saved to 15_exp/models/FloydWarshallDataset_tropical_0.0001_20000_20260225_110900_relu_best.pth...20260225_111857
At epoch 814, test loss = 11.9236
...model saved to 15_exp/models/FloydWarshallDataset_tropical_0.0001_20000_20260225_110900_relu_best.pth...20260225_111859
At epoch 819, test loss = 11.8974
...model saved to 15_exp/models/FloydWarshallDataset_tropical_0.0001_20000_20260225_110900_relu_best.pth...20260225_111903
At epoch 821, test loss = 11.8351
...model saved to 15_exp/models/FloydWarshallDataset_tropical_0.0001_20000_20260225_110900_relu_best.pth...20260225_111904
At epoch 830, test loss = 11.8296
...model saved to 15_exp/models/FloydWarshallDataset_tropical_0.0001_20000_20260225_110900_relu_best.pth...20260225_111910
At epoch 831, test loss = 11.8213
...model saved to 15_exp/models/FloydWarshallDataset_tropical_0.0001_20000_20260225_110900_relu_best.pth...20260225_111911
At epoch 832, test loss = 11.7694
...model saved to 15_exp/models/FloydWarshallDataset_tropical_0.0001_20000_20260225_110900_relu_best.pth...20260225_111912
At epoch 838, test loss = 11.7517
...model saved to 15_exp/models/FloydWarshallDataset_tropical_0.0001_20000_20260225_110900_relu_best.pth...20260225_111916
At epoch 840, test loss = 11.7457
...model saved to 15_exp/models/FloydWarshallDataset_tropical_0.0001_20000_20260225_110900_relu_best.pth...20260225_111917
At epoch 842, test loss = 11.7079
...model saved to 15_exp/models/FloydWarshallDataset_tropical_0.0001_20000_20260225_110900_relu_best.pth...20260225_111918
At epoch 847, test loss = 11.6864
...model saved to 15_exp/models/FloydWarshallDataset_tropical_0.0001_20000_20260225_110900_relu_best.pth...20260225_111921
At epoch 848, test loss = 11.6862
...model saved to 15_exp/models/FloydWarshallDataset_tropical_0.0001_20000_20260225_110900_relu_best.pth...20260225_111922
At epoch 853, test loss = 11.6648
...model saved to 15_exp/models/FloydWarshallDataset_tropical_0.0001_20000_20260225_110900_relu_best.pth...20260225_111926
At epoch 855, test loss = 11.6566
...model saved to 15_exp/models/FloydWarshallDataset_tropical_0.0001_20000_20260225_110900_relu_best.pth...20260225_111927
At epoch 856, test loss = 11.6284
...model saved to 15_exp/models/FloydWarshallDataset_tropical_0.0001_20000_20260225_110900_relu_best.pth...20260225_111928
At epoch 857, test loss = 11.6033
...model saved to 15_exp/models/FloydWarshallDataset_tropical_0.0001_20000_20260225_110900_relu_best.pth...20260225_111928
At epoch 864, test loss = 11.5719
...model saved to 15_exp/models/FloydWarshallDataset_tropical_0.0001_20000_20260225_110900_relu_best.pth...20260225_111933
At epoch 875, test loss = 11.5440
...model saved to 15_exp/models/FloydWarshallDataset_tropical_0.0001_20000_20260225_110900_relu_best.pth...20260225_111940
At epoch 880, test loss = 11.5262
...model saved to 15_exp/models/FloydWarshallDataset_tropical_0.0001_20000_20260225_110900_relu_best.pth...20260225_111944
At epoch 882, test loss = 11.4857
...model saved to 15_exp/models/FloydWarshallDataset_tropical_0.0001_20000_20260225_110900_relu_best.pth...20260225_111945
At epoch 892, test loss = 11.4638
...model saved to 15_exp/models/FloydWarshallDataset_tropical_0.0001_20000_20260225_110900_relu_best.pth...20260225_111952
At epoch 896, test loss = 11.4404
...model saved to 15_exp/models/FloydWarshallDataset_tropical_0.0001_20000_20260225_110900_relu_best.pth...20260225_111954
At epoch 906, test loss = 11.4254
...model saved to 15_exp/models/FloydWarshallDataset_tropical_0.0001_20000_20260225_110900_relu_best.pth...20260225_112001
At epoch 909, test loss = 11.3729
...model saved to 15_exp/models/FloydWarshallDataset_tropical_0.0001_20000_20260225_110900_relu_best.pth...20260225_112003
At epoch 910, test loss = 11.3674
...model saved to 15_exp/models/FloydWarshallDataset_tropical_0.0001_20000_20260225_110900_relu_best.pth...20260225_112004
At epoch 911, test loss = 11.3590
...model saved to 15_exp/models/FloydWarshallDataset_tropical_0.0001_20000_20260225_110900_relu_best.pth...20260225_112005
At epoch 918, test loss = 11.3544
...model saved to 15_exp/models/FloydWarshallDataset_tropical_0.0001_20000_20260225_110900_relu_best.pth...20260225_112009
At epoch 922, test loss = 11.3299
...model saved to 15_exp/models/FloydWarshallDataset_tropical_0.0001_20000_20260225_110900_relu_best.pth...20260225_112012
At epoch 928, test loss = 11.3297
...model saved to 15_exp/models/FloydWarshallDataset_tropical_0.0001_20000_20260225_110900_relu_best.pth...20260225_112016
At epoch 935, test loss = 11.3210
...model saved to 15_exp/models/FloydWarshallDataset_tropical_0.0001_20000_20260225_110900_relu_best.pth...20260225_112021
At epoch 939, test loss = 11.3020
...model saved to 15_exp/models/FloydWarshallDataset_tropical_0.0001_20000_20260225_110900_relu_best.pth...20260225_112023
At epoch 957, test loss = 11.2455
...model saved to 15_exp/models/FloydWarshallDataset_tropical_0.0001_20000_20260225_110900_relu_best.pth...20260225_112035
At epoch 979, test loss = 11.2351
...model saved to 15_exp/models/FloydWarshallDataset_tropical_0.0001_20000_20260225_110900_relu_best.pth...20260225_112050
At epoch 980, test loss = 11.2101
...model saved to 15_exp/models/FloydWarshallDataset_tropical_0.0001_20000_20260225_110900_relu_best.pth...20260225_112051
At epoch 987, test loss = 11.1865
...model saved to 15_exp/models/FloydWarshallDataset_tropical_0.0001_20000_20260225_110900_relu_best.pth...20260225_112056
At epoch 988, test loss = 11.1672
...model saved to 15_exp/models/FloydWarshallDataset_tropical_0.0001_20000_20260225_110900_relu_best.pth...20260225_112056
At epoch 991, test loss = 11.1518
...model saved to 15_exp/models/FloydWarshallDataset_tropical_0.0001_20000_20260225_110900_relu_best.pth...20260225_112058
At epoch 1016, test loss = 11.1473
...model saved to 15_exp/models/FloydWarshallDataset_tropical_0.0001_20000_20260225_110900_relu_best.pth...20260225_112115
At epoch 1018, test loss = 11.1355
...model saved to 15_exp/models/FloydWarshallDataset_tropical_0.0001_20000_20260225_110900_relu_best.pth...20260225_112116
At epoch 1026, test loss = 11.1304
...model saved to 15_exp/models/FloydWarshallDataset_tropical_0.0001_20000_20260225_110900_relu_best.pth...20260225_112122
At epoch 1030, test loss = 11.0996
...model saved to 15_exp/models/FloydWarshallDataset_tropical_0.0001_20000_20260225_110900_relu_best.pth...20260225_112124
At epoch 1041, test loss = 11.0622
...model saved to 15_exp/models/FloydWarshallDataset_tropical_0.0001_20000_20260225_110900_relu_best.pth...20260225_112132
At epoch 1066, test loss = 11.0401
...model saved to 15_exp/models/FloydWarshallDataset_tropical_0.0001_20000_20260225_110900_relu_best.pth...20260225_112148
At epoch 1074, test loss = 11.0160
...model saved to 15_exp/models/FloydWarshallDataset_tropical_0.0001_20000_20260225_110900_relu_best.pth...20260225_112154
At epoch 1093, test loss = 11.0095
...model saved to 15_exp/models/FloydWarshallDataset_tropical_0.0001_20000_20260225_110900_relu_best.pth...20260225_112206
At epoch 1107, test loss = 10.9881
...model saved to 15_exp/models/FloydWarshallDataset_tropical_0.0001_20000_20260225_110900_relu_best.pth...20260225_112216
At epoch 1127, test loss = 10.9707
...model saved to 15_exp/models/FloydWarshallDataset_tropical_0.0001_20000_20260225_110900_relu_best.pth...20260225_112229
At epoch 1166, test loss = 10.9066
...model saved to 15_exp/models/FloydWarshallDataset_tropical_0.0001_20000_20260225_110900_relu_best.pth...20260225_112255
At epoch 1204, test loss = 10.8784
...model saved to 15_exp/models/FloydWarshallDataset_tropical_0.0001_20000_20260225_110900_relu_best.pth...20260225_112320
At epoch 1205, test loss = 10.8341
...model saved to 15_exp/models/FloydWarshallDataset_tropical_0.0001_20000_20260225_110900_relu_best.pth...20260225_112321
At epoch 1211, test loss = 10.8332
...model saved to 15_exp/models/FloydWarshallDataset_tropical_0.0001_20000_20260225_110900_relu_best.pth...20260225_112325
At epoch 1214, test loss = 10.7742
...model saved to 15_exp/models/FloydWarshallDataset_tropical_0.0001_20000_20260225_110900_relu_best.pth...20260225_112327
At epoch 1221, test loss = 10.7220
...model saved to 15_exp/models/FloydWarshallDataset_tropical_0.0001_20000_20260225_110900_relu_best.pth...20260225_112332
At epoch 1222, test loss = 10.7042
...model saved to 15_exp/models/FloydWarshallDataset_tropical_0.0001_20000_20260225_110900_relu_best.pth...20260225_112332
At epoch 1236, test loss = 10.6952
...model saved to 15_exp/models/FloydWarshallDataset_tropical_0.0001_20000_20260225_110900_relu_best.pth...20260225_112342
At epoch 1246, test loss = 10.6831
...model saved to 15_exp/models/FloydWarshallDataset_tropical_0.0001_20000_20260225_110900_relu_best.pth...20260225_112348
At epoch 1247, test loss = 10.6642
...model saved to 15_exp/models/FloydWarshallDataset_tropical_0.0001_20000_20260225_110900_relu_best.pth...20260225_112349
At epoch 1248, test loss = 10.6098
...model saved to 15_exp/models/FloydWarshallDataset_tropical_0.0001_20000_20260225_110900_relu_best.pth...20260225_112350
At epoch 1252, test loss = 10.6001
...model saved to 15_exp/models/FloydWarshallDataset_tropical_0.0001_20000_20260225_110900_relu_best.pth...20260225_112352
At epoch 1264, test loss = 10.5729
...model saved to 15_exp/models/FloydWarshallDataset_tropical_0.0001_20000_20260225_110900_relu_best.pth...20260225_112400
At epoch 1271, test loss = 10.5167
...model saved to 15_exp/models/FloydWarshallDataset_tropical_0.0001_20000_20260225_110900_relu_best.pth...20260225_112405
At epoch 1298, test loss = 10.4521
...model saved to 15_exp/models/FloydWarshallDataset_tropical_0.0001_20000_20260225_110900_relu_best.pth...20260225_112423
At epoch 1316, test loss = 10.4496
...model saved to 15_exp/models/FloydWarshallDataset_tropical_0.0001_20000_20260225_110900_relu_best.pth...20260225_112435
At epoch 1323, test loss = 10.4408
...model saved to 15_exp/models/FloydWarshallDataset_tropical_0.0001_20000_20260225_110900_relu_best.pth...20260225_112440
At epoch 1327, test loss = 10.4265
...model saved to 15_exp/models/FloydWarshallDataset_tropical_0.0001_20000_20260225_110900_relu_best.pth...20260225_112442
At epoch 1339, test loss = 10.4138
...model saved to 15_exp/models/FloydWarshallDataset_tropical_0.0001_20000_20260225_110900_relu_best.pth...20260225_112450
At epoch 1340, test loss = 10.3985
...model saved to 15_exp/models/FloydWarshallDataset_tropical_0.0001_20000_20260225_110900_relu_best.pth...20260225_112451
At epoch 1352, test loss = 10.3898
...model saved to 15_exp/models/FloydWarshallDataset_tropical_0.0001_20000_20260225_110900_relu_best.pth...20260225_112459
At epoch 1354, test loss = 10.3676
...model saved to 15_exp/models/FloydWarshallDataset_tropical_0.0001_20000_20260225_110900_relu_best.pth...20260225_112500
At epoch 1367, test loss = 10.3548
...model saved to 15_exp/models/FloydWarshallDataset_tropical_0.0001_20000_20260225_110900_relu_best.pth...20260225_112509
At epoch 1371, test loss = 10.3501
...model saved to 15_exp/models/FloydWarshallDataset_tropical_0.0001_20000_20260225_110900_relu_best.pth...20260225_112512
At epoch 1381, test loss = 10.3424
...model saved to 15_exp/models/FloydWarshallDataset_tropical_0.0001_20000_20260225_110900_relu_best.pth...20260225_112518
At epoch 1413, test loss = 10.3132
...model saved to 15_exp/models/FloydWarshallDataset_tropical_0.0001_20000_20260225_110900_relu_best.pth...20260225_112539
At epoch 1418, test loss = 10.2984
...model saved to 15_exp/models/FloydWarshallDataset_tropical_0.0001_20000_20260225_110900_relu_best.pth...20260225_112543
At epoch 1419, test loss = 10.2644
...model saved to 15_exp/models/FloydWarshallDataset_tropical_0.0001_20000_20260225_110900_relu_best.pth...20260225_112543
At epoch 1437, test loss = 10.2601
...model saved to 15_exp/models/FloydWarshallDataset_tropical_0.0001_20000_20260225_110900_relu_best.pth...20260225_112555
At epoch 1443, test loss = 10.2456
...model saved to 15_exp/models/FloydWarshallDataset_tropical_0.0001_20000_20260225_110900_relu_best.pth...20260225_112559
At epoch 1449, test loss = 10.2230
...model saved to 15_exp/models/FloydWarshallDataset_tropical_0.0001_20000_20260225_110900_relu_best.pth...20260225_112603
At epoch 1485, test loss = 10.2174
...model saved to 15_exp/models/FloydWarshallDataset_tropical_0.0001_20000_20260225_110900_relu_best.pth...20260225_112627
At epoch 1489, test loss = 10.1047
...model saved to 15_exp/models/FloydWarshallDataset_tropical_0.0001_20000_20260225_110900_relu_best.pth...20260225_112630
At epoch 1499, test loss = 10.1007
...model saved to 15_exp/models/FloydWarshallDataset_tropical_0.0001_20000_20260225_110900_relu_best.pth...20260225_112636
At epoch 1500, test loss = 10.0981
...model saved to 15_exp/models/FloydWarshallDataset_tropical_0.0001_20000_20260225_110900_relu_best.pth...20260225_112637
At epoch 1525, test loss = 10.0870
...model saved to 15_exp/models/FloydWarshallDataset_tropical_0.0001_20000_20260225_110900_relu_best.pth...20260225_112654
At epoch 1540, test loss = 10.0455
...model saved to 15_exp/models/FloydWarshallDataset_tropical_0.0001_20000_20260225_110900_relu_best.pth...20260225_112704
At epoch 1542, test loss = 9.9910
...model saved to 15_exp/models/FloydWarshallDataset_tropical_0.0001_20000_20260225_110900_relu_best.pth...20260225_112705
At epoch 1553, test loss = 9.9572
...model saved to 15_exp/models/FloydWarshallDataset_tropical_0.0001_20000_20260225_110900_relu_best.pth...20260225_112712
At epoch 1554, test loss = 9.9433
...model saved to 15_exp/models/FloydWarshallDataset_tropical_0.0001_20000_20260225_110900_relu_best.pth...20260225_112713
At epoch 1555, test loss = 9.9414
...model saved to 15_exp/models/FloydWarshallDataset_tropical_0.0001_20000_20260225_110900_relu_best.pth...20260225_112713
At epoch 1558, test loss = 9.9163
...model saved to 15_exp/models/FloydWarshallDataset_tropical_0.0001_20000_20260225_110900_relu_best.pth...20260225_112715
At epoch 1563, test loss = 9.8721
...model saved to 15_exp/models/FloydWarshallDataset_tropical_0.0001_20000_20260225_110900_relu_best.pth...20260225_112719
At epoch 1567, test loss = 9.8383
...model saved to 15_exp/models/FloydWarshallDataset_tropical_0.0001_20000_20260225_110900_relu_best.pth...20260225_112721
At epoch 1608, test loss = 9.7913
...model saved to 15_exp/models/FloydWarshallDataset_tropical_0.0001_20000_20260225_110900_relu_best.pth...20260225_112748
At epoch 1609, test loss = 9.7734
...model saved to 15_exp/models/FloydWarshallDataset_tropical_0.0001_20000_20260225_110900_relu_best.pth...20260225_112749
At epoch 1614, test loss = 9.7092
...model saved to 15_exp/models/FloydWarshallDataset_tropical_0.0001_20000_20260225_110900_relu_best.pth...20260225_112752
At epoch 1617, test loss = 9.6778
...model saved to 15_exp/models/FloydWarshallDataset_tropical_0.0001_20000_20260225_110900_relu_best.pth...20260225_112755
At epoch 1670, test loss = 9.6571
...model saved to 15_exp/models/FloydWarshallDataset_tropical_0.0001_20000_20260225_110900_relu_best.pth...20260225_112830
At epoch 1671, test loss = 9.6358
...model saved to 15_exp/models/FloydWarshallDataset_tropical_0.0001_20000_20260225_110900_relu_best.pth...20260225_112830
At epoch 1693, test loss = 9.6233
...model saved to 15_exp/models/FloydWarshallDataset_tropical_0.0001_20000_20260225_110900_relu_best.pth...20260225_112845
At epoch 1699, test loss = 9.5995
...model saved to 15_exp/models/FloydWarshallDataset_tropical_0.0001_20000_20260225_110900_relu_best.pth...20260225_112849
At epoch 1741, test loss = 9.5922
...model saved to 15_exp/models/FloydWarshallDataset_tropical_0.0001_20000_20260225_110900_relu_best.pth...20260225_112917
At epoch 1743, test loss = 9.5711
...model saved to 15_exp/models/FloydWarshallDataset_tropical_0.0001_20000_20260225_110900_relu_best.pth...20260225_112919
At epoch 1749, test loss = 9.5628
...model saved to 15_exp/models/FloydWarshallDataset_tropical_0.0001_20000_20260225_110900_relu_best.pth...20260225_112923
At epoch 1750, test loss = 9.5286
...model saved to 15_exp/models/FloydWarshallDataset_tropical_0.0001_20000_20260225_110900_relu_best.pth...20260225_112924
At epoch 1763, test loss = 9.5243
...model saved to 15_exp/models/FloydWarshallDataset_tropical_0.0001_20000_20260225_110900_relu_best.pth...20260225_112933
At epoch 1765, test loss = 9.5225
...model saved to 15_exp/models/FloydWarshallDataset_tropical_0.0001_20000_20260225_110900_relu_best.pth...20260225_112934
At epoch 1784, test loss = 9.5134
...model saved to 15_exp/models/FloydWarshallDataset_tropical_0.0001_20000_20260225_110900_relu_best.pth...20260225_112948
At epoch 1796, test loss = 9.4894
...model saved to 15_exp/models/FloydWarshallDataset_tropical_0.0001_20000_20260225_110900_relu_best.pth...20260225_112956
At epoch 1820, test loss = 9.4543
...model saved to 15_exp/models/FloydWarshallDataset_tropical_0.0001_20000_20260225_110900_relu_best.pth...20260225_113013
At epoch 1824, test loss = 9.4312
...model saved to 15_exp/models/FloydWarshallDataset_tropical_0.0001_20000_20260225_110900_relu_best.pth...20260225_113016
At epoch 1853, test loss = 9.3385
...model saved to 15_exp/models/FloydWarshallDataset_tropical_0.0001_20000_20260225_110900_relu_best.pth...20260225_113035
At epoch 1854, test loss = 9.3294
...model saved to 15_exp/models/FloydWarshallDataset_tropical_0.0001_20000_20260225_110900_relu_best.pth...20260225_113036
At epoch 1932, test loss = 9.3170
...model saved to 15_exp/models/FloydWarshallDataset_tropical_0.0001_20000_20260225_110900_relu_best.pth...20260225_113128
At epoch 1948, test loss = 9.3148
...model saved to 15_exp/models/FloydWarshallDataset_tropical_0.0001_20000_20260225_110900_relu_best.pth...20260225_113139
At epoch 1976, test loss = 9.3047
...model saved to 15_exp/models/FloydWarshallDataset_tropical_0.0001_20000_20260225_110900_relu_best.pth...20260225_113157
At epoch 1985, test loss = 9.2819
...model saved to 15_exp/models/FloydWarshallDataset_tropical_0.0001_20000_20260225_110900_relu_best.pth...20260225_113203
At epoch 1986, test loss = 9.2789
...model saved to 15_exp/models/FloydWarshallDataset_tropical_0.0001_20000_20260225_110900_relu_best.pth...20260225_113204
At epoch 2000, test loss = 9.2705
...model saved to 15_exp/models/FloydWarshallDataset_tropical_0.0001_20000_20260225_110900_relu_best.pth...20260225_113213
At epoch 2068, test loss = 9.2658
...model saved to 15_exp/models/FloydWarshallDataset_tropical_0.0001_20000_20260225_110900_relu_best.pth...20260225_113258
At epoch 2071, test loss = 9.2573
...model saved to 15_exp/models/FloydWarshallDataset_tropical_0.0001_20000_20260225_110900_relu_best.pth...20260225_113300
At epoch 2072, test loss = 9.2289
...model saved to 15_exp/models/FloydWarshallDataset_tropical_0.0001_20000_20260225_110900_relu_best.pth...20260225_113301
At epoch 2112, test loss = 9.2247
...model saved to 15_exp/models/FloydWarshallDataset_tropical_0.0001_20000_20260225_110900_relu_best.pth...20260225_113327
At epoch 2120, test loss = 9.2149
...model saved to 15_exp/models/FloydWarshallDataset_tropical_0.0001_20000_20260225_110900_relu_best.pth...20260225_113332
At epoch 2131, test loss = 9.1805
...model saved to 15_exp/models/FloydWarshallDataset_tropical_0.0001_20000_20260225_110900_relu_best.pth...20260225_113340
At epoch 2132, test loss = 9.1800
...model saved to 15_exp/models/FloydWarshallDataset_tropical_0.0001_20000_20260225_110900_relu_best.pth...20260225_113340
At epoch 2133, test loss = 9.1617
...model saved to 15_exp/models/FloydWarshallDataset_tropical_0.0001_20000_20260225_110900_relu_best.pth...20260225_113341
At epoch 2136, test loss = 9.1579
...model saved to 15_exp/models/FloydWarshallDataset_tropical_0.0001_20000_20260225_110900_relu_best.pth...20260225_113343
At epoch 2142, test loss = 9.1513
...model saved to 15_exp/models/FloydWarshallDataset_tropical_0.0001_20000_20260225_110900_relu_best.pth...20260225_113347
At epoch 2159, test loss = 9.1502
...model saved to 15_exp/models/FloydWarshallDataset_tropical_0.0001_20000_20260225_110900_relu_best.pth...20260225_113358
At epoch 2160, test loss = 9.1473
...model saved to 15_exp/models/FloydWarshallDataset_tropical_0.0001_20000_20260225_110900_relu_best.pth...20260225_113359
At epoch 2205, test loss = 9.1342
...model saved to 15_exp/models/FloydWarshallDataset_tropical_0.0001_20000_20260225_110900_relu_best.pth...20260225_113429
At epoch 2259, test loss = 9.1305
...model saved to 15_exp/models/FloydWarshallDataset_tropical_0.0001_20000_20260225_110900_relu_best.pth...20260225_113505
At epoch 2260, test loss = 9.1009
...model saved to 15_exp/models/FloydWarshallDataset_tropical_0.0001_20000_20260225_110900_relu_best.pth...20260225_113506
At epoch 2263, test loss = 9.0911
...model saved to 15_exp/models/FloydWarshallDataset_tropical_0.0001_20000_20260225_110900_relu_best.pth...20260225_113508
At epoch 2265, test loss = 9.0725
...model saved to 15_exp/models/FloydWarshallDataset_tropical_0.0001_20000_20260225_110900_relu_best.pth...20260225_113509
At epoch 2286, test loss = 9.0667
...model saved to 15_exp/models/FloydWarshallDataset_tropical_0.0001_20000_20260225_110900_relu_best.pth...20260225_113523
At epoch 2295, test loss = 9.0633
...model saved to 15_exp/models/FloydWarshallDataset_tropical_0.0001_20000_20260225_110900_relu_best.pth...20260225_113529
At epoch 2297, test loss = 9.0579
...model saved to 15_exp/models/FloydWarshallDataset_tropical_0.0001_20000_20260225_110900_relu_best.pth...20260225_113530
At epoch 2340, test loss = 9.0398
...model saved to 15_exp/models/FloydWarshallDataset_tropical_0.0001_20000_20260225_110900_relu_best.pth...20260225_113559
At epoch 2356, test loss = 9.0266
...model saved to 15_exp/models/FloydWarshallDataset_tropical_0.0001_20000_20260225_110900_relu_best.pth...20260225_113609
At epoch 2377, test loss = 9.0254
...model saved to 15_exp/models/FloydWarshallDataset_tropical_0.0001_20000_20260225_110900_relu_best.pth...20260225_113623
At epoch 2379, test loss = 9.0118
...model saved to 15_exp/models/FloydWarshallDataset_tropical_0.0001_20000_20260225_110900_relu_best.pth...20260225_113624
At epoch 2380, test loss = 8.9829
...model saved to 15_exp/models/FloydWarshallDataset_tropical_0.0001_20000_20260225_110900_relu_best.pth...20260225_113625
At epoch 2395, test loss = 8.9625
...model saved to 15_exp/models/FloydWarshallDataset_tropical_0.0001_20000_20260225_110900_relu_best.pth...20260225_113635
At epoch 2404, test loss = 8.9621
...model saved to 15_exp/models/FloydWarshallDataset_tropical_0.0001_20000_20260225_110900_relu_best.pth...20260225_113641
At epoch 2432, test loss = 8.9546
...model saved to 15_exp/models/FloydWarshallDataset_tropical_0.0001_20000_20260225_110900_relu_best.pth...20260225_113659
At epoch 2435, test loss = 8.9431
...model saved to 15_exp/models/FloydWarshallDataset_tropical_0.0001_20000_20260225_110900_relu_best.pth...20260225_113701
At epoch 2436, test loss = 8.9338
...model saved to 15_exp/models/FloydWarshallDataset_tropical_0.0001_20000_20260225_110900_relu_best.pth...20260225_113702
At epoch 2437, test loss = 8.9194
...model saved to 15_exp/models/FloydWarshallDataset_tropical_0.0001_20000_20260225_110900_relu_best.pth...20260225_113703
At epoch 2452, test loss = 8.9095
...model saved to 15_exp/models/FloydWarshallDataset_tropical_0.0001_20000_20260225_110900_relu_best.pth...20260225_113713
At epoch 2456, test loss = 8.9059
...model saved to 15_exp/models/FloydWarshallDataset_tropical_0.0001_20000_20260225_110900_relu_best.pth...20260225_113715
At epoch 2457, test loss = 8.8962
...model saved to 15_exp/models/FloydWarshallDataset_tropical_0.0001_20000_20260225_110900_relu_best.pth...20260225_113716
At epoch 2458, test loss = 8.8841
...model saved to 15_exp/models/FloydWarshallDataset_tropical_0.0001_20000_20260225_110900_relu_best.pth...20260225_113717
At epoch 2475, test loss = 8.8779
...model saved to 15_exp/models/FloydWarshallDataset_tropical_0.0001_20000_20260225_110900_relu_best.pth...20260225_113728
At epoch 2478, test loss = 8.8752
...model saved to 15_exp/models/FloydWarshallDataset_tropical_0.0001_20000_20260225_110900_relu_best.pth...20260225_113730
At epoch 2481, test loss = 8.8653
...model saved to 15_exp/models/FloydWarshallDataset_tropical_0.0001_20000_20260225_110900_relu_best.pth...20260225_113732
At epoch 2496, test loss = 8.8651
...model saved to 15_exp/models/FloydWarshallDataset_tropical_0.0001_20000_20260225_110900_relu_best.pth...20260225_113742
At epoch 2498, test loss = 8.8201
...model saved to 15_exp/models/FloydWarshallDataset_tropical_0.0001_20000_20260225_110900_relu_best.pth...20260225_113743
At epoch 2512, test loss = 8.8055
...model saved to 15_exp/models/FloydWarshallDataset_tropical_0.0001_20000_20260225_110900_relu_best.pth...20260225_113752
At epoch 2516, test loss = 8.7940
...model saved to 15_exp/models/FloydWarshallDataset_tropical_0.0001_20000_20260225_110900_relu_best.pth...20260225_113755
At epoch 2544, test loss = 8.7732
...model saved to 15_exp/models/FloydWarshallDataset_tropical_0.0001_20000_20260225_110900_relu_best.pth...20260225_113814
At epoch 2558, test loss = 8.7528
...model saved to 15_exp/models/FloydWarshallDataset_tropical_0.0001_20000_20260225_110900_relu_best.pth...20260225_113823
At epoch 2568, test loss = 8.7481
...model saved to 15_exp/models/FloydWarshallDataset_tropical_0.0001_20000_20260225_110900_relu_best.pth...20260225_113829
At epoch 2577, test loss = 8.7440
...model saved to 15_exp/models/FloydWarshallDataset_tropical_0.0001_20000_20260225_110900_relu_best.pth...20260225_113835
At epoch 2589, test loss = 8.7273
...model saved to 15_exp/models/FloydWarshallDataset_tropical_0.0001_20000_20260225_110900_relu_best.pth...20260225_113843
At epoch 2601, test loss = 8.7182
...model saved to 15_exp/models/FloydWarshallDataset_tropical_0.0001_20000_20260225_110900_relu_best.pth...20260225_113851
At epoch 2609, test loss = 8.6938
...model saved to 15_exp/models/FloydWarshallDataset_tropical_0.0001_20000_20260225_110900_relu_best.pth...20260225_113857
At epoch 2610, test loss = 8.6915
...model saved to 15_exp/models/FloydWarshallDataset_tropical_0.0001_20000_20260225_110900_relu_best.pth...20260225_113857
At epoch 2613, test loss = 8.6721
...model saved to 15_exp/models/FloydWarshallDataset_tropical_0.0001_20000_20260225_110900_relu_best.pth...20260225_113859
At epoch 2618, test loss = 8.6709
...model saved to 15_exp/models/FloydWarshallDataset_tropical_0.0001_20000_20260225_110900_relu_best.pth...20260225_113903
At epoch 2619, test loss = 8.6311
...model saved to 15_exp/models/FloydWarshallDataset_tropical_0.0001_20000_20260225_110900_relu_best.pth...20260225_113903
At epoch 2638, test loss = 8.5935
...model saved to 15_exp/models/FloydWarshallDataset_tropical_0.0001_20000_20260225_110900_relu_best.pth...20260225_113916
At epoch 2643, test loss = 8.5717
...model saved to 15_exp/models/FloydWarshallDataset_tropical_0.0001_20000_20260225_110900_relu_best.pth...20260225_113919
At epoch 2647, test loss = 8.5714
...model saved to 15_exp/models/FloydWarshallDataset_tropical_0.0001_20000_20260225_110900_relu_best.pth...20260225_113922
At epoch 2655, test loss = 8.5679
...model saved to 15_exp/models/FloydWarshallDataset_tropical_0.0001_20000_20260225_110900_relu_best.pth...20260225_113927
At epoch 2660, test loss = 8.5576
...model saved to 15_exp/models/FloydWarshallDataset_tropical_0.0001_20000_20260225_110900_relu_best.pth...20260225_113930
At epoch 2682, test loss = 8.5548
...model saved to 15_exp/models/FloydWarshallDataset_tropical_0.0001_20000_20260225_110900_relu_best.pth...20260225_113945
At epoch 2688, test loss = 8.5226
...model saved to 15_exp/models/FloydWarshallDataset_tropical_0.0001_20000_20260225_110900_relu_best.pth...20260225_113949
At epoch 2691, test loss = 8.4849
...model saved to 15_exp/models/FloydWarshallDataset_tropical_0.0001_20000_20260225_110900_relu_best.pth...20260225_113951
At epoch 2694, test loss = 8.4757
...model saved to 15_exp/models/FloydWarshallDataset_tropical_0.0001_20000_20260225_110900_relu_best.pth...20260225_113953
At epoch 2695, test loss = 8.4581
...model saved to 15_exp/models/FloydWarshallDataset_tropical_0.0001_20000_20260225_110900_relu_best.pth...20260225_113954
At epoch 2701, test loss = 8.4460
...model saved to 15_exp/models/FloydWarshallDataset_tropical_0.0001_20000_20260225_110900_relu_best.pth...20260225_113958
At epoch 2706, test loss = 8.4284
...model saved to 15_exp/models/FloydWarshallDataset_tropical_0.0001_20000_20260225_110900_relu_best.pth...20260225_114001
At epoch 2715, test loss = 8.4264
...model saved to 15_exp/models/FloydWarshallDataset_tropical_0.0001_20000_20260225_110900_relu_best.pth...20260225_114007
At epoch 2716, test loss = 8.4114
...model saved to 15_exp/models/FloydWarshallDataset_tropical_0.0001_20000_20260225_110900_relu_best.pth...20260225_114008
At epoch 2717, test loss = 8.3863
...model saved to 15_exp/models/FloydWarshallDataset_tropical_0.0001_20000_20260225_110900_relu_best.pth...20260225_114008
At epoch 2720, test loss = 8.3546
...model saved to 15_exp/models/FloydWarshallDataset_tropical_0.0001_20000_20260225_110900_relu_best.pth...20260225_114010
At epoch 2724, test loss = 8.3468
...model saved to 15_exp/models/FloydWarshallDataset_tropical_0.0001_20000_20260225_110900_relu_best.pth...20260225_114013
At epoch 2733, test loss = 8.3353
...model saved to 15_exp/models/FloydWarshallDataset_tropical_0.0001_20000_20260225_110900_relu_best.pth...20260225_114019
At epoch 2738, test loss = 8.3307
...model saved to 15_exp/models/FloydWarshallDataset_tropical_0.0001_20000_20260225_110900_relu_best.pth...20260225_114022
At epoch 2740, test loss = 8.3219
...model saved to 15_exp/models/FloydWarshallDataset_tropical_0.0001_20000_20260225_110900_relu_best.pth...20260225_114024
At epoch 2751, test loss = 8.3053
...model saved to 15_exp/models/FloydWarshallDataset_tropical_0.0001_20000_20260225_110900_relu_best.pth...20260225_114031
At epoch 2752, test loss = 8.3031
...model saved to 15_exp/models/FloydWarshallDataset_tropical_0.0001_20000_20260225_110900_relu_best.pth...20260225_114032
At epoch 2755, test loss = 8.2707
...model saved to 15_exp/models/FloydWarshallDataset_tropical_0.0001_20000_20260225_110900_relu_best.pth...20260225_114034
At epoch 2758, test loss = 8.2481
...model saved to 15_exp/models/FloydWarshallDataset_tropical_0.0001_20000_20260225_110900_relu_best.pth...20260225_114036
At epoch 2760, test loss = 8.2430
...model saved to 15_exp/models/FloydWarshallDataset_tropical_0.0001_20000_20260225_110900_relu_best.pth...20260225_114037
At epoch 2762, test loss = 8.2349
...model saved to 15_exp/models/FloydWarshallDataset_tropical_0.0001_20000_20260225_110900_relu_best.pth...20260225_114038
At epoch 2763, test loss = 8.2295
...model saved to 15_exp/models/FloydWarshallDataset_tropical_0.0001_20000_20260225_110900_relu_best.pth...20260225_114039
At epoch 2766, test loss = 8.1999
...model saved to 15_exp/models/FloydWarshallDataset_tropical_0.0001_20000_20260225_110900_relu_best.pth...20260225_114041
At epoch 2779, test loss = 8.1858
...model saved to 15_exp/models/FloydWarshallDataset_tropical_0.0001_20000_20260225_110900_relu_best.pth...20260225_114050
At epoch 2780, test loss = 8.1839
...model saved to 15_exp/models/FloydWarshallDataset_tropical_0.0001_20000_20260225_110900_relu_best.pth...20260225_114050
At epoch 2782, test loss = 8.1644
...model saved to 15_exp/models/FloydWarshallDataset_tropical_0.0001_20000_20260225_110900_relu_best.pth...20260225_114052
At epoch 2787, test loss = 8.1312
...model saved to 15_exp/models/FloydWarshallDataset_tropical_0.0001_20000_20260225_110900_relu_best.pth...20260225_114055
At epoch 2790, test loss = 8.1249
...model saved to 15_exp/models/FloydWarshallDataset_tropical_0.0001_20000_20260225_110900_relu_best.pth...20260225_114057
At epoch 2793, test loss = 8.1211
...model saved to 15_exp/models/FloydWarshallDataset_tropical_0.0001_20000_20260225_110900_relu_best.pth...20260225_114059
At epoch 2794, test loss = 8.0894
...model saved to 15_exp/models/FloydWarshallDataset_tropical_0.0001_20000_20260225_110900_relu_best.pth...20260225_114100
At epoch 2795, test loss = 8.0892
...model saved to 15_exp/models/FloydWarshallDataset_tropical_0.0001_20000_20260225_110900_relu_best.pth...20260225_114100
At epoch 2827, test loss = 8.0596
...model saved to 15_exp/models/FloydWarshallDataset_tropical_0.0001_20000_20260225_110900_relu_best.pth...20260225_114122
At epoch 2828, test loss = 8.0015
...model saved to 15_exp/models/FloydWarshallDataset_tropical_0.0001_20000_20260225_110900_relu_best.pth...20260225_114122
At epoch 2837, test loss = 7.9959
...model saved to 15_exp/models/FloydWarshallDataset_tropical_0.0001_20000_20260225_110900_relu_best.pth...20260225_114128
At epoch 2850, test loss = 7.9741
...model saved to 15_exp/models/FloydWarshallDataset_tropical_0.0001_20000_20260225_110900_relu_best.pth...20260225_114137
At epoch 2852, test loss = 7.9572
...model saved to 15_exp/models/FloydWarshallDataset_tropical_0.0001_20000_20260225_110900_relu_best.pth...20260225_114138
At epoch 2853, test loss = 7.9539
...model saved to 15_exp/models/FloydWarshallDataset_tropical_0.0001_20000_20260225_110900_relu_best.pth...20260225_114139
At epoch 2857, test loss = 7.9534
...model saved to 15_exp/models/FloydWarshallDataset_tropical_0.0001_20000_20260225_110900_relu_best.pth...20260225_114142
At epoch 2860, test loss = 7.9509
...model saved to 15_exp/models/FloydWarshallDataset_tropical_0.0001_20000_20260225_110900_relu_best.pth...20260225_114144
At epoch 2862, test loss = 7.9133
...model saved to 15_exp/models/FloydWarshallDataset_tropical_0.0001_20000_20260225_110900_relu_best.pth...20260225_114145
At epoch 2872, test loss = 7.9024
...model saved to 15_exp/models/FloydWarshallDataset_tropical_0.0001_20000_20260225_110900_relu_best.pth...20260225_114152
At epoch 2877, test loss = 7.8943
...model saved to 15_exp/models/FloydWarshallDataset_tropical_0.0001_20000_20260225_110900_relu_best.pth...20260225_114156
At epoch 2878, test loss = 7.8881
...model saved to 15_exp/models/FloydWarshallDataset_tropical_0.0001_20000_20260225_110900_relu_best.pth...20260225_114156
At epoch 2882, test loss = 7.8610
...model saved to 15_exp/models/FloydWarshallDataset_tropical_0.0001_20000_20260225_110900_relu_best.pth...20260225_114159
At epoch 2883, test loss = 7.8586
...model saved to 15_exp/models/FloydWarshallDataset_tropical_0.0001_20000_20260225_110900_relu_best.pth...20260225_114200
At epoch 2899, test loss = 7.8539
...model saved to 15_exp/models/FloydWarshallDataset_tropical_0.0001_20000_20260225_110900_relu_best.pth...20260225_114212
At epoch 2904, test loss = 7.8515
...model saved to 15_exp/models/FloydWarshallDataset_tropical_0.0001_20000_20260225_110900_relu_best.pth...20260225_114215
At epoch 2916, test loss = 7.8476
...model saved to 15_exp/models/FloydWarshallDataset_tropical_0.0001_20000_20260225_110900_relu_best.pth...20260225_114224
At epoch 2917, test loss = 7.8162
...model saved to 15_exp/models/FloydWarshallDataset_tropical_0.0001_20000_20260225_110900_relu_best.pth...20260225_114224
At epoch 2924, test loss = 7.8112
...model saved to 15_exp/models/FloydWarshallDataset_tropical_0.0001_20000_20260225_110900_relu_best.pth...20260225_114229
At epoch 2926, test loss = 7.8004
...model saved to 15_exp/models/FloydWarshallDataset_tropical_0.0001_20000_20260225_110900_relu_best.pth...20260225_114231
At epoch 2927, test loss = 7.7940
...model saved to 15_exp/models/FloydWarshallDataset_tropical_0.0001_20000_20260225_110900_relu_best.pth...20260225_114231
At epoch 2931, test loss = 7.7808
...model saved to 15_exp/models/FloydWarshallDataset_tropical_0.0001_20000_20260225_110900_relu_best.pth...20260225_114234
At epoch 2932, test loss = 7.7793
...model saved to 15_exp/models/FloydWarshallDataset_tropical_0.0001_20000_20260225_110900_relu_best.pth...20260225_114235
At epoch 2933, test loss = 7.7705
...model saved to 15_exp/models/FloydWarshallDataset_tropical_0.0001_20000_20260225_110900_relu_best.pth...20260225_114236
At epoch 2935, test loss = 7.7696
...model saved to 15_exp/models/FloydWarshallDataset_tropical_0.0001_20000_20260225_110900_relu_best.pth...20260225_114237
At epoch 2939, test loss = 7.7635
...model saved to 15_exp/models/FloydWarshallDataset_tropical_0.0001_20000_20260225_110900_relu_best.pth...20260225_114240
At epoch 2940, test loss = 7.7616
...model saved to 15_exp/models/FloydWarshallDataset_tropical_0.0001_20000_20260225_110900_relu_best.pth...20260225_114241
At epoch 2942, test loss = 7.7476
...model saved to 15_exp/models/FloydWarshallDataset_tropical_0.0001_20000_20260225_110900_relu_best.pth...20260225_114242
At epoch 2945, test loss = 7.7424
...model saved to 15_exp/models/FloydWarshallDataset_tropical_0.0001_20000_20260225_110900_relu_best.pth...20260225_114244
At epoch 2947, test loss = 7.7351
...model saved to 15_exp/models/FloydWarshallDataset_tropical_0.0001_20000_20260225_110900_relu_best.pth...20260225_114246
At epoch 2948, test loss = 7.7091
...model saved to 15_exp/models/FloydWarshallDataset_tropical_0.0001_20000_20260225_110900_relu_best.pth...20260225_114246
At epoch 2956, test loss = 7.7036
...model saved to 15_exp/models/FloydWarshallDataset_tropical_0.0001_20000_20260225_110900_relu_best.pth...20260225_114252
At epoch 2957, test loss = 7.6841
...model saved to 15_exp/models/FloydWarshallDataset_tropical_0.0001_20000_20260225_110900_relu_best.pth...20260225_114253
At epoch 2968, test loss = 7.6717
...model saved to 15_exp/models/FloydWarshallDataset_tropical_0.0001_20000_20260225_110900_relu_best.pth...20260225_114300
At epoch 2973, test loss = 7.6669
...model saved to 15_exp/models/FloydWarshallDataset_tropical_0.0001_20000_20260225_110900_relu_best.pth...20260225_114304
At epoch 2976, test loss = 7.6611
...model saved to 15_exp/models/FloydWarshallDataset_tropical_0.0001_20000_20260225_110900_relu_best.pth...20260225_114306
At epoch 2981, test loss = 7.6479
...model saved to 15_exp/models/FloydWarshallDataset_tropical_0.0001_20000_20260225_110900_relu_best.pth...20260225_114309
At epoch 2982, test loss = 7.6430
...model saved to 15_exp/models/FloydWarshallDataset_tropical_0.0001_20000_20260225_110900_relu_best.pth...20260225_114310
At epoch 2983, test loss = 7.6084
...model saved to 15_exp/models/FloydWarshallDataset_tropical_0.0001_20000_20260225_110900_relu_best.pth...20260225_114311
At epoch 3015, test loss = 7.6031
...model saved to 15_exp/models/FloydWarshallDataset_tropical_0.0001_20000_20260225_110900_relu_best.pth...20260225_114332
At epoch 3017, test loss = 7.5893
...model saved to 15_exp/models/FloydWarshallDataset_tropical_0.0001_20000_20260225_110900_relu_best.pth...20260225_114333
At epoch 3022, test loss = 7.5816
...model saved to 15_exp/models/FloydWarshallDataset_tropical_0.0001_20000_20260225_110900_relu_best.pth...20260225_114336
At epoch 3027, test loss = 7.5809
...model saved to 15_exp/models/FloydWarshallDataset_tropical_0.0001_20000_20260225_110900_relu_best.pth...20260225_114340
At epoch 3029, test loss = 7.5647
...model saved to 15_exp/models/FloydWarshallDataset_tropical_0.0001_20000_20260225_110900_relu_best.pth...20260225_114341
At epoch 3034, test loss = 7.5635
...model saved to 15_exp/models/FloydWarshallDataset_tropical_0.0001_20000_20260225_110900_relu_best.pth...20260225_114344
At epoch 3036, test loss = 7.5364
...model saved to 15_exp/models/FloydWarshallDataset_tropical_0.0001_20000_20260225_110900_relu_best.pth...20260225_114346
At epoch 3046, test loss = 7.5269
...model saved to 15_exp/models/FloydWarshallDataset_tropical_0.0001_20000_20260225_110900_relu_best.pth...20260225_114352
At epoch 3049, test loss = 7.5236
...model saved to 15_exp/models/FloydWarshallDataset_tropical_0.0001_20000_20260225_110900_relu_best.pth...20260225_114354
At epoch 3050, test loss = 7.5059
...model saved to 15_exp/models/FloydWarshallDataset_tropical_0.0001_20000_20260225_110900_relu_best.pth...20260225_114355
At epoch 3052, test loss = 7.5032
...model saved to 15_exp/models/FloydWarshallDataset_tropical_0.0001_20000_20260225_110900_relu_best.pth...20260225_114356
At epoch 3057, test loss = 7.5019
...model saved to 15_exp/models/FloydWarshallDataset_tropical_0.0001_20000_20260225_110900_relu_best.pth...20260225_114400
At epoch 3058, test loss = 7.4971
...model saved to 15_exp/models/FloydWarshallDataset_tropical_0.0001_20000_20260225_110900_relu_best.pth...20260225_114400
At epoch 3060, test loss = 7.4935
...model saved to 15_exp/models/FloydWarshallDataset_tropical_0.0001_20000_20260225_110900_relu_best.pth...20260225_114402
At epoch 3061, test loss = 7.4915
...model saved to 15_exp/models/FloydWarshallDataset_tropical_0.0001_20000_20260225_110900_relu_best.pth...20260225_114402
At epoch 3065, test loss = 7.4739
...model saved to 15_exp/models/FloydWarshallDataset_tropical_0.0001_20000_20260225_110900_relu_best.pth...20260225_114405
At epoch 3071, test loss = 7.4698
...model saved to 15_exp/models/FloydWarshallDataset_tropical_0.0001_20000_20260225_110900_relu_best.pth...20260225_114409
At epoch 3075, test loss = 7.4688
...model saved to 15_exp/models/FloydWarshallDataset_tropical_0.0001_20000_20260225_110900_relu_best.pth...20260225_114412
At epoch 3078, test loss = 7.4646
...model saved to 15_exp/models/FloydWarshallDataset_tropical_0.0001_20000_20260225_110900_relu_best.pth...20260225_114414
At epoch 3079, test loss = 7.4315
...model saved to 15_exp/models/FloydWarshallDataset_tropical_0.0001_20000_20260225_110900_relu_best.pth...20260225_114414
At epoch 3081, test loss = 7.4276
...model saved to 15_exp/models/FloydWarshallDataset_tropical_0.0001_20000_20260225_110900_relu_best.pth...20260225_114416
At epoch 3086, test loss = 7.4233
...model saved to 15_exp/models/FloydWarshallDataset_tropical_0.0001_20000_20260225_110900_relu_best.pth...20260225_114419
At epoch 3088, test loss = 7.4180
...model saved to 15_exp/models/FloydWarshallDataset_tropical_0.0001_20000_20260225_110900_relu_best.pth...20260225_114420
At epoch 3094, test loss = 7.4178
...model saved to 15_exp/models/FloydWarshallDataset_tropical_0.0001_20000_20260225_110900_relu_best.pth...20260225_114424
At epoch 3095, test loss = 7.4032
...model saved to 15_exp/models/FloydWarshallDataset_tropical_0.0001_20000_20260225_110900_relu_best.pth...20260225_114425
At epoch 3103, test loss = 7.3982
...model saved to 15_exp/models/FloydWarshallDataset_tropical_0.0001_20000_20260225_110900_relu_best.pth...20260225_114430
At epoch 3116, test loss = 7.3980
...model saved to 15_exp/models/FloydWarshallDataset_tropical_0.0001_20000_20260225_110900_relu_best.pth...20260225_114439
At epoch 3117, test loss = 7.3959
...model saved to 15_exp/models/FloydWarshallDataset_tropical_0.0001_20000_20260225_110900_relu_best.pth...20260225_114440
At epoch 3118, test loss = 7.3831
...model saved to 15_exp/models/FloydWarshallDataset_tropical_0.0001_20000_20260225_110900_relu_best.pth...20260225_114440
At epoch 3120, test loss = 7.3652
...model saved to 15_exp/models/FloydWarshallDataset_tropical_0.0001_20000_20260225_110900_relu_best.pth...20260225_114442
At epoch 3121, test loss = 7.3605
...model saved to 15_exp/models/FloydWarshallDataset_tropical_0.0001_20000_20260225_110900_relu_best.pth...20260225_114442
At epoch 3125, test loss = 7.3491
...model saved to 15_exp/models/FloydWarshallDataset_tropical_0.0001_20000_20260225_110900_relu_best.pth...20260225_114445
At epoch 3131, test loss = 7.3483
...model saved to 15_exp/models/FloydWarshallDataset_tropical_0.0001_20000_20260225_110900_relu_best.pth...20260225_114449
At epoch 3137, test loss = 7.3206
...model saved to 15_exp/models/FloydWarshallDataset_tropical_0.0001_20000_20260225_110900_relu_best.pth...20260225_114453
At epoch 3141, test loss = 7.3141
...model saved to 15_exp/models/FloydWarshallDataset_tropical_0.0001_20000_20260225_110900_relu_best.pth...20260225_114456
At epoch 3149, test loss = 7.3073
...model saved to 15_exp/models/FloydWarshallDataset_tropical_0.0001_20000_20260225_110900_relu_best.pth...20260225_114501
At epoch 3150, test loss = 7.3037
...model saved to 15_exp/models/FloydWarshallDataset_tropical_0.0001_20000_20260225_110900_relu_best.pth...20260225_114502
At epoch 3151, test loss = 7.2987
...model saved to 15_exp/models/FloydWarshallDataset_tropical_0.0001_20000_20260225_110900_relu_best.pth...20260225_114502
At epoch 3155, test loss = 7.2909
...model saved to 15_exp/models/FloydWarshallDataset_tropical_0.0001_20000_20260225_110900_relu_best.pth...20260225_114505
At epoch 3160, test loss = 7.2869
...model saved to 15_exp/models/FloydWarshallDataset_tropical_0.0001_20000_20260225_110900_relu_best.pth...20260225_114508
At epoch 3162, test loss = 7.2677
...model saved to 15_exp/models/FloydWarshallDataset_tropical_0.0001_20000_20260225_110900_relu_best.pth...20260225_114510
At epoch 3169, test loss = 7.2492
...model saved to 15_exp/models/FloydWarshallDataset_tropical_0.0001_20000_20260225_110900_relu_best.pth...20260225_114514
At epoch 3171, test loss = 7.2419
...model saved to 15_exp/models/FloydWarshallDataset_tropical_0.0001_20000_20260225_110900_relu_best.pth...20260225_114516
At epoch 3178, test loss = 7.2089
...model saved to 15_exp/models/FloydWarshallDataset_tropical_0.0001_20000_20260225_110900_relu_best.pth...20260225_114520
At epoch 3183, test loss = 7.1994
...model saved to 15_exp/models/FloydWarshallDataset_tropical_0.0001_20000_20260225_110900_relu_best.pth...20260225_114524
At epoch 3186, test loss = 7.1990
...model saved to 15_exp/models/FloydWarshallDataset_tropical_0.0001_20000_20260225_110900_relu_best.pth...20260225_114526
At epoch 3192, test loss = 7.1818
...model saved to 15_exp/models/FloydWarshallDataset_tropical_0.0001_20000_20260225_110900_relu_best.pth...20260225_114530
At epoch 3193, test loss = 7.1732
...model saved to 15_exp/models/FloydWarshallDataset_tropical_0.0001_20000_20260225_110900_relu_best.pth...20260225_114530
At epoch 3195, test loss = 7.1658
...model saved to 15_exp/models/FloydWarshallDataset_tropical_0.0001_20000_20260225_110900_relu_best.pth...20260225_114532
At epoch 3197, test loss = 7.1627
...model saved to 15_exp/models/FloydWarshallDataset_tropical_0.0001_20000_20260225_110900_relu_best.pth...20260225_114533
At epoch 3199, test loss = 7.1572
...model saved to 15_exp/models/FloydWarshallDataset_tropical_0.0001_20000_20260225_110900_relu_best.pth...20260225_114534
At epoch 3201, test loss = 7.1522
...model saved to 15_exp/models/FloydWarshallDataset_tropical_0.0001_20000_20260225_110900_relu_best.pth...20260225_114536
At epoch 3202, test loss = 7.1366
...model saved to 15_exp/models/FloydWarshallDataset_tropical_0.0001_20000_20260225_110900_relu_best.pth...20260225_114536
At epoch 3211, test loss = 7.1079
...model saved to 15_exp/models/FloydWarshallDataset_tropical_0.0001_20000_20260225_110900_relu_best.pth...20260225_114542
At epoch 3221, test loss = 7.0745
...model saved to 15_exp/models/FloydWarshallDataset_tropical_0.0001_20000_20260225_110900_relu_best.pth...20260225_114549
At epoch 3224, test loss = 7.0743
...model saved to 15_exp/models/FloydWarshallDataset_tropical_0.0001_20000_20260225_110900_relu_best.pth...20260225_114551
At epoch 3225, test loss = 7.0526
...model saved to 15_exp/models/FloydWarshallDataset_tropical_0.0001_20000_20260225_110900_relu_best.pth...20260225_114552
At epoch 3227, test loss = 7.0525
...model saved to 15_exp/models/FloydWarshallDataset_tropical_0.0001_20000_20260225_110900_relu_best.pth...20260225_114553
At epoch 3231, test loss = 7.0483
...model saved to 15_exp/models/FloydWarshallDataset_tropical_0.0001_20000_20260225_110900_relu_best.pth...20260225_114556
At epoch 3238, test loss = 7.0186
...model saved to 15_exp/models/FloydWarshallDataset_tropical_0.0001_20000_20260225_110900_relu_best.pth...20260225_114600
At epoch 3251, test loss = 7.0113
...model saved to 15_exp/models/FloydWarshallDataset_tropical_0.0001_20000_20260225_110900_relu_best.pth...20260225_114609
At epoch 3254, test loss = 7.0078
...model saved to 15_exp/models/FloydWarshallDataset_tropical_0.0001_20000_20260225_110900_relu_best.pth...20260225_114611
At epoch 3256, test loss = 7.0064
...model saved to 15_exp/models/FloydWarshallDataset_tropical_0.0001_20000_20260225_110900_relu_best.pth...20260225_114612
At epoch 3258, test loss = 7.0029
...model saved to 15_exp/models/FloydWarshallDataset_tropical_0.0001_20000_20260225_110900_relu_best.pth...20260225_114614
At epoch 3262, test loss = 6.9977
...model saved to 15_exp/models/FloydWarshallDataset_tropical_0.0001_20000_20260225_110900_relu_best.pth...20260225_114616
At epoch 3263, test loss = 6.9891
...model saved to 15_exp/models/FloydWarshallDataset_tropical_0.0001_20000_20260225_110900_relu_best.pth...20260225_114617
At epoch 3264, test loss = 6.9760
...model saved to 15_exp/models/FloydWarshallDataset_tropical_0.0001_20000_20260225_110900_relu_best.pth...20260225_114618
At epoch 3275, test loss = 6.9724
...model saved to 15_exp/models/FloydWarshallDataset_tropical_0.0001_20000_20260225_110900_relu_best.pth...20260225_114625
At epoch 3277, test loss = 6.9658
...model saved to 15_exp/models/FloydWarshallDataset_tropical_0.0001_20000_20260225_110900_relu_best.pth...20260225_114626
At epoch 3281, test loss = 6.9631
...model saved to 15_exp/models/FloydWarshallDataset_tropical_0.0001_20000_20260225_110900_relu_best.pth...20260225_114629
At epoch 3284, test loss = 6.9619
...model saved to 15_exp/models/FloydWarshallDataset_tropical_0.0001_20000_20260225_110900_relu_best.pth...20260225_114631
At epoch 3294, test loss = 6.9504
...model saved to 15_exp/models/FloydWarshallDataset_tropical_0.0001_20000_20260225_110900_relu_best.pth...20260225_114638
At epoch 3296, test loss = 6.9220
...model saved to 15_exp/models/FloydWarshallDataset_tropical_0.0001_20000_20260225_110900_relu_best.pth...20260225_114639
At epoch 3329, test loss = 6.9193
...model saved to 15_exp/models/FloydWarshallDataset_tropical_0.0001_20000_20260225_110900_relu_best.pth...20260225_114701
At epoch 3333, test loss = 6.9014
...model saved to 15_exp/models/FloydWarshallDataset_tropical_0.0001_20000_20260225_110900_relu_best.pth...20260225_114704
At epoch 3335, test loss = 6.8957
...model saved to 15_exp/models/FloydWarshallDataset_tropical_0.0001_20000_20260225_110900_relu_best.pth...20260225_114705
At epoch 3346, test loss = 6.8904
...model saved to 15_exp/models/FloydWarshallDataset_tropical_0.0001_20000_20260225_110900_relu_best.pth...20260225_114712
At epoch 3353, test loss = 6.8854
...model saved to 15_exp/models/FloydWarshallDataset_tropical_0.0001_20000_20260225_110900_relu_best.pth...20260225_114717
At epoch 3356, test loss = 6.8776
...model saved to 15_exp/models/FloydWarshallDataset_tropical_0.0001_20000_20260225_110900_relu_best.pth...20260225_114719
At epoch 3357, test loss = 6.8632
...model saved to 15_exp/models/FloydWarshallDataset_tropical_0.0001_20000_20260225_110900_relu_best.pth...20260225_114719
At epoch 3376, test loss = 6.8426
...model saved to 15_exp/models/FloydWarshallDataset_tropical_0.0001_20000_20260225_110900_relu_best.pth...20260225_114732
At epoch 3377, test loss = 6.8424
...model saved to 15_exp/models/FloydWarshallDataset_tropical_0.0001_20000_20260225_110900_relu_best.pth...20260225_114733
At epoch 3382, test loss = 6.8342
...model saved to 15_exp/models/FloydWarshallDataset_tropical_0.0001_20000_20260225_110900_relu_best.pth...20260225_114736
At epoch 3385, test loss = 6.8279
...model saved to 15_exp/models/FloydWarshallDataset_tropical_0.0001_20000_20260225_110900_relu_best.pth...20260225_114738
At epoch 3386, test loss = 6.8267
...model saved to 15_exp/models/FloydWarshallDataset_tropical_0.0001_20000_20260225_110900_relu_best.pth...20260225_114739
At epoch 3387, test loss = 6.8242
...model saved to 15_exp/models/FloydWarshallDataset_tropical_0.0001_20000_20260225_110900_relu_best.pth...20260225_114739
At epoch 3398, test loss = 6.8167
...model saved to 15_exp/models/FloydWarshallDataset_tropical_0.0001_20000_20260225_110900_relu_best.pth...20260225_114747
At epoch 3399, test loss = 6.8116
...model saved to 15_exp/models/FloydWarshallDataset_tropical_0.0001_20000_20260225_110900_relu_best.pth...20260225_114747
At epoch 3403, test loss = 6.8088
...model saved to 15_exp/models/FloydWarshallDataset_tropical_0.0001_20000_20260225_110900_relu_best.pth...20260225_114750
At epoch 3407, test loss = 6.8073
...model saved to 15_exp/models/FloydWarshallDataset_tropical_0.0001_20000_20260225_110900_relu_best.pth...20260225_114753
At epoch 3410, test loss = 6.8067
...model saved to 15_exp/models/FloydWarshallDataset_tropical_0.0001_20000_20260225_110900_relu_best.pth...20260225_114755
At epoch 3413, test loss = 6.8006
...model saved to 15_exp/models/FloydWarshallDataset_tropical_0.0001_20000_20260225_110900_relu_best.pth...20260225_114757
At epoch 3416, test loss = 6.7931
...model saved to 15_exp/models/FloydWarshallDataset_tropical_0.0001_20000_20260225_110900_relu_best.pth...20260225_114759
At epoch 3417, test loss = 6.7827
...model saved to 15_exp/models/FloydWarshallDataset_tropical_0.0001_20000_20260225_110900_relu_best.pth...20260225_114759
At epoch 3425, test loss = 6.7825
...model saved to 15_exp/models/FloydWarshallDataset_tropical_0.0001_20000_20260225_110900_relu_best.pth...20260225_114805
At epoch 3442, test loss = 6.7734
...model saved to 15_exp/models/FloydWarshallDataset_tropical_0.0001_20000_20260225_110900_relu_best.pth...20260225_114816
At epoch 3446, test loss = 6.7589
...model saved to 15_exp/models/FloydWarshallDataset_tropical_0.0001_20000_20260225_110900_relu_best.pth...20260225_114819
At epoch 3447, test loss = 6.7539
...model saved to 15_exp/models/FloydWarshallDataset_tropical_0.0001_20000_20260225_110900_relu_best.pth...20260225_114820
At epoch 3448, test loss = 6.7425
...model saved to 15_exp/models/FloydWarshallDataset_tropical_0.0001_20000_20260225_110900_relu_best.pth...20260225_114820
At epoch 3449, test loss = 6.7392
...model saved to 15_exp/models/FloydWarshallDataset_tropical_0.0001_20000_20260225_110900_relu_best.pth...20260225_114821
At epoch 3472, test loss = 6.7355
...model saved to 15_exp/models/FloydWarshallDataset_tropical_0.0001_20000_20260225_110900_relu_best.pth...20260225_114836
At epoch 3476, test loss = 6.7277
...model saved to 15_exp/models/FloydWarshallDataset_tropical_0.0001_20000_20260225_110900_relu_best.pth...20260225_114839
At epoch 3481, test loss = 6.7142
...model saved to 15_exp/models/FloydWarshallDataset_tropical_0.0001_20000_20260225_110900_relu_best.pth...20260225_114842
At epoch 3483, test loss = 6.7122
...model saved to 15_exp/models/FloydWarshallDataset_tropical_0.0001_20000_20260225_110900_relu_best.pth...20260225_114844
At epoch 3485, test loss = 6.6950
...model saved to 15_exp/models/FloydWarshallDataset_tropical_0.0001_20000_20260225_110900_relu_best.pth...20260225_114845
At epoch 3490, test loss = 6.6912
...model saved to 15_exp/models/FloydWarshallDataset_tropical_0.0001_20000_20260225_110900_relu_best.pth...20260225_114848
At epoch 3491, test loss = 6.6633
...model saved to 15_exp/models/FloydWarshallDataset_tropical_0.0001_20000_20260225_110900_relu_best.pth...20260225_114849
At epoch 3513, test loss = 6.6585
...model saved to 15_exp/models/FloydWarshallDataset_tropical_0.0001_20000_20260225_110900_relu_best.pth...20260225_114904
At epoch 3517, test loss = 6.6577
...model saved to 15_exp/models/FloydWarshallDataset_tropical_0.0001_20000_20260225_110900_relu_best.pth...20260225_114906
At epoch 3523, test loss = 6.6515
...model saved to 15_exp/models/FloydWarshallDataset_tropical_0.0001_20000_20260225_110900_relu_best.pth...20260225_114911
At epoch 3525, test loss = 6.6442
...model saved to 15_exp/models/FloydWarshallDataset_tropical_0.0001_20000_20260225_110900_relu_best.pth...20260225_114912
At epoch 3528, test loss = 6.6346
...model saved to 15_exp/models/FloydWarshallDataset_tropical_0.0001_20000_20260225_110900_relu_best.pth...20260225_114914
At epoch 3538, test loss = 6.6285
...model saved to 15_exp/models/FloydWarshallDataset_tropical_0.0001_20000_20260225_110900_relu_best.pth...20260225_114920
At epoch 3542, test loss = 6.6010
...model saved to 15_exp/models/FloydWarshallDataset_tropical_0.0001_20000_20260225_110900_relu_best.pth...20260225_114923
At epoch 3554, test loss = 6.5992
...model saved to 15_exp/models/FloydWarshallDataset_tropical_0.0001_20000_20260225_110900_relu_best.pth...20260225_114931
At epoch 3557, test loss = 6.5968
...model saved to 15_exp/models/FloydWarshallDataset_tropical_0.0001_20000_20260225_110900_relu_best.pth...20260225_114933
At epoch 3560, test loss = 6.5923
...model saved to 15_exp/models/FloydWarshallDataset_tropical_0.0001_20000_20260225_110900_relu_best.pth...20260225_114935
At epoch 3561, test loss = 6.5794
...model saved to 15_exp/models/FloydWarshallDataset_tropical_0.0001_20000_20260225_110900_relu_best.pth...20260225_114936
At epoch 3562, test loss = 6.5735
...model saved to 15_exp/models/FloydWarshallDataset_tropical_0.0001_20000_20260225_110900_relu_best.pth...20260225_114937
At epoch 3565, test loss = 6.5707
...model saved to 15_exp/models/FloydWarshallDataset_tropical_0.0001_20000_20260225_110900_relu_best.pth...20260225_114939
At epoch 3577, test loss = 6.5703
...model saved to 15_exp/models/FloydWarshallDataset_tropical_0.0001_20000_20260225_110900_relu_best.pth...20260225_114947
At epoch 3595, test loss = 6.5380
...model saved to 15_exp/models/FloydWarshallDataset_tropical_0.0001_20000_20260225_110900_relu_best.pth...20260225_114959
At epoch 3607, test loss = 6.5281
...model saved to 15_exp/models/FloydWarshallDataset_tropical_0.0001_20000_20260225_110900_relu_best.pth...20260225_115007
At epoch 3621, test loss = 6.5132
...model saved to 15_exp/models/FloydWarshallDataset_tropical_0.0001_20000_20260225_110900_relu_best.pth...20260225_115016
At epoch 3626, test loss = 6.5116
...model saved to 15_exp/models/FloydWarshallDataset_tropical_0.0001_20000_20260225_110900_relu_best.pth...20260225_115019
At epoch 3636, test loss = 6.5029
...model saved to 15_exp/models/FloydWarshallDataset_tropical_0.0001_20000_20260225_110900_relu_best.pth...20260225_115026
At epoch 3644, test loss = 6.4963
...model saved to 15_exp/models/FloydWarshallDataset_tropical_0.0001_20000_20260225_110900_relu_best.pth...20260225_115031
At epoch 3654, test loss = 6.4667
...model saved to 15_exp/models/FloydWarshallDataset_tropical_0.0001_20000_20260225_110900_relu_best.pth...20260225_115038
At epoch 3662, test loss = 6.4583
...model saved to 15_exp/models/FloydWarshallDataset_tropical_0.0001_20000_20260225_110900_relu_best.pth...20260225_115043
At epoch 3671, test loss = 6.4514
...model saved to 15_exp/models/FloydWarshallDataset_tropical_0.0001_20000_20260225_110900_relu_best.pth...20260225_115049
At epoch 3674, test loss = 6.4513
...model saved to 15_exp/models/FloydWarshallDataset_tropical_0.0001_20000_20260225_110900_relu_best.pth...20260225_115051
At epoch 3675, test loss = 6.4435
...model saved to 15_exp/models/FloydWarshallDataset_tropical_0.0001_20000_20260225_110900_relu_best.pth...20260225_115052
At epoch 3690, test loss = 6.4392
...model saved to 15_exp/models/FloydWarshallDataset_tropical_0.0001_20000_20260225_110900_relu_best.pth...20260225_115102
At epoch 3694, test loss = 6.4382
...model saved to 15_exp/models/FloydWarshallDataset_tropical_0.0001_20000_20260225_110900_relu_best.pth...20260225_115105
At epoch 3697, test loss = 6.4300
...model saved to 15_exp/models/FloydWarshallDataset_tropical_0.0001_20000_20260225_110900_relu_best.pth...20260225_115107
At epoch 3700, test loss = 6.4299
...model saved to 15_exp/models/FloydWarshallDataset_tropical_0.0001_20000_20260225_110900_relu_best.pth...20260225_115109
At epoch 3702, test loss = 6.4197
...model saved to 15_exp/models/FloydWarshallDataset_tropical_0.0001_20000_20260225_110900_relu_best.pth...20260225_115110
At epoch 3704, test loss = 6.4052
...model saved to 15_exp/models/FloydWarshallDataset_tropical_0.0001_20000_20260225_110900_relu_best.pth...20260225_115111
At epoch 3705, test loss = 6.4033
...model saved to 15_exp/models/FloydWarshallDataset_tropical_0.0001_20000_20260225_110900_relu_best.pth...20260225_115112
At epoch 3706, test loss = 6.4021
...model saved to 15_exp/models/FloydWarshallDataset_tropical_0.0001_20000_20260225_110900_relu_best.pth...20260225_115113
At epoch 3707, test loss = 6.3790
...model saved to 15_exp/models/FloydWarshallDataset_tropical_0.0001_20000_20260225_110900_relu_best.pth...20260225_115113
At epoch 3710, test loss = 6.3789
...model saved to 15_exp/models/FloydWarshallDataset_tropical_0.0001_20000_20260225_110900_relu_best.pth...20260225_115115
At epoch 3730, test loss = 6.3784
...model saved to 15_exp/models/FloydWarshallDataset_tropical_0.0001_20000_20260225_110900_relu_best.pth...20260225_115129
At epoch 3731, test loss = 6.3710
...model saved to 15_exp/models/FloydWarshallDataset_tropical_0.0001_20000_20260225_110900_relu_best.pth...20260225_115129
At epoch 3732, test loss = 6.3663
...model saved to 15_exp/models/FloydWarshallDataset_tropical_0.0001_20000_20260225_110900_relu_best.pth...20260225_115130
At epoch 3738, test loss = 6.3587
...model saved to 15_exp/models/FloydWarshallDataset_tropical_0.0001_20000_20260225_110900_relu_best.pth...20260225_115134
At epoch 3764, test loss = 6.3565
...model saved to 15_exp/models/FloydWarshallDataset_tropical_0.0001_20000_20260225_110900_relu_best.pth...20260225_115151
At epoch 3766, test loss = 6.3395
...model saved to 15_exp/models/FloydWarshallDataset_tropical_0.0001_20000_20260225_110900_relu_best.pth...20260225_115152
At epoch 3778, test loss = 6.3380
...model saved to 15_exp/models/FloydWarshallDataset_tropical_0.0001_20000_20260225_110900_relu_best.pth...20260225_115200
At epoch 3789, test loss = 6.3231
...model saved to 15_exp/models/FloydWarshallDataset_tropical_0.0001_20000_20260225_110900_relu_best.pth...20260225_115208
At epoch 3807, test loss = 6.3214
...model saved to 15_exp/models/FloydWarshallDataset_tropical_0.0001_20000_20260225_110900_relu_best.pth...20260225_115220
At epoch 3814, test loss = 6.3110
...model saved to 15_exp/models/FloydWarshallDataset_tropical_0.0001_20000_20260225_110900_relu_best.pth...20260225_115224
At epoch 3815, test loss = 6.3015
...model saved to 15_exp/models/FloydWarshallDataset_tropical_0.0001_20000_20260225_110900_relu_best.pth...20260225_115225
At epoch 3835, test loss = 6.2971
...model saved to 15_exp/models/FloydWarshallDataset_tropical_0.0001_20000_20260225_110900_relu_best.pth...20260225_115238
At epoch 3892, test loss = 6.2863
...model saved to 15_exp/models/FloydWarshallDataset_tropical_0.0001_20000_20260225_110900_relu_best.pth...20260225_115316
At epoch 3910, test loss = 6.2796
...model saved to 15_exp/models/FloydWarshallDataset_tropical_0.0001_20000_20260225_110900_relu_best.pth...20260225_115328
At epoch 3911, test loss = 6.2696
...model saved to 15_exp/models/FloydWarshallDataset_tropical_0.0001_20000_20260225_110900_relu_best.pth...20260225_115329
At epoch 3918, test loss = 6.2653
...model saved to 15_exp/models/FloydWarshallDataset_tropical_0.0001_20000_20260225_110900_relu_best.pth...20260225_115333
At epoch 3921, test loss = 6.2462
...model saved to 15_exp/models/FloydWarshallDataset_tropical_0.0001_20000_20260225_110900_relu_best.pth...20260225_115335
At epoch 3925, test loss = 6.2459
...model saved to 15_exp/models/FloydWarshallDataset_tropical_0.0001_20000_20260225_110900_relu_best.pth...20260225_115338
At epoch 3933, test loss = 6.2435
...model saved to 15_exp/models/FloydWarshallDataset_tropical_0.0001_20000_20260225_110900_relu_best.pth...20260225_115343
At epoch 3955, test loss = 6.2345
...model saved to 15_exp/models/FloydWarshallDataset_tropical_0.0001_20000_20260225_110900_relu_best.pth...20260225_115358
At epoch 3956, test loss = 6.2325
...model saved to 15_exp/models/FloydWarshallDataset_tropical_0.0001_20000_20260225_110900_relu_best.pth...20260225_115359
At epoch 3974, test loss = 6.2270
...model saved to 15_exp/models/FloydWarshallDataset_tropical_0.0001_20000_20260225_110900_relu_best.pth...20260225_115411
At epoch 4061, test loss = 6.2198
...model saved to 15_exp/models/FloydWarshallDataset_tropical_0.0001_20000_20260225_110900_relu_best.pth...20260225_115508
At epoch 4079, test loss = 6.2112
...model saved to 15_exp/models/FloydWarshallDataset_tropical_0.0001_20000_20260225_110900_relu_best.pth...20260225_115520
At epoch 4098, test loss = 6.2040
...model saved to 15_exp/models/FloydWarshallDataset_tropical_0.0001_20000_20260225_110900_relu_best.pth...20260225_115533
At epoch 4123, test loss = 6.1989
...model saved to 15_exp/models/FloydWarshallDataset_tropical_0.0001_20000_20260225_110900_relu_best.pth...20260225_115550
At epoch 4190, test loss = 6.1909
...model saved to 15_exp/models/FloydWarshallDataset_tropical_0.0001_20000_20260225_110900_relu_best.pth...20260225_115635
At epoch 4199, test loss = 6.1803
...model saved to 15_exp/models/FloydWarshallDataset_tropical_0.0001_20000_20260225_110900_relu_best.pth...20260225_115642
At epoch 4209, test loss = 6.1802
...model saved to 15_exp/models/FloydWarshallDataset_tropical_0.0001_20000_20260225_110900_relu_best.pth...20260225_115648
At epoch 4229, test loss = 6.1798
...model saved to 15_exp/models/FloydWarshallDataset_tropical_0.0001_20000_20260225_110900_relu_best.pth...20260225_115701
At epoch 4232, test loss = 6.1566
...model saved to 15_exp/models/FloydWarshallDataset_tropical_0.0001_20000_20260225_110900_relu_best.pth...20260225_115703
At epoch 4277, test loss = 6.1545
...model saved to 15_exp/models/FloydWarshallDataset_tropical_0.0001_20000_20260225_110900_relu_best.pth...20260225_115733
At epoch 4283, test loss = 6.1501
...model saved to 15_exp/models/FloydWarshallDataset_tropical_0.0001_20000_20260225_110900_relu_best.pth...20260225_115737
At epoch 4416, test loss = 6.1448
...model saved to 15_exp/models/FloydWarshallDataset_tropical_0.0001_20000_20260225_110900_relu_best.pth...20260225_115905
At epoch 4430, test loss = 6.1407
...model saved to 15_exp/models/FloydWarshallDataset_tropical_0.0001_20000_20260225_110900_relu_best.pth...20260225_115915
At epoch 4433, test loss = 6.1197
...model saved to 15_exp/models/FloydWarshallDataset_tropical_0.0001_20000_20260225_110900_relu_best.pth...20260225_115917
At epoch 4496, test loss = 6.1054
...model saved to 15_exp/models/FloydWarshallDataset_tropical_0.0001_20000_20260225_110900_relu_best.pth...20260225_115959
At epoch 4514, test loss = 6.1050
...model saved to 15_exp/models/FloydWarshallDataset_tropical_0.0001_20000_20260225_110900_relu_best.pth...20260225_120011
At epoch 4520, test loss = 6.0837
...model saved to 15_exp/models/FloydWarshallDataset_tropical_0.0001_20000_20260225_110900_relu_best.pth...20260225_120015
At epoch 4521, test loss = 6.0631
...model saved to 15_exp/models/FloydWarshallDataset_tropical_0.0001_20000_20260225_110900_relu_best.pth...20260225_120015
At epoch 4610, test loss = 6.0485
...model saved to 15_exp/models/FloydWarshallDataset_tropical_0.0001_20000_20260225_110900_relu_best.pth...20260225_120114
At epoch 4627, test loss = 6.0322
...model saved to 15_exp/models/FloydWarshallDataset_tropical_0.0001_20000_20260225_110900_relu_best.pth...20260225_120126
At epoch 4628, test loss = 6.0151
...model saved to 15_exp/models/FloydWarshallDataset_tropical_0.0001_20000_20260225_110900_relu_best.pth...20260225_120126
At epoch 4637, test loss = 6.0065
...model saved to 15_exp/models/FloydWarshallDataset_tropical_0.0001_20000_20260225_110900_relu_best.pth...20260225_120132
At epoch 4683, test loss = 5.9989
...model saved to 15_exp/models/FloydWarshallDataset_tropical_0.0001_20000_20260225_110900_relu_best.pth...20260225_120203
At epoch 4710, test loss = 5.9968
...model saved to 15_exp/models/FloydWarshallDataset_tropical_0.0001_20000_20260225_110900_relu_best.pth...20260225_120221
At epoch 4717, test loss = 5.9955
...model saved to 15_exp/models/FloydWarshallDataset_tropical_0.0001_20000_20260225_110900_relu_best.pth...20260225_120226
At epoch 4719, test loss = 5.9840
...model saved to 15_exp/models/FloydWarshallDataset_tropical_0.0001_20000_20260225_110900_relu_best.pth...20260225_120227
At epoch 4720, test loss = 5.9684
...model saved to 15_exp/models/FloydWarshallDataset_tropical_0.0001_20000_20260225_110900_relu_best.pth...20260225_120228
At epoch 4726, test loss = 5.9518
...model saved to 15_exp/models/FloydWarshallDataset_tropical_0.0001_20000_20260225_110900_relu_best.pth...20260225_120232
At epoch 4727, test loss = 5.9498
...model saved to 15_exp/models/FloydWarshallDataset_tropical_0.0001_20000_20260225_110900_relu_best.pth...20260225_120233
At epoch 4748, test loss = 5.9454
...model saved to 15_exp/models/FloydWarshallDataset_tropical_0.0001_20000_20260225_110900_relu_best.pth...20260225_120247
At epoch 4789, test loss = 5.9440
...model saved to 15_exp/models/FloydWarshallDataset_tropical_0.0001_20000_20260225_110900_relu_best.pth...20260225_120314
At epoch 4796, test loss = 5.9211
...model saved to 15_exp/models/FloydWarshallDataset_tropical_0.0001_20000_20260225_110900_relu_best.pth...20260225_120319
At epoch 4797, test loss = 5.9081
...model saved to 15_exp/models/FloydWarshallDataset_tropical_0.0001_20000_20260225_110900_relu_best.pth...20260225_120320
At epoch 4845, test loss = 5.8758
...model saved to 15_exp/models/FloydWarshallDataset_tropical_0.0001_20000_20260225_110900_relu_best.pth...20260225_120352
At epoch 4846, test loss = 5.8750
...model saved to 15_exp/models/FloydWarshallDataset_tropical_0.0001_20000_20260225_110900_relu_best.pth...20260225_120352
At epoch 4861, test loss = 5.8710
...model saved to 15_exp/models/FloydWarshallDataset_tropical_0.0001_20000_20260225_110900_relu_best.pth...20260225_120402
At epoch 4893, test loss = 5.8512
...model saved to 15_exp/models/FloydWarshallDataset_tropical_0.0001_20000_20260225_110900_relu_best.pth...20260225_120424
At epoch 4895, test loss = 5.8323
...model saved to 15_exp/models/FloydWarshallDataset_tropical_0.0001_20000_20260225_110900_relu_best.pth...20260225_120425
At epoch 4902, test loss = 5.8117
...model saved to 15_exp/models/FloydWarshallDataset_tropical_0.0001_20000_20260225_110900_relu_best.pth...20260225_120430
At epoch 4925, test loss = 5.7837
...model saved to 15_exp/models/FloydWarshallDataset_tropical_0.0001_20000_20260225_110900_relu_best.pth...20260225_120446
At epoch 4973, test loss = 5.7802
...model saved to 15_exp/models/FloydWarshallDataset_tropical_0.0001_20000_20260225_110900_relu_best.pth...20260225_120518
At epoch 4978, test loss = 5.7600
...model saved to 15_exp/models/FloydWarshallDataset_tropical_0.0001_20000_20260225_110900_relu_best.pth...20260225_120521
At epoch 4980, test loss = 5.7238
...model saved to 15_exp/models/FloydWarshallDataset_tropical_0.0001_20000_20260225_110900_relu_best.pth...20260225_120522
At epoch 5071, test loss = 5.6975
...model saved to 15_exp/models/FloydWarshallDataset_tropical_0.0001_20000_20260225_110900_relu_best.pth...20260225_120622
At epoch 5182, test loss = 5.6959
...model saved to 15_exp/models/FloydWarshallDataset_tropical_0.0001_20000_20260225_110900_relu_best.pth...20260225_120736
At epoch 5188, test loss = 5.6858
...model saved to 15_exp/models/FloydWarshallDataset_tropical_0.0001_20000_20260225_110900_relu_best.pth...20260225_120740
At epoch 5282, test loss = 5.6699
...model saved to 15_exp/models/FloydWarshallDataset_tropical_0.0001_20000_20260225_110900_relu_best.pth...20260225_120843
At epoch 5350, test loss = 5.6633
...model saved to 15_exp/models/FloydWarshallDataset_tropical_0.0001_20000_20260225_110900_relu_best.pth...20260225_120928
At epoch 5390, test loss = 5.6535
...model saved to 15_exp/models/FloydWarshallDataset_tropical_0.0001_20000_20260225_110900_relu_best.pth...20260225_120955
At epoch 5397, test loss = 5.6510
...model saved to 15_exp/models/FloydWarshallDataset_tropical_0.0001_20000_20260225_110900_relu_best.pth...20260225_120959
At epoch 5413, test loss = 5.6510
...model saved to 15_exp/models/FloydWarshallDataset_tropical_0.0001_20000_20260225_110900_relu_best.pth...20260225_121010
At epoch 5423, test loss = 5.6461
...model saved to 15_exp/models/FloydWarshallDataset_tropical_0.0001_20000_20260225_110900_relu_best.pth...20260225_121017
At epoch 5437, test loss = 5.6287
...model saved to 15_exp/models/FloydWarshallDataset_tropical_0.0001_20000_20260225_110900_relu_best.pth...20260225_121026
At epoch 5456, test loss = 5.6133
...model saved to 15_exp/models/FloydWarshallDataset_tropical_0.0001_20000_20260225_110900_relu_best.pth...20260225_121038
At epoch 5458, test loss = 5.6094
...model saved to 15_exp/models/FloydWarshallDataset_tropical_0.0001_20000_20260225_110900_relu_best.pth...20260225_121040
At epoch 5523, test loss = 5.6055
...model saved to 15_exp/models/FloydWarshallDataset_tropical_0.0001_20000_20260225_110900_relu_best.pth...20260225_121123
At epoch 5598, test loss = 5.5965
...model saved to 15_exp/models/FloydWarshallDataset_tropical_0.0001_20000_20260225_110900_relu_best.pth...20260225_121214
At epoch 5617, test loss = 5.5896
...model saved to 15_exp/models/FloydWarshallDataset_tropical_0.0001_20000_20260225_110900_relu_best.pth...20260225_121227
At epoch 5678, test loss = 5.5777
...model saved to 15_exp/models/FloydWarshallDataset_tropical_0.0001_20000_20260225_110900_relu_best.pth...20260225_121307
At epoch 5760, test loss = 5.5733
...model saved to 15_exp/models/FloydWarshallDataset_tropical_0.0001_20000_20260225_110900_relu_best.pth...20260225_121408
At epoch 5792, test loss = 5.5669
...model saved to 15_exp/models/FloydWarshallDataset_tropical_0.0001_20000_20260225_110900_relu_best.pth...20260225_121434
At epoch 5794, test loss = 5.5558
...model saved to 15_exp/models/FloydWarshallDataset_tropical_0.0001_20000_20260225_110900_relu_best.pth...20260225_121436
At epoch 5799, test loss = 5.5338
...model saved to 15_exp/models/FloydWarshallDataset_tropical_0.0001_20000_20260225_110900_relu_best.pth...20260225_121440
At epoch 5802, test loss = 5.5108
...model saved to 15_exp/models/FloydWarshallDataset_tropical_0.0001_20000_20260225_110900_relu_best.pth...20260225_121442
At epoch 6101, test loss = 5.5069
...model saved to 15_exp/models/FloydWarshallDataset_tropical_0.0001_20000_20260225_110900_relu_best.pth...20260225_121824
At epoch 6119, test loss = 5.5063
...model saved to 15_exp/models/FloydWarshallDataset_tropical_0.0001_20000_20260225_110900_relu_best.pth...20260225_121837
At epoch 6120, test loss = 5.4847
...model saved to 15_exp/models/FloydWarshallDataset_tropical_0.0001_20000_20260225_110900_relu_best.pth...20260225_121837
At epoch 6122, test loss = 5.4827
...model saved to 15_exp/models/FloydWarshallDataset_tropical_0.0001_20000_20260225_110900_relu_best.pth...20260225_121839
At epoch 6134, test loss = 5.4667
...model saved to 15_exp/models/FloydWarshallDataset_tropical_0.0001_20000_20260225_110900_relu_best.pth...20260225_121847
At epoch 6142, test loss = 5.4620
...model saved to 15_exp/models/FloydWarshallDataset_tropical_0.0001_20000_20260225_110900_relu_best.pth...20260225_121853
At epoch 6170, test loss = 5.4222
...model saved to 15_exp/models/FloydWarshallDataset_tropical_0.0001_20000_20260225_110900_relu_best.pth...20260225_121913
At epoch 6175, test loss = 5.3991
...model saved to 15_exp/models/FloydWarshallDataset_tropical_0.0001_20000_20260225_110900_relu_best.pth...20260225_121916
At epoch 6180, test loss = 5.3917
...model saved to 15_exp/models/FloydWarshallDataset_tropical_0.0001_20000_20260225_110900_relu_best.pth...20260225_121920
At epoch 6192, test loss = 5.3914
...model saved to 15_exp/models/FloydWarshallDataset_tropical_0.0001_20000_20260225_110900_relu_best.pth...20260225_121928
At epoch 6194, test loss = 5.3751
...model saved to 15_exp/models/FloydWarshallDataset_tropical_0.0001_20000_20260225_110900_relu_best.pth...20260225_121930
At epoch 6197, test loss = 5.3661
...model saved to 15_exp/models/FloydWarshallDataset_tropical_0.0001_20000_20260225_110900_relu_best.pth...20260225_121932
At epoch 6198, test loss = 5.3633
...model saved to 15_exp/models/FloydWarshallDataset_tropical_0.0001_20000_20260225_110900_relu_best.pth...20260225_121933
At epoch 6238, test loss = 5.3562
...model saved to 15_exp/models/FloydWarshallDataset_tropical_0.0001_20000_20260225_110900_relu_best.pth...20260225_122001
At epoch 6245, test loss = 5.3524
...model saved to 15_exp/models/FloydWarshallDataset_tropical_0.0001_20000_20260225_110900_relu_best.pth...20260225_122006
At epoch 6247, test loss = 5.3463
...model saved to 15_exp/models/FloydWarshallDataset_tropical_0.0001_20000_20260225_110900_relu_best.pth...20260225_122007
At epoch 6272, test loss = 5.3433
...model saved to 15_exp/models/FloydWarshallDataset_tropical_0.0001_20000_20260225_110900_relu_best.pth...20260225_122025
At epoch 6283, test loss = 5.3013
...model saved to 15_exp/models/FloydWarshallDataset_tropical_0.0001_20000_20260225_110900_relu_best.pth...20260225_122033
At epoch 6367, test loss = 5.3006
...model saved to 15_exp/models/FloydWarshallDataset_tropical_0.0001_20000_20260225_110900_relu_best.pth...20260225_122132
At epoch 6372, test loss = 5.2828
...model saved to 15_exp/models/FloydWarshallDataset_tropical_0.0001_20000_20260225_110900_relu_best.pth...20260225_122136
At epoch 6391, test loss = 5.2820
...model saved to 15_exp/models/FloydWarshallDataset_tropical_0.0001_20000_20260225_110900_relu_best.pth...20260225_122149
At epoch 6393, test loss = 5.2820
...model saved to 15_exp/models/FloydWarshallDataset_tropical_0.0001_20000_20260225_110900_relu_best.pth...20260225_122151
At epoch 6403, test loss = 5.2579
...model saved to 15_exp/models/FloydWarshallDataset_tropical_0.0001_20000_20260225_110900_relu_best.pth...20260225_122158
At epoch 6427, test loss = 5.2477
...model saved to 15_exp/models/FloydWarshallDataset_tropical_0.0001_20000_20260225_110900_relu_best.pth...20260225_122215
At epoch 6440, test loss = 5.2364
...model saved to 15_exp/models/FloydWarshallDataset_tropical_0.0001_20000_20260225_110900_relu_best.pth...20260225_122224
At epoch 6588, test loss = 5.2131
...model saved to 15_exp/models/FloydWarshallDataset_tropical_0.0001_20000_20260225_110900_relu_best.pth...20260225_122409
At epoch 6595, test loss = 5.2095
...model saved to 15_exp/models/FloydWarshallDataset_tropical_0.0001_20000_20260225_110900_relu_best.pth...20260225_122414
At epoch 6614, test loss = 5.2054
...model saved to 15_exp/models/FloydWarshallDataset_tropical_0.0001_20000_20260225_110900_relu_best.pth...20260225_122427
At epoch 6615, test loss = 5.2019
...model saved to 15_exp/models/FloydWarshallDataset_tropical_0.0001_20000_20260225_110900_relu_best.pth...20260225_122428
At epoch 6618, test loss = 5.1927
...model saved to 15_exp/models/FloydWarshallDataset_tropical_0.0001_20000_20260225_110900_relu_best.pth...20260225_122430
At epoch 6832, test loss = 5.1903
...model saved to 15_exp/models/FloydWarshallDataset_tropical_0.0001_20000_20260225_110900_relu_best.pth...20260225_122700
At epoch 6833, test loss = 5.1758
...model saved to 15_exp/models/FloydWarshallDataset_tropical_0.0001_20000_20260225_110900_relu_best.pth...20260225_122701
At epoch 6845, test loss = 5.1629
...model saved to 15_exp/models/FloydWarshallDataset_tropical_0.0001_20000_20260225_110900_relu_best.pth...20260225_122709
At epoch 6848, test loss = 5.1487
...model saved to 15_exp/models/FloydWarshallDataset_tropical_0.0001_20000_20260225_110900_relu_best.pth...20260225_122711
At epoch 7029, test loss = 5.1435
...model saved to 15_exp/models/FloydWarshallDataset_tropical_0.0001_20000_20260225_110900_relu_best.pth...20260225_122920
At epoch 7052, test loss = 5.1258
...model saved to 15_exp/models/FloydWarshallDataset_tropical_0.0001_20000_20260225_110900_relu_best.pth...20260225_122937
At epoch 7100, test loss = 5.1226
...model saved to 15_exp/models/FloydWarshallDataset_tropical_0.0001_20000_20260225_110900_relu_best.pth...20260225_123011
At epoch 7305, test loss = 5.1205
...model saved to 15_exp/models/FloydWarshallDataset_tropical_0.0001_20000_20260225_110900_relu_best.pth...20260225_123237
At epoch 7366, test loss = 5.0887
...model saved to 15_exp/models/FloydWarshallDataset_tropical_0.0001_20000_20260225_110900_relu_best.pth...20260225_123321
At epoch 7831, test loss = 5.0712
...model saved to 15_exp/models/FloydWarshallDataset_tropical_0.0001_20000_20260225_110900_relu_best.pth...20260225_123838
At epoch 7832, test loss = 5.0614
...model saved to 15_exp/models/FloydWarshallDataset_tropical_0.0001_20000_20260225_110900_relu_best.pth...20260225_123838
At epoch 7839, test loss = 5.0594
...model saved to 15_exp/models/FloydWarshallDataset_tropical_0.0001_20000_20260225_110900_relu_best.pth...20260225_123843
At epoch 7840, test loss = 5.0489
...model saved to 15_exp/models/FloydWarshallDataset_tropical_0.0001_20000_20260225_110900_relu_best.pth...20260225_123844
At epoch 8253, test loss = 5.0423
...model saved to 15_exp/models/FloydWarshallDataset_tropical_0.0001_20000_20260225_110900_relu_best.pth...20260225_124319
At epoch 8289, test loss = 5.0157
...model saved to 15_exp/models/FloydWarshallDataset_tropical_0.0001_20000_20260225_110900_relu_best.pth...20260225_124343
At epoch 8700, test loss = 5.0147
...model saved to 15_exp/models/FloydWarshallDataset_tropical_0.0001_20000_20260225_110900_relu_best.pth...20260225_124819
At epoch 8801, test loss = 5.0087
...model saved to 15_exp/models/FloydWarshallDataset_tropical_0.0001_20000_20260225_110900_relu_best.pth...20260225_124930
At epoch 8894, test loss = 5.0050
...model saved to 15_exp/models/FloydWarshallDataset_tropical_0.0001_20000_20260225_110900_relu_best.pth...20260225_125036
At epoch 8918, test loss = 4.9948
...model saved to 15_exp/models/FloydWarshallDataset_tropical_0.0001_20000_20260225_110900_relu_best.pth...20260225_125053
At epoch 8941, test loss = 4.9928
...model saved to 15_exp/models/FloydWarshallDataset_tropical_0.0001_20000_20260225_110900_relu_best.pth...20260225_125109
At epoch 9066, test loss = 4.9789
...model saved to 15_exp/models/FloydWarshallDataset_tropical_0.0001_20000_20260225_110900_relu_best.pth...20260225_125233
At epoch 9084, test loss = 4.9685
...model saved to 15_exp/models/FloydWarshallDataset_tropical_0.0001_20000_20260225_110900_relu_best.pth...20260225_125245
At epoch 9272, test loss = 4.9289
...model saved to 15_exp/models/FloydWarshallDataset_tropical_0.0001_20000_20260225_110900_relu_best.pth...20260225_125450
At epoch 9323, test loss = 4.9100
...model saved to 15_exp/models/FloydWarshallDataset_tropical_0.0001_20000_20260225_110900_relu_best.pth...20260225_125524
At epoch 9959, test loss = 4.8762
...model saved to 15_exp/models/FloydWarshallDataset_tropical_0.0001_20000_20260225_110900_relu_best.pth...20260225_130252
At epoch 10475, test loss = 4.8527
...model saved to 15_exp/models/FloydWarshallDataset_tropical_0.0001_20000_20260225_110900_relu_best.pth...20260225_130925
At epoch 10808, test loss = 4.8484
...model saved to 15_exp/models/FloydWarshallDataset_tropical_0.0001_20000_20260225_110900_relu_best.pth...20260225_131339
At epoch 12706, test loss = 4.8477
...model saved to 15_exp/models/FloydWarshallDataset_tropical_0.0001_20000_20260225_110900_relu_best.pth...20260225_133541
At epoch 13419, test loss = 4.8296
...model saved to 15_exp/models/FloydWarshallDataset_tropical_0.0001_20000_20260225_110900_relu_best.pth...20260225_134407
At epoch 13480, test loss = 4.8213
...model saved to 15_exp/models/FloydWarshallDataset_tropical_0.0001_20000_20260225_110900_relu_best.pth...20260225_134450
At epoch 13482, test loss = 4.8054
...model saved to 15_exp/models/FloydWarshallDataset_tropical_0.0001_20000_20260225_110900_relu_best.pth...20260225_134452
At epoch 13483, test loss = 4.7986
...model saved to 15_exp/models/FloydWarshallDataset_tropical_0.0001_20000_20260225_110900_relu_best.pth...20260225_134453
At epoch 13484, test loss = 4.7966
...model saved to 15_exp/models/FloydWarshallDataset_tropical_0.0001_20000_20260225_110900_relu_best.pth...20260225_134453
At epoch 13486, test loss = 4.7942
...model saved to 15_exp/models/FloydWarshallDataset_tropical_0.0001_20000_20260225_110900_relu_best.pth...20260225_134455
At epoch 13488, test loss = 4.7876
...model saved to 15_exp/models/FloydWarshallDataset_tropical_0.0001_20000_20260225_110900_relu_best.pth...20260225_134456
At epoch 13490, test loss = 4.7764
...model saved to 15_exp/models/FloydWarshallDataset_tropical_0.0001_20000_20260225_110900_relu_best.pth...20260225_134457
At epoch 13496, test loss = 4.7686
...model saved to 15_exp/models/FloydWarshallDataset_tropical_0.0001_20000_20260225_110900_relu_best.pth...20260225_134502
At epoch 13497, test loss = 4.7678
...model saved to 15_exp/models/FloydWarshallDataset_tropical_0.0001_20000_20260225_110900_relu_best.pth...20260225_134503
At epoch 13508, test loss = 4.7632
...model saved to 15_exp/models/FloydWarshallDataset_tropical_0.0001_20000_20260225_110900_relu_best.pth...20260225_134510
At epoch 13523, test loss = 4.7575
...model saved to 15_exp/models/FloydWarshallDataset_tropical_0.0001_20000_20260225_110900_relu_best.pth...20260225_134521
At epoch 13524, test loss = 4.7442
...model saved to 15_exp/models/FloydWarshallDataset_tropical_0.0001_20000_20260225_110900_relu_best.pth...20260225_134522
At epoch 13537, test loss = 4.7243
...model saved to 15_exp/models/FloydWarshallDataset_tropical_0.0001_20000_20260225_110900_relu_best.pth...20260225_134531
At epoch 13548, test loss = 4.7063
...model saved to 15_exp/models/FloydWarshallDataset_tropical_0.0001_20000_20260225_110900_relu_best.pth...20260225_134539
At epoch 13553, test loss = 4.7034
...model saved to 15_exp/models/FloydWarshallDataset_tropical_0.0001_20000_20260225_110900_relu_best.pth...20260225_134542
At epoch 13559, test loss = 4.7011
...model saved to 15_exp/models/FloydWarshallDataset_tropical_0.0001_20000_20260225_110900_relu_best.pth...20260225_134546
At epoch 13574, test loss = 4.7010
...model saved to 15_exp/models/FloydWarshallDataset_tropical_0.0001_20000_20260225_110900_relu_best.pth...20260225_134556
At epoch 13577, test loss = 4.6990
...model saved to 15_exp/models/FloydWarshallDataset_tropical_0.0001_20000_20260225_110900_relu_best.pth...20260225_134558
At epoch 13578, test loss = 4.6778
...model saved to 15_exp/models/FloydWarshallDataset_tropical_0.0001_20000_20260225_110900_relu_best.pth...20260225_134559
At epoch 13582, test loss = 4.6762
...model saved to 15_exp/models/FloydWarshallDataset_tropical_0.0001_20000_20260225_110900_relu_best.pth...20260225_134602
At epoch 13600, test loss = 4.6729
...model saved to 15_exp/models/FloydWarshallDataset_tropical_0.0001_20000_20260225_110900_relu_best.pth...20260225_134613
At epoch 13638, test loss = 4.6664
...model saved to 15_exp/models/FloydWarshallDataset_tropical_0.0001_20000_20260225_110900_relu_best.pth...20260225_134639
At epoch 13649, test loss = 4.6609
...model saved to 15_exp/models/FloydWarshallDataset_tropical_0.0001_20000_20260225_110900_relu_best.pth...20260225_134646
At epoch 13671, test loss = 4.6598
...model saved to 15_exp/models/FloydWarshallDataset_tropical_0.0001_20000_20260225_110900_relu_best.pth...20260225_134701
At epoch 13675, test loss = 4.6490
...model saved to 15_exp/models/FloydWarshallDataset_tropical_0.0001_20000_20260225_110900_relu_best.pth...20260225_134703
At epoch 13676, test loss = 4.6334
...model saved to 15_exp/models/FloydWarshallDataset_tropical_0.0001_20000_20260225_110900_relu_best.pth...20260225_134704
At epoch 13716, test loss = 4.6038
...model saved to 15_exp/models/FloydWarshallDataset_tropical_0.0001_20000_20260225_110900_relu_best.pth...20260225_134731
At epoch 13782, test loss = 4.5929
...model saved to 15_exp/models/FloydWarshallDataset_tropical_0.0001_20000_20260225_110900_relu_best.pth...20260225_134815
At epoch 13789, test loss = 4.5865
...model saved to 15_exp/models/FloydWarshallDataset_tropical_0.0001_20000_20260225_110900_relu_best.pth...20260225_134819
At epoch 14028, test loss = 4.5810
...model saved to 15_exp/models/FloydWarshallDataset_tropical_0.0001_20000_20260225_110900_relu_best.pth...20260225_135102
At epoch 14037, test loss = 4.5681
...model saved to 15_exp/models/FloydWarshallDataset_tropical_0.0001_20000_20260225_110900_relu_best.pth...20260225_135109
At epoch 14038, test loss = 4.5640
...model saved to 15_exp/models/FloydWarshallDataset_tropical_0.0001_20000_20260225_110900_relu_best.pth...20260225_135109
At epoch 14040, test loss = 4.5481
...model saved to 15_exp/models/FloydWarshallDataset_tropical_0.0001_20000_20260225_110900_relu_best.pth...20260225_135111
At epoch 15526, test loss = 4.5463
...model saved to 15_exp/models/FloydWarshallDataset_tropical_0.0001_20000_20260225_110900_relu_best.pth...20260225_140837
At epoch 15527, test loss = 4.5353
...model saved to 15_exp/models/FloydWarshallDataset_tropical_0.0001_20000_20260225_110900_relu_best.pth...20260225_140838
At epoch 16257, test loss = 4.4670
...model saved to 15_exp/models/FloydWarshallDataset_tropical_0.0001_20000_20260225_110900_relu_best.pth...20260225_141639
At epoch 18788, test loss = 4.4634
...model saved to 15_exp/models/FloydWarshallDataset_tropical_0.0001_20000_20260225_110900_relu_best.pth...20260225_144434
...plot saved to 15_exp/plots/plots_FloydWarshallDataset_tropical_0.0001_20000_20260225_110900_relu.png...
