CUDA available? True
GPU device: NVIDIA A100-SXM4-40GB
CUDA_VISIBLE_DEVICES=0,1,2,3
SLURM_JOB_GPUS=0,1,2,3

 Running config: {'task': 'train', 'model_type': 'tropical', 'dataset_name': 'FloydWarshallDataset', 'input_dim': 3, 'd_model': 32, 'n_heads': 4, 'num_layers': 4, 'num_epochs': 20000, 'dropout': 0.05, 'lr': 0.0001, 'seed': 999, 'n_samples': 50000, 'batch_size': 1000, 'target_range': 'na', 'weight_range': 'na', 'adversarial_range': '(10,20)', 'length_range': '(8,8)', 'noise_prob': 0, 'value_range': '(1,15)'}
FloydWarshallDataset_tropical_0.0001_20000_20260220_103037_relu
...setting dataloader...20260220_103037
...setting model object...20260220_103051
...training model...20260220_103052
At epoch 0, test loss = 417.3052
...model saved to 15_exp/models/FloydWarshallDataset_tropical_0.0001_20000_20260220_103037_relu_best.pth...20260220_103111
At epoch 1, test loss = 413.6697
...model saved to 15_exp/models/FloydWarshallDataset_tropical_0.0001_20000_20260220_103037_relu_best.pth...20260220_103112
At epoch 2, test loss = 409.1417
...model saved to 15_exp/models/FloydWarshallDataset_tropical_0.0001_20000_20260220_103037_relu_best.pth...20260220_103112
At epoch 3, test loss = 403.3497
...model saved to 15_exp/models/FloydWarshallDataset_tropical_0.0001_20000_20260220_103037_relu_best.pth...20260220_103113
At epoch 4, test loss = 396.2101
...model saved to 15_exp/models/FloydWarshallDataset_tropical_0.0001_20000_20260220_103037_relu_best.pth...20260220_103114
At epoch 5, test loss = 387.4472
...model saved to 15_exp/models/FloydWarshallDataset_tropical_0.0001_20000_20260220_103037_relu_best.pth...20260220_103114
At epoch 6, test loss = 376.3306
...model saved to 15_exp/models/FloydWarshallDataset_tropical_0.0001_20000_20260220_103037_relu_best.pth...20260220_103115
At epoch 7, test loss = 363.1653
...model saved to 15_exp/models/FloydWarshallDataset_tropical_0.0001_20000_20260220_103037_relu_best.pth...20260220_103116
At epoch 8, test loss = 347.9311
...model saved to 15_exp/models/FloydWarshallDataset_tropical_0.0001_20000_20260220_103037_relu_best.pth...20260220_103117
At epoch 9, test loss = 331.1450
...model saved to 15_exp/models/FloydWarshallDataset_tropical_0.0001_20000_20260220_103037_relu_best.pth...20260220_103117
At epoch 10, test loss = 312.9521
...model saved to 15_exp/models/FloydWarshallDataset_tropical_0.0001_20000_20260220_103037_relu_best.pth...20260220_103118
At epoch 11, test loss = 293.9273
...model saved to 15_exp/models/FloydWarshallDataset_tropical_0.0001_20000_20260220_103037_relu_best.pth...20260220_103119
At epoch 12, test loss = 274.5378
...model saved to 15_exp/models/FloydWarshallDataset_tropical_0.0001_20000_20260220_103037_relu_best.pth...20260220_103120
At epoch 13, test loss = 255.2060
...model saved to 15_exp/models/FloydWarshallDataset_tropical_0.0001_20000_20260220_103037_relu_best.pth...20260220_103120
At epoch 14, test loss = 236.2703
...model saved to 15_exp/models/FloydWarshallDataset_tropical_0.0001_20000_20260220_103037_relu_best.pth...20260220_103121
At epoch 15, test loss = 218.1079
...model saved to 15_exp/models/FloydWarshallDataset_tropical_0.0001_20000_20260220_103037_relu_best.pth...20260220_103122
At epoch 16, test loss = 201.0053
...model saved to 15_exp/models/FloydWarshallDataset_tropical_0.0001_20000_20260220_103037_relu_best.pth...20260220_103122
At epoch 17, test loss = 185.2635
...model saved to 15_exp/models/FloydWarshallDataset_tropical_0.0001_20000_20260220_103037_relu_best.pth...20260220_103123
At epoch 18, test loss = 171.0516
...model saved to 15_exp/models/FloydWarshallDataset_tropical_0.0001_20000_20260220_103037_relu_best.pth...20260220_103124
At epoch 19, test loss = 158.5078
...model saved to 15_exp/models/FloydWarshallDataset_tropical_0.0001_20000_20260220_103037_relu_best.pth...20260220_103125
At epoch 20, test loss = 147.6816
...model saved to 15_exp/models/FloydWarshallDataset_tropical_0.0001_20000_20260220_103037_relu_best.pth...20260220_103125
At epoch 21, test loss = 138.5472
...model saved to 15_exp/models/FloydWarshallDataset_tropical_0.0001_20000_20260220_103037_relu_best.pth...20260220_103126
At epoch 22, test loss = 131.0028
...model saved to 15_exp/models/FloydWarshallDataset_tropical_0.0001_20000_20260220_103037_relu_best.pth...20260220_103127
At epoch 23, test loss = 124.9348
...model saved to 15_exp/models/FloydWarshallDataset_tropical_0.0001_20000_20260220_103037_relu_best.pth...20260220_103127
At epoch 24, test loss = 120.1217
...model saved to 15_exp/models/FloydWarshallDataset_tropical_0.0001_20000_20260220_103037_relu_best.pth...20260220_103128
At epoch 25, test loss = 116.3874
...model saved to 15_exp/models/FloydWarshallDataset_tropical_0.0001_20000_20260220_103037_relu_best.pth...20260220_103129
At epoch 26, test loss = 113.5190
...model saved to 15_exp/models/FloydWarshallDataset_tropical_0.0001_20000_20260220_103037_relu_best.pth...20260220_103129
At epoch 27, test loss = 111.3440
...model saved to 15_exp/models/FloydWarshallDataset_tropical_0.0001_20000_20260220_103037_relu_best.pth...20260220_103130
At epoch 28, test loss = 109.6943
...model saved to 15_exp/models/FloydWarshallDataset_tropical_0.0001_20000_20260220_103037_relu_best.pth...20260220_103131
At epoch 29, test loss = 108.4448
...model saved to 15_exp/models/FloydWarshallDataset_tropical_0.0001_20000_20260220_103037_relu_best.pth...20260220_103131
At epoch 30, test loss = 107.4912
...model saved to 15_exp/models/FloydWarshallDataset_tropical_0.0001_20000_20260220_103037_relu_best.pth...20260220_103132
At epoch 31, test loss = 106.7563
...model saved to 15_exp/models/FloydWarshallDataset_tropical_0.0001_20000_20260220_103037_relu_best.pth...20260220_103133
At epoch 32, test loss = 106.1868
...model saved to 15_exp/models/FloydWarshallDataset_tropical_0.0001_20000_20260220_103037_relu_best.pth...20260220_103134
At epoch 33, test loss = 105.7326
...model saved to 15_exp/models/FloydWarshallDataset_tropical_0.0001_20000_20260220_103037_relu_best.pth...20260220_103134
At epoch 34, test loss = 105.3717
...model saved to 15_exp/models/FloydWarshallDataset_tropical_0.0001_20000_20260220_103037_relu_best.pth...20260220_103135
At epoch 35, test loss = 105.0250
...model saved to 15_exp/models/FloydWarshallDataset_tropical_0.0001_20000_20260220_103037_relu_best.pth...20260220_103136
At epoch 36, test loss = 102.9355
...model saved to 15_exp/models/FloydWarshallDataset_tropical_0.0001_20000_20260220_103037_relu_best.pth...20260220_103137
At epoch 37, test loss = 101.5591
...model saved to 15_exp/models/FloydWarshallDataset_tropical_0.0001_20000_20260220_103037_relu_best.pth...20260220_103137
At epoch 38, test loss = 100.5554
...model saved to 15_exp/models/FloydWarshallDataset_tropical_0.0001_20000_20260220_103037_relu_best.pth...20260220_103138
At epoch 39, test loss = 99.7465
...model saved to 15_exp/models/FloydWarshallDataset_tropical_0.0001_20000_20260220_103037_relu_best.pth...20260220_103139
At epoch 40, test loss = 99.0758
...model saved to 15_exp/models/FloydWarshallDataset_tropical_0.0001_20000_20260220_103037_relu_best.pth...20260220_103140
At epoch 41, test loss = 98.5357
...model saved to 15_exp/models/FloydWarshallDataset_tropical_0.0001_20000_20260220_103037_relu_best.pth...20260220_103140
At epoch 42, test loss = 98.0201
...model saved to 15_exp/models/FloydWarshallDataset_tropical_0.0001_20000_20260220_103037_relu_best.pth...20260220_103141
At epoch 43, test loss = 97.6290
...model saved to 15_exp/models/FloydWarshallDataset_tropical_0.0001_20000_20260220_103037_relu_best.pth...20260220_103142
At epoch 44, test loss = 97.2348
...model saved to 15_exp/models/FloydWarshallDataset_tropical_0.0001_20000_20260220_103037_relu_best.pth...20260220_103143
At epoch 45, test loss = 96.9174
...model saved to 15_exp/models/FloydWarshallDataset_tropical_0.0001_20000_20260220_103037_relu_best.pth...20260220_103143
At epoch 46, test loss = 96.6915
...model saved to 15_exp/models/FloydWarshallDataset_tropical_0.0001_20000_20260220_103037_relu_best.pth...20260220_103144
At epoch 47, test loss = 96.3554
...model saved to 15_exp/models/FloydWarshallDataset_tropical_0.0001_20000_20260220_103037_relu_best.pth...20260220_103145
At epoch 48, test loss = 96.1299
...model saved to 15_exp/models/FloydWarshallDataset_tropical_0.0001_20000_20260220_103037_relu_best.pth...20260220_103146
At epoch 49, test loss = 95.9503
...model saved to 15_exp/models/FloydWarshallDataset_tropical_0.0001_20000_20260220_103037_relu_best.pth...20260220_103146
At epoch 50, test loss = 95.7846
...model saved to 15_exp/models/FloydWarshallDataset_tropical_0.0001_20000_20260220_103037_relu_best.pth...20260220_103147
At epoch 51, test loss = 95.6015
...model saved to 15_exp/models/FloydWarshallDataset_tropical_0.0001_20000_20260220_103037_relu_best.pth...20260220_103148
At epoch 52, test loss = 95.4502
...model saved to 15_exp/models/FloydWarshallDataset_tropical_0.0001_20000_20260220_103037_relu_best.pth...20260220_103148
At epoch 53, test loss = 95.3162
...model saved to 15_exp/models/FloydWarshallDataset_tropical_0.0001_20000_20260220_103037_relu_best.pth...20260220_103149
At epoch 54, test loss = 95.1693
...model saved to 15_exp/models/FloydWarshallDataset_tropical_0.0001_20000_20260220_103037_relu_best.pth...20260220_103150
At epoch 55, test loss = 95.0808
...model saved to 15_exp/models/FloydWarshallDataset_tropical_0.0001_20000_20260220_103037_relu_best.pth...20260220_103151
At epoch 56, test loss = 94.9817
...model saved to 15_exp/models/FloydWarshallDataset_tropical_0.0001_20000_20260220_103037_relu_best.pth...20260220_103151
At epoch 57, test loss = 94.8822
...model saved to 15_exp/models/FloydWarshallDataset_tropical_0.0001_20000_20260220_103037_relu_best.pth...20260220_103152
At epoch 58, test loss = 94.7953
...model saved to 15_exp/models/FloydWarshallDataset_tropical_0.0001_20000_20260220_103037_relu_best.pth...20260220_103153
At epoch 59, test loss = 94.7460
...model saved to 15_exp/models/FloydWarshallDataset_tropical_0.0001_20000_20260220_103037_relu_best.pth...20260220_103154
At epoch 60, test loss = 94.6272
...model saved to 15_exp/models/FloydWarshallDataset_tropical_0.0001_20000_20260220_103037_relu_best.pth...20260220_103155
At epoch 61, test loss = 94.5533
...model saved to 15_exp/models/FloydWarshallDataset_tropical_0.0001_20000_20260220_103037_relu_best.pth...20260220_103155
At epoch 62, test loss = 94.5272
...model saved to 15_exp/models/FloydWarshallDataset_tropical_0.0001_20000_20260220_103037_relu_best.pth...20260220_103156
At epoch 63, test loss = 94.4289
...model saved to 15_exp/models/FloydWarshallDataset_tropical_0.0001_20000_20260220_103037_relu_best.pth...20260220_103157
At epoch 64, test loss = 94.3719
...model saved to 15_exp/models/FloydWarshallDataset_tropical_0.0001_20000_20260220_103037_relu_best.pth...20260220_103157
At epoch 65, test loss = 94.3152
...model saved to 15_exp/models/FloydWarshallDataset_tropical_0.0001_20000_20260220_103037_relu_best.pth...20260220_103158
At epoch 66, test loss = 94.2531
...model saved to 15_exp/models/FloydWarshallDataset_tropical_0.0001_20000_20260220_103037_relu_best.pth...20260220_103159
At epoch 67, test loss = 94.2124
...model saved to 15_exp/models/FloydWarshallDataset_tropical_0.0001_20000_20260220_103037_relu_best.pth...20260220_103200
At epoch 68, test loss = 94.1786
...model saved to 15_exp/models/FloydWarshallDataset_tropical_0.0001_20000_20260220_103037_relu_best.pth...20260220_103200
At epoch 69, test loss = 94.1184
...model saved to 15_exp/models/FloydWarshallDataset_tropical_0.0001_20000_20260220_103037_relu_best.pth...20260220_103201
At epoch 71, test loss = 93.9917
...model saved to 15_exp/models/FloydWarshallDataset_tropical_0.0001_20000_20260220_103037_relu_best.pth...20260220_103203
At epoch 72, test loss = 93.9214
...model saved to 15_exp/models/FloydWarshallDataset_tropical_0.0001_20000_20260220_103037_relu_best.pth...20260220_103203
At epoch 74, test loss = 93.8091
...model saved to 15_exp/models/FloydWarshallDataset_tropical_0.0001_20000_20260220_103037_relu_best.pth...20260220_103205
At epoch 75, test loss = 93.7676
...model saved to 15_exp/models/FloydWarshallDataset_tropical_0.0001_20000_20260220_103037_relu_best.pth...20260220_103205
At epoch 76, test loss = 93.7129
...model saved to 15_exp/models/FloydWarshallDataset_tropical_0.0001_20000_20260220_103037_relu_best.pth...20260220_103206
At epoch 77, test loss = 93.7048
...model saved to 15_exp/models/FloydWarshallDataset_tropical_0.0001_20000_20260220_103037_relu_best.pth...20260220_103207
At epoch 78, test loss = 93.5945
...model saved to 15_exp/models/FloydWarshallDataset_tropical_0.0001_20000_20260220_103037_relu_best.pth...20260220_103208
At epoch 79, test loss = 93.5513
...model saved to 15_exp/models/FloydWarshallDataset_tropical_0.0001_20000_20260220_103037_relu_best.pth...20260220_103208
At epoch 80, test loss = 93.4302
...model saved to 15_exp/models/FloydWarshallDataset_tropical_0.0001_20000_20260220_103037_relu_best.pth...20260220_103209
At epoch 82, test loss = 93.3181
...model saved to 15_exp/models/FloydWarshallDataset_tropical_0.0001_20000_20260220_103037_relu_best.pth...20260220_103210
At epoch 83, test loss = 93.2017
...model saved to 15_exp/models/FloydWarshallDataset_tropical_0.0001_20000_20260220_103037_relu_best.pth...20260220_103211
At epoch 84, test loss = 93.1417
...model saved to 15_exp/models/FloydWarshallDataset_tropical_0.0001_20000_20260220_103037_relu_best.pth...20260220_103212
At epoch 85, test loss = 93.0227
...model saved to 15_exp/models/FloydWarshallDataset_tropical_0.0001_20000_20260220_103037_relu_best.pth...20260220_103213
At epoch 86, test loss = 92.9618
...model saved to 15_exp/models/FloydWarshallDataset_tropical_0.0001_20000_20260220_103037_relu_best.pth...20260220_103213
At epoch 87, test loss = 92.8991
...model saved to 15_exp/models/FloydWarshallDataset_tropical_0.0001_20000_20260220_103037_relu_best.pth...20260220_103214
At epoch 88, test loss = 92.7647
...model saved to 15_exp/models/FloydWarshallDataset_tropical_0.0001_20000_20260220_103037_relu_best.pth...20260220_103215
At epoch 89, test loss = 92.5729
...model saved to 15_exp/models/FloydWarshallDataset_tropical_0.0001_20000_20260220_103037_relu_best.pth...20260220_103216
At epoch 90, test loss = 92.5520
...model saved to 15_exp/models/FloydWarshallDataset_tropical_0.0001_20000_20260220_103037_relu_best.pth...20260220_103216
At epoch 91, test loss = 92.4292
...model saved to 15_exp/models/FloydWarshallDataset_tropical_0.0001_20000_20260220_103037_relu_best.pth...20260220_103217
At epoch 92, test loss = 92.2106
...model saved to 15_exp/models/FloydWarshallDataset_tropical_0.0001_20000_20260220_103037_relu_best.pth...20260220_103218
At epoch 93, test loss = 92.0921
...model saved to 15_exp/models/FloydWarshallDataset_tropical_0.0001_20000_20260220_103037_relu_best.pth...20260220_103219
At epoch 94, test loss = 92.0712
...model saved to 15_exp/models/FloydWarshallDataset_tropical_0.0001_20000_20260220_103037_relu_best.pth...20260220_103219
At epoch 95, test loss = 91.9051
...model saved to 15_exp/models/FloydWarshallDataset_tropical_0.0001_20000_20260220_103037_relu_best.pth...20260220_103220
At epoch 96, test loss = 91.6794
...model saved to 15_exp/models/FloydWarshallDataset_tropical_0.0001_20000_20260220_103037_relu_best.pth...20260220_103221
At epoch 97, test loss = 91.5829
...model saved to 15_exp/models/FloydWarshallDataset_tropical_0.0001_20000_20260220_103037_relu_best.pth...20260220_103222
At epoch 98, test loss = 91.4335
...model saved to 15_exp/models/FloydWarshallDataset_tropical_0.0001_20000_20260220_103037_relu_best.pth...20260220_103222
At epoch 99, test loss = 91.2313
...model saved to 15_exp/models/FloydWarshallDataset_tropical_0.0001_20000_20260220_103037_relu_best.pth...20260220_103223
At epoch 100, test loss = 91.0557
...model saved to 15_exp/models/FloydWarshallDataset_tropical_0.0001_20000_20260220_103037_relu_best.pth...20260220_103224
At epoch 101, test loss = 90.8615
...model saved to 15_exp/models/FloydWarshallDataset_tropical_0.0001_20000_20260220_103037_relu_best.pth...20260220_103224
At epoch 102, test loss = 90.7196
...model saved to 15_exp/models/FloydWarshallDataset_tropical_0.0001_20000_20260220_103037_relu_best.pth...20260220_103225
At epoch 103, test loss = 90.5096
...model saved to 15_exp/models/FloydWarshallDataset_tropical_0.0001_20000_20260220_103037_relu_best.pth...20260220_103226
At epoch 104, test loss = 90.2859
...model saved to 15_exp/models/FloydWarshallDataset_tropical_0.0001_20000_20260220_103037_relu_best.pth...20260220_103227
At epoch 105, test loss = 90.0292
...model saved to 15_exp/models/FloydWarshallDataset_tropical_0.0001_20000_20260220_103037_relu_best.pth...20260220_103227
At epoch 106, test loss = 89.7765
...model saved to 15_exp/models/FloydWarshallDataset_tropical_0.0001_20000_20260220_103037_relu_best.pth...20260220_103228
At epoch 107, test loss = 89.5489
...model saved to 15_exp/models/FloydWarshallDataset_tropical_0.0001_20000_20260220_103037_relu_best.pth...20260220_103229
At epoch 108, test loss = 89.3932
...model saved to 15_exp/models/FloydWarshallDataset_tropical_0.0001_20000_20260220_103037_relu_best.pth...20260220_103229
At epoch 109, test loss = 89.1147
...model saved to 15_exp/models/FloydWarshallDataset_tropical_0.0001_20000_20260220_103037_relu_best.pth...20260220_103230
At epoch 110, test loss = 88.9767
...model saved to 15_exp/models/FloydWarshallDataset_tropical_0.0001_20000_20260220_103037_relu_best.pth...20260220_103231
At epoch 111, test loss = 88.6775
...model saved to 15_exp/models/FloydWarshallDataset_tropical_0.0001_20000_20260220_103037_relu_best.pth...20260220_103232
At epoch 112, test loss = 88.5757
...model saved to 15_exp/models/FloydWarshallDataset_tropical_0.0001_20000_20260220_103037_relu_best.pth...20260220_103232
At epoch 113, test loss = 88.3241
...model saved to 15_exp/models/FloydWarshallDataset_tropical_0.0001_20000_20260220_103037_relu_best.pth...20260220_103233
At epoch 114, test loss = 88.2245
...model saved to 15_exp/models/FloydWarshallDataset_tropical_0.0001_20000_20260220_103037_relu_best.pth...20260220_103234
At epoch 115, test loss = 87.9401
...model saved to 15_exp/models/FloydWarshallDataset_tropical_0.0001_20000_20260220_103037_relu_best.pth...20260220_103235
At epoch 116, test loss = 87.7981
...model saved to 15_exp/models/FloydWarshallDataset_tropical_0.0001_20000_20260220_103037_relu_best.pth...20260220_103235
At epoch 117, test loss = 87.5672
...model saved to 15_exp/models/FloydWarshallDataset_tropical_0.0001_20000_20260220_103037_relu_best.pth...20260220_103236
At epoch 118, test loss = 87.3754
...model saved to 15_exp/models/FloydWarshallDataset_tropical_0.0001_20000_20260220_103037_relu_best.pth...20260220_103237
At epoch 119, test loss = 87.2810
...model saved to 15_exp/models/FloydWarshallDataset_tropical_0.0001_20000_20260220_103037_relu_best.pth...20260220_103238
At epoch 120, test loss = 87.1960
...model saved to 15_exp/models/FloydWarshallDataset_tropical_0.0001_20000_20260220_103037_relu_best.pth...20260220_103238
At epoch 121, test loss = 86.8702
...model saved to 15_exp/models/FloydWarshallDataset_tropical_0.0001_20000_20260220_103037_relu_best.pth...20260220_103239
At epoch 122, test loss = 86.7697
...model saved to 15_exp/models/FloydWarshallDataset_tropical_0.0001_20000_20260220_103037_relu_best.pth...20260220_103240
At epoch 123, test loss = 86.6181
...model saved to 15_exp/models/FloydWarshallDataset_tropical_0.0001_20000_20260220_103037_relu_best.pth...20260220_103240
At epoch 124, test loss = 86.4354
...model saved to 15_exp/models/FloydWarshallDataset_tropical_0.0001_20000_20260220_103037_relu_best.pth...20260220_103241
At epoch 125, test loss = 86.2493
...model saved to 15_exp/models/FloydWarshallDataset_tropical_0.0001_20000_20260220_103037_relu_best.pth...20260220_103242
At epoch 126, test loss = 86.1160
...model saved to 15_exp/models/FloydWarshallDataset_tropical_0.0001_20000_20260220_103037_relu_best.pth...20260220_103243
At epoch 127, test loss = 85.9419
...model saved to 15_exp/models/FloydWarshallDataset_tropical_0.0001_20000_20260220_103037_relu_best.pth...20260220_103243
At epoch 128, test loss = 85.8409
...model saved to 15_exp/models/FloydWarshallDataset_tropical_0.0001_20000_20260220_103037_relu_best.pth...20260220_103244
At epoch 129, test loss = 85.6666
...model saved to 15_exp/models/FloydWarshallDataset_tropical_0.0001_20000_20260220_103037_relu_best.pth...20260220_103245
At epoch 130, test loss = 85.5312
...model saved to 15_exp/models/FloydWarshallDataset_tropical_0.0001_20000_20260220_103037_relu_best.pth...20260220_103246
At epoch 131, test loss = 85.4062
...model saved to 15_exp/models/FloydWarshallDataset_tropical_0.0001_20000_20260220_103037_relu_best.pth...20260220_103246
At epoch 132, test loss = 85.3874
...model saved to 15_exp/models/FloydWarshallDataset_tropical_0.0001_20000_20260220_103037_relu_best.pth...20260220_103247
At epoch 133, test loss = 85.2325
...model saved to 15_exp/models/FloydWarshallDataset_tropical_0.0001_20000_20260220_103037_relu_best.pth...20260220_103248
At epoch 134, test loss = 85.1353
...model saved to 15_exp/models/FloydWarshallDataset_tropical_0.0001_20000_20260220_103037_relu_best.pth...20260220_103249
At epoch 135, test loss = 85.1099
...model saved to 15_exp/models/FloydWarshallDataset_tropical_0.0001_20000_20260220_103037_relu_best.pth...20260220_103249
At epoch 136, test loss = 84.9548
...model saved to 15_exp/models/FloydWarshallDataset_tropical_0.0001_20000_20260220_103037_relu_best.pth...20260220_103250
At epoch 137, test loss = 84.8204
...model saved to 15_exp/models/FloydWarshallDataset_tropical_0.0001_20000_20260220_103037_relu_best.pth...20260220_103251
At epoch 138, test loss = 84.7951
...model saved to 15_exp/models/FloydWarshallDataset_tropical_0.0001_20000_20260220_103037_relu_best.pth...20260220_103251
At epoch 139, test loss = 84.6743
...model saved to 15_exp/models/FloydWarshallDataset_tropical_0.0001_20000_20260220_103037_relu_best.pth...20260220_103252
At epoch 140, test loss = 84.5835
...model saved to 15_exp/models/FloydWarshallDataset_tropical_0.0001_20000_20260220_103037_relu_best.pth...20260220_103253
At epoch 141, test loss = 84.5251
...model saved to 15_exp/models/FloydWarshallDataset_tropical_0.0001_20000_20260220_103037_relu_best.pth...20260220_103254
At epoch 142, test loss = 84.4212
...model saved to 15_exp/models/FloydWarshallDataset_tropical_0.0001_20000_20260220_103037_relu_best.pth...20260220_103254
At epoch 143, test loss = 84.4031
...model saved to 15_exp/models/FloydWarshallDataset_tropical_0.0001_20000_20260220_103037_relu_best.pth...20260220_103255
At epoch 144, test loss = 84.2557
...model saved to 15_exp/models/FloydWarshallDataset_tropical_0.0001_20000_20260220_103037_relu_best.pth...20260220_103256
At epoch 145, test loss = 84.1601
...model saved to 15_exp/models/FloydWarshallDataset_tropical_0.0001_20000_20260220_103037_relu_best.pth...20260220_103257
At epoch 146, test loss = 84.1230
...model saved to 15_exp/models/FloydWarshallDataset_tropical_0.0001_20000_20260220_103037_relu_best.pth...20260220_103257
At epoch 147, test loss = 84.0170
...model saved to 15_exp/models/FloydWarshallDataset_tropical_0.0001_20000_20260220_103037_relu_best.pth...20260220_103258
At epoch 148, test loss = 83.9223
...model saved to 15_exp/models/FloydWarshallDataset_tropical_0.0001_20000_20260220_103037_relu_best.pth...20260220_103259
At epoch 149, test loss = 83.8525
...model saved to 15_exp/models/FloydWarshallDataset_tropical_0.0001_20000_20260220_103037_relu_best.pth...20260220_103300
At epoch 150, test loss = 83.7480
...model saved to 15_exp/models/FloydWarshallDataset_tropical_0.0001_20000_20260220_103037_relu_best.pth...20260220_103300
At epoch 151, test loss = 83.6381
...model saved to 15_exp/models/FloydWarshallDataset_tropical_0.0001_20000_20260220_103037_relu_best.pth...20260220_103301
At epoch 152, test loss = 83.5960
...model saved to 15_exp/models/FloydWarshallDataset_tropical_0.0001_20000_20260220_103037_relu_best.pth...20260220_103302
At epoch 153, test loss = 83.5517
...model saved to 15_exp/models/FloydWarshallDataset_tropical_0.0001_20000_20260220_103037_relu_best.pth...20260220_103302
At epoch 154, test loss = 83.3659
...model saved to 15_exp/models/FloydWarshallDataset_tropical_0.0001_20000_20260220_103037_relu_best.pth...20260220_103303
At epoch 155, test loss = 83.3493
...model saved to 15_exp/models/FloydWarshallDataset_tropical_0.0001_20000_20260220_103037_relu_best.pth...20260220_103304
At epoch 156, test loss = 83.1931
...model saved to 15_exp/models/FloydWarshallDataset_tropical_0.0001_20000_20260220_103037_relu_best.pth...20260220_103305
At epoch 157, test loss = 83.0673
...model saved to 15_exp/models/FloydWarshallDataset_tropical_0.0001_20000_20260220_103037_relu_best.pth...20260220_103305
At epoch 158, test loss = 82.9878
...model saved to 15_exp/models/FloydWarshallDataset_tropical_0.0001_20000_20260220_103037_relu_best.pth...20260220_103306
At epoch 159, test loss = 82.8995
...model saved to 15_exp/models/FloydWarshallDataset_tropical_0.0001_20000_20260220_103037_relu_best.pth...20260220_103307
At epoch 160, test loss = 82.7606
...model saved to 15_exp/models/FloydWarshallDataset_tropical_0.0001_20000_20260220_103037_relu_best.pth...20260220_103308
At epoch 161, test loss = 82.6547
...model saved to 15_exp/models/FloydWarshallDataset_tropical_0.0001_20000_20260220_103037_relu_best.pth...20260220_103308
At epoch 162, test loss = 82.5795
...model saved to 15_exp/models/FloydWarshallDataset_tropical_0.0001_20000_20260220_103037_relu_best.pth...20260220_103309
At epoch 163, test loss = 82.3530
...model saved to 15_exp/models/FloydWarshallDataset_tropical_0.0001_20000_20260220_103037_relu_best.pth...20260220_103310
At epoch 164, test loss = 82.2501
...model saved to 15_exp/models/FloydWarshallDataset_tropical_0.0001_20000_20260220_103037_relu_best.pth...20260220_103310
At epoch 165, test loss = 82.0879
...model saved to 15_exp/models/FloydWarshallDataset_tropical_0.0001_20000_20260220_103037_relu_best.pth...20260220_103311
At epoch 166, test loss = 81.9356
...model saved to 15_exp/models/FloydWarshallDataset_tropical_0.0001_20000_20260220_103037_relu_best.pth...20260220_103312
At epoch 167, test loss = 81.7787
...model saved to 15_exp/models/FloydWarshallDataset_tropical_0.0001_20000_20260220_103037_relu_best.pth...20260220_103313
At epoch 168, test loss = 81.6657
...model saved to 15_exp/models/FloydWarshallDataset_tropical_0.0001_20000_20260220_103037_relu_best.pth...20260220_103313
At epoch 169, test loss = 81.5388
...model saved to 15_exp/models/FloydWarshallDataset_tropical_0.0001_20000_20260220_103037_relu_best.pth...20260220_103314
At epoch 170, test loss = 81.3197
...model saved to 15_exp/models/FloydWarshallDataset_tropical_0.0001_20000_20260220_103037_relu_best.pth...20260220_103315
At epoch 171, test loss = 81.1291
...model saved to 15_exp/models/FloydWarshallDataset_tropical_0.0001_20000_20260220_103037_relu_best.pth...20260220_103316
At epoch 172, test loss = 80.9240
...model saved to 15_exp/models/FloydWarshallDataset_tropical_0.0001_20000_20260220_103037_relu_best.pth...20260220_103316
At epoch 173, test loss = 80.7304
...model saved to 15_exp/models/FloydWarshallDataset_tropical_0.0001_20000_20260220_103037_relu_best.pth...20260220_103317
At epoch 174, test loss = 80.4957
...model saved to 15_exp/models/FloydWarshallDataset_tropical_0.0001_20000_20260220_103037_relu_best.pth...20260220_103318
At epoch 175, test loss = 80.2833
...model saved to 15_exp/models/FloydWarshallDataset_tropical_0.0001_20000_20260220_103037_relu_best.pth...20260220_103319
At epoch 176, test loss = 80.0056
...model saved to 15_exp/models/FloydWarshallDataset_tropical_0.0001_20000_20260220_103037_relu_best.pth...20260220_103319
At epoch 177, test loss = 79.7802
...model saved to 15_exp/models/FloydWarshallDataset_tropical_0.0001_20000_20260220_103037_relu_best.pth...20260220_103320
At epoch 178, test loss = 79.4822
...model saved to 15_exp/models/FloydWarshallDataset_tropical_0.0001_20000_20260220_103037_relu_best.pth...20260220_103321
At epoch 179, test loss = 79.3018
...model saved to 15_exp/models/FloydWarshallDataset_tropical_0.0001_20000_20260220_103037_relu_best.pth...20260220_103321
At epoch 180, test loss = 79.0420
...model saved to 15_exp/models/FloydWarshallDataset_tropical_0.0001_20000_20260220_103037_relu_best.pth...20260220_103322
At epoch 181, test loss = 78.7509
...model saved to 15_exp/models/FloydWarshallDataset_tropical_0.0001_20000_20260220_103037_relu_best.pth...20260220_103323
At epoch 182, test loss = 78.5993
...model saved to 15_exp/models/FloydWarshallDataset_tropical_0.0001_20000_20260220_103037_relu_best.pth...20260220_103324
At epoch 183, test loss = 78.2464
...model saved to 15_exp/models/FloydWarshallDataset_tropical_0.0001_20000_20260220_103037_relu_best.pth...20260220_103324
At epoch 184, test loss = 77.9989
...model saved to 15_exp/models/FloydWarshallDataset_tropical_0.0001_20000_20260220_103037_relu_best.pth...20260220_103325
At epoch 185, test loss = 77.7402
...model saved to 15_exp/models/FloydWarshallDataset_tropical_0.0001_20000_20260220_103037_relu_best.pth...20260220_103326
At epoch 186, test loss = 77.5414
...model saved to 15_exp/models/FloydWarshallDataset_tropical_0.0001_20000_20260220_103037_relu_best.pth...20260220_103327
At epoch 187, test loss = 77.2677
...model saved to 15_exp/models/FloydWarshallDataset_tropical_0.0001_20000_20260220_103037_relu_best.pth...20260220_103327
At epoch 188, test loss = 77.0297
...model saved to 15_exp/models/FloydWarshallDataset_tropical_0.0001_20000_20260220_103037_relu_best.pth...20260220_103328
At epoch 189, test loss = 76.7536
...model saved to 15_exp/models/FloydWarshallDataset_tropical_0.0001_20000_20260220_103037_relu_best.pth...20260220_103329
At epoch 190, test loss = 76.4774
...model saved to 15_exp/models/FloydWarshallDataset_tropical_0.0001_20000_20260220_103037_relu_best.pth...20260220_103329
At epoch 191, test loss = 76.1623
...model saved to 15_exp/models/FloydWarshallDataset_tropical_0.0001_20000_20260220_103037_relu_best.pth...20260220_103330
At epoch 192, test loss = 75.8512
...model saved to 15_exp/models/FloydWarshallDataset_tropical_0.0001_20000_20260220_103037_relu_best.pth...20260220_103331
At epoch 193, test loss = 75.5851
...model saved to 15_exp/models/FloydWarshallDataset_tropical_0.0001_20000_20260220_103037_relu_best.pth...20260220_103332
At epoch 194, test loss = 75.2643
...model saved to 15_exp/models/FloydWarshallDataset_tropical_0.0001_20000_20260220_103037_relu_best.pth...20260220_103332
At epoch 195, test loss = 74.9586
...model saved to 15_exp/models/FloydWarshallDataset_tropical_0.0001_20000_20260220_103037_relu_best.pth...20260220_103333
At epoch 196, test loss = 74.6067
...model saved to 15_exp/models/FloydWarshallDataset_tropical_0.0001_20000_20260220_103037_relu_best.pth...20260220_103334
At epoch 197, test loss = 74.4439
...model saved to 15_exp/models/FloydWarshallDataset_tropical_0.0001_20000_20260220_103037_relu_best.pth...20260220_103334
At epoch 198, test loss = 74.0237
...model saved to 15_exp/models/FloydWarshallDataset_tropical_0.0001_20000_20260220_103037_relu_best.pth...20260220_103335
At epoch 199, test loss = 73.7133
...model saved to 15_exp/models/FloydWarshallDataset_tropical_0.0001_20000_20260220_103037_relu_best.pth...20260220_103336
At epoch 200, test loss = 73.4724
...model saved to 15_exp/models/FloydWarshallDataset_tropical_0.0001_20000_20260220_103037_relu_best.pth...20260220_103337
At epoch 201, test loss = 73.1898
...model saved to 15_exp/models/FloydWarshallDataset_tropical_0.0001_20000_20260220_103037_relu_best.pth...20260220_103338
At epoch 202, test loss = 73.0245
...model saved to 15_exp/models/FloydWarshallDataset_tropical_0.0001_20000_20260220_103037_relu_best.pth...20260220_103338
At epoch 203, test loss = 72.7374
...model saved to 15_exp/models/FloydWarshallDataset_tropical_0.0001_20000_20260220_103037_relu_best.pth...20260220_103339
At epoch 204, test loss = 72.6031
...model saved to 15_exp/models/FloydWarshallDataset_tropical_0.0001_20000_20260220_103037_relu_best.pth...20260220_103340
At epoch 205, test loss = 72.3304
...model saved to 15_exp/models/FloydWarshallDataset_tropical_0.0001_20000_20260220_103037_relu_best.pth...20260220_103340
At epoch 206, test loss = 72.1489
...model saved to 15_exp/models/FloydWarshallDataset_tropical_0.0001_20000_20260220_103037_relu_best.pth...20260220_103341
At epoch 207, test loss = 71.9643
...model saved to 15_exp/models/FloydWarshallDataset_tropical_0.0001_20000_20260220_103037_relu_best.pth...20260220_103342
At epoch 208, test loss = 71.7862
...model saved to 15_exp/models/FloydWarshallDataset_tropical_0.0001_20000_20260220_103037_relu_best.pth...20260220_103343
At epoch 209, test loss = 71.6073
...model saved to 15_exp/models/FloydWarshallDataset_tropical_0.0001_20000_20260220_103037_relu_best.pth...20260220_103343
At epoch 210, test loss = 71.4262
...model saved to 15_exp/models/FloydWarshallDataset_tropical_0.0001_20000_20260220_103037_relu_best.pth...20260220_103344
At epoch 211, test loss = 71.3786
...model saved to 15_exp/models/FloydWarshallDataset_tropical_0.0001_20000_20260220_103037_relu_best.pth...20260220_103345
At epoch 212, test loss = 71.1397
...model saved to 15_exp/models/FloydWarshallDataset_tropical_0.0001_20000_20260220_103037_relu_best.pth...20260220_103345
At epoch 213, test loss = 70.9967
...model saved to 15_exp/models/FloydWarshallDataset_tropical_0.0001_20000_20260220_103037_relu_best.pth...20260220_103346
At epoch 214, test loss = 70.8812
...model saved to 15_exp/models/FloydWarshallDataset_tropical_0.0001_20000_20260220_103037_relu_best.pth...20260220_103347
At epoch 215, test loss = 70.7445
...model saved to 15_exp/models/FloydWarshallDataset_tropical_0.0001_20000_20260220_103037_relu_best.pth...20260220_103348
At epoch 216, test loss = 70.6176
...model saved to 15_exp/models/FloydWarshallDataset_tropical_0.0001_20000_20260220_103037_relu_best.pth...20260220_103348
At epoch 217, test loss = 70.5053
...model saved to 15_exp/models/FloydWarshallDataset_tropical_0.0001_20000_20260220_103037_relu_best.pth...20260220_103349
At epoch 218, test loss = 70.3933
...model saved to 15_exp/models/FloydWarshallDataset_tropical_0.0001_20000_20260220_103037_relu_best.pth...20260220_103350
At epoch 219, test loss = 70.2987
...model saved to 15_exp/models/FloydWarshallDataset_tropical_0.0001_20000_20260220_103037_relu_best.pth...20260220_103351
At epoch 220, test loss = 70.1352
...model saved to 15_exp/models/FloydWarshallDataset_tropical_0.0001_20000_20260220_103037_relu_best.pth...20260220_103351
At epoch 221, test loss = 70.0364
...model saved to 15_exp/models/FloydWarshallDataset_tropical_0.0001_20000_20260220_103037_relu_best.pth...20260220_103352
At epoch 222, test loss = 69.9472
...model saved to 15_exp/models/FloydWarshallDataset_tropical_0.0001_20000_20260220_103037_relu_best.pth...20260220_103353
At epoch 223, test loss = 69.9142
...model saved to 15_exp/models/FloydWarshallDataset_tropical_0.0001_20000_20260220_103037_relu_best.pth...20260220_103353
At epoch 224, test loss = 69.7348
...model saved to 15_exp/models/FloydWarshallDataset_tropical_0.0001_20000_20260220_103037_relu_best.pth...20260220_103354
At epoch 225, test loss = 69.6233
...model saved to 15_exp/models/FloydWarshallDataset_tropical_0.0001_20000_20260220_103037_relu_best.pth...20260220_103355
At epoch 226, test loss = 69.5330
...model saved to 15_exp/models/FloydWarshallDataset_tropical_0.0001_20000_20260220_103037_relu_best.pth...20260220_103356
At epoch 227, test loss = 69.3651
...model saved to 15_exp/models/FloydWarshallDataset_tropical_0.0001_20000_20260220_103037_relu_best.pth...20260220_103356
At epoch 228, test loss = 69.3157
...model saved to 15_exp/models/FloydWarshallDataset_tropical_0.0001_20000_20260220_103037_relu_best.pth...20260220_103357
At epoch 229, test loss = 69.1504
...model saved to 15_exp/models/FloydWarshallDataset_tropical_0.0001_20000_20260220_103037_relu_best.pth...20260220_103358
At epoch 230, test loss = 69.1198
...model saved to 15_exp/models/FloydWarshallDataset_tropical_0.0001_20000_20260220_103037_relu_best.pth...20260220_103359
At epoch 231, test loss = 69.0099
...model saved to 15_exp/models/FloydWarshallDataset_tropical_0.0001_20000_20260220_103037_relu_best.pth...20260220_103359
At epoch 232, test loss = 68.8420
...model saved to 15_exp/models/FloydWarshallDataset_tropical_0.0001_20000_20260220_103037_relu_best.pth...20260220_103400
At epoch 233, test loss = 68.7130
...model saved to 15_exp/models/FloydWarshallDataset_tropical_0.0001_20000_20260220_103037_relu_best.pth...20260220_103401
At epoch 234, test loss = 68.6111
...model saved to 15_exp/models/FloydWarshallDataset_tropical_0.0001_20000_20260220_103037_relu_best.pth...20260220_103402
At epoch 235, test loss = 68.4932
...model saved to 15_exp/models/FloydWarshallDataset_tropical_0.0001_20000_20260220_103037_relu_best.pth...20260220_103402
At epoch 236, test loss = 68.3545
...model saved to 15_exp/models/FloydWarshallDataset_tropical_0.0001_20000_20260220_103037_relu_best.pth...20260220_103403
At epoch 237, test loss = 68.2284
...model saved to 15_exp/models/FloydWarshallDataset_tropical_0.0001_20000_20260220_103037_relu_best.pth...20260220_103404
At epoch 238, test loss = 68.1594
...model saved to 15_exp/models/FloydWarshallDataset_tropical_0.0001_20000_20260220_103037_relu_best.pth...20260220_103404
At epoch 239, test loss = 67.9955
...model saved to 15_exp/models/FloydWarshallDataset_tropical_0.0001_20000_20260220_103037_relu_best.pth...20260220_103405
At epoch 240, test loss = 67.8743
...model saved to 15_exp/models/FloydWarshallDataset_tropical_0.0001_20000_20260220_103037_relu_best.pth...20260220_103406
At epoch 241, test loss = 67.7498
...model saved to 15_exp/models/FloydWarshallDataset_tropical_0.0001_20000_20260220_103037_relu_best.pth...20260220_103407
At epoch 242, test loss = 67.6243
...model saved to 15_exp/models/FloydWarshallDataset_tropical_0.0001_20000_20260220_103037_relu_best.pth...20260220_103407
At epoch 243, test loss = 67.5362
...model saved to 15_exp/models/FloydWarshallDataset_tropical_0.0001_20000_20260220_103037_relu_best.pth...20260220_103408
At epoch 244, test loss = 67.3793
...model saved to 15_exp/models/FloydWarshallDataset_tropical_0.0001_20000_20260220_103037_relu_best.pth...20260220_103409
At epoch 245, test loss = 67.2969
...model saved to 15_exp/models/FloydWarshallDataset_tropical_0.0001_20000_20260220_103037_relu_best.pth...20260220_103410
At epoch 246, test loss = 67.1396
...model saved to 15_exp/models/FloydWarshallDataset_tropical_0.0001_20000_20260220_103037_relu_best.pth...20260220_103410
At epoch 247, test loss = 66.9860
...model saved to 15_exp/models/FloydWarshallDataset_tropical_0.0001_20000_20260220_103037_relu_best.pth...20260220_103411
At epoch 248, test loss = 66.9012
...model saved to 15_exp/models/FloydWarshallDataset_tropical_0.0001_20000_20260220_103037_relu_best.pth...20260220_103412
At epoch 249, test loss = 66.7202
...model saved to 15_exp/models/FloydWarshallDataset_tropical_0.0001_20000_20260220_103037_relu_best.pth...20260220_103412
At epoch 250, test loss = 66.5791
...model saved to 15_exp/models/FloydWarshallDataset_tropical_0.0001_20000_20260220_103037_relu_best.pth...20260220_103413
At epoch 251, test loss = 66.5311
...model saved to 15_exp/models/FloydWarshallDataset_tropical_0.0001_20000_20260220_103037_relu_best.pth...20260220_103414
At epoch 252, test loss = 66.3666
...model saved to 15_exp/models/FloydWarshallDataset_tropical_0.0001_20000_20260220_103037_relu_best.pth...20260220_103414
At epoch 253, test loss = 66.1853
...model saved to 15_exp/models/FloydWarshallDataset_tropical_0.0001_20000_20260220_103037_relu_best.pth...20260220_103415
At epoch 254, test loss = 66.0441
...model saved to 15_exp/models/FloydWarshallDataset_tropical_0.0001_20000_20260220_103037_relu_best.pth...20260220_103416
At epoch 255, test loss = 65.9051
...model saved to 15_exp/models/FloydWarshallDataset_tropical_0.0001_20000_20260220_103037_relu_best.pth...20260220_103416
At epoch 256, test loss = 65.8108
...model saved to 15_exp/models/FloydWarshallDataset_tropical_0.0001_20000_20260220_103037_relu_best.pth...20260220_103417
At epoch 257, test loss = 65.6974
...model saved to 15_exp/models/FloydWarshallDataset_tropical_0.0001_20000_20260220_103037_relu_best.pth...20260220_103418
At epoch 258, test loss = 65.5211
...model saved to 15_exp/models/FloydWarshallDataset_tropical_0.0001_20000_20260220_103037_relu_best.pth...20260220_103419
At epoch 259, test loss = 65.3551
...model saved to 15_exp/models/FloydWarshallDataset_tropical_0.0001_20000_20260220_103037_relu_best.pth...20260220_103419
At epoch 260, test loss = 65.1904
...model saved to 15_exp/models/FloydWarshallDataset_tropical_0.0001_20000_20260220_103037_relu_best.pth...20260220_103420
At epoch 261, test loss = 65.0407
...model saved to 15_exp/models/FloydWarshallDataset_tropical_0.0001_20000_20260220_103037_relu_best.pth...20260220_103421
At epoch 262, test loss = 64.8671
...model saved to 15_exp/models/FloydWarshallDataset_tropical_0.0001_20000_20260220_103037_relu_best.pth...20260220_103422
At epoch 263, test loss = 64.7177
...model saved to 15_exp/models/FloydWarshallDataset_tropical_0.0001_20000_20260220_103037_relu_best.pth...20260220_103422
At epoch 264, test loss = 64.5931
...model saved to 15_exp/models/FloydWarshallDataset_tropical_0.0001_20000_20260220_103037_relu_best.pth...20260220_103423
At epoch 265, test loss = 64.4837
...model saved to 15_exp/models/FloydWarshallDataset_tropical_0.0001_20000_20260220_103037_relu_best.pth...20260220_103424
At epoch 266, test loss = 64.3919
...model saved to 15_exp/models/FloydWarshallDataset_tropical_0.0001_20000_20260220_103037_relu_best.pth...20260220_103424
At epoch 267, test loss = 64.1619
...model saved to 15_exp/models/FloydWarshallDataset_tropical_0.0001_20000_20260220_103037_relu_best.pth...20260220_103425
At epoch 268, test loss = 63.9586
...model saved to 15_exp/models/FloydWarshallDataset_tropical_0.0001_20000_20260220_103037_relu_best.pth...20260220_103426
At epoch 269, test loss = 63.8061
...model saved to 15_exp/models/FloydWarshallDataset_tropical_0.0001_20000_20260220_103037_relu_best.pth...20260220_103427
At epoch 270, test loss = 63.6025
...model saved to 15_exp/models/FloydWarshallDataset_tropical_0.0001_20000_20260220_103037_relu_best.pth...20260220_103427
At epoch 271, test loss = 63.4666
...model saved to 15_exp/models/FloydWarshallDataset_tropical_0.0001_20000_20260220_103037_relu_best.pth...20260220_103428
At epoch 272, test loss = 63.2625
...model saved to 15_exp/models/FloydWarshallDataset_tropical_0.0001_20000_20260220_103037_relu_best.pth...20260220_103429
At epoch 273, test loss = 63.1081
...model saved to 15_exp/models/FloydWarshallDataset_tropical_0.0001_20000_20260220_103037_relu_best.pth...20260220_103429
At epoch 274, test loss = 62.9306
...model saved to 15_exp/models/FloydWarshallDataset_tropical_0.0001_20000_20260220_103037_relu_best.pth...20260220_103430
At epoch 275, test loss = 62.7935
...model saved to 15_exp/models/FloydWarshallDataset_tropical_0.0001_20000_20260220_103037_relu_best.pth...20260220_103431
At epoch 276, test loss = 62.5726
...model saved to 15_exp/models/FloydWarshallDataset_tropical_0.0001_20000_20260220_103037_relu_best.pth...20260220_103432
At epoch 277, test loss = 62.4308
...model saved to 15_exp/models/FloydWarshallDataset_tropical_0.0001_20000_20260220_103037_relu_best.pth...20260220_103432
At epoch 278, test loss = 62.2383
...model saved to 15_exp/models/FloydWarshallDataset_tropical_0.0001_20000_20260220_103037_relu_best.pth...20260220_103433
At epoch 279, test loss = 62.0050
...model saved to 15_exp/models/FloydWarshallDataset_tropical_0.0001_20000_20260220_103037_relu_best.pth...20260220_103434
At epoch 280, test loss = 61.8717
...model saved to 15_exp/models/FloydWarshallDataset_tropical_0.0001_20000_20260220_103037_relu_best.pth...20260220_103435
At epoch 281, test loss = 61.6616
...model saved to 15_exp/models/FloydWarshallDataset_tropical_0.0001_20000_20260220_103037_relu_best.pth...20260220_103435
At epoch 282, test loss = 61.4811
...model saved to 15_exp/models/FloydWarshallDataset_tropical_0.0001_20000_20260220_103037_relu_best.pth...20260220_103436
At epoch 283, test loss = 61.2779
...model saved to 15_exp/models/FloydWarshallDataset_tropical_0.0001_20000_20260220_103037_relu_best.pth...20260220_103437
At epoch 284, test loss = 61.1181
...model saved to 15_exp/models/FloydWarshallDataset_tropical_0.0001_20000_20260220_103037_relu_best.pth...20260220_103437
At epoch 285, test loss = 60.8731
...model saved to 15_exp/models/FloydWarshallDataset_tropical_0.0001_20000_20260220_103037_relu_best.pth...20260220_103438
At epoch 286, test loss = 60.6136
...model saved to 15_exp/models/FloydWarshallDataset_tropical_0.0001_20000_20260220_103037_relu_best.pth...20260220_103439
At epoch 287, test loss = 60.5330
...model saved to 15_exp/models/FloydWarshallDataset_tropical_0.0001_20000_20260220_103037_relu_best.pth...20260220_103440
At epoch 288, test loss = 60.3052
...model saved to 15_exp/models/FloydWarshallDataset_tropical_0.0001_20000_20260220_103037_relu_best.pth...20260220_103440
At epoch 289, test loss = 60.0847
...model saved to 15_exp/models/FloydWarshallDataset_tropical_0.0001_20000_20260220_103037_relu_best.pth...20260220_103441
At epoch 290, test loss = 59.9345
...model saved to 15_exp/models/FloydWarshallDataset_tropical_0.0001_20000_20260220_103037_relu_best.pth...20260220_103442
At epoch 291, test loss = 59.7212
...model saved to 15_exp/models/FloydWarshallDataset_tropical_0.0001_20000_20260220_103037_relu_best.pth...20260220_103443
At epoch 292, test loss = 59.5592
...model saved to 15_exp/models/FloydWarshallDataset_tropical_0.0001_20000_20260220_103037_relu_best.pth...20260220_103443
At epoch 293, test loss = 59.5387
...model saved to 15_exp/models/FloydWarshallDataset_tropical_0.0001_20000_20260220_103037_relu_best.pth...20260220_103444
At epoch 294, test loss = 59.3606
...model saved to 15_exp/models/FloydWarshallDataset_tropical_0.0001_20000_20260220_103037_relu_best.pth...20260220_103445
At epoch 295, test loss = 59.2419
...model saved to 15_exp/models/FloydWarshallDataset_tropical_0.0001_20000_20260220_103037_relu_best.pth...20260220_103445
At epoch 296, test loss = 59.1870
...model saved to 15_exp/models/FloydWarshallDataset_tropical_0.0001_20000_20260220_103037_relu_best.pth...20260220_103446
At epoch 297, test loss = 59.0399
...model saved to 15_exp/models/FloydWarshallDataset_tropical_0.0001_20000_20260220_103037_relu_best.pth...20260220_103447
At epoch 298, test loss = 58.9813
...model saved to 15_exp/models/FloydWarshallDataset_tropical_0.0001_20000_20260220_103037_relu_best.pth...20260220_103448
At epoch 299, test loss = 58.8979
...model saved to 15_exp/models/FloydWarshallDataset_tropical_0.0001_20000_20260220_103037_relu_best.pth...20260220_103448
At epoch 300, test loss = 58.8029
...model saved to 15_exp/models/FloydWarshallDataset_tropical_0.0001_20000_20260220_103037_relu_best.pth...20260220_103449
At epoch 301, test loss = 58.7517
...model saved to 15_exp/models/FloydWarshallDataset_tropical_0.0001_20000_20260220_103037_relu_best.pth...20260220_103450
At epoch 302, test loss = 58.7205
...model saved to 15_exp/models/FloydWarshallDataset_tropical_0.0001_20000_20260220_103037_relu_best.pth...20260220_103450
At epoch 303, test loss = 58.6184
...model saved to 15_exp/models/FloydWarshallDataset_tropical_0.0001_20000_20260220_103037_relu_best.pth...20260220_103451
At epoch 304, test loss = 58.6133
...model saved to 15_exp/models/FloydWarshallDataset_tropical_0.0001_20000_20260220_103037_relu_best.pth...20260220_103452
At epoch 305, test loss = 58.4465
...model saved to 15_exp/models/FloydWarshallDataset_tropical_0.0001_20000_20260220_103037_relu_best.pth...20260220_103453
At epoch 306, test loss = 58.4019
...model saved to 15_exp/models/FloydWarshallDataset_tropical_0.0001_20000_20260220_103037_relu_best.pth...20260220_103453
At epoch 307, test loss = 58.3925
...model saved to 15_exp/models/FloydWarshallDataset_tropical_0.0001_20000_20260220_103037_relu_best.pth...20260220_103454
At epoch 308, test loss = 58.3029
...model saved to 15_exp/models/FloydWarshallDataset_tropical_0.0001_20000_20260220_103037_relu_best.pth...20260220_103455
At epoch 309, test loss = 58.2517
...model saved to 15_exp/models/FloydWarshallDataset_tropical_0.0001_20000_20260220_103037_relu_best.pth...20260220_103456
At epoch 311, test loss = 58.1646
...model saved to 15_exp/models/FloydWarshallDataset_tropical_0.0001_20000_20260220_103037_relu_best.pth...20260220_103457
At epoch 312, test loss = 58.0717
...model saved to 15_exp/models/FloydWarshallDataset_tropical_0.0001_20000_20260220_103037_relu_best.pth...20260220_103458
At epoch 314, test loss = 58.0004
...model saved to 15_exp/models/FloydWarshallDataset_tropical_0.0001_20000_20260220_103037_relu_best.pth...20260220_103459
At epoch 315, test loss = 57.9874
...model saved to 15_exp/models/FloydWarshallDataset_tropical_0.0001_20000_20260220_103037_relu_best.pth...20260220_103500
At epoch 316, test loss = 57.8919
...model saved to 15_exp/models/FloydWarshallDataset_tropical_0.0001_20000_20260220_103037_relu_best.pth...20260220_103501
At epoch 317, test loss = 57.8487
...model saved to 15_exp/models/FloydWarshallDataset_tropical_0.0001_20000_20260220_103037_relu_best.pth...20260220_103502
At epoch 318, test loss = 57.8306
...model saved to 15_exp/models/FloydWarshallDataset_tropical_0.0001_20000_20260220_103037_relu_best.pth...20260220_103502
At epoch 319, test loss = 57.7852
...model saved to 15_exp/models/FloydWarshallDataset_tropical_0.0001_20000_20260220_103037_relu_best.pth...20260220_103503
At epoch 320, test loss = 57.7604
...model saved to 15_exp/models/FloydWarshallDataset_tropical_0.0001_20000_20260220_103037_relu_best.pth...20260220_103504
At epoch 321, test loss = 57.6736
...model saved to 15_exp/models/FloydWarshallDataset_tropical_0.0001_20000_20260220_103037_relu_best.pth...20260220_103504
At epoch 323, test loss = 57.6579
...model saved to 15_exp/models/FloydWarshallDataset_tropical_0.0001_20000_20260220_103037_relu_best.pth...20260220_103506
At epoch 324, test loss = 57.5655
...model saved to 15_exp/models/FloydWarshallDataset_tropical_0.0001_20000_20260220_103037_relu_best.pth...20260220_103507
At epoch 325, test loss = 57.5496
...model saved to 15_exp/models/FloydWarshallDataset_tropical_0.0001_20000_20260220_103037_relu_best.pth...20260220_103507
At epoch 326, test loss = 57.5146
...model saved to 15_exp/models/FloydWarshallDataset_tropical_0.0001_20000_20260220_103037_relu_best.pth...20260220_103508
At epoch 327, test loss = 57.4745
...model saved to 15_exp/models/FloydWarshallDataset_tropical_0.0001_20000_20260220_103037_relu_best.pth...20260220_103509
At epoch 328, test loss = 57.4693
...model saved to 15_exp/models/FloydWarshallDataset_tropical_0.0001_20000_20260220_103037_relu_best.pth...20260220_103509
At epoch 329, test loss = 57.3902
...model saved to 15_exp/models/FloydWarshallDataset_tropical_0.0001_20000_20260220_103037_relu_best.pth...20260220_103510
At epoch 330, test loss = 57.3879
...model saved to 15_exp/models/FloydWarshallDataset_tropical_0.0001_20000_20260220_103037_relu_best.pth...20260220_103511
At epoch 331, test loss = 57.3414
...model saved to 15_exp/models/FloydWarshallDataset_tropical_0.0001_20000_20260220_103037_relu_best.pth...20260220_103512
At epoch 332, test loss = 57.3197
...model saved to 15_exp/models/FloydWarshallDataset_tropical_0.0001_20000_20260220_103037_relu_best.pth...20260220_103512
At epoch 333, test loss = 57.2907
...model saved to 15_exp/models/FloydWarshallDataset_tropical_0.0001_20000_20260220_103037_relu_best.pth...20260220_103513
At epoch 335, test loss = 57.1990
...model saved to 15_exp/models/FloydWarshallDataset_tropical_0.0001_20000_20260220_103037_relu_best.pth...20260220_103515
At epoch 336, test loss = 57.1677
...model saved to 15_exp/models/FloydWarshallDataset_tropical_0.0001_20000_20260220_103037_relu_best.pth...20260220_103515
At epoch 337, test loss = 57.1464
...model saved to 15_exp/models/FloydWarshallDataset_tropical_0.0001_20000_20260220_103037_relu_best.pth...20260220_103516
At epoch 338, test loss = 57.1004
...model saved to 15_exp/models/FloydWarshallDataset_tropical_0.0001_20000_20260220_103037_relu_best.pth...20260220_103517
At epoch 339, test loss = 57.0980
...model saved to 15_exp/models/FloydWarshallDataset_tropical_0.0001_20000_20260220_103037_relu_best.pth...20260220_103517
At epoch 340, test loss = 57.0968
...model saved to 15_exp/models/FloydWarshallDataset_tropical_0.0001_20000_20260220_103037_relu_best.pth...20260220_103518
At epoch 341, test loss = 57.0798
...model saved to 15_exp/models/FloydWarshallDataset_tropical_0.0001_20000_20260220_103037_relu_best.pth...20260220_103519
At epoch 342, test loss = 57.0601
...model saved to 15_exp/models/FloydWarshallDataset_tropical_0.0001_20000_20260220_103037_relu_best.pth...20260220_103520
At epoch 343, test loss = 56.9922
...model saved to 15_exp/models/FloydWarshallDataset_tropical_0.0001_20000_20260220_103037_relu_best.pth...20260220_103520
At epoch 345, test loss = 56.9367
...model saved to 15_exp/models/FloydWarshallDataset_tropical_0.0001_20000_20260220_103037_relu_best.pth...20260220_103522
At epoch 346, test loss = 56.9219
...model saved to 15_exp/models/FloydWarshallDataset_tropical_0.0001_20000_20260220_103037_relu_best.pth...20260220_103523
At epoch 347, test loss = 56.8935
...model saved to 15_exp/models/FloydWarshallDataset_tropical_0.0001_20000_20260220_103037_relu_best.pth...20260220_103523
At epoch 349, test loss = 56.8398
...model saved to 15_exp/models/FloydWarshallDataset_tropical_0.0001_20000_20260220_103037_relu_best.pth...20260220_103525
At epoch 350, test loss = 56.8327
...model saved to 15_exp/models/FloydWarshallDataset_tropical_0.0001_20000_20260220_103037_relu_best.pth...20260220_103525
At epoch 351, test loss = 56.7806
...model saved to 15_exp/models/FloydWarshallDataset_tropical_0.0001_20000_20260220_103037_relu_best.pth...20260220_103526
At epoch 353, test loss = 56.7643
...model saved to 15_exp/models/FloydWarshallDataset_tropical_0.0001_20000_20260220_103037_relu_best.pth...20260220_103528
At epoch 354, test loss = 56.7642
...model saved to 15_exp/models/FloydWarshallDataset_tropical_0.0001_20000_20260220_103037_relu_best.pth...20260220_103528
At epoch 355, test loss = 56.7048
...model saved to 15_exp/models/FloydWarshallDataset_tropical_0.0001_20000_20260220_103037_relu_best.pth...20260220_103529
At epoch 356, test loss = 56.6905
...model saved to 15_exp/models/FloydWarshallDataset_tropical_0.0001_20000_20260220_103037_relu_best.pth...20260220_103530
At epoch 357, test loss = 56.6387
...model saved to 15_exp/models/FloydWarshallDataset_tropical_0.0001_20000_20260220_103037_relu_best.pth...20260220_103530
At epoch 359, test loss = 56.5932
...model saved to 15_exp/models/FloydWarshallDataset_tropical_0.0001_20000_20260220_103037_relu_best.pth...20260220_103532
At epoch 360, test loss = 56.5930
...model saved to 15_exp/models/FloydWarshallDataset_tropical_0.0001_20000_20260220_103037_relu_best.pth...20260220_103533
At epoch 361, test loss = 56.5927
...model saved to 15_exp/models/FloydWarshallDataset_tropical_0.0001_20000_20260220_103037_relu_best.pth...20260220_103533
At epoch 362, test loss = 56.5616
...model saved to 15_exp/models/FloydWarshallDataset_tropical_0.0001_20000_20260220_103037_relu_best.pth...20260220_103534
At epoch 363, test loss = 56.5210
...model saved to 15_exp/models/FloydWarshallDataset_tropical_0.0001_20000_20260220_103037_relu_best.pth...20260220_103535
At epoch 364, test loss = 56.5034
...model saved to 15_exp/models/FloydWarshallDataset_tropical_0.0001_20000_20260220_103037_relu_best.pth...20260220_103535
At epoch 365, test loss = 56.4901
...model saved to 15_exp/models/FloydWarshallDataset_tropical_0.0001_20000_20260220_103037_relu_best.pth...20260220_103536
At epoch 366, test loss = 56.4767
...model saved to 15_exp/models/FloydWarshallDataset_tropical_0.0001_20000_20260220_103037_relu_best.pth...20260220_103537
At epoch 367, test loss = 56.4607
...model saved to 15_exp/models/FloydWarshallDataset_tropical_0.0001_20000_20260220_103037_relu_best.pth...20260220_103538
At epoch 368, test loss = 56.4286
...model saved to 15_exp/models/FloydWarshallDataset_tropical_0.0001_20000_20260220_103037_relu_best.pth...20260220_103538
At epoch 369, test loss = 56.4036
...model saved to 15_exp/models/FloydWarshallDataset_tropical_0.0001_20000_20260220_103037_relu_best.pth...20260220_103539
At epoch 370, test loss = 56.3906
...model saved to 15_exp/models/FloydWarshallDataset_tropical_0.0001_20000_20260220_103037_relu_best.pth...20260220_103540
At epoch 371, test loss = 56.3684
...model saved to 15_exp/models/FloydWarshallDataset_tropical_0.0001_20000_20260220_103037_relu_best.pth...20260220_103540
At epoch 372, test loss = 56.3295
...model saved to 15_exp/models/FloydWarshallDataset_tropical_0.0001_20000_20260220_103037_relu_best.pth...20260220_103541
At epoch 375, test loss = 56.3074
...model saved to 15_exp/models/FloydWarshallDataset_tropical_0.0001_20000_20260220_103037_relu_best.pth...20260220_103543
At epoch 376, test loss = 56.2633
...model saved to 15_exp/models/FloydWarshallDataset_tropical_0.0001_20000_20260220_103037_relu_best.pth...20260220_103544
At epoch 377, test loss = 56.2364
...model saved to 15_exp/models/FloydWarshallDataset_tropical_0.0001_20000_20260220_103037_relu_best.pth...20260220_103545
At epoch 378, test loss = 56.2324
...model saved to 15_exp/models/FloydWarshallDataset_tropical_0.0001_20000_20260220_103037_relu_best.pth...20260220_103546
At epoch 379, test loss = 56.1948
...model saved to 15_exp/models/FloydWarshallDataset_tropical_0.0001_20000_20260220_103037_relu_best.pth...20260220_103546
At epoch 381, test loss = 56.1827
...model saved to 15_exp/models/FloydWarshallDataset_tropical_0.0001_20000_20260220_103037_relu_best.pth...20260220_103548
At epoch 383, test loss = 56.1495
...model saved to 15_exp/models/FloydWarshallDataset_tropical_0.0001_20000_20260220_103037_relu_best.pth...20260220_103549
At epoch 384, test loss = 56.1411
...model saved to 15_exp/models/FloydWarshallDataset_tropical_0.0001_20000_20260220_103037_relu_best.pth...20260220_103550
At epoch 385, test loss = 56.0958
...model saved to 15_exp/models/FloydWarshallDataset_tropical_0.0001_20000_20260220_103037_relu_best.pth...20260220_103551
At epoch 386, test loss = 56.0787
...model saved to 15_exp/models/FloydWarshallDataset_tropical_0.0001_20000_20260220_103037_relu_best.pth...20260220_103551
At epoch 387, test loss = 56.0532
...model saved to 15_exp/models/FloydWarshallDataset_tropical_0.0001_20000_20260220_103037_relu_best.pth...20260220_103552
At epoch 388, test loss = 56.0281
...model saved to 15_exp/models/FloydWarshallDataset_tropical_0.0001_20000_20260220_103037_relu_best.pth...20260220_103553
At epoch 389, test loss = 56.0130
...model saved to 15_exp/models/FloydWarshallDataset_tropical_0.0001_20000_20260220_103037_relu_best.pth...20260220_103554
At epoch 390, test loss = 55.9947
...model saved to 15_exp/models/FloydWarshallDataset_tropical_0.0001_20000_20260220_103037_relu_best.pth...20260220_103554
At epoch 391, test loss = 55.9677
...model saved to 15_exp/models/FloydWarshallDataset_tropical_0.0001_20000_20260220_103037_relu_best.pth...20260220_103555
At epoch 393, test loss = 55.9420
...model saved to 15_exp/models/FloydWarshallDataset_tropical_0.0001_20000_20260220_103037_relu_best.pth...20260220_103556
At epoch 394, test loss = 55.9322
...model saved to 15_exp/models/FloydWarshallDataset_tropical_0.0001_20000_20260220_103037_relu_best.pth...20260220_103557
At epoch 395, test loss = 55.9194
...model saved to 15_exp/models/FloydWarshallDataset_tropical_0.0001_20000_20260220_103037_relu_best.pth...20260220_103558
At epoch 397, test loss = 55.9016
...model saved to 15_exp/models/FloydWarshallDataset_tropical_0.0001_20000_20260220_103037_relu_best.pth...20260220_103559
At epoch 398, test loss = 55.8974
...model saved to 15_exp/models/FloydWarshallDataset_tropical_0.0001_20000_20260220_103037_relu_best.pth...20260220_103600
At epoch 399, test loss = 55.8450
...model saved to 15_exp/models/FloydWarshallDataset_tropical_0.0001_20000_20260220_103037_relu_best.pth...20260220_103601
At epoch 400, test loss = 55.8293
...model saved to 15_exp/models/FloydWarshallDataset_tropical_0.0001_20000_20260220_103037_relu_best.pth...20260220_103601
At epoch 401, test loss = 55.7981
...model saved to 15_exp/models/FloydWarshallDataset_tropical_0.0001_20000_20260220_103037_relu_best.pth...20260220_103602
At epoch 402, test loss = 55.7593
...model saved to 15_exp/models/FloydWarshallDataset_tropical_0.0001_20000_20260220_103037_relu_best.pth...20260220_103603
At epoch 403, test loss = 55.7414
...model saved to 15_exp/models/FloydWarshallDataset_tropical_0.0001_20000_20260220_103037_relu_best.pth...20260220_103604
At epoch 404, test loss = 55.7300
...model saved to 15_exp/models/FloydWarshallDataset_tropical_0.0001_20000_20260220_103037_relu_best.pth...20260220_103604
At epoch 405, test loss = 55.6757
...model saved to 15_exp/models/FloydWarshallDataset_tropical_0.0001_20000_20260220_103037_relu_best.pth...20260220_103605
At epoch 407, test loss = 55.6753
...model saved to 15_exp/models/FloydWarshallDataset_tropical_0.0001_20000_20260220_103037_relu_best.pth...20260220_103607
At epoch 408, test loss = 55.6361
...model saved to 15_exp/models/FloydWarshallDataset_tropical_0.0001_20000_20260220_103037_relu_best.pth...20260220_103607
At epoch 410, test loss = 55.5861
...model saved to 15_exp/models/FloydWarshallDataset_tropical_0.0001_20000_20260220_103037_relu_best.pth...20260220_103609
At epoch 413, test loss = 55.5256
...model saved to 15_exp/models/FloydWarshallDataset_tropical_0.0001_20000_20260220_103037_relu_best.pth...20260220_103611
At epoch 414, test loss = 55.4873
...model saved to 15_exp/models/FloydWarshallDataset_tropical_0.0001_20000_20260220_103037_relu_best.pth...20260220_103612
At epoch 415, test loss = 55.4669
...model saved to 15_exp/models/FloydWarshallDataset_tropical_0.0001_20000_20260220_103037_relu_best.pth...20260220_103612
At epoch 416, test loss = 55.4027
...model saved to 15_exp/models/FloydWarshallDataset_tropical_0.0001_20000_20260220_103037_relu_best.pth...20260220_103613
At epoch 418, test loss = 55.4004
...model saved to 15_exp/models/FloydWarshallDataset_tropical_0.0001_20000_20260220_103037_relu_best.pth...20260220_103614
At epoch 419, test loss = 55.3292
...model saved to 15_exp/models/FloydWarshallDataset_tropical_0.0001_20000_20260220_103037_relu_best.pth...20260220_103615
At epoch 420, test loss = 55.2721
...model saved to 15_exp/models/FloydWarshallDataset_tropical_0.0001_20000_20260220_103037_relu_best.pth...20260220_103616
At epoch 421, test loss = 55.2409
...model saved to 15_exp/models/FloydWarshallDataset_tropical_0.0001_20000_20260220_103037_relu_best.pth...20260220_103617
At epoch 423, test loss = 55.1967
...model saved to 15_exp/models/FloydWarshallDataset_tropical_0.0001_20000_20260220_103037_relu_best.pth...20260220_103618
At epoch 424, test loss = 55.1402
...model saved to 15_exp/models/FloydWarshallDataset_tropical_0.0001_20000_20260220_103037_relu_best.pth...20260220_103619
At epoch 425, test loss = 55.0876
...model saved to 15_exp/models/FloydWarshallDataset_tropical_0.0001_20000_20260220_103037_relu_best.pth...20260220_103619
At epoch 427, test loss = 55.0258
...model saved to 15_exp/models/FloydWarshallDataset_tropical_0.0001_20000_20260220_103037_relu_best.pth...20260220_103621
At epoch 428, test loss = 54.9655
...model saved to 15_exp/models/FloydWarshallDataset_tropical_0.0001_20000_20260220_103037_relu_best.pth...20260220_103622
At epoch 429, test loss = 54.8860
...model saved to 15_exp/models/FloydWarshallDataset_tropical_0.0001_20000_20260220_103037_relu_best.pth...20260220_103622
At epoch 430, test loss = 54.8382
...model saved to 15_exp/models/FloydWarshallDataset_tropical_0.0001_20000_20260220_103037_relu_best.pth...20260220_103623
At epoch 431, test loss = 54.8075
...model saved to 15_exp/models/FloydWarshallDataset_tropical_0.0001_20000_20260220_103037_relu_best.pth...20260220_103624
At epoch 432, test loss = 54.7626
...model saved to 15_exp/models/FloydWarshallDataset_tropical_0.0001_20000_20260220_103037_relu_best.pth...20260220_103624
At epoch 433, test loss = 54.6960
...model saved to 15_exp/models/FloydWarshallDataset_tropical_0.0001_20000_20260220_103037_relu_best.pth...20260220_103625
At epoch 434, test loss = 54.6078
...model saved to 15_exp/models/FloydWarshallDataset_tropical_0.0001_20000_20260220_103037_relu_best.pth...20260220_103626
At epoch 435, test loss = 54.5505
...model saved to 15_exp/models/FloydWarshallDataset_tropical_0.0001_20000_20260220_103037_relu_best.pth...20260220_103627
At epoch 436, test loss = 54.5422
...model saved to 15_exp/models/FloydWarshallDataset_tropical_0.0001_20000_20260220_103037_relu_best.pth...20260220_103627
At epoch 437, test loss = 54.4742
...model saved to 15_exp/models/FloydWarshallDataset_tropical_0.0001_20000_20260220_103037_relu_best.pth...20260220_103628
At epoch 438, test loss = 54.4381
...model saved to 15_exp/models/FloydWarshallDataset_tropical_0.0001_20000_20260220_103037_relu_best.pth...20260220_103629
At epoch 439, test loss = 54.3773
...model saved to 15_exp/models/FloydWarshallDataset_tropical_0.0001_20000_20260220_103037_relu_best.pth...20260220_103629
At epoch 440, test loss = 54.3672
...model saved to 15_exp/models/FloydWarshallDataset_tropical_0.0001_20000_20260220_103037_relu_best.pth...20260220_103630
At epoch 441, test loss = 54.2928
...model saved to 15_exp/models/FloydWarshallDataset_tropical_0.0001_20000_20260220_103037_relu_best.pth...20260220_103631
At epoch 443, test loss = 54.1949
...model saved to 15_exp/models/FloydWarshallDataset_tropical_0.0001_20000_20260220_103037_relu_best.pth...20260220_103632
At epoch 445, test loss = 54.1215
...model saved to 15_exp/models/FloydWarshallDataset_tropical_0.0001_20000_20260220_103037_relu_best.pth...20260220_103634
At epoch 446, test loss = 54.0671
...model saved to 15_exp/models/FloydWarshallDataset_tropical_0.0001_20000_20260220_103037_relu_best.pth...20260220_103634
At epoch 448, test loss = 54.0346
...model saved to 15_exp/models/FloydWarshallDataset_tropical_0.0001_20000_20260220_103037_relu_best.pth...20260220_103636
At epoch 449, test loss = 54.0000
...model saved to 15_exp/models/FloydWarshallDataset_tropical_0.0001_20000_20260220_103037_relu_best.pth...20260220_103636
At epoch 450, test loss = 53.9630
...model saved to 15_exp/models/FloydWarshallDataset_tropical_0.0001_20000_20260220_103037_relu_best.pth...20260220_103637
At epoch 451, test loss = 53.9582
...model saved to 15_exp/models/FloydWarshallDataset_tropical_0.0001_20000_20260220_103037_relu_best.pth...20260220_103638
At epoch 452, test loss = 53.9160
...model saved to 15_exp/models/FloydWarshallDataset_tropical_0.0001_20000_20260220_103037_relu_best.pth...20260220_103639
At epoch 453, test loss = 53.8729
...model saved to 15_exp/models/FloydWarshallDataset_tropical_0.0001_20000_20260220_103037_relu_best.pth...20260220_103639
At epoch 454, test loss = 53.8630
...model saved to 15_exp/models/FloydWarshallDataset_tropical_0.0001_20000_20260220_103037_relu_best.pth...20260220_103640
At epoch 455, test loss = 53.8389
...model saved to 15_exp/models/FloydWarshallDataset_tropical_0.0001_20000_20260220_103037_relu_best.pth...20260220_103641
At epoch 456, test loss = 53.8080
...model saved to 15_exp/models/FloydWarshallDataset_tropical_0.0001_20000_20260220_103037_relu_best.pth...20260220_103641
At epoch 457, test loss = 53.8062
...model saved to 15_exp/models/FloydWarshallDataset_tropical_0.0001_20000_20260220_103037_relu_best.pth...20260220_103642
At epoch 458, test loss = 53.7480
...model saved to 15_exp/models/FloydWarshallDataset_tropical_0.0001_20000_20260220_103037_relu_best.pth...20260220_103643
At epoch 459, test loss = 53.7371
...model saved to 15_exp/models/FloydWarshallDataset_tropical_0.0001_20000_20260220_103037_relu_best.pth...20260220_103644
At epoch 460, test loss = 53.7139
...model saved to 15_exp/models/FloydWarshallDataset_tropical_0.0001_20000_20260220_103037_relu_best.pth...20260220_103644
At epoch 461, test loss = 53.6963
...model saved to 15_exp/models/FloydWarshallDataset_tropical_0.0001_20000_20260220_103037_relu_best.pth...20260220_103645
At epoch 462, test loss = 53.6725
...model saved to 15_exp/models/FloydWarshallDataset_tropical_0.0001_20000_20260220_103037_relu_best.pth...20260220_103646
At epoch 463, test loss = 53.6289
...model saved to 15_exp/models/FloydWarshallDataset_tropical_0.0001_20000_20260220_103037_relu_best.pth...20260220_103647
At epoch 464, test loss = 53.6029
...model saved to 15_exp/models/FloydWarshallDataset_tropical_0.0001_20000_20260220_103037_relu_best.pth...20260220_103647
At epoch 465, test loss = 53.6021
...model saved to 15_exp/models/FloydWarshallDataset_tropical_0.0001_20000_20260220_103037_relu_best.pth...20260220_103648
At epoch 466, test loss = 53.5929
...model saved to 15_exp/models/FloydWarshallDataset_tropical_0.0001_20000_20260220_103037_relu_best.pth...20260220_103649
At epoch 467, test loss = 53.5773
...model saved to 15_exp/models/FloydWarshallDataset_tropical_0.0001_20000_20260220_103037_relu_best.pth...20260220_103649
At epoch 468, test loss = 53.5215
...model saved to 15_exp/models/FloydWarshallDataset_tropical_0.0001_20000_20260220_103037_relu_best.pth...20260220_103650
At epoch 470, test loss = 53.4905
...model saved to 15_exp/models/FloydWarshallDataset_tropical_0.0001_20000_20260220_103037_relu_best.pth...20260220_103651
At epoch 471, test loss = 53.4562
...model saved to 15_exp/models/FloydWarshallDataset_tropical_0.0001_20000_20260220_103037_relu_best.pth...20260220_103652
At epoch 475, test loss = 53.4243
...model saved to 15_exp/models/FloydWarshallDataset_tropical_0.0001_20000_20260220_103037_relu_best.pth...20260220_103655
At epoch 476, test loss = 53.3995
...model saved to 15_exp/models/FloydWarshallDataset_tropical_0.0001_20000_20260220_103037_relu_best.pth...20260220_103656
At epoch 477, test loss = 53.3793
...model saved to 15_exp/models/FloydWarshallDataset_tropical_0.0001_20000_20260220_103037_relu_best.pth...20260220_103656
At epoch 478, test loss = 53.3551
...model saved to 15_exp/models/FloydWarshallDataset_tropical_0.0001_20000_20260220_103037_relu_best.pth...20260220_103657
At epoch 479, test loss = 53.3467
...model saved to 15_exp/models/FloydWarshallDataset_tropical_0.0001_20000_20260220_103037_relu_best.pth...20260220_103658
At epoch 480, test loss = 53.3189
...model saved to 15_exp/models/FloydWarshallDataset_tropical_0.0001_20000_20260220_103037_relu_best.pth...20260220_103659
At epoch 481, test loss = 53.3057
...model saved to 15_exp/models/FloydWarshallDataset_tropical_0.0001_20000_20260220_103037_relu_best.pth...20260220_103659
At epoch 482, test loss = 53.2912
...model saved to 15_exp/models/FloydWarshallDataset_tropical_0.0001_20000_20260220_103037_relu_best.pth...20260220_103700
At epoch 483, test loss = 53.2897
...model saved to 15_exp/models/FloydWarshallDataset_tropical_0.0001_20000_20260220_103037_relu_best.pth...20260220_103701
At epoch 484, test loss = 53.2657
...model saved to 15_exp/models/FloydWarshallDataset_tropical_0.0001_20000_20260220_103037_relu_best.pth...20260220_103701
At epoch 485, test loss = 53.2121
...model saved to 15_exp/models/FloydWarshallDataset_tropical_0.0001_20000_20260220_103037_relu_best.pth...20260220_103702
At epoch 487, test loss = 53.1867
...model saved to 15_exp/models/FloydWarshallDataset_tropical_0.0001_20000_20260220_103037_relu_best.pth...20260220_103704
At epoch 489, test loss = 53.1835
...model saved to 15_exp/models/FloydWarshallDataset_tropical_0.0001_20000_20260220_103037_relu_best.pth...20260220_103705
At epoch 490, test loss = 53.1610
...model saved to 15_exp/models/FloydWarshallDataset_tropical_0.0001_20000_20260220_103037_relu_best.pth...20260220_103706
At epoch 491, test loss = 53.1473
...model saved to 15_exp/models/FloydWarshallDataset_tropical_0.0001_20000_20260220_103037_relu_best.pth...20260220_103706
At epoch 492, test loss = 53.0840
...model saved to 15_exp/models/FloydWarshallDataset_tropical_0.0001_20000_20260220_103037_relu_best.pth...20260220_103707
At epoch 493, test loss = 53.0736
...model saved to 15_exp/models/FloydWarshallDataset_tropical_0.0001_20000_20260220_103037_relu_best.pth...20260220_103708
At epoch 494, test loss = 53.0678
...model saved to 15_exp/models/FloydWarshallDataset_tropical_0.0001_20000_20260220_103037_relu_best.pth...20260220_103709
At epoch 495, test loss = 53.0673
...model saved to 15_exp/models/FloydWarshallDataset_tropical_0.0001_20000_20260220_103037_relu_best.pth...20260220_103709
At epoch 496, test loss = 53.0378
...model saved to 15_exp/models/FloydWarshallDataset_tropical_0.0001_20000_20260220_103037_relu_best.pth...20260220_103710
At epoch 497, test loss = 53.0212
...model saved to 15_exp/models/FloydWarshallDataset_tropical_0.0001_20000_20260220_103037_relu_best.pth...20260220_103711
At epoch 498, test loss = 53.0192
...model saved to 15_exp/models/FloydWarshallDataset_tropical_0.0001_20000_20260220_103037_relu_best.pth...20260220_103711
At epoch 499, test loss = 52.9904
...model saved to 15_exp/models/FloydWarshallDataset_tropical_0.0001_20000_20260220_103037_relu_best.pth...20260220_103712
At epoch 501, test loss = 52.9533
...model saved to 15_exp/models/FloydWarshallDataset_tropical_0.0001_20000_20260220_103037_relu_best.pth...20260220_103713
At epoch 502, test loss = 52.9335
...model saved to 15_exp/models/FloydWarshallDataset_tropical_0.0001_20000_20260220_103037_relu_best.pth...20260220_103714
At epoch 504, test loss = 52.9001
...model saved to 15_exp/models/FloydWarshallDataset_tropical_0.0001_20000_20260220_103037_relu_best.pth...20260220_103716
At epoch 505, test loss = 52.8811
...model saved to 15_exp/models/FloydWarshallDataset_tropical_0.0001_20000_20260220_103037_relu_best.pth...20260220_103716
At epoch 506, test loss = 52.8707
...model saved to 15_exp/models/FloydWarshallDataset_tropical_0.0001_20000_20260220_103037_relu_best.pth...20260220_103717
At epoch 507, test loss = 52.8481
...model saved to 15_exp/models/FloydWarshallDataset_tropical_0.0001_20000_20260220_103037_relu_best.pth...20260220_103718
At epoch 508, test loss = 52.8418
...model saved to 15_exp/models/FloydWarshallDataset_tropical_0.0001_20000_20260220_103037_relu_best.pth...20260220_103719
At epoch 509, test loss = 52.8250
...model saved to 15_exp/models/FloydWarshallDataset_tropical_0.0001_20000_20260220_103037_relu_best.pth...20260220_103719
At epoch 510, test loss = 52.7866
...model saved to 15_exp/models/FloydWarshallDataset_tropical_0.0001_20000_20260220_103037_relu_best.pth...20260220_103720
At epoch 511, test loss = 52.7826
...model saved to 15_exp/models/FloydWarshallDataset_tropical_0.0001_20000_20260220_103037_relu_best.pth...20260220_103721
At epoch 512, test loss = 52.7460
...model saved to 15_exp/models/FloydWarshallDataset_tropical_0.0001_20000_20260220_103037_relu_best.pth...20260220_103722
At epoch 513, test loss = 52.7296
...model saved to 15_exp/models/FloydWarshallDataset_tropical_0.0001_20000_20260220_103037_relu_best.pth...20260220_103722
At epoch 514, test loss = 52.7255
...model saved to 15_exp/models/FloydWarshallDataset_tropical_0.0001_20000_20260220_103037_relu_best.pth...20260220_103723
At epoch 515, test loss = 52.7125
...model saved to 15_exp/models/FloydWarshallDataset_tropical_0.0001_20000_20260220_103037_relu_best.pth...20260220_103724
At epoch 516, test loss = 52.6837
...model saved to 15_exp/models/FloydWarshallDataset_tropical_0.0001_20000_20260220_103037_relu_best.pth...20260220_103724
At epoch 518, test loss = 52.6698
...model saved to 15_exp/models/FloydWarshallDataset_tropical_0.0001_20000_20260220_103037_relu_best.pth...20260220_103726
At epoch 519, test loss = 52.6241
...model saved to 15_exp/models/FloydWarshallDataset_tropical_0.0001_20000_20260220_103037_relu_best.pth...20260220_103727
At epoch 520, test loss = 52.5942
...model saved to 15_exp/models/FloydWarshallDataset_tropical_0.0001_20000_20260220_103037_relu_best.pth...20260220_103727
At epoch 521, test loss = 52.5751
...model saved to 15_exp/models/FloydWarshallDataset_tropical_0.0001_20000_20260220_103037_relu_best.pth...20260220_103728
At epoch 523, test loss = 52.5101
...model saved to 15_exp/models/FloydWarshallDataset_tropical_0.0001_20000_20260220_103037_relu_best.pth...20260220_103729
At epoch 524, test loss = 52.4899
...model saved to 15_exp/models/FloydWarshallDataset_tropical_0.0001_20000_20260220_103037_relu_best.pth...20260220_103730
At epoch 525, test loss = 52.4649
...model saved to 15_exp/models/FloydWarshallDataset_tropical_0.0001_20000_20260220_103037_relu_best.pth...20260220_103731
At epoch 526, test loss = 52.4372
...model saved to 15_exp/models/FloydWarshallDataset_tropical_0.0001_20000_20260220_103037_relu_best.pth...20260220_103732
At epoch 527, test loss = 52.3919
...model saved to 15_exp/models/FloydWarshallDataset_tropical_0.0001_20000_20260220_103037_relu_best.pth...20260220_103732
At epoch 528, test loss = 52.3745
...model saved to 15_exp/models/FloydWarshallDataset_tropical_0.0001_20000_20260220_103037_relu_best.pth...20260220_103733
At epoch 529, test loss = 52.3398
...model saved to 15_exp/models/FloydWarshallDataset_tropical_0.0001_20000_20260220_103037_relu_best.pth...20260220_103734
At epoch 530, test loss = 52.3053
...model saved to 15_exp/models/FloydWarshallDataset_tropical_0.0001_20000_20260220_103037_relu_best.pth...20260220_103734
At epoch 531, test loss = 52.2640
...model saved to 15_exp/models/FloydWarshallDataset_tropical_0.0001_20000_20260220_103037_relu_best.pth...20260220_103735
At epoch 532, test loss = 52.2191
...model saved to 15_exp/models/FloydWarshallDataset_tropical_0.0001_20000_20260220_103037_relu_best.pth...20260220_103736
At epoch 533, test loss = 52.1533
...model saved to 15_exp/models/FloydWarshallDataset_tropical_0.0001_20000_20260220_103037_relu_best.pth...20260220_103737
At epoch 534, test loss = 52.1136
...model saved to 15_exp/models/FloydWarshallDataset_tropical_0.0001_20000_20260220_103037_relu_best.pth...20260220_103737
At epoch 535, test loss = 52.0476
...model saved to 15_exp/models/FloydWarshallDataset_tropical_0.0001_20000_20260220_103037_relu_best.pth...20260220_103738
At epoch 536, test loss = 52.0010
...model saved to 15_exp/models/FloydWarshallDataset_tropical_0.0001_20000_20260220_103037_relu_best.pth...20260220_103739
At epoch 537, test loss = 51.9327
...model saved to 15_exp/models/FloydWarshallDataset_tropical_0.0001_20000_20260220_103037_relu_best.pth...20260220_103739
At epoch 538, test loss = 51.8722
...model saved to 15_exp/models/FloydWarshallDataset_tropical_0.0001_20000_20260220_103037_relu_best.pth...20260220_103740
At epoch 539, test loss = 51.8349
...model saved to 15_exp/models/FloydWarshallDataset_tropical_0.0001_20000_20260220_103037_relu_best.pth...20260220_103741
At epoch 540, test loss = 51.7371
...model saved to 15_exp/models/FloydWarshallDataset_tropical_0.0001_20000_20260220_103037_relu_best.pth...20260220_103742
At epoch 541, test loss = 51.6932
...model saved to 15_exp/models/FloydWarshallDataset_tropical_0.0001_20000_20260220_103037_relu_best.pth...20260220_103742
At epoch 542, test loss = 51.6136
...model saved to 15_exp/models/FloydWarshallDataset_tropical_0.0001_20000_20260220_103037_relu_best.pth...20260220_103743
At epoch 543, test loss = 51.5283
...model saved to 15_exp/models/FloydWarshallDataset_tropical_0.0001_20000_20260220_103037_relu_best.pth...20260220_103744
At epoch 544, test loss = 51.4953
...model saved to 15_exp/models/FloydWarshallDataset_tropical_0.0001_20000_20260220_103037_relu_best.pth...20260220_103745
At epoch 545, test loss = 51.4174
...model saved to 15_exp/models/FloydWarshallDataset_tropical_0.0001_20000_20260220_103037_relu_best.pth...20260220_103745
At epoch 546, test loss = 51.3235
...model saved to 15_exp/models/FloydWarshallDataset_tropical_0.0001_20000_20260220_103037_relu_best.pth...20260220_103746
At epoch 547, test loss = 51.2583
...model saved to 15_exp/models/FloydWarshallDataset_tropical_0.0001_20000_20260220_103037_relu_best.pth...20260220_103747
At epoch 548, test loss = 51.2224
...model saved to 15_exp/models/FloydWarshallDataset_tropical_0.0001_20000_20260220_103037_relu_best.pth...20260220_103747
At epoch 549, test loss = 51.1371
...model saved to 15_exp/models/FloydWarshallDataset_tropical_0.0001_20000_20260220_103037_relu_best.pth...20260220_103748
At epoch 550, test loss = 51.0759
...model saved to 15_exp/models/FloydWarshallDataset_tropical_0.0001_20000_20260220_103037_relu_best.pth...20260220_103749
At epoch 551, test loss = 51.0156
...model saved to 15_exp/models/FloydWarshallDataset_tropical_0.0001_20000_20260220_103037_relu_best.pth...20260220_103750
At epoch 552, test loss = 50.9568
...model saved to 15_exp/models/FloydWarshallDataset_tropical_0.0001_20000_20260220_103037_relu_best.pth...20260220_103750
At epoch 553, test loss = 50.9201
...model saved to 15_exp/models/FloydWarshallDataset_tropical_0.0001_20000_20260220_103037_relu_best.pth...20260220_103751
At epoch 554, test loss = 50.8468
...model saved to 15_exp/models/FloydWarshallDataset_tropical_0.0001_20000_20260220_103037_relu_best.pth...20260220_103752
At epoch 555, test loss = 50.7754
...model saved to 15_exp/models/FloydWarshallDataset_tropical_0.0001_20000_20260220_103037_relu_best.pth...20260220_103753
At epoch 556, test loss = 50.7636
...model saved to 15_exp/models/FloydWarshallDataset_tropical_0.0001_20000_20260220_103037_relu_best.pth...20260220_103753
At epoch 557, test loss = 50.6792
...model saved to 15_exp/models/FloydWarshallDataset_tropical_0.0001_20000_20260220_103037_relu_best.pth...20260220_103754
At epoch 558, test loss = 50.5967
...model saved to 15_exp/models/FloydWarshallDataset_tropical_0.0001_20000_20260220_103037_relu_best.pth...20260220_103755
At epoch 559, test loss = 50.5562
...model saved to 15_exp/models/FloydWarshallDataset_tropical_0.0001_20000_20260220_103037_relu_best.pth...20260220_103755
At epoch 560, test loss = 50.4990
...model saved to 15_exp/models/FloydWarshallDataset_tropical_0.0001_20000_20260220_103037_relu_best.pth...20260220_103756
At epoch 561, test loss = 50.4417
...model saved to 15_exp/models/FloydWarshallDataset_tropical_0.0001_20000_20260220_103037_relu_best.pth...20260220_103757
At epoch 562, test loss = 50.3824
...model saved to 15_exp/models/FloydWarshallDataset_tropical_0.0001_20000_20260220_103037_relu_best.pth...20260220_103758
At epoch 563, test loss = 50.3224
...model saved to 15_exp/models/FloydWarshallDataset_tropical_0.0001_20000_20260220_103037_relu_best.pth...20260220_103758
At epoch 564, test loss = 50.2757
...model saved to 15_exp/models/FloydWarshallDataset_tropical_0.0001_20000_20260220_103037_relu_best.pth...20260220_103759
At epoch 565, test loss = 50.2153
...model saved to 15_exp/models/FloydWarshallDataset_tropical_0.0001_20000_20260220_103037_relu_best.pth...20260220_103800
At epoch 566, test loss = 50.1569
...model saved to 15_exp/models/FloydWarshallDataset_tropical_0.0001_20000_20260220_103037_relu_best.pth...20260220_103800
At epoch 568, test loss = 50.0582
...model saved to 15_exp/models/FloydWarshallDataset_tropical_0.0001_20000_20260220_103037_relu_best.pth...20260220_103802
At epoch 569, test loss = 49.9732
...model saved to 15_exp/models/FloydWarshallDataset_tropical_0.0001_20000_20260220_103037_relu_best.pth...20260220_103803
At epoch 570, test loss = 49.9322
...model saved to 15_exp/models/FloydWarshallDataset_tropical_0.0001_20000_20260220_103037_relu_best.pth...20260220_103803
At epoch 571, test loss = 49.9254
...model saved to 15_exp/models/FloydWarshallDataset_tropical_0.0001_20000_20260220_103037_relu_best.pth...20260220_103804
At epoch 572, test loss = 49.8288
...model saved to 15_exp/models/FloydWarshallDataset_tropical_0.0001_20000_20260220_103037_relu_best.pth...20260220_103805
At epoch 573, test loss = 49.7736
...model saved to 15_exp/models/FloydWarshallDataset_tropical_0.0001_20000_20260220_103037_relu_best.pth...20260220_103806
At epoch 574, test loss = 49.7174
...model saved to 15_exp/models/FloydWarshallDataset_tropical_0.0001_20000_20260220_103037_relu_best.pth...20260220_103806
At epoch 575, test loss = 49.6924
...model saved to 15_exp/models/FloydWarshallDataset_tropical_0.0001_20000_20260220_103037_relu_best.pth...20260220_103807
At epoch 576, test loss = 49.6222
...model saved to 15_exp/models/FloydWarshallDataset_tropical_0.0001_20000_20260220_103037_relu_best.pth...20260220_103808
At epoch 577, test loss = 49.5733
...model saved to 15_exp/models/FloydWarshallDataset_tropical_0.0001_20000_20260220_103037_relu_best.pth...20260220_103808
At epoch 578, test loss = 49.5291
...model saved to 15_exp/models/FloydWarshallDataset_tropical_0.0001_20000_20260220_103037_relu_best.pth...20260220_103809
At epoch 579, test loss = 49.4551
...model saved to 15_exp/models/FloydWarshallDataset_tropical_0.0001_20000_20260220_103037_relu_best.pth...20260220_103810
At epoch 580, test loss = 49.4481
...model saved to 15_exp/models/FloydWarshallDataset_tropical_0.0001_20000_20260220_103037_relu_best.pth...20260220_103811
At epoch 581, test loss = 49.3932
...model saved to 15_exp/models/FloydWarshallDataset_tropical_0.0001_20000_20260220_103037_relu_best.pth...20260220_103811
At epoch 582, test loss = 49.3734
...model saved to 15_exp/models/FloydWarshallDataset_tropical_0.0001_20000_20260220_103037_relu_best.pth...20260220_103812
At epoch 583, test loss = 49.3532
...model saved to 15_exp/models/FloydWarshallDataset_tropical_0.0001_20000_20260220_103037_relu_best.pth...20260220_103813
At epoch 584, test loss = 49.2910
...model saved to 15_exp/models/FloydWarshallDataset_tropical_0.0001_20000_20260220_103037_relu_best.pth...20260220_103813
At epoch 585, test loss = 49.2758
...model saved to 15_exp/models/FloydWarshallDataset_tropical_0.0001_20000_20260220_103037_relu_best.pth...20260220_103814
At epoch 586, test loss = 49.2137
...model saved to 15_exp/models/FloydWarshallDataset_tropical_0.0001_20000_20260220_103037_relu_best.pth...20260220_103815
At epoch 587, test loss = 49.1958
...model saved to 15_exp/models/FloydWarshallDataset_tropical_0.0001_20000_20260220_103037_relu_best.pth...20260220_103816
At epoch 588, test loss = 49.1403
...model saved to 15_exp/models/FloydWarshallDataset_tropical_0.0001_20000_20260220_103037_relu_best.pth...20260220_103816
At epoch 589, test loss = 49.1159
...model saved to 15_exp/models/FloydWarshallDataset_tropical_0.0001_20000_20260220_103037_relu_best.pth...20260220_103817
At epoch 591, test loss = 49.1054
...model saved to 15_exp/models/FloydWarshallDataset_tropical_0.0001_20000_20260220_103037_relu_best.pth...20260220_103819
At epoch 592, test loss = 49.0535
...model saved to 15_exp/models/FloydWarshallDataset_tropical_0.0001_20000_20260220_103037_relu_best.pth...20260220_103819
At epoch 593, test loss = 49.0054
...model saved to 15_exp/models/FloydWarshallDataset_tropical_0.0001_20000_20260220_103037_relu_best.pth...20260220_103820
At epoch 594, test loss = 48.9875
...model saved to 15_exp/models/FloydWarshallDataset_tropical_0.0001_20000_20260220_103037_relu_best.pth...20260220_103821
At epoch 595, test loss = 48.9472
...model saved to 15_exp/models/FloydWarshallDataset_tropical_0.0001_20000_20260220_103037_relu_best.pth...20260220_103821
At epoch 596, test loss = 48.9314
...model saved to 15_exp/models/FloydWarshallDataset_tropical_0.0001_20000_20260220_103037_relu_best.pth...20260220_103822
At epoch 597, test loss = 48.8947
...model saved to 15_exp/models/FloydWarshallDataset_tropical_0.0001_20000_20260220_103037_relu_best.pth...20260220_103823
At epoch 599, test loss = 48.8778
...model saved to 15_exp/models/FloydWarshallDataset_tropical_0.0001_20000_20260220_103037_relu_best.pth...20260220_103824
At epoch 600, test loss = 48.8120
...model saved to 15_exp/models/FloydWarshallDataset_tropical_0.0001_20000_20260220_103037_relu_best.pth...20260220_103825
At epoch 602, test loss = 48.7829
...model saved to 15_exp/models/FloydWarshallDataset_tropical_0.0001_20000_20260220_103037_relu_best.pth...20260220_103827
At epoch 603, test loss = 48.7219
...model saved to 15_exp/models/FloydWarshallDataset_tropical_0.0001_20000_20260220_103037_relu_best.pth...20260220_103827
At epoch 606, test loss = 48.6649
...model saved to 15_exp/models/FloydWarshallDataset_tropical_0.0001_20000_20260220_103037_relu_best.pth...20260220_103829
At epoch 607, test loss = 48.6464
...model saved to 15_exp/models/FloydWarshallDataset_tropical_0.0001_20000_20260220_103037_relu_best.pth...20260220_103830
At epoch 608, test loss = 48.6341
...model saved to 15_exp/models/FloydWarshallDataset_tropical_0.0001_20000_20260220_103037_relu_best.pth...20260220_103831
At epoch 609, test loss = 48.5925
...model saved to 15_exp/models/FloydWarshallDataset_tropical_0.0001_20000_20260220_103037_relu_best.pth...20260220_103832
At epoch 610, test loss = 48.5690
...model saved to 15_exp/models/FloydWarshallDataset_tropical_0.0001_20000_20260220_103037_relu_best.pth...20260220_103832
At epoch 611, test loss = 48.5524
...model saved to 15_exp/models/FloydWarshallDataset_tropical_0.0001_20000_20260220_103037_relu_best.pth...20260220_103833
At epoch 612, test loss = 48.5371
...model saved to 15_exp/models/FloydWarshallDataset_tropical_0.0001_20000_20260220_103037_relu_best.pth...20260220_103834
At epoch 613, test loss = 48.4989
...model saved to 15_exp/models/FloydWarshallDataset_tropical_0.0001_20000_20260220_103037_relu_best.pth...20260220_103834
At epoch 614, test loss = 48.4621
...model saved to 15_exp/models/FloydWarshallDataset_tropical_0.0001_20000_20260220_103037_relu_best.pth...20260220_103835
At epoch 615, test loss = 48.4542
...model saved to 15_exp/models/FloydWarshallDataset_tropical_0.0001_20000_20260220_103037_relu_best.pth...20260220_103836
At epoch 616, test loss = 48.4448
...model saved to 15_exp/models/FloydWarshallDataset_tropical_0.0001_20000_20260220_103037_relu_best.pth...20260220_103837
At epoch 617, test loss = 48.3939
...model saved to 15_exp/models/FloydWarshallDataset_tropical_0.0001_20000_20260220_103037_relu_best.pth...20260220_103837
At epoch 618, test loss = 48.3481
...model saved to 15_exp/models/FloydWarshallDataset_tropical_0.0001_20000_20260220_103037_relu_best.pth...20260220_103838
At epoch 619, test loss = 48.3125
...model saved to 15_exp/models/FloydWarshallDataset_tropical_0.0001_20000_20260220_103037_relu_best.pth...20260220_103839
At epoch 621, test loss = 48.2600
...model saved to 15_exp/models/FloydWarshallDataset_tropical_0.0001_20000_20260220_103037_relu_best.pth...20260220_103840
At epoch 622, test loss = 48.2176
...model saved to 15_exp/models/FloydWarshallDataset_tropical_0.0001_20000_20260220_103037_relu_best.pth...20260220_103841
At epoch 624, test loss = 48.1604
...model saved to 15_exp/models/FloydWarshallDataset_tropical_0.0001_20000_20260220_103037_relu_best.pth...20260220_103842
At epoch 625, test loss = 48.1505
...model saved to 15_exp/models/FloydWarshallDataset_tropical_0.0001_20000_20260220_103037_relu_best.pth...20260220_103843
At epoch 626, test loss = 48.0987
...model saved to 15_exp/models/FloydWarshallDataset_tropical_0.0001_20000_20260220_103037_relu_best.pth...20260220_103844
At epoch 627, test loss = 48.0596
...model saved to 15_exp/models/FloydWarshallDataset_tropical_0.0001_20000_20260220_103037_relu_best.pth...20260220_103844
At epoch 628, test loss = 48.0035
...model saved to 15_exp/models/FloydWarshallDataset_tropical_0.0001_20000_20260220_103037_relu_best.pth...20260220_103845
At epoch 629, test loss = 47.9879
...model saved to 15_exp/models/FloydWarshallDataset_tropical_0.0001_20000_20260220_103037_relu_best.pth...20260220_103846
At epoch 630, test loss = 47.9349
...model saved to 15_exp/models/FloydWarshallDataset_tropical_0.0001_20000_20260220_103037_relu_best.pth...20260220_103847
At epoch 631, test loss = 47.8946
...model saved to 15_exp/models/FloydWarshallDataset_tropical_0.0001_20000_20260220_103037_relu_best.pth...20260220_103847
At epoch 632, test loss = 47.8405
...model saved to 15_exp/models/FloydWarshallDataset_tropical_0.0001_20000_20260220_103037_relu_best.pth...20260220_103848
At epoch 633, test loss = 47.7883
...model saved to 15_exp/models/FloydWarshallDataset_tropical_0.0001_20000_20260220_103037_relu_best.pth...20260220_103849
At epoch 634, test loss = 47.7478
...model saved to 15_exp/models/FloydWarshallDataset_tropical_0.0001_20000_20260220_103037_relu_best.pth...20260220_103850
At epoch 635, test loss = 47.7039
...model saved to 15_exp/models/FloydWarshallDataset_tropical_0.0001_20000_20260220_103037_relu_best.pth...20260220_103850
At epoch 636, test loss = 47.6338
...model saved to 15_exp/models/FloydWarshallDataset_tropical_0.0001_20000_20260220_103037_relu_best.pth...20260220_103851
At epoch 637, test loss = 47.5799
...model saved to 15_exp/models/FloydWarshallDataset_tropical_0.0001_20000_20260220_103037_relu_best.pth...20260220_103852
At epoch 638, test loss = 47.5318
...model saved to 15_exp/models/FloydWarshallDataset_tropical_0.0001_20000_20260220_103037_relu_best.pth...20260220_103853
At epoch 639, test loss = 47.4674
...model saved to 15_exp/models/FloydWarshallDataset_tropical_0.0001_20000_20260220_103037_relu_best.pth...20260220_103853
At epoch 640, test loss = 47.3821
...model saved to 15_exp/models/FloydWarshallDataset_tropical_0.0001_20000_20260220_103037_relu_best.pth...20260220_103854
At epoch 641, test loss = 47.3347
...model saved to 15_exp/models/FloydWarshallDataset_tropical_0.0001_20000_20260220_103037_relu_best.pth...20260220_103855
At epoch 642, test loss = 47.2642
...model saved to 15_exp/models/FloydWarshallDataset_tropical_0.0001_20000_20260220_103037_relu_best.pth...20260220_103855
At epoch 643, test loss = 47.2379
...model saved to 15_exp/models/FloydWarshallDataset_tropical_0.0001_20000_20260220_103037_relu_best.pth...20260220_103856
At epoch 644, test loss = 47.1832
...model saved to 15_exp/models/FloydWarshallDataset_tropical_0.0001_20000_20260220_103037_relu_best.pth...20260220_103857
At epoch 645, test loss = 47.0552
...model saved to 15_exp/models/FloydWarshallDataset_tropical_0.0001_20000_20260220_103037_relu_best.pth...20260220_103858
At epoch 646, test loss = 46.9917
...model saved to 15_exp/models/FloydWarshallDataset_tropical_0.0001_20000_20260220_103037_relu_best.pth...20260220_103858
At epoch 647, test loss = 46.9176
...model saved to 15_exp/models/FloydWarshallDataset_tropical_0.0001_20000_20260220_103037_relu_best.pth...20260220_103859
At epoch 648, test loss = 46.8597
...model saved to 15_exp/models/FloydWarshallDataset_tropical_0.0001_20000_20260220_103037_relu_best.pth...20260220_103900
At epoch 649, test loss = 46.8299
...model saved to 15_exp/models/FloydWarshallDataset_tropical_0.0001_20000_20260220_103037_relu_best.pth...20260220_103900
At epoch 650, test loss = 46.7559
...model saved to 15_exp/models/FloydWarshallDataset_tropical_0.0001_20000_20260220_103037_relu_best.pth...20260220_103901
At epoch 651, test loss = 46.6921
...model saved to 15_exp/models/FloydWarshallDataset_tropical_0.0001_20000_20260220_103037_relu_best.pth...20260220_103902
At epoch 652, test loss = 46.6413
...model saved to 15_exp/models/FloydWarshallDataset_tropical_0.0001_20000_20260220_103037_relu_best.pth...20260220_103903
At epoch 653, test loss = 46.6122
...model saved to 15_exp/models/FloydWarshallDataset_tropical_0.0001_20000_20260220_103037_relu_best.pth...20260220_103903
At epoch 654, test loss = 46.5439
...model saved to 15_exp/models/FloydWarshallDataset_tropical_0.0001_20000_20260220_103037_relu_best.pth...20260220_103904
At epoch 655, test loss = 46.4750
...model saved to 15_exp/models/FloydWarshallDataset_tropical_0.0001_20000_20260220_103037_relu_best.pth...20260220_103905
At epoch 656, test loss = 46.4354
...model saved to 15_exp/models/FloydWarshallDataset_tropical_0.0001_20000_20260220_103037_relu_best.pth...20260220_103905
At epoch 657, test loss = 46.4000
...model saved to 15_exp/models/FloydWarshallDataset_tropical_0.0001_20000_20260220_103037_relu_best.pth...20260220_103906
At epoch 658, test loss = 46.2952
...model saved to 15_exp/models/FloydWarshallDataset_tropical_0.0001_20000_20260220_103037_relu_best.pth...20260220_103907
At epoch 660, test loss = 46.2229
...model saved to 15_exp/models/FloydWarshallDataset_tropical_0.0001_20000_20260220_103037_relu_best.pth...20260220_103908
At epoch 661, test loss = 46.2044
...model saved to 15_exp/models/FloydWarshallDataset_tropical_0.0001_20000_20260220_103037_relu_best.pth...20260220_103909
At epoch 662, test loss = 46.1547
...model saved to 15_exp/models/FloydWarshallDataset_tropical_0.0001_20000_20260220_103037_relu_best.pth...20260220_103910
At epoch 663, test loss = 46.0763
...model saved to 15_exp/models/FloydWarshallDataset_tropical_0.0001_20000_20260220_103037_relu_best.pth...20260220_103911
At epoch 664, test loss = 46.0482
...model saved to 15_exp/models/FloydWarshallDataset_tropical_0.0001_20000_20260220_103037_relu_best.pth...20260220_103911
At epoch 665, test loss = 45.9869
...model saved to 15_exp/models/FloydWarshallDataset_tropical_0.0001_20000_20260220_103037_relu_best.pth...20260220_103912
At epoch 666, test loss = 45.9380
...model saved to 15_exp/models/FloydWarshallDataset_tropical_0.0001_20000_20260220_103037_relu_best.pth...20260220_103913
At epoch 667, test loss = 45.9143
...model saved to 15_exp/models/FloydWarshallDataset_tropical_0.0001_20000_20260220_103037_relu_best.pth...20260220_103913
At epoch 668, test loss = 45.8219
...model saved to 15_exp/models/FloydWarshallDataset_tropical_0.0001_20000_20260220_103037_relu_best.pth...20260220_103914
At epoch 669, test loss = 45.7789
...model saved to 15_exp/models/FloydWarshallDataset_tropical_0.0001_20000_20260220_103037_relu_best.pth...20260220_103915
At epoch 671, test loss = 45.6830
...model saved to 15_exp/models/FloydWarshallDataset_tropical_0.0001_20000_20260220_103037_relu_best.pth...20260220_103916
At epoch 672, test loss = 45.6489
...model saved to 15_exp/models/FloydWarshallDataset_tropical_0.0001_20000_20260220_103037_relu_best.pth...20260220_103917
At epoch 673, test loss = 45.5984
...model saved to 15_exp/models/FloydWarshallDataset_tropical_0.0001_20000_20260220_103037_relu_best.pth...20260220_103918
At epoch 674, test loss = 45.5222
...model saved to 15_exp/models/FloydWarshallDataset_tropical_0.0001_20000_20260220_103037_relu_best.pth...20260220_103918
At epoch 675, test loss = 45.4706
...model saved to 15_exp/models/FloydWarshallDataset_tropical_0.0001_20000_20260220_103037_relu_best.pth...20260220_103919
At epoch 676, test loss = 45.4313
...model saved to 15_exp/models/FloydWarshallDataset_tropical_0.0001_20000_20260220_103037_relu_best.pth...20260220_103920
At epoch 677, test loss = 45.4032
...model saved to 15_exp/models/FloydWarshallDataset_tropical_0.0001_20000_20260220_103037_relu_best.pth...20260220_103921
At epoch 678, test loss = 45.3292
...model saved to 15_exp/models/FloydWarshallDataset_tropical_0.0001_20000_20260220_103037_relu_best.pth...20260220_103921
At epoch 679, test loss = 45.2557
...model saved to 15_exp/models/FloydWarshallDataset_tropical_0.0001_20000_20260220_103037_relu_best.pth...20260220_103922
At epoch 680, test loss = 45.2191
...model saved to 15_exp/models/FloydWarshallDataset_tropical_0.0001_20000_20260220_103037_relu_best.pth...20260220_103923
At epoch 681, test loss = 45.1448
...model saved to 15_exp/models/FloydWarshallDataset_tropical_0.0001_20000_20260220_103037_relu_best.pth...20260220_103923
At epoch 682, test loss = 45.0932
...model saved to 15_exp/models/FloydWarshallDataset_tropical_0.0001_20000_20260220_103037_relu_best.pth...20260220_103924
At epoch 683, test loss = 45.0574
...model saved to 15_exp/models/FloydWarshallDataset_tropical_0.0001_20000_20260220_103037_relu_best.pth...20260220_103925
At epoch 684, test loss = 44.9943
...model saved to 15_exp/models/FloydWarshallDataset_tropical_0.0001_20000_20260220_103037_relu_best.pth...20260220_103926
At epoch 685, test loss = 44.9394
...model saved to 15_exp/models/FloydWarshallDataset_tropical_0.0001_20000_20260220_103037_relu_best.pth...20260220_103926
At epoch 686, test loss = 44.9119
...model saved to 15_exp/models/FloydWarshallDataset_tropical_0.0001_20000_20260220_103037_relu_best.pth...20260220_103927
At epoch 687, test loss = 44.8300
...model saved to 15_exp/models/FloydWarshallDataset_tropical_0.0001_20000_20260220_103037_relu_best.pth...20260220_103928
At epoch 688, test loss = 44.7958
...model saved to 15_exp/models/FloydWarshallDataset_tropical_0.0001_20000_20260220_103037_relu_best.pth...20260220_103929
At epoch 689, test loss = 44.7585
...model saved to 15_exp/models/FloydWarshallDataset_tropical_0.0001_20000_20260220_103037_relu_best.pth...20260220_103929
At epoch 690, test loss = 44.7061
...model saved to 15_exp/models/FloydWarshallDataset_tropical_0.0001_20000_20260220_103037_relu_best.pth...20260220_103930
At epoch 691, test loss = 44.6376
...model saved to 15_exp/models/FloydWarshallDataset_tropical_0.0001_20000_20260220_103037_relu_best.pth...20260220_103931
At epoch 692, test loss = 44.5939
...model saved to 15_exp/models/FloydWarshallDataset_tropical_0.0001_20000_20260220_103037_relu_best.pth...20260220_103931
At epoch 693, test loss = 44.5312
...model saved to 15_exp/models/FloydWarshallDataset_tropical_0.0001_20000_20260220_103037_relu_best.pth...20260220_103932
At epoch 694, test loss = 44.5024
...model saved to 15_exp/models/FloydWarshallDataset_tropical_0.0001_20000_20260220_103037_relu_best.pth...20260220_103933
At epoch 695, test loss = 44.4573
...model saved to 15_exp/models/FloydWarshallDataset_tropical_0.0001_20000_20260220_103037_relu_best.pth...20260220_103934
At epoch 696, test loss = 44.3814
...model saved to 15_exp/models/FloydWarshallDataset_tropical_0.0001_20000_20260220_103037_relu_best.pth...20260220_103934
At epoch 697, test loss = 44.3298
...model saved to 15_exp/models/FloydWarshallDataset_tropical_0.0001_20000_20260220_103037_relu_best.pth...20260220_103935
At epoch 698, test loss = 44.2886
...model saved to 15_exp/models/FloydWarshallDataset_tropical_0.0001_20000_20260220_103037_relu_best.pth...20260220_103936
At epoch 699, test loss = 44.2285
...model saved to 15_exp/models/FloydWarshallDataset_tropical_0.0001_20000_20260220_103037_relu_best.pth...20260220_103936
At epoch 700, test loss = 44.1728
...model saved to 15_exp/models/FloydWarshallDataset_tropical_0.0001_20000_20260220_103037_relu_best.pth...20260220_103937
At epoch 701, test loss = 44.1093
...model saved to 15_exp/models/FloydWarshallDataset_tropical_0.0001_20000_20260220_103037_relu_best.pth...20260220_103938
At epoch 702, test loss = 44.0584
...model saved to 15_exp/models/FloydWarshallDataset_tropical_0.0001_20000_20260220_103037_relu_best.pth...20260220_103939
At epoch 703, test loss = 43.9985
...model saved to 15_exp/models/FloydWarshallDataset_tropical_0.0001_20000_20260220_103037_relu_best.pth...20260220_103939
At epoch 704, test loss = 43.9175
...model saved to 15_exp/models/FloydWarshallDataset_tropical_0.0001_20000_20260220_103037_relu_best.pth...20260220_103940
At epoch 705, test loss = 43.8702
...model saved to 15_exp/models/FloydWarshallDataset_tropical_0.0001_20000_20260220_103037_relu_best.pth...20260220_103941
At epoch 706, test loss = 43.8681
...model saved to 15_exp/models/FloydWarshallDataset_tropical_0.0001_20000_20260220_103037_relu_best.pth...20260220_103942
At epoch 707, test loss = 43.7634
...model saved to 15_exp/models/FloydWarshallDataset_tropical_0.0001_20000_20260220_103037_relu_best.pth...20260220_103942
At epoch 708, test loss = 43.7024
...model saved to 15_exp/models/FloydWarshallDataset_tropical_0.0001_20000_20260220_103037_relu_best.pth...20260220_103943
At epoch 709, test loss = 43.6531
...model saved to 15_exp/models/FloydWarshallDataset_tropical_0.0001_20000_20260220_103037_relu_best.pth...20260220_103944
At epoch 710, test loss = 43.5964
...model saved to 15_exp/models/FloydWarshallDataset_tropical_0.0001_20000_20260220_103037_relu_best.pth...20260220_103944
At epoch 711, test loss = 43.5254
...model saved to 15_exp/models/FloydWarshallDataset_tropical_0.0001_20000_20260220_103037_relu_best.pth...20260220_103945
At epoch 712, test loss = 43.4782
...model saved to 15_exp/models/FloydWarshallDataset_tropical_0.0001_20000_20260220_103037_relu_best.pth...20260220_103946
At epoch 713, test loss = 43.4180
...model saved to 15_exp/models/FloydWarshallDataset_tropical_0.0001_20000_20260220_103037_relu_best.pth...20260220_103947
At epoch 714, test loss = 43.3948
...model saved to 15_exp/models/FloydWarshallDataset_tropical_0.0001_20000_20260220_103037_relu_best.pth...20260220_103947
At epoch 715, test loss = 43.3392
...model saved to 15_exp/models/FloydWarshallDataset_tropical_0.0001_20000_20260220_103037_relu_best.pth...20260220_103948
At epoch 716, test loss = 43.2444
...model saved to 15_exp/models/FloydWarshallDataset_tropical_0.0001_20000_20260220_103037_relu_best.pth...20260220_103949
At epoch 717, test loss = 43.1783
...model saved to 15_exp/models/FloydWarshallDataset_tropical_0.0001_20000_20260220_103037_relu_best.pth...20260220_103950
At epoch 718, test loss = 43.1344
...model saved to 15_exp/models/FloydWarshallDataset_tropical_0.0001_20000_20260220_103037_relu_best.pth...20260220_103950
At epoch 719, test loss = 43.0617
...model saved to 15_exp/models/FloydWarshallDataset_tropical_0.0001_20000_20260220_103037_relu_best.pth...20260220_103951
At epoch 720, test loss = 42.9963
...model saved to 15_exp/models/FloydWarshallDataset_tropical_0.0001_20000_20260220_103037_relu_best.pth...20260220_103952
At epoch 721, test loss = 42.9672
...model saved to 15_exp/models/FloydWarshallDataset_tropical_0.0001_20000_20260220_103037_relu_best.pth...20260220_103952
At epoch 722, test loss = 42.9019
...model saved to 15_exp/models/FloydWarshallDataset_tropical_0.0001_20000_20260220_103037_relu_best.pth...20260220_103953
At epoch 723, test loss = 42.8778
...model saved to 15_exp/models/FloydWarshallDataset_tropical_0.0001_20000_20260220_103037_relu_best.pth...20260220_103954
At epoch 724, test loss = 42.8004
...model saved to 15_exp/models/FloydWarshallDataset_tropical_0.0001_20000_20260220_103037_relu_best.pth...20260220_103954
At epoch 725, test loss = 42.7368
...model saved to 15_exp/models/FloydWarshallDataset_tropical_0.0001_20000_20260220_103037_relu_best.pth...20260220_103955
At epoch 726, test loss = 42.7028
...model saved to 15_exp/models/FloydWarshallDataset_tropical_0.0001_20000_20260220_103037_relu_best.pth...20260220_103956
At epoch 727, test loss = 42.6493
...model saved to 15_exp/models/FloydWarshallDataset_tropical_0.0001_20000_20260220_103037_relu_best.pth...20260220_103956
At epoch 728, test loss = 42.5999
...model saved to 15_exp/models/FloydWarshallDataset_tropical_0.0001_20000_20260220_103037_relu_best.pth...20260220_103957
At epoch 729, test loss = 42.5365
...model saved to 15_exp/models/FloydWarshallDataset_tropical_0.0001_20000_20260220_103037_relu_best.pth...20260220_103958
At epoch 730, test loss = 42.4809
...model saved to 15_exp/models/FloydWarshallDataset_tropical_0.0001_20000_20260220_103037_relu_best.pth...20260220_103958
At epoch 731, test loss = 42.4069
...model saved to 15_exp/models/FloydWarshallDataset_tropical_0.0001_20000_20260220_103037_relu_best.pth...20260220_103959
At epoch 732, test loss = 42.3631
...model saved to 15_exp/models/FloydWarshallDataset_tropical_0.0001_20000_20260220_103037_relu_best.pth...20260220_104000
At epoch 733, test loss = 42.2958
...model saved to 15_exp/models/FloydWarshallDataset_tropical_0.0001_20000_20260220_103037_relu_best.pth...20260220_104000
At epoch 734, test loss = 42.2425
...model saved to 15_exp/models/FloydWarshallDataset_tropical_0.0001_20000_20260220_103037_relu_best.pth...20260220_104001
At epoch 735, test loss = 42.1860
...model saved to 15_exp/models/FloydWarshallDataset_tropical_0.0001_20000_20260220_103037_relu_best.pth...20260220_104002
At epoch 736, test loss = 42.1383
...model saved to 15_exp/models/FloydWarshallDataset_tropical_0.0001_20000_20260220_103037_relu_best.pth...20260220_104002
At epoch 737, test loss = 42.0924
...model saved to 15_exp/models/FloydWarshallDataset_tropical_0.0001_20000_20260220_103037_relu_best.pth...20260220_104003
At epoch 738, test loss = 42.0797
...model saved to 15_exp/models/FloydWarshallDataset_tropical_0.0001_20000_20260220_103037_relu_best.pth...20260220_104004
At epoch 739, test loss = 42.0013
...model saved to 15_exp/models/FloydWarshallDataset_tropical_0.0001_20000_20260220_103037_relu_best.pth...20260220_104004
At epoch 740, test loss = 41.9369
...model saved to 15_exp/models/FloydWarshallDataset_tropical_0.0001_20000_20260220_103037_relu_best.pth...20260220_104005
At epoch 741, test loss = 41.8848
...model saved to 15_exp/models/FloydWarshallDataset_tropical_0.0001_20000_20260220_103037_relu_best.pth...20260220_104006
At epoch 742, test loss = 41.8074
...model saved to 15_exp/models/FloydWarshallDataset_tropical_0.0001_20000_20260220_103037_relu_best.pth...20260220_104006
At epoch 743, test loss = 41.8023
...model saved to 15_exp/models/FloydWarshallDataset_tropical_0.0001_20000_20260220_103037_relu_best.pth...20260220_104007
At epoch 744, test loss = 41.7518
...model saved to 15_exp/models/FloydWarshallDataset_tropical_0.0001_20000_20260220_103037_relu_best.pth...20260220_104008
At epoch 745, test loss = 41.6863
...model saved to 15_exp/models/FloydWarshallDataset_tropical_0.0001_20000_20260220_103037_relu_best.pth...20260220_104009
At epoch 746, test loss = 41.6347
...model saved to 15_exp/models/FloydWarshallDataset_tropical_0.0001_20000_20260220_103037_relu_best.pth...20260220_104009
At epoch 747, test loss = 41.5700
...model saved to 15_exp/models/FloydWarshallDataset_tropical_0.0001_20000_20260220_103037_relu_best.pth...20260220_104010
At epoch 748, test loss = 41.5124
...model saved to 15_exp/models/FloydWarshallDataset_tropical_0.0001_20000_20260220_103037_relu_best.pth...20260220_104011
At epoch 749, test loss = 41.4949
...model saved to 15_exp/models/FloydWarshallDataset_tropical_0.0001_20000_20260220_103037_relu_best.pth...20260220_104011
At epoch 750, test loss = 41.4653
...model saved to 15_exp/models/FloydWarshallDataset_tropical_0.0001_20000_20260220_103037_relu_best.pth...20260220_104012
At epoch 751, test loss = 41.3995
...model saved to 15_exp/models/FloydWarshallDataset_tropical_0.0001_20000_20260220_103037_relu_best.pth...20260220_104013
At epoch 752, test loss = 41.3362
...model saved to 15_exp/models/FloydWarshallDataset_tropical_0.0001_20000_20260220_103037_relu_best.pth...20260220_104013
At epoch 753, test loss = 41.3131
...model saved to 15_exp/models/FloydWarshallDataset_tropical_0.0001_20000_20260220_103037_relu_best.pth...20260220_104014
At epoch 754, test loss = 41.2836
...model saved to 15_exp/models/FloydWarshallDataset_tropical_0.0001_20000_20260220_103037_relu_best.pth...20260220_104015
At epoch 755, test loss = 41.2224
...model saved to 15_exp/models/FloydWarshallDataset_tropical_0.0001_20000_20260220_103037_relu_best.pth...20260220_104015
At epoch 756, test loss = 41.2077
...model saved to 15_exp/models/FloydWarshallDataset_tropical_0.0001_20000_20260220_103037_relu_best.pth...20260220_104016
At epoch 757, test loss = 41.1426
...model saved to 15_exp/models/FloydWarshallDataset_tropical_0.0001_20000_20260220_103037_relu_best.pth...20260220_104017
At epoch 758, test loss = 41.1267
...model saved to 15_exp/models/FloydWarshallDataset_tropical_0.0001_20000_20260220_103037_relu_best.pth...20260220_104017
At epoch 759, test loss = 41.0797
...model saved to 15_exp/models/FloydWarshallDataset_tropical_0.0001_20000_20260220_103037_relu_best.pth...20260220_104018
At epoch 760, test loss = 41.0312
...model saved to 15_exp/models/FloydWarshallDataset_tropical_0.0001_20000_20260220_103037_relu_best.pth...20260220_104019
At epoch 761, test loss = 41.0095
...model saved to 15_exp/models/FloydWarshallDataset_tropical_0.0001_20000_20260220_103037_relu_best.pth...20260220_104019
At epoch 762, test loss = 40.9611
...model saved to 15_exp/models/FloydWarshallDataset_tropical_0.0001_20000_20260220_103037_relu_best.pth...20260220_104020
At epoch 764, test loss = 40.9390
...model saved to 15_exp/models/FloydWarshallDataset_tropical_0.0001_20000_20260220_103037_relu_best.pth...20260220_104021
At epoch 765, test loss = 40.8870
...model saved to 15_exp/models/FloydWarshallDataset_tropical_0.0001_20000_20260220_103037_relu_best.pth...20260220_104022
At epoch 766, test loss = 40.8630
...model saved to 15_exp/models/FloydWarshallDataset_tropical_0.0001_20000_20260220_103037_relu_best.pth...20260220_104023
At epoch 767, test loss = 40.8102
...model saved to 15_exp/models/FloydWarshallDataset_tropical_0.0001_20000_20260220_103037_relu_best.pth...20260220_104023
At epoch 768, test loss = 40.7794
...model saved to 15_exp/models/FloydWarshallDataset_tropical_0.0001_20000_20260220_103037_relu_best.pth...20260220_104024
At epoch 770, test loss = 40.7659
...model saved to 15_exp/models/FloydWarshallDataset_tropical_0.0001_20000_20260220_103037_relu_best.pth...20260220_104025
At epoch 771, test loss = 40.7109
...model saved to 15_exp/models/FloydWarshallDataset_tropical_0.0001_20000_20260220_103037_relu_best.pth...20260220_104026
At epoch 772, test loss = 40.6946
...model saved to 15_exp/models/FloydWarshallDataset_tropical_0.0001_20000_20260220_103037_relu_best.pth...20260220_104027
At epoch 773, test loss = 40.6578
...model saved to 15_exp/models/FloydWarshallDataset_tropical_0.0001_20000_20260220_103037_relu_best.pth...20260220_104027
At epoch 774, test loss = 40.6255
...model saved to 15_exp/models/FloydWarshallDataset_tropical_0.0001_20000_20260220_103037_relu_best.pth...20260220_104028
At epoch 775, test loss = 40.5937
...model saved to 15_exp/models/FloydWarshallDataset_tropical_0.0001_20000_20260220_103037_relu_best.pth...20260220_104029
At epoch 776, test loss = 40.5718
...model saved to 15_exp/models/FloydWarshallDataset_tropical_0.0001_20000_20260220_103037_relu_best.pth...20260220_104029
At epoch 777, test loss = 40.5479
...model saved to 15_exp/models/FloydWarshallDataset_tropical_0.0001_20000_20260220_103037_relu_best.pth...20260220_104030
At epoch 778, test loss = 40.5164
...model saved to 15_exp/models/FloydWarshallDataset_tropical_0.0001_20000_20260220_103037_relu_best.pth...20260220_104031
At epoch 779, test loss = 40.5046
...model saved to 15_exp/models/FloydWarshallDataset_tropical_0.0001_20000_20260220_103037_relu_best.pth...20260220_104031
At epoch 780, test loss = 40.4817
...model saved to 15_exp/models/FloydWarshallDataset_tropical_0.0001_20000_20260220_103037_relu_best.pth...20260220_104032
At epoch 781, test loss = 40.4555
...model saved to 15_exp/models/FloydWarshallDataset_tropical_0.0001_20000_20260220_103037_relu_best.pth...20260220_104033
At epoch 782, test loss = 40.3887
...model saved to 15_exp/models/FloydWarshallDataset_tropical_0.0001_20000_20260220_103037_relu_best.pth...20260220_104033
At epoch 783, test loss = 40.3720
...model saved to 15_exp/models/FloydWarshallDataset_tropical_0.0001_20000_20260220_103037_relu_best.pth...20260220_104034
At epoch 784, test loss = 40.3563
...model saved to 15_exp/models/FloydWarshallDataset_tropical_0.0001_20000_20260220_103037_relu_best.pth...20260220_104035
At epoch 785, test loss = 40.3408
...model saved to 15_exp/models/FloydWarshallDataset_tropical_0.0001_20000_20260220_103037_relu_best.pth...20260220_104035
At epoch 786, test loss = 40.3051
...model saved to 15_exp/models/FloydWarshallDataset_tropical_0.0001_20000_20260220_103037_relu_best.pth...20260220_104036
At epoch 787, test loss = 40.2599
...model saved to 15_exp/models/FloydWarshallDataset_tropical_0.0001_20000_20260220_103037_relu_best.pth...20260220_104037
At epoch 789, test loss = 40.2146
...model saved to 15_exp/models/FloydWarshallDataset_tropical_0.0001_20000_20260220_103037_relu_best.pth...20260220_104038
At epoch 790, test loss = 40.1948
...model saved to 15_exp/models/FloydWarshallDataset_tropical_0.0001_20000_20260220_103037_relu_best.pth...20260220_104039
At epoch 791, test loss = 40.1739
...model saved to 15_exp/models/FloydWarshallDataset_tropical_0.0001_20000_20260220_103037_relu_best.pth...20260220_104039
At epoch 792, test loss = 40.1559
...model saved to 15_exp/models/FloydWarshallDataset_tropical_0.0001_20000_20260220_103037_relu_best.pth...20260220_104040
At epoch 793, test loss = 40.1104
...model saved to 15_exp/models/FloydWarshallDataset_tropical_0.0001_20000_20260220_103037_relu_best.pth...20260220_104041
At epoch 794, test loss = 40.0607
...model saved to 15_exp/models/FloydWarshallDataset_tropical_0.0001_20000_20260220_103037_relu_best.pth...20260220_104041
At epoch 796, test loss = 40.0598
...model saved to 15_exp/models/FloydWarshallDataset_tropical_0.0001_20000_20260220_103037_relu_best.pth...20260220_104043
At epoch 797, test loss = 39.9840
...model saved to 15_exp/models/FloydWarshallDataset_tropical_0.0001_20000_20260220_103037_relu_best.pth...20260220_104043
At epoch 799, test loss = 39.9298
...model saved to 15_exp/models/FloydWarshallDataset_tropical_0.0001_20000_20260220_103037_relu_best.pth...20260220_104045
At epoch 800, test loss = 39.9156
...model saved to 15_exp/models/FloydWarshallDataset_tropical_0.0001_20000_20260220_103037_relu_best.pth...20260220_104045
At epoch 801, test loss = 39.8763
...model saved to 15_exp/models/FloydWarshallDataset_tropical_0.0001_20000_20260220_103037_relu_best.pth...20260220_104046
At epoch 802, test loss = 39.8268
...model saved to 15_exp/models/FloydWarshallDataset_tropical_0.0001_20000_20260220_103037_relu_best.pth...20260220_104047
At epoch 803, test loss = 39.8105
...model saved to 15_exp/models/FloydWarshallDataset_tropical_0.0001_20000_20260220_103037_relu_best.pth...20260220_104047
At epoch 804, test loss = 39.7915
...model saved to 15_exp/models/FloydWarshallDataset_tropical_0.0001_20000_20260220_103037_relu_best.pth...20260220_104048
At epoch 805, test loss = 39.7353
...model saved to 15_exp/models/FloydWarshallDataset_tropical_0.0001_20000_20260220_103037_relu_best.pth...20260220_104049
At epoch 806, test loss = 39.6955
...model saved to 15_exp/models/FloydWarshallDataset_tropical_0.0001_20000_20260220_103037_relu_best.pth...20260220_104049
At epoch 807, test loss = 39.6543
...model saved to 15_exp/models/FloydWarshallDataset_tropical_0.0001_20000_20260220_103037_relu_best.pth...20260220_104050
At epoch 808, test loss = 39.6280
...model saved to 15_exp/models/FloydWarshallDataset_tropical_0.0001_20000_20260220_103037_relu_best.pth...20260220_104051
At epoch 809, test loss = 39.5912
...model saved to 15_exp/models/FloydWarshallDataset_tropical_0.0001_20000_20260220_103037_relu_best.pth...20260220_104051
At epoch 810, test loss = 39.5335
...model saved to 15_exp/models/FloydWarshallDataset_tropical_0.0001_20000_20260220_103037_relu_best.pth...20260220_104052
At epoch 811, test loss = 39.4915
...model saved to 15_exp/models/FloydWarshallDataset_tropical_0.0001_20000_20260220_103037_relu_best.pth...20260220_104053
At epoch 812, test loss = 39.4601
...model saved to 15_exp/models/FloydWarshallDataset_tropical_0.0001_20000_20260220_103037_relu_best.pth...20260220_104053
At epoch 813, test loss = 39.4240
...model saved to 15_exp/models/FloydWarshallDataset_tropical_0.0001_20000_20260220_103037_relu_best.pth...20260220_104054
At epoch 814, test loss = 39.3827
...model saved to 15_exp/models/FloydWarshallDataset_tropical_0.0001_20000_20260220_103037_relu_best.pth...20260220_104055
At epoch 815, test loss = 39.3579
...model saved to 15_exp/models/FloydWarshallDataset_tropical_0.0001_20000_20260220_103037_relu_best.pth...20260220_104055
At epoch 816, test loss = 39.2972
...model saved to 15_exp/models/FloydWarshallDataset_tropical_0.0001_20000_20260220_103037_relu_best.pth...20260220_104056
At epoch 817, test loss = 39.2324
...model saved to 15_exp/models/FloydWarshallDataset_tropical_0.0001_20000_20260220_103037_relu_best.pth...20260220_104057
At epoch 818, test loss = 39.1688
...model saved to 15_exp/models/FloydWarshallDataset_tropical_0.0001_20000_20260220_103037_relu_best.pth...20260220_104057
At epoch 820, test loss = 39.0350
...model saved to 15_exp/models/FloydWarshallDataset_tropical_0.0001_20000_20260220_103037_relu_best.pth...20260220_104059
At epoch 821, test loss = 39.0181
...model saved to 15_exp/models/FloydWarshallDataset_tropical_0.0001_20000_20260220_103037_relu_best.pth...20260220_104059
At epoch 822, test loss = 38.9488
...model saved to 15_exp/models/FloydWarshallDataset_tropical_0.0001_20000_20260220_103037_relu_best.pth...20260220_104100
At epoch 823, test loss = 38.8584
...model saved to 15_exp/models/FloydWarshallDataset_tropical_0.0001_20000_20260220_103037_relu_best.pth...20260220_104101
At epoch 824, test loss = 38.8135
...model saved to 15_exp/models/FloydWarshallDataset_tropical_0.0001_20000_20260220_103037_relu_best.pth...20260220_104101
At epoch 825, test loss = 38.7569
...model saved to 15_exp/models/FloydWarshallDataset_tropical_0.0001_20000_20260220_103037_relu_best.pth...20260220_104102
At epoch 826, test loss = 38.6971
...model saved to 15_exp/models/FloydWarshallDataset_tropical_0.0001_20000_20260220_103037_relu_best.pth...20260220_104103
At epoch 827, test loss = 38.6218
...model saved to 15_exp/models/FloydWarshallDataset_tropical_0.0001_20000_20260220_103037_relu_best.pth...20260220_104103
At epoch 828, test loss = 38.5505
...model saved to 15_exp/models/FloydWarshallDataset_tropical_0.0001_20000_20260220_103037_relu_best.pth...20260220_104104
At epoch 829, test loss = 38.4720
...model saved to 15_exp/models/FloydWarshallDataset_tropical_0.0001_20000_20260220_103037_relu_best.pth...20260220_104105
At epoch 830, test loss = 38.4705
...model saved to 15_exp/models/FloydWarshallDataset_tropical_0.0001_20000_20260220_103037_relu_best.pth...20260220_104106
At epoch 831, test loss = 38.3612
...model saved to 15_exp/models/FloydWarshallDataset_tropical_0.0001_20000_20260220_103037_relu_best.pth...20260220_104106
At epoch 832, test loss = 38.3162
...model saved to 15_exp/models/FloydWarshallDataset_tropical_0.0001_20000_20260220_103037_relu_best.pth...20260220_104107
At epoch 833, test loss = 38.2532
...model saved to 15_exp/models/FloydWarshallDataset_tropical_0.0001_20000_20260220_103037_relu_best.pth...20260220_104108
At epoch 834, test loss = 38.2081
...model saved to 15_exp/models/FloydWarshallDataset_tropical_0.0001_20000_20260220_103037_relu_best.pth...20260220_104108
At epoch 835, test loss = 38.1506
...model saved to 15_exp/models/FloydWarshallDataset_tropical_0.0001_20000_20260220_103037_relu_best.pth...20260220_104109
At epoch 836, test loss = 38.1135
...model saved to 15_exp/models/FloydWarshallDataset_tropical_0.0001_20000_20260220_103037_relu_best.pth...20260220_104110
At epoch 837, test loss = 38.0359
...model saved to 15_exp/models/FloydWarshallDataset_tropical_0.0001_20000_20260220_103037_relu_best.pth...20260220_104110
At epoch 838, test loss = 38.0066
...model saved to 15_exp/models/FloydWarshallDataset_tropical_0.0001_20000_20260220_103037_relu_best.pth...20260220_104111
At epoch 839, test loss = 37.9858
...model saved to 15_exp/models/FloydWarshallDataset_tropical_0.0001_20000_20260220_103037_relu_best.pth...20260220_104112
At epoch 840, test loss = 37.9024
...model saved to 15_exp/models/FloydWarshallDataset_tropical_0.0001_20000_20260220_103037_relu_best.pth...20260220_104112
At epoch 841, test loss = 37.8505
...model saved to 15_exp/models/FloydWarshallDataset_tropical_0.0001_20000_20260220_103037_relu_best.pth...20260220_104113
At epoch 842, test loss = 37.7984
...model saved to 15_exp/models/FloydWarshallDataset_tropical_0.0001_20000_20260220_103037_relu_best.pth...20260220_104114
At epoch 843, test loss = 37.7343
...model saved to 15_exp/models/FloydWarshallDataset_tropical_0.0001_20000_20260220_103037_relu_best.pth...20260220_104114
At epoch 844, test loss = 37.7049
...model saved to 15_exp/models/FloydWarshallDataset_tropical_0.0001_20000_20260220_103037_relu_best.pth...20260220_104115
At epoch 845, test loss = 37.6593
...model saved to 15_exp/models/FloydWarshallDataset_tropical_0.0001_20000_20260220_103037_relu_best.pth...20260220_104116
At epoch 846, test loss = 37.6121
...model saved to 15_exp/models/FloydWarshallDataset_tropical_0.0001_20000_20260220_103037_relu_best.pth...20260220_104116
At epoch 847, test loss = 37.5592
...model saved to 15_exp/models/FloydWarshallDataset_tropical_0.0001_20000_20260220_103037_relu_best.pth...20260220_104117
At epoch 848, test loss = 37.5048
...model saved to 15_exp/models/FloydWarshallDataset_tropical_0.0001_20000_20260220_103037_relu_best.pth...20260220_104118
At epoch 849, test loss = 37.4617
...model saved to 15_exp/models/FloydWarshallDataset_tropical_0.0001_20000_20260220_103037_relu_best.pth...20260220_104118
At epoch 850, test loss = 37.3852
...model saved to 15_exp/models/FloydWarshallDataset_tropical_0.0001_20000_20260220_103037_relu_best.pth...20260220_104119
At epoch 851, test loss = 37.3521
...model saved to 15_exp/models/FloydWarshallDataset_tropical_0.0001_20000_20260220_103037_relu_best.pth...20260220_104120
At epoch 852, test loss = 37.3171
...model saved to 15_exp/models/FloydWarshallDataset_tropical_0.0001_20000_20260220_103037_relu_best.pth...20260220_104120
At epoch 853, test loss = 37.2735
...model saved to 15_exp/models/FloydWarshallDataset_tropical_0.0001_20000_20260220_103037_relu_best.pth...20260220_104121
At epoch 854, test loss = 37.1998
...model saved to 15_exp/models/FloydWarshallDataset_tropical_0.0001_20000_20260220_103037_relu_best.pth...20260220_104122
At epoch 855, test loss = 37.1583
...model saved to 15_exp/models/FloydWarshallDataset_tropical_0.0001_20000_20260220_103037_relu_best.pth...20260220_104122
At epoch 856, test loss = 37.0825
...model saved to 15_exp/models/FloydWarshallDataset_tropical_0.0001_20000_20260220_103037_relu_best.pth...20260220_104123
At epoch 857, test loss = 37.0294
...model saved to 15_exp/models/FloydWarshallDataset_tropical_0.0001_20000_20260220_103037_relu_best.pth...20260220_104124
At epoch 858, test loss = 36.9852
...model saved to 15_exp/models/FloydWarshallDataset_tropical_0.0001_20000_20260220_103037_relu_best.pth...20260220_104124
At epoch 859, test loss = 36.9151
...model saved to 15_exp/models/FloydWarshallDataset_tropical_0.0001_20000_20260220_103037_relu_best.pth...20260220_104125
At epoch 860, test loss = 36.8460
...model saved to 15_exp/models/FloydWarshallDataset_tropical_0.0001_20000_20260220_103037_relu_best.pth...20260220_104126
At epoch 861, test loss = 36.7721
...model saved to 15_exp/models/FloydWarshallDataset_tropical_0.0001_20000_20260220_103037_relu_best.pth...20260220_104126
At epoch 862, test loss = 36.7472
...model saved to 15_exp/models/FloydWarshallDataset_tropical_0.0001_20000_20260220_103037_relu_best.pth...20260220_104127
At epoch 863, test loss = 36.6856
...model saved to 15_exp/models/FloydWarshallDataset_tropical_0.0001_20000_20260220_103037_relu_best.pth...20260220_104128
At epoch 864, test loss = 36.6071
...model saved to 15_exp/models/FloydWarshallDataset_tropical_0.0001_20000_20260220_103037_relu_best.pth...20260220_104128
At epoch 865, test loss = 36.5759
...model saved to 15_exp/models/FloydWarshallDataset_tropical_0.0001_20000_20260220_103037_relu_best.pth...20260220_104129
At epoch 866, test loss = 36.5159
...model saved to 15_exp/models/FloydWarshallDataset_tropical_0.0001_20000_20260220_103037_relu_best.pth...20260220_104130
At epoch 867, test loss = 36.4597
...model saved to 15_exp/models/FloydWarshallDataset_tropical_0.0001_20000_20260220_103037_relu_best.pth...20260220_104130
At epoch 868, test loss = 36.3931
...model saved to 15_exp/models/FloydWarshallDataset_tropical_0.0001_20000_20260220_103037_relu_best.pth...20260220_104131
At epoch 869, test loss = 36.3400
...model saved to 15_exp/models/FloydWarshallDataset_tropical_0.0001_20000_20260220_103037_relu_best.pth...20260220_104132
At epoch 870, test loss = 36.3010
...model saved to 15_exp/models/FloydWarshallDataset_tropical_0.0001_20000_20260220_103037_relu_best.pth...20260220_104132
At epoch 871, test loss = 36.2537
...model saved to 15_exp/models/FloydWarshallDataset_tropical_0.0001_20000_20260220_103037_relu_best.pth...20260220_104133
At epoch 872, test loss = 36.2164
...model saved to 15_exp/models/FloydWarshallDataset_tropical_0.0001_20000_20260220_103037_relu_best.pth...20260220_104134
At epoch 873, test loss = 36.1473
...model saved to 15_exp/models/FloydWarshallDataset_tropical_0.0001_20000_20260220_103037_relu_best.pth...20260220_104134
At epoch 874, test loss = 36.0927
...model saved to 15_exp/models/FloydWarshallDataset_tropical_0.0001_20000_20260220_103037_relu_best.pth...20260220_104135
At epoch 876, test loss = 36.0382
...model saved to 15_exp/models/FloydWarshallDataset_tropical_0.0001_20000_20260220_103037_relu_best.pth...20260220_104136
At epoch 877, test loss = 36.0066
...model saved to 15_exp/models/FloydWarshallDataset_tropical_0.0001_20000_20260220_103037_relu_best.pth...20260220_104137
At epoch 878, test loss = 35.9577
...model saved to 15_exp/models/FloydWarshallDataset_tropical_0.0001_20000_20260220_103037_relu_best.pth...20260220_104138
At epoch 879, test loss = 35.8970
...model saved to 15_exp/models/FloydWarshallDataset_tropical_0.0001_20000_20260220_103037_relu_best.pth...20260220_104138
At epoch 880, test loss = 35.8547
...model saved to 15_exp/models/FloydWarshallDataset_tropical_0.0001_20000_20260220_103037_relu_best.pth...20260220_104139
At epoch 881, test loss = 35.8213
...model saved to 15_exp/models/FloydWarshallDataset_tropical_0.0001_20000_20260220_103037_relu_best.pth...20260220_104140
At epoch 882, test loss = 35.7875
...model saved to 15_exp/models/FloydWarshallDataset_tropical_0.0001_20000_20260220_103037_relu_best.pth...20260220_104140
At epoch 884, test loss = 35.7165
...model saved to 15_exp/models/FloydWarshallDataset_tropical_0.0001_20000_20260220_103037_relu_best.pth...20260220_104142
At epoch 885, test loss = 35.7116
...model saved to 15_exp/models/FloydWarshallDataset_tropical_0.0001_20000_20260220_103037_relu_best.pth...20260220_104143
At epoch 886, test loss = 35.6429
...model saved to 15_exp/models/FloydWarshallDataset_tropical_0.0001_20000_20260220_103037_relu_best.pth...20260220_104143
At epoch 887, test loss = 35.6191
...model saved to 15_exp/models/FloydWarshallDataset_tropical_0.0001_20000_20260220_103037_relu_best.pth...20260220_104144
At epoch 888, test loss = 35.6133
...model saved to 15_exp/models/FloydWarshallDataset_tropical_0.0001_20000_20260220_103037_relu_best.pth...20260220_104145
At epoch 889, test loss = 35.5570
...model saved to 15_exp/models/FloydWarshallDataset_tropical_0.0001_20000_20260220_103037_relu_best.pth...20260220_104145
At epoch 890, test loss = 35.5471
...model saved to 15_exp/models/FloydWarshallDataset_tropical_0.0001_20000_20260220_103037_relu_best.pth...20260220_104146
At epoch 891, test loss = 35.4946
...model saved to 15_exp/models/FloydWarshallDataset_tropical_0.0001_20000_20260220_103037_relu_best.pth...20260220_104147
At epoch 892, test loss = 35.4578
...model saved to 15_exp/models/FloydWarshallDataset_tropical_0.0001_20000_20260220_103037_relu_best.pth...20260220_104147
At epoch 893, test loss = 35.3967
...model saved to 15_exp/models/FloydWarshallDataset_tropical_0.0001_20000_20260220_103037_relu_best.pth...20260220_104148
At epoch 894, test loss = 35.3808
...model saved to 15_exp/models/FloydWarshallDataset_tropical_0.0001_20000_20260220_103037_relu_best.pth...20260220_104149
At epoch 895, test loss = 35.3490
...model saved to 15_exp/models/FloydWarshallDataset_tropical_0.0001_20000_20260220_103037_relu_best.pth...20260220_104149
At epoch 896, test loss = 35.3129
...model saved to 15_exp/models/FloydWarshallDataset_tropical_0.0001_20000_20260220_103037_relu_best.pth...20260220_104150
At epoch 897, test loss = 35.2867
...model saved to 15_exp/models/FloydWarshallDataset_tropical_0.0001_20000_20260220_103037_relu_best.pth...20260220_104151
At epoch 898, test loss = 35.2540
...model saved to 15_exp/models/FloydWarshallDataset_tropical_0.0001_20000_20260220_103037_relu_best.pth...20260220_104151
At epoch 899, test loss = 35.2228
...model saved to 15_exp/models/FloydWarshallDataset_tropical_0.0001_20000_20260220_103037_relu_best.pth...20260220_104152
At epoch 900, test loss = 35.1874
...model saved to 15_exp/models/FloydWarshallDataset_tropical_0.0001_20000_20260220_103037_relu_best.pth...20260220_104153
At epoch 901, test loss = 35.1476
...model saved to 15_exp/models/FloydWarshallDataset_tropical_0.0001_20000_20260220_103037_relu_best.pth...20260220_104153
At epoch 902, test loss = 35.1157
...model saved to 15_exp/models/FloydWarshallDataset_tropical_0.0001_20000_20260220_103037_relu_best.pth...20260220_104154
At epoch 903, test loss = 35.0891
...model saved to 15_exp/models/FloydWarshallDataset_tropical_0.0001_20000_20260220_103037_relu_best.pth...20260220_104155
At epoch 904, test loss = 35.0750
...model saved to 15_exp/models/FloydWarshallDataset_tropical_0.0001_20000_20260220_103037_relu_best.pth...20260220_104155
At epoch 905, test loss = 35.0465
...model saved to 15_exp/models/FloydWarshallDataset_tropical_0.0001_20000_20260220_103037_relu_best.pth...20260220_104156
At epoch 906, test loss = 35.0092
...model saved to 15_exp/models/FloydWarshallDataset_tropical_0.0001_20000_20260220_103037_relu_best.pth...20260220_104157
At epoch 907, test loss = 34.9595
...model saved to 15_exp/models/FloydWarshallDataset_tropical_0.0001_20000_20260220_103037_relu_best.pth...20260220_104157
At epoch 908, test loss = 34.9031
...model saved to 15_exp/models/FloydWarshallDataset_tropical_0.0001_20000_20260220_103037_relu_best.pth...20260220_104158
At epoch 909, test loss = 34.8575
...model saved to 15_exp/models/FloydWarshallDataset_tropical_0.0001_20000_20260220_103037_relu_best.pth...20260220_104159
At epoch 910, test loss = 34.8234
...model saved to 15_exp/models/FloydWarshallDataset_tropical_0.0001_20000_20260220_103037_relu_best.pth...20260220_104159
At epoch 911, test loss = 34.7887
...model saved to 15_exp/models/FloydWarshallDataset_tropical_0.0001_20000_20260220_103037_relu_best.pth...20260220_104200
At epoch 912, test loss = 34.7430
...model saved to 15_exp/models/FloydWarshallDataset_tropical_0.0001_20000_20260220_103037_relu_best.pth...20260220_104201
At epoch 913, test loss = 34.7400
...model saved to 15_exp/models/FloydWarshallDataset_tropical_0.0001_20000_20260220_103037_relu_best.pth...20260220_104201
At epoch 914, test loss = 34.6771
...model saved to 15_exp/models/FloydWarshallDataset_tropical_0.0001_20000_20260220_103037_relu_best.pth...20260220_104202
At epoch 916, test loss = 34.6233
...model saved to 15_exp/models/FloydWarshallDataset_tropical_0.0001_20000_20260220_103037_relu_best.pth...20260220_104203
At epoch 917, test loss = 34.5492
...model saved to 15_exp/models/FloydWarshallDataset_tropical_0.0001_20000_20260220_103037_relu_best.pth...20260220_104204
At epoch 918, test loss = 34.5163
...model saved to 15_exp/models/FloydWarshallDataset_tropical_0.0001_20000_20260220_103037_relu_best.pth...20260220_104205
At epoch 919, test loss = 34.4510
...model saved to 15_exp/models/FloydWarshallDataset_tropical_0.0001_20000_20260220_103037_relu_best.pth...20260220_104205
At epoch 920, test loss = 34.4127
...model saved to 15_exp/models/FloydWarshallDataset_tropical_0.0001_20000_20260220_103037_relu_best.pth...20260220_104206
At epoch 921, test loss = 34.3362
...model saved to 15_exp/models/FloydWarshallDataset_tropical_0.0001_20000_20260220_103037_relu_best.pth...20260220_104207
At epoch 922, test loss = 34.3160
...model saved to 15_exp/models/FloydWarshallDataset_tropical_0.0001_20000_20260220_103037_relu_best.pth...20260220_104207
At epoch 923, test loss = 34.2403
...model saved to 15_exp/models/FloydWarshallDataset_tropical_0.0001_20000_20260220_103037_relu_best.pth...20260220_104208
At epoch 924, test loss = 34.2325
...model saved to 15_exp/models/FloydWarshallDataset_tropical_0.0001_20000_20260220_103037_relu_best.pth...20260220_104209
At epoch 925, test loss = 34.1580
...model saved to 15_exp/models/FloydWarshallDataset_tropical_0.0001_20000_20260220_103037_relu_best.pth...20260220_104209
At epoch 926, test loss = 34.1068
...model saved to 15_exp/models/FloydWarshallDataset_tropical_0.0001_20000_20260220_103037_relu_best.pth...20260220_104210
At epoch 927, test loss = 34.0612
...model saved to 15_exp/models/FloydWarshallDataset_tropical_0.0001_20000_20260220_103037_relu_best.pth...20260220_104211
At epoch 928, test loss = 33.9916
...model saved to 15_exp/models/FloydWarshallDataset_tropical_0.0001_20000_20260220_103037_relu_best.pth...20260220_104211
At epoch 929, test loss = 33.9494
...model saved to 15_exp/models/FloydWarshallDataset_tropical_0.0001_20000_20260220_103037_relu_best.pth...20260220_104212
At epoch 930, test loss = 33.8923
...model saved to 15_exp/models/FloydWarshallDataset_tropical_0.0001_20000_20260220_103037_relu_best.pth...20260220_104213
At epoch 931, test loss = 33.8586
...model saved to 15_exp/models/FloydWarshallDataset_tropical_0.0001_20000_20260220_103037_relu_best.pth...20260220_104213
At epoch 932, test loss = 33.8184
...model saved to 15_exp/models/FloydWarshallDataset_tropical_0.0001_20000_20260220_103037_relu_best.pth...20260220_104214
At epoch 933, test loss = 33.7487
...model saved to 15_exp/models/FloydWarshallDataset_tropical_0.0001_20000_20260220_103037_relu_best.pth...20260220_104215
At epoch 935, test loss = 33.6787
...model saved to 15_exp/models/FloydWarshallDataset_tropical_0.0001_20000_20260220_103037_relu_best.pth...20260220_104216
At epoch 936, test loss = 33.5956
...model saved to 15_exp/models/FloydWarshallDataset_tropical_0.0001_20000_20260220_103037_relu_best.pth...20260220_104217
At epoch 937, test loss = 33.5561
...model saved to 15_exp/models/FloydWarshallDataset_tropical_0.0001_20000_20260220_103037_relu_best.pth...20260220_104217
At epoch 938, test loss = 33.5101
...model saved to 15_exp/models/FloydWarshallDataset_tropical_0.0001_20000_20260220_103037_relu_best.pth...20260220_104218
At epoch 939, test loss = 33.4845
...model saved to 15_exp/models/FloydWarshallDataset_tropical_0.0001_20000_20260220_103037_relu_best.pth...20260220_104219
At epoch 940, test loss = 33.4473
...model saved to 15_exp/models/FloydWarshallDataset_tropical_0.0001_20000_20260220_103037_relu_best.pth...20260220_104219
At epoch 941, test loss = 33.3858
...model saved to 15_exp/models/FloydWarshallDataset_tropical_0.0001_20000_20260220_103037_relu_best.pth...20260220_104220
At epoch 942, test loss = 33.3331
...model saved to 15_exp/models/FloydWarshallDataset_tropical_0.0001_20000_20260220_103037_relu_best.pth...20260220_104221
At epoch 943, test loss = 33.2765
...model saved to 15_exp/models/FloydWarshallDataset_tropical_0.0001_20000_20260220_103037_relu_best.pth...20260220_104221
At epoch 944, test loss = 33.2657
...model saved to 15_exp/models/FloydWarshallDataset_tropical_0.0001_20000_20260220_103037_relu_best.pth...20260220_104222
At epoch 945, test loss = 33.2344
...model saved to 15_exp/models/FloydWarshallDataset_tropical_0.0001_20000_20260220_103037_relu_best.pth...20260220_104223
At epoch 946, test loss = 33.1811
...model saved to 15_exp/models/FloydWarshallDataset_tropical_0.0001_20000_20260220_103037_relu_best.pth...20260220_104223
At epoch 947, test loss = 33.1640
...model saved to 15_exp/models/FloydWarshallDataset_tropical_0.0001_20000_20260220_103037_relu_best.pth...20260220_104224
At epoch 948, test loss = 33.0924
...model saved to 15_exp/models/FloydWarshallDataset_tropical_0.0001_20000_20260220_103037_relu_best.pth...20260220_104225
At epoch 949, test loss = 33.0745
...model saved to 15_exp/models/FloydWarshallDataset_tropical_0.0001_20000_20260220_103037_relu_best.pth...20260220_104226
At epoch 950, test loss = 33.0386
...model saved to 15_exp/models/FloydWarshallDataset_tropical_0.0001_20000_20260220_103037_relu_best.pth...20260220_104226
At epoch 951, test loss = 33.0137
...model saved to 15_exp/models/FloydWarshallDataset_tropical_0.0001_20000_20260220_103037_relu_best.pth...20260220_104227
At epoch 952, test loss = 32.9427
...model saved to 15_exp/models/FloydWarshallDataset_tropical_0.0001_20000_20260220_103037_relu_best.pth...20260220_104228
At epoch 954, test loss = 32.8811
...model saved to 15_exp/models/FloydWarshallDataset_tropical_0.0001_20000_20260220_103037_relu_best.pth...20260220_104229
At epoch 955, test loss = 32.8446
...model saved to 15_exp/models/FloydWarshallDataset_tropical_0.0001_20000_20260220_103037_relu_best.pth...20260220_104230
At epoch 956, test loss = 32.7970
...model saved to 15_exp/models/FloydWarshallDataset_tropical_0.0001_20000_20260220_103037_relu_best.pth...20260220_104230
At epoch 957, test loss = 32.7708
...model saved to 15_exp/models/FloydWarshallDataset_tropical_0.0001_20000_20260220_103037_relu_best.pth...20260220_104231
At epoch 958, test loss = 32.7520
...model saved to 15_exp/models/FloydWarshallDataset_tropical_0.0001_20000_20260220_103037_relu_best.pth...20260220_104232
At epoch 959, test loss = 32.7108
...model saved to 15_exp/models/FloydWarshallDataset_tropical_0.0001_20000_20260220_103037_relu_best.pth...20260220_104232
At epoch 960, test loss = 32.6466
...model saved to 15_exp/models/FloydWarshallDataset_tropical_0.0001_20000_20260220_103037_relu_best.pth...20260220_104233
At epoch 961, test loss = 32.6027
...model saved to 15_exp/models/FloydWarshallDataset_tropical_0.0001_20000_20260220_103037_relu_best.pth...20260220_104234
At epoch 962, test loss = 32.5557
...model saved to 15_exp/models/FloydWarshallDataset_tropical_0.0001_20000_20260220_103037_relu_best.pth...20260220_104234
At epoch 963, test loss = 32.5013
...model saved to 15_exp/models/FloydWarshallDataset_tropical_0.0001_20000_20260220_103037_relu_best.pth...20260220_104235
At epoch 964, test loss = 32.4986
...model saved to 15_exp/models/FloydWarshallDataset_tropical_0.0001_20000_20260220_103037_relu_best.pth...20260220_104236
At epoch 965, test loss = 32.4217
...model saved to 15_exp/models/FloydWarshallDataset_tropical_0.0001_20000_20260220_103037_relu_best.pth...20260220_104236
At epoch 966, test loss = 32.3726
...model saved to 15_exp/models/FloydWarshallDataset_tropical_0.0001_20000_20260220_103037_relu_best.pth...20260220_104237
At epoch 967, test loss = 32.3335
...model saved to 15_exp/models/FloydWarshallDataset_tropical_0.0001_20000_20260220_103037_relu_best.pth...20260220_104238
At epoch 968, test loss = 32.3123
...model saved to 15_exp/models/FloydWarshallDataset_tropical_0.0001_20000_20260220_103037_relu_best.pth...20260220_104238
At epoch 969, test loss = 32.2171
...model saved to 15_exp/models/FloydWarshallDataset_tropical_0.0001_20000_20260220_103037_relu_best.pth...20260220_104239
At epoch 970, test loss = 32.2109
...model saved to 15_exp/models/FloydWarshallDataset_tropical_0.0001_20000_20260220_103037_relu_best.pth...20260220_104240
At epoch 971, test loss = 32.1171
...model saved to 15_exp/models/FloydWarshallDataset_tropical_0.0001_20000_20260220_103037_relu_best.pth...20260220_104240
At epoch 972, test loss = 32.0493
...model saved to 15_exp/models/FloydWarshallDataset_tropical_0.0001_20000_20260220_103037_relu_best.pth...20260220_104241
At epoch 973, test loss = 32.0241
...model saved to 15_exp/models/FloydWarshallDataset_tropical_0.0001_20000_20260220_103037_relu_best.pth...20260220_104242
At epoch 974, test loss = 31.9543
...model saved to 15_exp/models/FloydWarshallDataset_tropical_0.0001_20000_20260220_103037_relu_best.pth...20260220_104242
At epoch 975, test loss = 31.8961
...model saved to 15_exp/models/FloydWarshallDataset_tropical_0.0001_20000_20260220_103037_relu_best.pth...20260220_104243
At epoch 976, test loss = 31.8111
...model saved to 15_exp/models/FloydWarshallDataset_tropical_0.0001_20000_20260220_103037_relu_best.pth...20260220_104244
At epoch 978, test loss = 31.7192
...model saved to 15_exp/models/FloydWarshallDataset_tropical_0.0001_20000_20260220_103037_relu_best.pth...20260220_104245
At epoch 979, test loss = 31.6623
...model saved to 15_exp/models/FloydWarshallDataset_tropical_0.0001_20000_20260220_103037_relu_best.pth...20260220_104246
At epoch 980, test loss = 31.5808
...model saved to 15_exp/models/FloydWarshallDataset_tropical_0.0001_20000_20260220_103037_relu_best.pth...20260220_104247
At epoch 981, test loss = 31.5152
...model saved to 15_exp/models/FloydWarshallDataset_tropical_0.0001_20000_20260220_103037_relu_best.pth...20260220_104247
At epoch 982, test loss = 31.4771
...model saved to 15_exp/models/FloydWarshallDataset_tropical_0.0001_20000_20260220_103037_relu_best.pth...20260220_104248
At epoch 983, test loss = 31.4304
...model saved to 15_exp/models/FloydWarshallDataset_tropical_0.0001_20000_20260220_103037_relu_best.pth...20260220_104249
At epoch 984, test loss = 31.3827
...model saved to 15_exp/models/FloydWarshallDataset_tropical_0.0001_20000_20260220_103037_relu_best.pth...20260220_104249
At epoch 985, test loss = 31.3399
...model saved to 15_exp/models/FloydWarshallDataset_tropical_0.0001_20000_20260220_103037_relu_best.pth...20260220_104250
At epoch 986, test loss = 31.2554
...model saved to 15_exp/models/FloydWarshallDataset_tropical_0.0001_20000_20260220_103037_relu_best.pth...20260220_104251
At epoch 987, test loss = 31.2488
...model saved to 15_exp/models/FloydWarshallDataset_tropical_0.0001_20000_20260220_103037_relu_best.pth...20260220_104252
At epoch 988, test loss = 31.2009
...model saved to 15_exp/models/FloydWarshallDataset_tropical_0.0001_20000_20260220_103037_relu_best.pth...20260220_104252
At epoch 989, test loss = 31.0987
...model saved to 15_exp/models/FloydWarshallDataset_tropical_0.0001_20000_20260220_103037_relu_best.pth...20260220_104253
At epoch 990, test loss = 31.0620
...model saved to 15_exp/models/FloydWarshallDataset_tropical_0.0001_20000_20260220_103037_relu_best.pth...20260220_104254
At epoch 991, test loss = 30.9872
...model saved to 15_exp/models/FloydWarshallDataset_tropical_0.0001_20000_20260220_103037_relu_best.pth...20260220_104254
At epoch 992, test loss = 30.9644
...model saved to 15_exp/models/FloydWarshallDataset_tropical_0.0001_20000_20260220_103037_relu_best.pth...20260220_104255
At epoch 993, test loss = 30.9570
...model saved to 15_exp/models/FloydWarshallDataset_tropical_0.0001_20000_20260220_103037_relu_best.pth...20260220_104256
At epoch 994, test loss = 30.8921
...model saved to 15_exp/models/FloydWarshallDataset_tropical_0.0001_20000_20260220_103037_relu_best.pth...20260220_104257
At epoch 995, test loss = 30.8278
...model saved to 15_exp/models/FloydWarshallDataset_tropical_0.0001_20000_20260220_103037_relu_best.pth...20260220_104257
At epoch 997, test loss = 30.7707
...model saved to 15_exp/models/FloydWarshallDataset_tropical_0.0001_20000_20260220_103037_relu_best.pth...20260220_104259
At epoch 998, test loss = 30.7277
...model saved to 15_exp/models/FloydWarshallDataset_tropical_0.0001_20000_20260220_103037_relu_best.pth...20260220_104259
At epoch 999, test loss = 30.7035
...model saved to 15_exp/models/FloydWarshallDataset_tropical_0.0001_20000_20260220_103037_relu_best.pth...20260220_104300
At epoch 1000, test loss = 30.6363
...model saved to 15_exp/models/FloydWarshallDataset_tropical_0.0001_20000_20260220_103037_relu_best.pth...20260220_104301
At epoch 1001, test loss = 30.6298
...model saved to 15_exp/models/FloydWarshallDataset_tropical_0.0001_20000_20260220_103037_relu_best.pth...20260220_104302
At epoch 1002, test loss = 30.5868
...model saved to 15_exp/models/FloydWarshallDataset_tropical_0.0001_20000_20260220_103037_relu_best.pth...20260220_104302
At epoch 1003, test loss = 30.5724
...model saved to 15_exp/models/FloydWarshallDataset_tropical_0.0001_20000_20260220_103037_relu_best.pth...20260220_104303
At epoch 1004, test loss = 30.5267
...model saved to 15_exp/models/FloydWarshallDataset_tropical_0.0001_20000_20260220_103037_relu_best.pth...20260220_104304
At epoch 1005, test loss = 30.4559
...model saved to 15_exp/models/FloydWarshallDataset_tropical_0.0001_20000_20260220_103037_relu_best.pth...20260220_104305
At epoch 1006, test loss = 30.4212
...model saved to 15_exp/models/FloydWarshallDataset_tropical_0.0001_20000_20260220_103037_relu_best.pth...20260220_104305
At epoch 1007, test loss = 30.3875
...model saved to 15_exp/models/FloydWarshallDataset_tropical_0.0001_20000_20260220_103037_relu_best.pth...20260220_104306
At epoch 1008, test loss = 30.3522
...model saved to 15_exp/models/FloydWarshallDataset_tropical_0.0001_20000_20260220_103037_relu_best.pth...20260220_104307
At epoch 1010, test loss = 30.2697
...model saved to 15_exp/models/FloydWarshallDataset_tropical_0.0001_20000_20260220_103037_relu_best.pth...20260220_104308
At epoch 1011, test loss = 30.2547
...model saved to 15_exp/models/FloydWarshallDataset_tropical_0.0001_20000_20260220_103037_relu_best.pth...20260220_104309
At epoch 1012, test loss = 30.1936
...model saved to 15_exp/models/FloydWarshallDataset_tropical_0.0001_20000_20260220_103037_relu_best.pth...20260220_104309
At epoch 1013, test loss = 30.1915
...model saved to 15_exp/models/FloydWarshallDataset_tropical_0.0001_20000_20260220_103037_relu_best.pth...20260220_104310
At epoch 1014, test loss = 30.1511
...model saved to 15_exp/models/FloydWarshallDataset_tropical_0.0001_20000_20260220_103037_relu_best.pth...20260220_104311
At epoch 1015, test loss = 30.0977
...model saved to 15_exp/models/FloydWarshallDataset_tropical_0.0001_20000_20260220_103037_relu_best.pth...20260220_104312
At epoch 1016, test loss = 30.0896
...model saved to 15_exp/models/FloydWarshallDataset_tropical_0.0001_20000_20260220_103037_relu_best.pth...20260220_104312
At epoch 1017, test loss = 30.0207
...model saved to 15_exp/models/FloydWarshallDataset_tropical_0.0001_20000_20260220_103037_relu_best.pth...20260220_104313
At epoch 1018, test loss = 30.0146
...model saved to 15_exp/models/FloydWarshallDataset_tropical_0.0001_20000_20260220_103037_relu_best.pth...20260220_104314
At epoch 1019, test loss = 29.9280
...model saved to 15_exp/models/FloydWarshallDataset_tropical_0.0001_20000_20260220_103037_relu_best.pth...20260220_104314
At epoch 1020, test loss = 29.9154
...model saved to 15_exp/models/FloydWarshallDataset_tropical_0.0001_20000_20260220_103037_relu_best.pth...20260220_104315
At epoch 1021, test loss = 29.8631
...model saved to 15_exp/models/FloydWarshallDataset_tropical_0.0001_20000_20260220_103037_relu_best.pth...20260220_104316
At epoch 1022, test loss = 29.8565
...model saved to 15_exp/models/FloydWarshallDataset_tropical_0.0001_20000_20260220_103037_relu_best.pth...20260220_104317
At epoch 1023, test loss = 29.7700
...model saved to 15_exp/models/FloydWarshallDataset_tropical_0.0001_20000_20260220_103037_relu_best.pth...20260220_104317
At epoch 1024, test loss = 29.7153
...model saved to 15_exp/models/FloydWarshallDataset_tropical_0.0001_20000_20260220_103037_relu_best.pth...20260220_104318
At epoch 1025, test loss = 29.6791
...model saved to 15_exp/models/FloydWarshallDataset_tropical_0.0001_20000_20260220_103037_relu_best.pth...20260220_104319
At epoch 1027, test loss = 29.5924
...model saved to 15_exp/models/FloydWarshallDataset_tropical_0.0001_20000_20260220_103037_relu_best.pth...20260220_104320
At epoch 1028, test loss = 29.5551
...model saved to 15_exp/models/FloydWarshallDataset_tropical_0.0001_20000_20260220_103037_relu_best.pth...20260220_104321
At epoch 1029, test loss = 29.5500
...model saved to 15_exp/models/FloydWarshallDataset_tropical_0.0001_20000_20260220_103037_relu_best.pth...20260220_104322
At epoch 1030, test loss = 29.4771
...model saved to 15_exp/models/FloydWarshallDataset_tropical_0.0001_20000_20260220_103037_relu_best.pth...20260220_104322
At epoch 1031, test loss = 29.4117
...model saved to 15_exp/models/FloydWarshallDataset_tropical_0.0001_20000_20260220_103037_relu_best.pth...20260220_104323
At epoch 1032, test loss = 29.3499
...model saved to 15_exp/models/FloydWarshallDataset_tropical_0.0001_20000_20260220_103037_relu_best.pth...20260220_104324
At epoch 1033, test loss = 29.2998
...model saved to 15_exp/models/FloydWarshallDataset_tropical_0.0001_20000_20260220_103037_relu_best.pth...20260220_104325
At epoch 1034, test loss = 29.2815
...model saved to 15_exp/models/FloydWarshallDataset_tropical_0.0001_20000_20260220_103037_relu_best.pth...20260220_104325
At epoch 1035, test loss = 29.2305
...model saved to 15_exp/models/FloydWarshallDataset_tropical_0.0001_20000_20260220_103037_relu_best.pth...20260220_104326
At epoch 1036, test loss = 29.1745
...model saved to 15_exp/models/FloydWarshallDataset_tropical_0.0001_20000_20260220_103037_relu_best.pth...20260220_104327
At epoch 1037, test loss = 29.1325
...model saved to 15_exp/models/FloydWarshallDataset_tropical_0.0001_20000_20260220_103037_relu_best.pth...20260220_104327
At epoch 1038, test loss = 29.0686
...model saved to 15_exp/models/FloydWarshallDataset_tropical_0.0001_20000_20260220_103037_relu_best.pth...20260220_104328
At epoch 1039, test loss = 29.0476
...model saved to 15_exp/models/FloydWarshallDataset_tropical_0.0001_20000_20260220_103037_relu_best.pth...20260220_104329
At epoch 1040, test loss = 28.9916
...model saved to 15_exp/models/FloydWarshallDataset_tropical_0.0001_20000_20260220_103037_relu_best.pth...20260220_104330
At epoch 1041, test loss = 28.9610
...model saved to 15_exp/models/FloydWarshallDataset_tropical_0.0001_20000_20260220_103037_relu_best.pth...20260220_104330
At epoch 1042, test loss = 28.9056
...model saved to 15_exp/models/FloydWarshallDataset_tropical_0.0001_20000_20260220_103037_relu_best.pth...20260220_104331
At epoch 1043, test loss = 28.8412
...model saved to 15_exp/models/FloydWarshallDataset_tropical_0.0001_20000_20260220_103037_relu_best.pth...20260220_104332
At epoch 1044, test loss = 28.8145
...model saved to 15_exp/models/FloydWarshallDataset_tropical_0.0001_20000_20260220_103037_relu_best.pth...20260220_104332
At epoch 1045, test loss = 28.7613
...model saved to 15_exp/models/FloydWarshallDataset_tropical_0.0001_20000_20260220_103037_relu_best.pth...20260220_104333
At epoch 1046, test loss = 28.7063
...model saved to 15_exp/models/FloydWarshallDataset_tropical_0.0001_20000_20260220_103037_relu_best.pth...20260220_104334
At epoch 1047, test loss = 28.6705
...model saved to 15_exp/models/FloydWarshallDataset_tropical_0.0001_20000_20260220_103037_relu_best.pth...20260220_104335
At epoch 1048, test loss = 28.6551
...model saved to 15_exp/models/FloydWarshallDataset_tropical_0.0001_20000_20260220_103037_relu_best.pth...20260220_104335
At epoch 1049, test loss = 28.5987
...model saved to 15_exp/models/FloydWarshallDataset_tropical_0.0001_20000_20260220_103037_relu_best.pth...20260220_104336
At epoch 1050, test loss = 28.5308
...model saved to 15_exp/models/FloydWarshallDataset_tropical_0.0001_20000_20260220_103037_relu_best.pth...20260220_104337
At epoch 1051, test loss = 28.5044
...model saved to 15_exp/models/FloydWarshallDataset_tropical_0.0001_20000_20260220_103037_relu_best.pth...20260220_104337
At epoch 1052, test loss = 28.4592
...model saved to 15_exp/models/FloydWarshallDataset_tropical_0.0001_20000_20260220_103037_relu_best.pth...20260220_104338
At epoch 1053, test loss = 28.4087
...model saved to 15_exp/models/FloydWarshallDataset_tropical_0.0001_20000_20260220_103037_relu_best.pth...20260220_104339
At epoch 1054, test loss = 28.3862
...model saved to 15_exp/models/FloydWarshallDataset_tropical_0.0001_20000_20260220_103037_relu_best.pth...20260220_104340
At epoch 1055, test loss = 28.3536
...model saved to 15_exp/models/FloydWarshallDataset_tropical_0.0001_20000_20260220_103037_relu_best.pth...20260220_104340
At epoch 1057, test loss = 28.2665
...model saved to 15_exp/models/FloydWarshallDataset_tropical_0.0001_20000_20260220_103037_relu_best.pth...20260220_104342
At epoch 1058, test loss = 28.2484
...model saved to 15_exp/models/FloydWarshallDataset_tropical_0.0001_20000_20260220_103037_relu_best.pth...20260220_104343
At epoch 1059, test loss = 28.2154
...model saved to 15_exp/models/FloydWarshallDataset_tropical_0.0001_20000_20260220_103037_relu_best.pth...20260220_104343
At epoch 1060, test loss = 28.1683
...model saved to 15_exp/models/FloydWarshallDataset_tropical_0.0001_20000_20260220_103037_relu_best.pth...20260220_104344
At epoch 1061, test loss = 28.1505
...model saved to 15_exp/models/FloydWarshallDataset_tropical_0.0001_20000_20260220_103037_relu_best.pth...20260220_104345
At epoch 1062, test loss = 28.1184
...model saved to 15_exp/models/FloydWarshallDataset_tropical_0.0001_20000_20260220_103037_relu_best.pth...20260220_104345
At epoch 1063, test loss = 28.0690
...model saved to 15_exp/models/FloydWarshallDataset_tropical_0.0001_20000_20260220_103037_relu_best.pth...20260220_104346
At epoch 1064, test loss = 28.0462
...model saved to 15_exp/models/FloydWarshallDataset_tropical_0.0001_20000_20260220_103037_relu_best.pth...20260220_104347
At epoch 1065, test loss = 28.0043
...model saved to 15_exp/models/FloydWarshallDataset_tropical_0.0001_20000_20260220_103037_relu_best.pth...20260220_104348
At epoch 1066, test loss = 27.9547
...model saved to 15_exp/models/FloydWarshallDataset_tropical_0.0001_20000_20260220_103037_relu_best.pth...20260220_104348
At epoch 1067, test loss = 27.9291
...model saved to 15_exp/models/FloydWarshallDataset_tropical_0.0001_20000_20260220_103037_relu_best.pth...20260220_104349
At epoch 1068, test loss = 27.9200
...model saved to 15_exp/models/FloydWarshallDataset_tropical_0.0001_20000_20260220_103037_relu_best.pth...20260220_104350
At epoch 1069, test loss = 27.8980
...model saved to 15_exp/models/FloydWarshallDataset_tropical_0.0001_20000_20260220_103037_relu_best.pth...20260220_104351
At epoch 1070, test loss = 27.8403
...model saved to 15_exp/models/FloydWarshallDataset_tropical_0.0001_20000_20260220_103037_relu_best.pth...20260220_104351
At epoch 1071, test loss = 27.8177
...model saved to 15_exp/models/FloydWarshallDataset_tropical_0.0001_20000_20260220_103037_relu_best.pth...20260220_104352
At epoch 1072, test loss = 27.8139
...model saved to 15_exp/models/FloydWarshallDataset_tropical_0.0001_20000_20260220_103037_relu_best.pth...20260220_104353
At epoch 1073, test loss = 27.7626
...model saved to 15_exp/models/FloydWarshallDataset_tropical_0.0001_20000_20260220_103037_relu_best.pth...20260220_104353
At epoch 1074, test loss = 27.7190
...model saved to 15_exp/models/FloydWarshallDataset_tropical_0.0001_20000_20260220_103037_relu_best.pth...20260220_104354
At epoch 1075, test loss = 27.6849
...model saved to 15_exp/models/FloydWarshallDataset_tropical_0.0001_20000_20260220_103037_relu_best.pth...20260220_104355
At epoch 1076, test loss = 27.6700
...model saved to 15_exp/models/FloydWarshallDataset_tropical_0.0001_20000_20260220_103037_relu_best.pth...20260220_104356
At epoch 1077, test loss = 27.6693
...model saved to 15_exp/models/FloydWarshallDataset_tropical_0.0001_20000_20260220_103037_relu_best.pth...20260220_104356
At epoch 1078, test loss = 27.6107
...model saved to 15_exp/models/FloydWarshallDataset_tropical_0.0001_20000_20260220_103037_relu_best.pth...20260220_104357
At epoch 1079, test loss = 27.5694
...model saved to 15_exp/models/FloydWarshallDataset_tropical_0.0001_20000_20260220_103037_relu_best.pth...20260220_104358
At epoch 1080, test loss = 27.5514
...model saved to 15_exp/models/FloydWarshallDataset_tropical_0.0001_20000_20260220_103037_relu_best.pth...20260220_104358
At epoch 1081, test loss = 27.4984
...model saved to 15_exp/models/FloydWarshallDataset_tropical_0.0001_20000_20260220_103037_relu_best.pth...20260220_104359
At epoch 1082, test loss = 27.4869
...model saved to 15_exp/models/FloydWarshallDataset_tropical_0.0001_20000_20260220_103037_relu_best.pth...20260220_104400
At epoch 1083, test loss = 27.4234
...model saved to 15_exp/models/FloydWarshallDataset_tropical_0.0001_20000_20260220_103037_relu_best.pth...20260220_104401
At epoch 1085, test loss = 27.3960
...model saved to 15_exp/models/FloydWarshallDataset_tropical_0.0001_20000_20260220_103037_relu_best.pth...20260220_104402
At epoch 1086, test loss = 27.3652
...model saved to 15_exp/models/FloydWarshallDataset_tropical_0.0001_20000_20260220_103037_relu_best.pth...20260220_104403
At epoch 1087, test loss = 27.3223
...model saved to 15_exp/models/FloydWarshallDataset_tropical_0.0001_20000_20260220_103037_relu_best.pth...20260220_104403
At epoch 1088, test loss = 27.2797
...model saved to 15_exp/models/FloydWarshallDataset_tropical_0.0001_20000_20260220_103037_relu_best.pth...20260220_104404
At epoch 1089, test loss = 27.2714
...model saved to 15_exp/models/FloydWarshallDataset_tropical_0.0001_20000_20260220_103037_relu_best.pth...20260220_104405
At epoch 1090, test loss = 27.2148
...model saved to 15_exp/models/FloydWarshallDataset_tropical_0.0001_20000_20260220_103037_relu_best.pth...20260220_104406
At epoch 1091, test loss = 27.2074
...model saved to 15_exp/models/FloydWarshallDataset_tropical_0.0001_20000_20260220_103037_relu_best.pth...20260220_104406
At epoch 1092, test loss = 27.1714
...model saved to 15_exp/models/FloydWarshallDataset_tropical_0.0001_20000_20260220_103037_relu_best.pth...20260220_104407
At epoch 1093, test loss = 27.1670
...model saved to 15_exp/models/FloydWarshallDataset_tropical_0.0001_20000_20260220_103037_relu_best.pth...20260220_104408
At epoch 1094, test loss = 27.1204
...model saved to 15_exp/models/FloydWarshallDataset_tropical_0.0001_20000_20260220_103037_relu_best.pth...20260220_104408
At epoch 1096, test loss = 27.0122
...model saved to 15_exp/models/FloydWarshallDataset_tropical_0.0001_20000_20260220_103037_relu_best.pth...20260220_104410
At epoch 1098, test loss = 26.9746
...model saved to 15_exp/models/FloydWarshallDataset_tropical_0.0001_20000_20260220_103037_relu_best.pth...20260220_104411
At epoch 1099, test loss = 26.9270
...model saved to 15_exp/models/FloydWarshallDataset_tropical_0.0001_20000_20260220_103037_relu_best.pth...20260220_104412
At epoch 1100, test loss = 26.8862
...model saved to 15_exp/models/FloydWarshallDataset_tropical_0.0001_20000_20260220_103037_relu_best.pth...20260220_104413
At epoch 1101, test loss = 26.8571
...model saved to 15_exp/models/FloydWarshallDataset_tropical_0.0001_20000_20260220_103037_relu_best.pth...20260220_104413
At epoch 1102, test loss = 26.8015
...model saved to 15_exp/models/FloydWarshallDataset_tropical_0.0001_20000_20260220_103037_relu_best.pth...20260220_104414
At epoch 1104, test loss = 26.7291
...model saved to 15_exp/models/FloydWarshallDataset_tropical_0.0001_20000_20260220_103037_relu_best.pth...20260220_104415
At epoch 1105, test loss = 26.6972
...model saved to 15_exp/models/FloydWarshallDataset_tropical_0.0001_20000_20260220_103037_relu_best.pth...20260220_104416
At epoch 1106, test loss = 26.6744
...model saved to 15_exp/models/FloydWarshallDataset_tropical_0.0001_20000_20260220_103037_relu_best.pth...20260220_104417
At epoch 1107, test loss = 26.6295
...model saved to 15_exp/models/FloydWarshallDataset_tropical_0.0001_20000_20260220_103037_relu_best.pth...20260220_104418
At epoch 1108, test loss = 26.5642
...model saved to 15_exp/models/FloydWarshallDataset_tropical_0.0001_20000_20260220_103037_relu_best.pth...20260220_104418
At epoch 1109, test loss = 26.5235
...model saved to 15_exp/models/FloydWarshallDataset_tropical_0.0001_20000_20260220_103037_relu_best.pth...20260220_104419
At epoch 1110, test loss = 26.4888
...model saved to 15_exp/models/FloydWarshallDataset_tropical_0.0001_20000_20260220_103037_relu_best.pth...20260220_104420
At epoch 1111, test loss = 26.4459
...model saved to 15_exp/models/FloydWarshallDataset_tropical_0.0001_20000_20260220_103037_relu_best.pth...20260220_104420
At epoch 1112, test loss = 26.4404
...model saved to 15_exp/models/FloydWarshallDataset_tropical_0.0001_20000_20260220_103037_relu_best.pth...20260220_104421
At epoch 1113, test loss = 26.4029
...model saved to 15_exp/models/FloydWarshallDataset_tropical_0.0001_20000_20260220_103037_relu_best.pth...20260220_104422
At epoch 1114, test loss = 26.3315
...model saved to 15_exp/models/FloydWarshallDataset_tropical_0.0001_20000_20260220_103037_relu_best.pth...20260220_104423
At epoch 1115, test loss = 26.2584
...model saved to 15_exp/models/FloydWarshallDataset_tropical_0.0001_20000_20260220_103037_relu_best.pth...20260220_104423
At epoch 1116, test loss = 26.2471
...model saved to 15_exp/models/FloydWarshallDataset_tropical_0.0001_20000_20260220_103037_relu_best.pth...20260220_104424
At epoch 1117, test loss = 26.1683
...model saved to 15_exp/models/FloydWarshallDataset_tropical_0.0001_20000_20260220_103037_relu_best.pth...20260220_104425
At epoch 1118, test loss = 26.1425
...model saved to 15_exp/models/FloydWarshallDataset_tropical_0.0001_20000_20260220_103037_relu_best.pth...20260220_104425
At epoch 1119, test loss = 26.0903
...model saved to 15_exp/models/FloydWarshallDataset_tropical_0.0001_20000_20260220_103037_relu_best.pth...20260220_104426
At epoch 1120, test loss = 26.0502
...model saved to 15_exp/models/FloydWarshallDataset_tropical_0.0001_20000_20260220_103037_relu_best.pth...20260220_104427
At epoch 1121, test loss = 25.9988
...model saved to 15_exp/models/FloydWarshallDataset_tropical_0.0001_20000_20260220_103037_relu_best.pth...20260220_104428
At epoch 1122, test loss = 25.9426
...model saved to 15_exp/models/FloydWarshallDataset_tropical_0.0001_20000_20260220_103037_relu_best.pth...20260220_104428
At epoch 1123, test loss = 25.9267
...model saved to 15_exp/models/FloydWarshallDataset_tropical_0.0001_20000_20260220_103037_relu_best.pth...20260220_104429
At epoch 1124, test loss = 25.8363
...model saved to 15_exp/models/FloydWarshallDataset_tropical_0.0001_20000_20260220_103037_relu_best.pth...20260220_104430
At epoch 1125, test loss = 25.8105
...model saved to 15_exp/models/FloydWarshallDataset_tropical_0.0001_20000_20260220_103037_relu_best.pth...20260220_104430
At epoch 1126, test loss = 25.7660
...model saved to 15_exp/models/FloydWarshallDataset_tropical_0.0001_20000_20260220_103037_relu_best.pth...20260220_104431
At epoch 1127, test loss = 25.7149
...model saved to 15_exp/models/FloydWarshallDataset_tropical_0.0001_20000_20260220_103037_relu_best.pth...20260220_104432
At epoch 1128, test loss = 25.6634
...model saved to 15_exp/models/FloydWarshallDataset_tropical_0.0001_20000_20260220_103037_relu_best.pth...20260220_104433
At epoch 1129, test loss = 25.5812
...model saved to 15_exp/models/FloydWarshallDataset_tropical_0.0001_20000_20260220_103037_relu_best.pth...20260220_104433
At epoch 1130, test loss = 25.5514
...model saved to 15_exp/models/FloydWarshallDataset_tropical_0.0001_20000_20260220_103037_relu_best.pth...20260220_104434
At epoch 1131, test loss = 25.4885
...model saved to 15_exp/models/FloydWarshallDataset_tropical_0.0001_20000_20260220_103037_relu_best.pth...20260220_104435
At epoch 1132, test loss = 25.4723
...model saved to 15_exp/models/FloydWarshallDataset_tropical_0.0001_20000_20260220_103037_relu_best.pth...20260220_104435
At epoch 1133, test loss = 25.4083
...model saved to 15_exp/models/FloydWarshallDataset_tropical_0.0001_20000_20260220_103037_relu_best.pth...20260220_104436
At epoch 1134, test loss = 25.3563
...model saved to 15_exp/models/FloydWarshallDataset_tropical_0.0001_20000_20260220_103037_relu_best.pth...20260220_104437
At epoch 1135, test loss = 25.2934
...model saved to 15_exp/models/FloydWarshallDataset_tropical_0.0001_20000_20260220_103037_relu_best.pth...20260220_104438
At epoch 1136, test loss = 25.2391
...model saved to 15_exp/models/FloydWarshallDataset_tropical_0.0001_20000_20260220_103037_relu_best.pth...20260220_104438
At epoch 1137, test loss = 25.1734
...model saved to 15_exp/models/FloydWarshallDataset_tropical_0.0001_20000_20260220_103037_relu_best.pth...20260220_104439
At epoch 1138, test loss = 25.1340
...model saved to 15_exp/models/FloydWarshallDataset_tropical_0.0001_20000_20260220_103037_relu_best.pth...20260220_104440
At epoch 1139, test loss = 25.0807
...model saved to 15_exp/models/FloydWarshallDataset_tropical_0.0001_20000_20260220_103037_relu_best.pth...20260220_104440
At epoch 1140, test loss = 25.0182
...model saved to 15_exp/models/FloydWarshallDataset_tropical_0.0001_20000_20260220_103037_relu_best.pth...20260220_104441
At epoch 1141, test loss = 24.9869
...model saved to 15_exp/models/FloydWarshallDataset_tropical_0.0001_20000_20260220_103037_relu_best.pth...20260220_104442
At epoch 1142, test loss = 24.9148
...model saved to 15_exp/models/FloydWarshallDataset_tropical_0.0001_20000_20260220_103037_relu_best.pth...20260220_104443
At epoch 1143, test loss = 24.8951
...model saved to 15_exp/models/FloydWarshallDataset_tropical_0.0001_20000_20260220_103037_relu_best.pth...20260220_104443
At epoch 1144, test loss = 24.8421
...model saved to 15_exp/models/FloydWarshallDataset_tropical_0.0001_20000_20260220_103037_relu_best.pth...20260220_104444
At epoch 1145, test loss = 24.7522
...model saved to 15_exp/models/FloydWarshallDataset_tropical_0.0001_20000_20260220_103037_relu_best.pth...20260220_104445
At epoch 1146, test loss = 24.7067
...model saved to 15_exp/models/FloydWarshallDataset_tropical_0.0001_20000_20260220_103037_relu_best.pth...20260220_104445
At epoch 1147, test loss = 24.6511
...model saved to 15_exp/models/FloydWarshallDataset_tropical_0.0001_20000_20260220_103037_relu_best.pth...20260220_104446
At epoch 1148, test loss = 24.6041
...model saved to 15_exp/models/FloydWarshallDataset_tropical_0.0001_20000_20260220_103037_relu_best.pth...20260220_104447
At epoch 1149, test loss = 24.5340
...model saved to 15_exp/models/FloydWarshallDataset_tropical_0.0001_20000_20260220_103037_relu_best.pth...20260220_104448
At epoch 1150, test loss = 24.5000
...model saved to 15_exp/models/FloydWarshallDataset_tropical_0.0001_20000_20260220_103037_relu_best.pth...20260220_104448
At epoch 1151, test loss = 24.3966
...model saved to 15_exp/models/FloydWarshallDataset_tropical_0.0001_20000_20260220_103037_relu_best.pth...20260220_104449
At epoch 1152, test loss = 24.3595
...model saved to 15_exp/models/FloydWarshallDataset_tropical_0.0001_20000_20260220_103037_relu_best.pth...20260220_104450
At epoch 1153, test loss = 24.2998
...model saved to 15_exp/models/FloydWarshallDataset_tropical_0.0001_20000_20260220_103037_relu_best.pth...20260220_104450
At epoch 1154, test loss = 24.2271
...model saved to 15_exp/models/FloydWarshallDataset_tropical_0.0001_20000_20260220_103037_relu_best.pth...20260220_104451
At epoch 1155, test loss = 24.1566
...model saved to 15_exp/models/FloydWarshallDataset_tropical_0.0001_20000_20260220_103037_relu_best.pth...20260220_104452
At epoch 1156, test loss = 24.1152
...model saved to 15_exp/models/FloydWarshallDataset_tropical_0.0001_20000_20260220_103037_relu_best.pth...20260220_104453
At epoch 1157, test loss = 24.0354
...model saved to 15_exp/models/FloydWarshallDataset_tropical_0.0001_20000_20260220_103037_relu_best.pth...20260220_104453
At epoch 1158, test loss = 23.9426
...model saved to 15_exp/models/FloydWarshallDataset_tropical_0.0001_20000_20260220_103037_relu_best.pth...20260220_104454
At epoch 1159, test loss = 23.9048
...model saved to 15_exp/models/FloydWarshallDataset_tropical_0.0001_20000_20260220_103037_relu_best.pth...20260220_104455
At epoch 1160, test loss = 23.9005
...model saved to 15_exp/models/FloydWarshallDataset_tropical_0.0001_20000_20260220_103037_relu_best.pth...20260220_104455
At epoch 1161, test loss = 23.7915
...model saved to 15_exp/models/FloydWarshallDataset_tropical_0.0001_20000_20260220_103037_relu_best.pth...20260220_104456
At epoch 1162, test loss = 23.7311
...model saved to 15_exp/models/FloydWarshallDataset_tropical_0.0001_20000_20260220_103037_relu_best.pth...20260220_104457
At epoch 1163, test loss = 23.6327
...model saved to 15_exp/models/FloydWarshallDataset_tropical_0.0001_20000_20260220_103037_relu_best.pth...20260220_104457
At epoch 1164, test loss = 23.5827
...model saved to 15_exp/models/FloydWarshallDataset_tropical_0.0001_20000_20260220_103037_relu_best.pth...20260220_104458
At epoch 1165, test loss = 23.5609
...model saved to 15_exp/models/FloydWarshallDataset_tropical_0.0001_20000_20260220_103037_relu_best.pth...20260220_104459
At epoch 1166, test loss = 23.4623
...model saved to 15_exp/models/FloydWarshallDataset_tropical_0.0001_20000_20260220_103037_relu_best.pth...20260220_104500
At epoch 1167, test loss = 23.4127
...model saved to 15_exp/models/FloydWarshallDataset_tropical_0.0001_20000_20260220_103037_relu_best.pth...20260220_104500
At epoch 1168, test loss = 23.3390
...model saved to 15_exp/models/FloydWarshallDataset_tropical_0.0001_20000_20260220_103037_relu_best.pth...20260220_104501
At epoch 1169, test loss = 23.2820
...model saved to 15_exp/models/FloydWarshallDataset_tropical_0.0001_20000_20260220_103037_relu_best.pth...20260220_104502
At epoch 1170, test loss = 23.2534
...model saved to 15_exp/models/FloydWarshallDataset_tropical_0.0001_20000_20260220_103037_relu_best.pth...20260220_104503
At epoch 1171, test loss = 23.1461
...model saved to 15_exp/models/FloydWarshallDataset_tropical_0.0001_20000_20260220_103037_relu_best.pth...20260220_104503
At epoch 1172, test loss = 23.1027
...model saved to 15_exp/models/FloydWarshallDataset_tropical_0.0001_20000_20260220_103037_relu_best.pth...20260220_104504
At epoch 1173, test loss = 23.0440
...model saved to 15_exp/models/FloydWarshallDataset_tropical_0.0001_20000_20260220_103037_relu_best.pth...20260220_104505
At epoch 1174, test loss = 23.0072
...model saved to 15_exp/models/FloydWarshallDataset_tropical_0.0001_20000_20260220_103037_relu_best.pth...20260220_104505
At epoch 1175, test loss = 22.9424
...model saved to 15_exp/models/FloydWarshallDataset_tropical_0.0001_20000_20260220_103037_relu_best.pth...20260220_104506
At epoch 1176, test loss = 22.8913
...model saved to 15_exp/models/FloydWarshallDataset_tropical_0.0001_20000_20260220_103037_relu_best.pth...20260220_104507
At epoch 1177, test loss = 22.8865
...model saved to 15_exp/models/FloydWarshallDataset_tropical_0.0001_20000_20260220_103037_relu_best.pth...20260220_104507
At epoch 1178, test loss = 22.7817
...model saved to 15_exp/models/FloydWarshallDataset_tropical_0.0001_20000_20260220_103037_relu_best.pth...20260220_104508
At epoch 1179, test loss = 22.7796
...model saved to 15_exp/models/FloydWarshallDataset_tropical_0.0001_20000_20260220_103037_relu_best.pth...20260220_104509
At epoch 1180, test loss = 22.6936
...model saved to 15_exp/models/FloydWarshallDataset_tropical_0.0001_20000_20260220_103037_relu_best.pth...20260220_104510
At epoch 1181, test loss = 22.6620
...model saved to 15_exp/models/FloydWarshallDataset_tropical_0.0001_20000_20260220_103037_relu_best.pth...20260220_104510
At epoch 1182, test loss = 22.6008
...model saved to 15_exp/models/FloydWarshallDataset_tropical_0.0001_20000_20260220_103037_relu_best.pth...20260220_104511
At epoch 1183, test loss = 22.5884
...model saved to 15_exp/models/FloydWarshallDataset_tropical_0.0001_20000_20260220_103037_relu_best.pth...20260220_104512
At epoch 1184, test loss = 22.5509
...model saved to 15_exp/models/FloydWarshallDataset_tropical_0.0001_20000_20260220_103037_relu_best.pth...20260220_104512
At epoch 1185, test loss = 22.4514
...model saved to 15_exp/models/FloydWarshallDataset_tropical_0.0001_20000_20260220_103037_relu_best.pth...20260220_104513
At epoch 1186, test loss = 22.4472
...model saved to 15_exp/models/FloydWarshallDataset_tropical_0.0001_20000_20260220_103037_relu_best.pth...20260220_104514
At epoch 1187, test loss = 22.4046
...model saved to 15_exp/models/FloydWarshallDataset_tropical_0.0001_20000_20260220_103037_relu_best.pth...20260220_104515
At epoch 1188, test loss = 22.3606
...model saved to 15_exp/models/FloydWarshallDataset_tropical_0.0001_20000_20260220_103037_relu_best.pth...20260220_104515
At epoch 1189, test loss = 22.3130
...model saved to 15_exp/models/FloydWarshallDataset_tropical_0.0001_20000_20260220_103037_relu_best.pth...20260220_104516
At epoch 1191, test loss = 22.2490
...model saved to 15_exp/models/FloydWarshallDataset_tropical_0.0001_20000_20260220_103037_relu_best.pth...20260220_104517
At epoch 1192, test loss = 22.2061
...model saved to 15_exp/models/FloydWarshallDataset_tropical_0.0001_20000_20260220_103037_relu_best.pth...20260220_104518
At epoch 1193, test loss = 22.1480
...model saved to 15_exp/models/FloydWarshallDataset_tropical_0.0001_20000_20260220_103037_relu_best.pth...20260220_104519
At epoch 1194, test loss = 22.1409
...model saved to 15_exp/models/FloydWarshallDataset_tropical_0.0001_20000_20260220_103037_relu_best.pth...20260220_104519
At epoch 1195, test loss = 22.0609
...model saved to 15_exp/models/FloydWarshallDataset_tropical_0.0001_20000_20260220_103037_relu_best.pth...20260220_104520
At epoch 1196, test loss = 22.0434
...model saved to 15_exp/models/FloydWarshallDataset_tropical_0.0001_20000_20260220_103037_relu_best.pth...20260220_104521
At epoch 1197, test loss = 22.0100
...model saved to 15_exp/models/FloydWarshallDataset_tropical_0.0001_20000_20260220_103037_relu_best.pth...20260220_104522
At epoch 1198, test loss = 21.9619
...model saved to 15_exp/models/FloydWarshallDataset_tropical_0.0001_20000_20260220_103037_relu_best.pth...20260220_104522
At epoch 1199, test loss = 21.9593
...model saved to 15_exp/models/FloydWarshallDataset_tropical_0.0001_20000_20260220_103037_relu_best.pth...20260220_104523
At epoch 1200, test loss = 21.9128
...model saved to 15_exp/models/FloydWarshallDataset_tropical_0.0001_20000_20260220_103037_relu_best.pth...20260220_104524
At epoch 1201, test loss = 21.8674
...model saved to 15_exp/models/FloydWarshallDataset_tropical_0.0001_20000_20260220_103037_relu_best.pth...20260220_104525
At epoch 1202, test loss = 21.8339
...model saved to 15_exp/models/FloydWarshallDataset_tropical_0.0001_20000_20260220_103037_relu_best.pth...20260220_104525
At epoch 1203, test loss = 21.8204
...model saved to 15_exp/models/FloydWarshallDataset_tropical_0.0001_20000_20260220_103037_relu_best.pth...20260220_104526
At epoch 1204, test loss = 21.7488
...model saved to 15_exp/models/FloydWarshallDataset_tropical_0.0001_20000_20260220_103037_relu_best.pth...20260220_104527
At epoch 1205, test loss = 21.7128
...model saved to 15_exp/models/FloydWarshallDataset_tropical_0.0001_20000_20260220_103037_relu_best.pth...20260220_104527
At epoch 1207, test loss = 21.6863
...model saved to 15_exp/models/FloydWarshallDataset_tropical_0.0001_20000_20260220_103037_relu_best.pth...20260220_104529
At epoch 1209, test loss = 21.5764
...model saved to 15_exp/models/FloydWarshallDataset_tropical_0.0001_20000_20260220_103037_relu_best.pth...20260220_104530
At epoch 1210, test loss = 21.5191
...model saved to 15_exp/models/FloydWarshallDataset_tropical_0.0001_20000_20260220_103037_relu_best.pth...20260220_104531
At epoch 1212, test loss = 21.4833
...model saved to 15_exp/models/FloydWarshallDataset_tropical_0.0001_20000_20260220_103037_relu_best.pth...20260220_104532
At epoch 1213, test loss = 21.4628
...model saved to 15_exp/models/FloydWarshallDataset_tropical_0.0001_20000_20260220_103037_relu_best.pth...20260220_104533
At epoch 1215, test loss = 21.3872
...model saved to 15_exp/models/FloydWarshallDataset_tropical_0.0001_20000_20260220_103037_relu_best.pth...20260220_104534
At epoch 1216, test loss = 21.3325
...model saved to 15_exp/models/FloydWarshallDataset_tropical_0.0001_20000_20260220_103037_relu_best.pth...20260220_104535
At epoch 1217, test loss = 21.2877
...model saved to 15_exp/models/FloydWarshallDataset_tropical_0.0001_20000_20260220_103037_relu_best.pth...20260220_104536
At epoch 1218, test loss = 21.2399
...model saved to 15_exp/models/FloydWarshallDataset_tropical_0.0001_20000_20260220_103037_relu_best.pth...20260220_104536
At epoch 1219, test loss = 21.2017
...model saved to 15_exp/models/FloydWarshallDataset_tropical_0.0001_20000_20260220_103037_relu_best.pth...20260220_104537
At epoch 1220, test loss = 21.1682
...model saved to 15_exp/models/FloydWarshallDataset_tropical_0.0001_20000_20260220_103037_relu_best.pth...20260220_104538
At epoch 1221, test loss = 21.1366
...model saved to 15_exp/models/FloydWarshallDataset_tropical_0.0001_20000_20260220_103037_relu_best.pth...20260220_104539
At epoch 1223, test loss = 21.0730
...model saved to 15_exp/models/FloydWarshallDataset_tropical_0.0001_20000_20260220_103037_relu_best.pth...20260220_104540
At epoch 1224, test loss = 21.0608
...model saved to 15_exp/models/FloydWarshallDataset_tropical_0.0001_20000_20260220_103037_relu_best.pth...20260220_104541
At epoch 1225, test loss = 20.9647
...model saved to 15_exp/models/FloydWarshallDataset_tropical_0.0001_20000_20260220_103037_relu_best.pth...20260220_104541
At epoch 1226, test loss = 20.9239
...model saved to 15_exp/models/FloydWarshallDataset_tropical_0.0001_20000_20260220_103037_relu_best.pth...20260220_104542
At epoch 1228, test loss = 20.8469
...model saved to 15_exp/models/FloydWarshallDataset_tropical_0.0001_20000_20260220_103037_relu_best.pth...20260220_104544
At epoch 1229, test loss = 20.8057
...model saved to 15_exp/models/FloydWarshallDataset_tropical_0.0001_20000_20260220_103037_relu_best.pth...20260220_104544
At epoch 1230, test loss = 20.7802
...model saved to 15_exp/models/FloydWarshallDataset_tropical_0.0001_20000_20260220_103037_relu_best.pth...20260220_104545
At epoch 1231, test loss = 20.7516
...model saved to 15_exp/models/FloydWarshallDataset_tropical_0.0001_20000_20260220_103037_relu_best.pth...20260220_104546
At epoch 1232, test loss = 20.7392
...model saved to 15_exp/models/FloydWarshallDataset_tropical_0.0001_20000_20260220_103037_relu_best.pth...20260220_104547
At epoch 1233, test loss = 20.6658
...model saved to 15_exp/models/FloydWarshallDataset_tropical_0.0001_20000_20260220_103037_relu_best.pth...20260220_104547
At epoch 1234, test loss = 20.6016
...model saved to 15_exp/models/FloydWarshallDataset_tropical_0.0001_20000_20260220_103037_relu_best.pth...20260220_104548
At epoch 1235, test loss = 20.5722
...model saved to 15_exp/models/FloydWarshallDataset_tropical_0.0001_20000_20260220_103037_relu_best.pth...20260220_104549
At epoch 1236, test loss = 20.5404
...model saved to 15_exp/models/FloydWarshallDataset_tropical_0.0001_20000_20260220_103037_relu_best.pth...20260220_104549
At epoch 1237, test loss = 20.5031
...model saved to 15_exp/models/FloydWarshallDataset_tropical_0.0001_20000_20260220_103037_relu_best.pth...20260220_104550
At epoch 1238, test loss = 20.4411
...model saved to 15_exp/models/FloydWarshallDataset_tropical_0.0001_20000_20260220_103037_relu_best.pth...20260220_104551
At epoch 1239, test loss = 20.3914
...model saved to 15_exp/models/FloydWarshallDataset_tropical_0.0001_20000_20260220_103037_relu_best.pth...20260220_104551
At epoch 1240, test loss = 20.3488
...model saved to 15_exp/models/FloydWarshallDataset_tropical_0.0001_20000_20260220_103037_relu_best.pth...20260220_104552
At epoch 1241, test loss = 20.3135
...model saved to 15_exp/models/FloydWarshallDataset_tropical_0.0001_20000_20260220_103037_relu_best.pth...20260220_104553
At epoch 1242, test loss = 20.2686
...model saved to 15_exp/models/FloydWarshallDataset_tropical_0.0001_20000_20260220_103037_relu_best.pth...20260220_104554
At epoch 1243, test loss = 20.2194
...model saved to 15_exp/models/FloydWarshallDataset_tropical_0.0001_20000_20260220_103037_relu_best.pth...20260220_104554
At epoch 1244, test loss = 20.1069
...model saved to 15_exp/models/FloydWarshallDataset_tropical_0.0001_20000_20260220_103037_relu_best.pth...20260220_104555
At epoch 1245, test loss = 20.0868
...model saved to 15_exp/models/FloydWarshallDataset_tropical_0.0001_20000_20260220_103037_relu_best.pth...20260220_104556
At epoch 1246, test loss = 20.0267
...model saved to 15_exp/models/FloydWarshallDataset_tropical_0.0001_20000_20260220_103037_relu_best.pth...20260220_104556
At epoch 1247, test loss = 19.9669
...model saved to 15_exp/models/FloydWarshallDataset_tropical_0.0001_20000_20260220_103037_relu_best.pth...20260220_104557
At epoch 1248, test loss = 19.8971
...model saved to 15_exp/models/FloydWarshallDataset_tropical_0.0001_20000_20260220_103037_relu_best.pth...20260220_104558
At epoch 1249, test loss = 19.8671
...model saved to 15_exp/models/FloydWarshallDataset_tropical_0.0001_20000_20260220_103037_relu_best.pth...20260220_104559
At epoch 1250, test loss = 19.8136
...model saved to 15_exp/models/FloydWarshallDataset_tropical_0.0001_20000_20260220_103037_relu_best.pth...20260220_104559
At epoch 1251, test loss = 19.7272
...model saved to 15_exp/models/FloydWarshallDataset_tropical_0.0001_20000_20260220_103037_relu_best.pth...20260220_104600
At epoch 1252, test loss = 19.6712
...model saved to 15_exp/models/FloydWarshallDataset_tropical_0.0001_20000_20260220_103037_relu_best.pth...20260220_104601
At epoch 1253, test loss = 19.5950
...model saved to 15_exp/models/FloydWarshallDataset_tropical_0.0001_20000_20260220_103037_relu_best.pth...20260220_104601
At epoch 1254, test loss = 19.5527
...model saved to 15_exp/models/FloydWarshallDataset_tropical_0.0001_20000_20260220_103037_relu_best.pth...20260220_104602
At epoch 1255, test loss = 19.4947
...model saved to 15_exp/models/FloydWarshallDataset_tropical_0.0001_20000_20260220_103037_relu_best.pth...20260220_104603
At epoch 1256, test loss = 19.4295
...model saved to 15_exp/models/FloydWarshallDataset_tropical_0.0001_20000_20260220_103037_relu_best.pth...20260220_104604
At epoch 1257, test loss = 19.3840
...model saved to 15_exp/models/FloydWarshallDataset_tropical_0.0001_20000_20260220_103037_relu_best.pth...20260220_104604
At epoch 1258, test loss = 19.3162
...model saved to 15_exp/models/FloydWarshallDataset_tropical_0.0001_20000_20260220_103037_relu_best.pth...20260220_104605
At epoch 1259, test loss = 19.2681
...model saved to 15_exp/models/FloydWarshallDataset_tropical_0.0001_20000_20260220_103037_relu_best.pth...20260220_104606
At epoch 1260, test loss = 19.1969
...model saved to 15_exp/models/FloydWarshallDataset_tropical_0.0001_20000_20260220_103037_relu_best.pth...20260220_104606
At epoch 1261, test loss = 19.1295
...model saved to 15_exp/models/FloydWarshallDataset_tropical_0.0001_20000_20260220_103037_relu_best.pth...20260220_104607
At epoch 1262, test loss = 19.0747
...model saved to 15_exp/models/FloydWarshallDataset_tropical_0.0001_20000_20260220_103037_relu_best.pth...20260220_104608
At epoch 1263, test loss = 19.0269
...model saved to 15_exp/models/FloydWarshallDataset_tropical_0.0001_20000_20260220_103037_relu_best.pth...20260220_104609
At epoch 1264, test loss = 18.9967
...model saved to 15_exp/models/FloydWarshallDataset_tropical_0.0001_20000_20260220_103037_relu_best.pth...20260220_104609
At epoch 1265, test loss = 18.9239
...model saved to 15_exp/models/FloydWarshallDataset_tropical_0.0001_20000_20260220_103037_relu_best.pth...20260220_104610
At epoch 1266, test loss = 18.8868
...model saved to 15_exp/models/FloydWarshallDataset_tropical_0.0001_20000_20260220_103037_relu_best.pth...20260220_104611
At epoch 1267, test loss = 18.8605
...model saved to 15_exp/models/FloydWarshallDataset_tropical_0.0001_20000_20260220_103037_relu_best.pth...20260220_104611
At epoch 1268, test loss = 18.7873
...model saved to 15_exp/models/FloydWarshallDataset_tropical_0.0001_20000_20260220_103037_relu_best.pth...20260220_104612
At epoch 1269, test loss = 18.7586
...model saved to 15_exp/models/FloydWarshallDataset_tropical_0.0001_20000_20260220_103037_relu_best.pth...20260220_104613
At epoch 1270, test loss = 18.7028
...model saved to 15_exp/models/FloydWarshallDataset_tropical_0.0001_20000_20260220_103037_relu_best.pth...20260220_104614
At epoch 1271, test loss = 18.6919
...model saved to 15_exp/models/FloydWarshallDataset_tropical_0.0001_20000_20260220_103037_relu_best.pth...20260220_104614
At epoch 1272, test loss = 18.6451
...model saved to 15_exp/models/FloydWarshallDataset_tropical_0.0001_20000_20260220_103037_relu_best.pth...20260220_104615
At epoch 1273, test loss = 18.6132
...model saved to 15_exp/models/FloydWarshallDataset_tropical_0.0001_20000_20260220_103037_relu_best.pth...20260220_104616
At epoch 1274, test loss = 18.5521
...model saved to 15_exp/models/FloydWarshallDataset_tropical_0.0001_20000_20260220_103037_relu_best.pth...20260220_104616
At epoch 1275, test loss = 18.5233
...model saved to 15_exp/models/FloydWarshallDataset_tropical_0.0001_20000_20260220_103037_relu_best.pth...20260220_104617
At epoch 1276, test loss = 18.5124
...model saved to 15_exp/models/FloydWarshallDataset_tropical_0.0001_20000_20260220_103037_relu_best.pth...20260220_104618
At epoch 1277, test loss = 18.4702
...model saved to 15_exp/models/FloydWarshallDataset_tropical_0.0001_20000_20260220_103037_relu_best.pth...20260220_104618
At epoch 1278, test loss = 18.4455
...model saved to 15_exp/models/FloydWarshallDataset_tropical_0.0001_20000_20260220_103037_relu_best.pth...20260220_104619
At epoch 1279, test loss = 18.3914
...model saved to 15_exp/models/FloydWarshallDataset_tropical_0.0001_20000_20260220_103037_relu_best.pth...20260220_104620
At epoch 1280, test loss = 18.3509
...model saved to 15_exp/models/FloydWarshallDataset_tropical_0.0001_20000_20260220_103037_relu_best.pth...20260220_104620
At epoch 1281, test loss = 18.3503
...model saved to 15_exp/models/FloydWarshallDataset_tropical_0.0001_20000_20260220_103037_relu_best.pth...20260220_104621
At epoch 1282, test loss = 18.2971
...model saved to 15_exp/models/FloydWarshallDataset_tropical_0.0001_20000_20260220_103037_relu_best.pth...20260220_104622
At epoch 1283, test loss = 18.2608
...model saved to 15_exp/models/FloydWarshallDataset_tropical_0.0001_20000_20260220_103037_relu_best.pth...20260220_104622
At epoch 1284, test loss = 18.2235
...model saved to 15_exp/models/FloydWarshallDataset_tropical_0.0001_20000_20260220_103037_relu_best.pth...20260220_104623
At epoch 1285, test loss = 18.2228
...model saved to 15_exp/models/FloydWarshallDataset_tropical_0.0001_20000_20260220_103037_relu_best.pth...20260220_104624
At epoch 1286, test loss = 18.2067
...model saved to 15_exp/models/FloydWarshallDataset_tropical_0.0001_20000_20260220_103037_relu_best.pth...20260220_104624
At epoch 1287, test loss = 18.1911
...model saved to 15_exp/models/FloydWarshallDataset_tropical_0.0001_20000_20260220_103037_relu_best.pth...20260220_104625
At epoch 1288, test loss = 18.1394
...model saved to 15_exp/models/FloydWarshallDataset_tropical_0.0001_20000_20260220_103037_relu_best.pth...20260220_104626
At epoch 1289, test loss = 18.1297
...model saved to 15_exp/models/FloydWarshallDataset_tropical_0.0001_20000_20260220_103037_relu_best.pth...20260220_104626
At epoch 1290, test loss = 18.1075
...model saved to 15_exp/models/FloydWarshallDataset_tropical_0.0001_20000_20260220_103037_relu_best.pth...20260220_104627
At epoch 1291, test loss = 18.0754
...model saved to 15_exp/models/FloydWarshallDataset_tropical_0.0001_20000_20260220_103037_relu_best.pth...20260220_104628
At epoch 1292, test loss = 18.0701
...model saved to 15_exp/models/FloydWarshallDataset_tropical_0.0001_20000_20260220_103037_relu_best.pth...20260220_104629
At epoch 1293, test loss = 18.0432
...model saved to 15_exp/models/FloydWarshallDataset_tropical_0.0001_20000_20260220_103037_relu_best.pth...20260220_104629
At epoch 1294, test loss = 18.0133
...model saved to 15_exp/models/FloydWarshallDataset_tropical_0.0001_20000_20260220_103037_relu_best.pth...20260220_104630
At epoch 1295, test loss = 17.9843
...model saved to 15_exp/models/FloydWarshallDataset_tropical_0.0001_20000_20260220_103037_relu_best.pth...20260220_104631
At epoch 1296, test loss = 17.9486
...model saved to 15_exp/models/FloydWarshallDataset_tropical_0.0001_20000_20260220_103037_relu_best.pth...20260220_104631
At epoch 1297, test loss = 17.9366
...model saved to 15_exp/models/FloydWarshallDataset_tropical_0.0001_20000_20260220_103037_relu_best.pth...20260220_104632
At epoch 1298, test loss = 17.9165
...model saved to 15_exp/models/FloydWarshallDataset_tropical_0.0001_20000_20260220_103037_relu_best.pth...20260220_104633
At epoch 1299, test loss = 17.8640
...model saved to 15_exp/models/FloydWarshallDataset_tropical_0.0001_20000_20260220_103037_relu_best.pth...20260220_104633
At epoch 1302, test loss = 17.8368
...model saved to 15_exp/models/FloydWarshallDataset_tropical_0.0001_20000_20260220_103037_relu_best.pth...20260220_104635
At epoch 1303, test loss = 17.8082
...model saved to 15_exp/models/FloydWarshallDataset_tropical_0.0001_20000_20260220_103037_relu_best.pth...20260220_104636
At epoch 1306, test loss = 17.7496
...model saved to 15_exp/models/FloydWarshallDataset_tropical_0.0001_20000_20260220_103037_relu_best.pth...20260220_104638
At epoch 1307, test loss = 17.7472
...model saved to 15_exp/models/FloydWarshallDataset_tropical_0.0001_20000_20260220_103037_relu_best.pth...20260220_104639
At epoch 1308, test loss = 17.7269
...model saved to 15_exp/models/FloydWarshallDataset_tropical_0.0001_20000_20260220_103037_relu_best.pth...20260220_104639
At epoch 1309, test loss = 17.6998
...model saved to 15_exp/models/FloydWarshallDataset_tropical_0.0001_20000_20260220_103037_relu_best.pth...20260220_104640
At epoch 1310, test loss = 17.6652
...model saved to 15_exp/models/FloydWarshallDataset_tropical_0.0001_20000_20260220_103037_relu_best.pth...20260220_104641
At epoch 1311, test loss = 17.6377
...model saved to 15_exp/models/FloydWarshallDataset_tropical_0.0001_20000_20260220_103037_relu_best.pth...20260220_104641
At epoch 1313, test loss = 17.6351
...model saved to 15_exp/models/FloydWarshallDataset_tropical_0.0001_20000_20260220_103037_relu_best.pth...20260220_104643
At epoch 1314, test loss = 17.6195
...model saved to 15_exp/models/FloydWarshallDataset_tropical_0.0001_20000_20260220_103037_relu_best.pth...20260220_104643
At epoch 1315, test loss = 17.5731
...model saved to 15_exp/models/FloydWarshallDataset_tropical_0.0001_20000_20260220_103037_relu_best.pth...20260220_104644
At epoch 1316, test loss = 17.5571
...model saved to 15_exp/models/FloydWarshallDataset_tropical_0.0001_20000_20260220_103037_relu_best.pth...20260220_104645
At epoch 1318, test loss = 17.5090
...model saved to 15_exp/models/FloydWarshallDataset_tropical_0.0001_20000_20260220_103037_relu_best.pth...20260220_104646
At epoch 1320, test loss = 17.4878
...model saved to 15_exp/models/FloydWarshallDataset_tropical_0.0001_20000_20260220_103037_relu_best.pth...20260220_104647
At epoch 1321, test loss = 17.4854
...model saved to 15_exp/models/FloydWarshallDataset_tropical_0.0001_20000_20260220_103037_relu_best.pth...20260220_104648
At epoch 1323, test loss = 17.4307
...model saved to 15_exp/models/FloydWarshallDataset_tropical_0.0001_20000_20260220_103037_relu_best.pth...20260220_104649
At epoch 1324, test loss = 17.4183
...model saved to 15_exp/models/FloydWarshallDataset_tropical_0.0001_20000_20260220_103037_relu_best.pth...20260220_104650
At epoch 1327, test loss = 17.3993
...model saved to 15_exp/models/FloydWarshallDataset_tropical_0.0001_20000_20260220_103037_relu_best.pth...20260220_104652
At epoch 1328, test loss = 17.3698
...model saved to 15_exp/models/FloydWarshallDataset_tropical_0.0001_20000_20260220_103037_relu_best.pth...20260220_104653
At epoch 1329, test loss = 17.3600
...model saved to 15_exp/models/FloydWarshallDataset_tropical_0.0001_20000_20260220_103037_relu_best.pth...20260220_104653
At epoch 1330, test loss = 17.3215
...model saved to 15_exp/models/FloydWarshallDataset_tropical_0.0001_20000_20260220_103037_relu_best.pth...20260220_104654
At epoch 1331, test loss = 17.3204
...model saved to 15_exp/models/FloydWarshallDataset_tropical_0.0001_20000_20260220_103037_relu_best.pth...20260220_104655
At epoch 1333, test loss = 17.2872
...model saved to 15_exp/models/FloydWarshallDataset_tropical_0.0001_20000_20260220_103037_relu_best.pth...20260220_104656
At epoch 1334, test loss = 17.2729
...model saved to 15_exp/models/FloydWarshallDataset_tropical_0.0001_20000_20260220_103037_relu_best.pth...20260220_104657
At epoch 1336, test loss = 17.2296
...model saved to 15_exp/models/FloydWarshallDataset_tropical_0.0001_20000_20260220_103037_relu_best.pth...20260220_104658
At epoch 1337, test loss = 17.1964
...model saved to 15_exp/models/FloydWarshallDataset_tropical_0.0001_20000_20260220_103037_relu_best.pth...20260220_104659
At epoch 1339, test loss = 17.1626
...model saved to 15_exp/models/FloydWarshallDataset_tropical_0.0001_20000_20260220_103037_relu_best.pth...20260220_104700
At epoch 1341, test loss = 17.1542
...model saved to 15_exp/models/FloydWarshallDataset_tropical_0.0001_20000_20260220_103037_relu_best.pth...20260220_104702
At epoch 1342, test loss = 17.1399
...model saved to 15_exp/models/FloydWarshallDataset_tropical_0.0001_20000_20260220_103037_relu_best.pth...20260220_104702
At epoch 1343, test loss = 17.1116
...model saved to 15_exp/models/FloydWarshallDataset_tropical_0.0001_20000_20260220_103037_relu_best.pth...20260220_104703
At epoch 1346, test loss = 17.0921
...model saved to 15_exp/models/FloydWarshallDataset_tropical_0.0001_20000_20260220_103037_relu_best.pth...20260220_104705
At epoch 1347, test loss = 17.0495
...model saved to 15_exp/models/FloydWarshallDataset_tropical_0.0001_20000_20260220_103037_relu_best.pth...20260220_104706
At epoch 1350, test loss = 17.0400
...model saved to 15_exp/models/FloydWarshallDataset_tropical_0.0001_20000_20260220_103037_relu_best.pth...20260220_104708
At epoch 1351, test loss = 17.0327
...model saved to 15_exp/models/FloydWarshallDataset_tropical_0.0001_20000_20260220_103037_relu_best.pth...20260220_104708
At epoch 1352, test loss = 16.9881
...model saved to 15_exp/models/FloydWarshallDataset_tropical_0.0001_20000_20260220_103037_relu_best.pth...20260220_104709
At epoch 1353, test loss = 16.9879
...model saved to 15_exp/models/FloydWarshallDataset_tropical_0.0001_20000_20260220_103037_relu_best.pth...20260220_104710
At epoch 1354, test loss = 16.9718
...model saved to 15_exp/models/FloydWarshallDataset_tropical_0.0001_20000_20260220_103037_relu_best.pth...20260220_104710
At epoch 1355, test loss = 16.9370
...model saved to 15_exp/models/FloydWarshallDataset_tropical_0.0001_20000_20260220_103037_relu_best.pth...20260220_104711
At epoch 1356, test loss = 16.9292
...model saved to 15_exp/models/FloydWarshallDataset_tropical_0.0001_20000_20260220_103037_relu_best.pth...20260220_104712
At epoch 1357, test loss = 16.9182
...model saved to 15_exp/models/FloydWarshallDataset_tropical_0.0001_20000_20260220_103037_relu_best.pth...20260220_104712
At epoch 1358, test loss = 16.8905
...model saved to 15_exp/models/FloydWarshallDataset_tropical_0.0001_20000_20260220_103037_relu_best.pth...20260220_104713
At epoch 1360, test loss = 16.8784
...model saved to 15_exp/models/FloydWarshallDataset_tropical_0.0001_20000_20260220_103037_relu_best.pth...20260220_104714
At epoch 1361, test loss = 16.8537
...model saved to 15_exp/models/FloydWarshallDataset_tropical_0.0001_20000_20260220_103037_relu_best.pth...20260220_104715
At epoch 1362, test loss = 16.8438
...model saved to 15_exp/models/FloydWarshallDataset_tropical_0.0001_20000_20260220_103037_relu_best.pth...20260220_104716
At epoch 1363, test loss = 16.8161
...model saved to 15_exp/models/FloydWarshallDataset_tropical_0.0001_20000_20260220_103037_relu_best.pth...20260220_104716
At epoch 1365, test loss = 16.8038
...model saved to 15_exp/models/FloydWarshallDataset_tropical_0.0001_20000_20260220_103037_relu_best.pth...20260220_104718
At epoch 1367, test loss = 16.7639
...model saved to 15_exp/models/FloydWarshallDataset_tropical_0.0001_20000_20260220_103037_relu_best.pth...20260220_104719
At epoch 1369, test loss = 16.7393
...model saved to 15_exp/models/FloydWarshallDataset_tropical_0.0001_20000_20260220_103037_relu_best.pth...20260220_104720
At epoch 1370, test loss = 16.7174
...model saved to 15_exp/models/FloydWarshallDataset_tropical_0.0001_20000_20260220_103037_relu_best.pth...20260220_104721
At epoch 1371, test loss = 16.7069
...model saved to 15_exp/models/FloydWarshallDataset_tropical_0.0001_20000_20260220_103037_relu_best.pth...20260220_104722
At epoch 1372, test loss = 16.6869
...model saved to 15_exp/models/FloydWarshallDataset_tropical_0.0001_20000_20260220_103037_relu_best.pth...20260220_104722
At epoch 1374, test loss = 16.6662
...model saved to 15_exp/models/FloydWarshallDataset_tropical_0.0001_20000_20260220_103037_relu_best.pth...20260220_104724
At epoch 1375, test loss = 16.6375
...model saved to 15_exp/models/FloydWarshallDataset_tropical_0.0001_20000_20260220_103037_relu_best.pth...20260220_104724
At epoch 1377, test loss = 16.5932
...model saved to 15_exp/models/FloydWarshallDataset_tropical_0.0001_20000_20260220_103037_relu_best.pth...20260220_104726
At epoch 1378, test loss = 16.5924
...model saved to 15_exp/models/FloydWarshallDataset_tropical_0.0001_20000_20260220_103037_relu_best.pth...20260220_104726
At epoch 1380, test loss = 16.5656
...model saved to 15_exp/models/FloydWarshallDataset_tropical_0.0001_20000_20260220_103037_relu_best.pth...20260220_104728
At epoch 1381, test loss = 16.5327
...model saved to 15_exp/models/FloydWarshallDataset_tropical_0.0001_20000_20260220_103037_relu_best.pth...20260220_104728
At epoch 1383, test loss = 16.5172
...model saved to 15_exp/models/FloydWarshallDataset_tropical_0.0001_20000_20260220_103037_relu_best.pth...20260220_104730
At epoch 1384, test loss = 16.4850
...model saved to 15_exp/models/FloydWarshallDataset_tropical_0.0001_20000_20260220_103037_relu_best.pth...20260220_104730
At epoch 1386, test loss = 16.4610
...model saved to 15_exp/models/FloydWarshallDataset_tropical_0.0001_20000_20260220_103037_relu_best.pth...20260220_104732
At epoch 1387, test loss = 16.4128
...model saved to 15_exp/models/FloydWarshallDataset_tropical_0.0001_20000_20260220_103037_relu_best.pth...20260220_104732
At epoch 1390, test loss = 16.3756
...model saved to 15_exp/models/FloydWarshallDataset_tropical_0.0001_20000_20260220_103037_relu_best.pth...20260220_104734
At epoch 1391, test loss = 16.3642
...model saved to 15_exp/models/FloydWarshallDataset_tropical_0.0001_20000_20260220_103037_relu_best.pth...20260220_104735
At epoch 1392, test loss = 16.3290
...model saved to 15_exp/models/FloydWarshallDataset_tropical_0.0001_20000_20260220_103037_relu_best.pth...20260220_104736
At epoch 1393, test loss = 16.3174
...model saved to 15_exp/models/FloydWarshallDataset_tropical_0.0001_20000_20260220_103037_relu_best.pth...20260220_104736
At epoch 1394, test loss = 16.2707
...model saved to 15_exp/models/FloydWarshallDataset_tropical_0.0001_20000_20260220_103037_relu_best.pth...20260220_104737
At epoch 1397, test loss = 16.2452
...model saved to 15_exp/models/FloydWarshallDataset_tropical_0.0001_20000_20260220_103037_relu_best.pth...20260220_104739
At epoch 1398, test loss = 16.2020
...model saved to 15_exp/models/FloydWarshallDataset_tropical_0.0001_20000_20260220_103037_relu_best.pth...20260220_104740
At epoch 1399, test loss = 16.1676
...model saved to 15_exp/models/FloydWarshallDataset_tropical_0.0001_20000_20260220_103037_relu_best.pth...20260220_104740
At epoch 1400, test loss = 16.1559
...model saved to 15_exp/models/FloydWarshallDataset_tropical_0.0001_20000_20260220_103037_relu_best.pth...20260220_104741
At epoch 1401, test loss = 16.1170
...model saved to 15_exp/models/FloydWarshallDataset_tropical_0.0001_20000_20260220_103037_relu_best.pth...20260220_104742
At epoch 1402, test loss = 16.1099
...model saved to 15_exp/models/FloydWarshallDataset_tropical_0.0001_20000_20260220_103037_relu_best.pth...20260220_104742
At epoch 1403, test loss = 16.0606
...model saved to 15_exp/models/FloydWarshallDataset_tropical_0.0001_20000_20260220_103037_relu_best.pth...20260220_104743
At epoch 1404, test loss = 16.0304
...model saved to 15_exp/models/FloydWarshallDataset_tropical_0.0001_20000_20260220_103037_relu_best.pth...20260220_104744
At epoch 1405, test loss = 16.0178
...model saved to 15_exp/models/FloydWarshallDataset_tropical_0.0001_20000_20260220_103037_relu_best.pth...20260220_104745
At epoch 1406, test loss = 15.9868
...model saved to 15_exp/models/FloydWarshallDataset_tropical_0.0001_20000_20260220_103037_relu_best.pth...20260220_104745
At epoch 1407, test loss = 15.9640
...model saved to 15_exp/models/FloydWarshallDataset_tropical_0.0001_20000_20260220_103037_relu_best.pth...20260220_104746
At epoch 1409, test loss = 15.8730
...model saved to 15_exp/models/FloydWarshallDataset_tropical_0.0001_20000_20260220_103037_relu_best.pth...20260220_104747
At epoch 1410, test loss = 15.8535
...model saved to 15_exp/models/FloydWarshallDataset_tropical_0.0001_20000_20260220_103037_relu_best.pth...20260220_104748
At epoch 1411, test loss = 15.8450
...model saved to 15_exp/models/FloydWarshallDataset_tropical_0.0001_20000_20260220_103037_relu_best.pth...20260220_104748
At epoch 1412, test loss = 15.8004
...model saved to 15_exp/models/FloydWarshallDataset_tropical_0.0001_20000_20260220_103037_relu_best.pth...20260220_104749
At epoch 1414, test loss = 15.7393
...model saved to 15_exp/models/FloydWarshallDataset_tropical_0.0001_20000_20260220_103037_relu_best.pth...20260220_104750
At epoch 1416, test loss = 15.6589
...model saved to 15_exp/models/FloydWarshallDataset_tropical_0.0001_20000_20260220_103037_relu_best.pth...20260220_104752
At epoch 1417, test loss = 15.6305
...model saved to 15_exp/models/FloydWarshallDataset_tropical_0.0001_20000_20260220_103037_relu_best.pth...20260220_104752
At epoch 1418, test loss = 15.5661
...model saved to 15_exp/models/FloydWarshallDataset_tropical_0.0001_20000_20260220_103037_relu_best.pth...20260220_104753
At epoch 1419, test loss = 15.5067
...model saved to 15_exp/models/FloydWarshallDataset_tropical_0.0001_20000_20260220_103037_relu_best.pth...20260220_104754
At epoch 1420, test loss = 15.4825
...model saved to 15_exp/models/FloydWarshallDataset_tropical_0.0001_20000_20260220_103037_relu_best.pth...20260220_104754
At epoch 1421, test loss = 15.4390
...model saved to 15_exp/models/FloydWarshallDataset_tropical_0.0001_20000_20260220_103037_relu_best.pth...20260220_104755
At epoch 1422, test loss = 15.4113
...model saved to 15_exp/models/FloydWarshallDataset_tropical_0.0001_20000_20260220_103037_relu_best.pth...20260220_104756
At epoch 1423, test loss = 15.3526
...model saved to 15_exp/models/FloydWarshallDataset_tropical_0.0001_20000_20260220_103037_relu_best.pth...20260220_104756
At epoch 1424, test loss = 15.3189
...model saved to 15_exp/models/FloydWarshallDataset_tropical_0.0001_20000_20260220_103037_relu_best.pth...20260220_104757
At epoch 1425, test loss = 15.2718
...model saved to 15_exp/models/FloydWarshallDataset_tropical_0.0001_20000_20260220_103037_relu_best.pth...20260220_104758
At epoch 1426, test loss = 15.2013
...model saved to 15_exp/models/FloydWarshallDataset_tropical_0.0001_20000_20260220_103037_relu_best.pth...20260220_104758
At epoch 1427, test loss = 15.1431
...model saved to 15_exp/models/FloydWarshallDataset_tropical_0.0001_20000_20260220_103037_relu_best.pth...20260220_104759
At epoch 1428, test loss = 15.1119
...model saved to 15_exp/models/FloydWarshallDataset_tropical_0.0001_20000_20260220_103037_relu_best.pth...20260220_104800
At epoch 1429, test loss = 15.0419
...model saved to 15_exp/models/FloydWarshallDataset_tropical_0.0001_20000_20260220_103037_relu_best.pth...20260220_104801
At epoch 1430, test loss = 14.9825
...model saved to 15_exp/models/FloydWarshallDataset_tropical_0.0001_20000_20260220_103037_relu_best.pth...20260220_104801
At epoch 1432, test loss = 14.9271
...model saved to 15_exp/models/FloydWarshallDataset_tropical_0.0001_20000_20260220_103037_relu_best.pth...20260220_104803
At epoch 1433, test loss = 14.9086
...model saved to 15_exp/models/FloydWarshallDataset_tropical_0.0001_20000_20260220_103037_relu_best.pth...20260220_104803
At epoch 1434, test loss = 14.8046
...model saved to 15_exp/models/FloydWarshallDataset_tropical_0.0001_20000_20260220_103037_relu_best.pth...20260220_104804
At epoch 1436, test loss = 14.7579
...model saved to 15_exp/models/FloydWarshallDataset_tropical_0.0001_20000_20260220_103037_relu_best.pth...20260220_104805
At epoch 1437, test loss = 14.6548
...model saved to 15_exp/models/FloydWarshallDataset_tropical_0.0001_20000_20260220_103037_relu_best.pth...20260220_104806
At epoch 1438, test loss = 14.6406
...model saved to 15_exp/models/FloydWarshallDataset_tropical_0.0001_20000_20260220_103037_relu_best.pth...20260220_104807
At epoch 1439, test loss = 14.6105
...model saved to 15_exp/models/FloydWarshallDataset_tropical_0.0001_20000_20260220_103037_relu_best.pth...20260220_104807
At epoch 1440, test loss = 14.5592
...model saved to 15_exp/models/FloydWarshallDataset_tropical_0.0001_20000_20260220_103037_relu_best.pth...20260220_104808
At epoch 1441, test loss = 14.5268
...model saved to 15_exp/models/FloydWarshallDataset_tropical_0.0001_20000_20260220_103037_relu_best.pth...20260220_104809
At epoch 1442, test loss = 14.4941
...model saved to 15_exp/models/FloydWarshallDataset_tropical_0.0001_20000_20260220_103037_relu_best.pth...20260220_104809
At epoch 1443, test loss = 14.4682
...model saved to 15_exp/models/FloydWarshallDataset_tropical_0.0001_20000_20260220_103037_relu_best.pth...20260220_104810
At epoch 1444, test loss = 14.4173
...model saved to 15_exp/models/FloydWarshallDataset_tropical_0.0001_20000_20260220_103037_relu_best.pth...20260220_104811
At epoch 1445, test loss = 14.3953
...model saved to 15_exp/models/FloydWarshallDataset_tropical_0.0001_20000_20260220_103037_relu_best.pth...20260220_104812
At epoch 1446, test loss = 14.3344
...model saved to 15_exp/models/FloydWarshallDataset_tropical_0.0001_20000_20260220_103037_relu_best.pth...20260220_104812
At epoch 1448, test loss = 14.3096
...model saved to 15_exp/models/FloydWarshallDataset_tropical_0.0001_20000_20260220_103037_relu_best.pth...20260220_104813
At epoch 1449, test loss = 14.2872
...model saved to 15_exp/models/FloydWarshallDataset_tropical_0.0001_20000_20260220_103037_relu_best.pth...20260220_104814
At epoch 1450, test loss = 14.2593
...model saved to 15_exp/models/FloydWarshallDataset_tropical_0.0001_20000_20260220_103037_relu_best.pth...20260220_104815
At epoch 1451, test loss = 14.2243
...model saved to 15_exp/models/FloydWarshallDataset_tropical_0.0001_20000_20260220_103037_relu_best.pth...20260220_104815
At epoch 1452, test loss = 14.2073
...model saved to 15_exp/models/FloydWarshallDataset_tropical_0.0001_20000_20260220_103037_relu_best.pth...20260220_104816
At epoch 1454, test loss = 14.1697
...model saved to 15_exp/models/FloydWarshallDataset_tropical_0.0001_20000_20260220_103037_relu_best.pth...20260220_104817
At epoch 1455, test loss = 14.1548
...model saved to 15_exp/models/FloydWarshallDataset_tropical_0.0001_20000_20260220_103037_relu_best.pth...20260220_104818
At epoch 1456, test loss = 14.1180
...model saved to 15_exp/models/FloydWarshallDataset_tropical_0.0001_20000_20260220_103037_relu_best.pth...20260220_104819
At epoch 1457, test loss = 14.0852
...model saved to 15_exp/models/FloydWarshallDataset_tropical_0.0001_20000_20260220_103037_relu_best.pth...20260220_104820
At epoch 1458, test loss = 14.0719
...model saved to 15_exp/models/FloydWarshallDataset_tropical_0.0001_20000_20260220_103037_relu_best.pth...20260220_104820
At epoch 1460, test loss = 14.0318
...model saved to 15_exp/models/FloydWarshallDataset_tropical_0.0001_20000_20260220_103037_relu_best.pth...20260220_104822
At epoch 1461, test loss = 14.0097
...model saved to 15_exp/models/FloydWarshallDataset_tropical_0.0001_20000_20260220_103037_relu_best.pth...20260220_104822
At epoch 1462, test loss = 13.9873
...model saved to 15_exp/models/FloydWarshallDataset_tropical_0.0001_20000_20260220_103037_relu_best.pth...20260220_104823
At epoch 1464, test loss = 13.9810
...model saved to 15_exp/models/FloydWarshallDataset_tropical_0.0001_20000_20260220_103037_relu_best.pth...20260220_104824
At epoch 1465, test loss = 13.9473
...model saved to 15_exp/models/FloydWarshallDataset_tropical_0.0001_20000_20260220_103037_relu_best.pth...20260220_104825
At epoch 1466, test loss = 13.9428
...model saved to 15_exp/models/FloydWarshallDataset_tropical_0.0001_20000_20260220_103037_relu_best.pth...20260220_104826
At epoch 1467, test loss = 13.8881
...model saved to 15_exp/models/FloydWarshallDataset_tropical_0.0001_20000_20260220_103037_relu_best.pth...20260220_104826
At epoch 1469, test loss = 13.8482
...model saved to 15_exp/models/FloydWarshallDataset_tropical_0.0001_20000_20260220_103037_relu_best.pth...20260220_104828
At epoch 1470, test loss = 13.8455
...model saved to 15_exp/models/FloydWarshallDataset_tropical_0.0001_20000_20260220_103037_relu_best.pth...20260220_104828
At epoch 1471, test loss = 13.8212
...model saved to 15_exp/models/FloydWarshallDataset_tropical_0.0001_20000_20260220_103037_relu_best.pth...20260220_104829
At epoch 1473, test loss = 13.7623
...model saved to 15_exp/models/FloydWarshallDataset_tropical_0.0001_20000_20260220_103037_relu_best.pth...20260220_104830
At epoch 1475, test loss = 13.7400
...model saved to 15_exp/models/FloydWarshallDataset_tropical_0.0001_20000_20260220_103037_relu_best.pth...20260220_104832
At epoch 1476, test loss = 13.7221
...model saved to 15_exp/models/FloydWarshallDataset_tropical_0.0001_20000_20260220_103037_relu_best.pth...20260220_104832
At epoch 1477, test loss = 13.7118
...model saved to 15_exp/models/FloydWarshallDataset_tropical_0.0001_20000_20260220_103037_relu_best.pth...20260220_104833
At epoch 1478, test loss = 13.7028
...model saved to 15_exp/models/FloydWarshallDataset_tropical_0.0001_20000_20260220_103037_relu_best.pth...20260220_104834
At epoch 1479, test loss = 13.6612
...model saved to 15_exp/models/FloydWarshallDataset_tropical_0.0001_20000_20260220_103037_relu_best.pth...20260220_104834
At epoch 1481, test loss = 13.6187
...model saved to 15_exp/models/FloydWarshallDataset_tropical_0.0001_20000_20260220_103037_relu_best.pth...20260220_104836
At epoch 1483, test loss = 13.5791
...model saved to 15_exp/models/FloydWarshallDataset_tropical_0.0001_20000_20260220_103037_relu_best.pth...20260220_104837
At epoch 1484, test loss = 13.5474
...model saved to 15_exp/models/FloydWarshallDataset_tropical_0.0001_20000_20260220_103037_relu_best.pth...20260220_104838
At epoch 1485, test loss = 13.5443
...model saved to 15_exp/models/FloydWarshallDataset_tropical_0.0001_20000_20260220_103037_relu_best.pth...20260220_104839
At epoch 1486, test loss = 13.5112
...model saved to 15_exp/models/FloydWarshallDataset_tropical_0.0001_20000_20260220_103037_relu_best.pth...20260220_104839
At epoch 1487, test loss = 13.4985
...model saved to 15_exp/models/FloydWarshallDataset_tropical_0.0001_20000_20260220_103037_relu_best.pth...20260220_104840
At epoch 1488, test loss = 13.4916
...model saved to 15_exp/models/FloydWarshallDataset_tropical_0.0001_20000_20260220_103037_relu_best.pth...20260220_104841
At epoch 1489, test loss = 13.4655
...model saved to 15_exp/models/FloydWarshallDataset_tropical_0.0001_20000_20260220_103037_relu_best.pth...20260220_104841
At epoch 1491, test loss = 13.4199
...model saved to 15_exp/models/FloydWarshallDataset_tropical_0.0001_20000_20260220_103037_relu_best.pth...20260220_104843
At epoch 1492, test loss = 13.4071
...model saved to 15_exp/models/FloydWarshallDataset_tropical_0.0001_20000_20260220_103037_relu_best.pth...20260220_104843
At epoch 1493, test loss = 13.3981
...model saved to 15_exp/models/FloydWarshallDataset_tropical_0.0001_20000_20260220_103037_relu_best.pth...20260220_104844
At epoch 1494, test loss = 13.3410
...model saved to 15_exp/models/FloydWarshallDataset_tropical_0.0001_20000_20260220_103037_relu_best.pth...20260220_104845
At epoch 1495, test loss = 13.3386
...model saved to 15_exp/models/FloydWarshallDataset_tropical_0.0001_20000_20260220_103037_relu_best.pth...20260220_104845
At epoch 1496, test loss = 13.2955
...model saved to 15_exp/models/FloydWarshallDataset_tropical_0.0001_20000_20260220_103037_relu_best.pth...20260220_104846
At epoch 1497, test loss = 13.2731
...model saved to 15_exp/models/FloydWarshallDataset_tropical_0.0001_20000_20260220_103037_relu_best.pth...20260220_104847
At epoch 1498, test loss = 13.2360
...model saved to 15_exp/models/FloydWarshallDataset_tropical_0.0001_20000_20260220_103037_relu_best.pth...20260220_104847
At epoch 1499, test loss = 13.2234
...model saved to 15_exp/models/FloydWarshallDataset_tropical_0.0001_20000_20260220_103037_relu_best.pth...20260220_104848
At epoch 1500, test loss = 13.1962
...model saved to 15_exp/models/FloydWarshallDataset_tropical_0.0001_20000_20260220_103037_relu_best.pth...20260220_104849
At epoch 1501, test loss = 13.1702
...model saved to 15_exp/models/FloydWarshallDataset_tropical_0.0001_20000_20260220_103037_relu_best.pth...20260220_104849
At epoch 1502, test loss = 13.1555
...model saved to 15_exp/models/FloydWarshallDataset_tropical_0.0001_20000_20260220_103037_relu_best.pth...20260220_104850
At epoch 1503, test loss = 13.0981
...model saved to 15_exp/models/FloydWarshallDataset_tropical_0.0001_20000_20260220_103037_relu_best.pth...20260220_104851
At epoch 1504, test loss = 13.0670
...model saved to 15_exp/models/FloydWarshallDataset_tropical_0.0001_20000_20260220_103037_relu_best.pth...20260220_104851
At epoch 1505, test loss = 13.0538
...model saved to 15_exp/models/FloydWarshallDataset_tropical_0.0001_20000_20260220_103037_relu_best.pth...20260220_104852
At epoch 1507, test loss = 13.0444
...model saved to 15_exp/models/FloydWarshallDataset_tropical_0.0001_20000_20260220_103037_relu_best.pth...20260220_104853
At epoch 1508, test loss = 12.9239
...model saved to 15_exp/models/FloydWarshallDataset_tropical_0.0001_20000_20260220_103037_relu_best.pth...20260220_104854
At epoch 1509, test loss = 12.9144
...model saved to 15_exp/models/FloydWarshallDataset_tropical_0.0001_20000_20260220_103037_relu_best.pth...20260220_104855
At epoch 1510, test loss = 12.8664
...model saved to 15_exp/models/FloydWarshallDataset_tropical_0.0001_20000_20260220_103037_relu_best.pth...20260220_104855
At epoch 1511, test loss = 12.8276
...model saved to 15_exp/models/FloydWarshallDataset_tropical_0.0001_20000_20260220_103037_relu_best.pth...20260220_104856
At epoch 1512, test loss = 12.8217
...model saved to 15_exp/models/FloydWarshallDataset_tropical_0.0001_20000_20260220_103037_relu_best.pth...20260220_104857
At epoch 1513, test loss = 12.7579
...model saved to 15_exp/models/FloydWarshallDataset_tropical_0.0001_20000_20260220_103037_relu_best.pth...20260220_104858
At epoch 1514, test loss = 12.7228
...model saved to 15_exp/models/FloydWarshallDataset_tropical_0.0001_20000_20260220_103037_relu_best.pth...20260220_104858
At epoch 1516, test loss = 12.6344
...model saved to 15_exp/models/FloydWarshallDataset_tropical_0.0001_20000_20260220_103037_relu_best.pth...20260220_104900
At epoch 1517, test loss = 12.6011
...model saved to 15_exp/models/FloydWarshallDataset_tropical_0.0001_20000_20260220_103037_relu_best.pth...20260220_104900
At epoch 1518, test loss = 12.5480
...model saved to 15_exp/models/FloydWarshallDataset_tropical_0.0001_20000_20260220_103037_relu_best.pth...20260220_104901
At epoch 1519, test loss = 12.4844
...model saved to 15_exp/models/FloydWarshallDataset_tropical_0.0001_20000_20260220_103037_relu_best.pth...20260220_104902
At epoch 1520, test loss = 12.4524
...model saved to 15_exp/models/FloydWarshallDataset_tropical_0.0001_20000_20260220_103037_relu_best.pth...20260220_104902
At epoch 1521, test loss = 12.4230
...model saved to 15_exp/models/FloydWarshallDataset_tropical_0.0001_20000_20260220_103037_relu_best.pth...20260220_104903
At epoch 1522, test loss = 12.3868
...model saved to 15_exp/models/FloydWarshallDataset_tropical_0.0001_20000_20260220_103037_relu_best.pth...20260220_104904
At epoch 1523, test loss = 12.2996
...model saved to 15_exp/models/FloydWarshallDataset_tropical_0.0001_20000_20260220_103037_relu_best.pth...20260220_104904
At epoch 1524, test loss = 12.2449
...model saved to 15_exp/models/FloydWarshallDataset_tropical_0.0001_20000_20260220_103037_relu_best.pth...20260220_104905
At epoch 1525, test loss = 12.1665
...model saved to 15_exp/models/FloydWarshallDataset_tropical_0.0001_20000_20260220_103037_relu_best.pth...20260220_104906
At epoch 1526, test loss = 12.1407
...model saved to 15_exp/models/FloydWarshallDataset_tropical_0.0001_20000_20260220_103037_relu_best.pth...20260220_104906
At epoch 1527, test loss = 12.1098
...model saved to 15_exp/models/FloydWarshallDataset_tropical_0.0001_20000_20260220_103037_relu_best.pth...20260220_104907
At epoch 1528, test loss = 12.0444
...model saved to 15_exp/models/FloydWarshallDataset_tropical_0.0001_20000_20260220_103037_relu_best.pth...20260220_104908
At epoch 1529, test loss = 11.9958
...model saved to 15_exp/models/FloydWarshallDataset_tropical_0.0001_20000_20260220_103037_relu_best.pth...20260220_104908
At epoch 1530, test loss = 11.9344
...model saved to 15_exp/models/FloydWarshallDataset_tropical_0.0001_20000_20260220_103037_relu_best.pth...20260220_104909
At epoch 1531, test loss = 11.8872
...model saved to 15_exp/models/FloydWarshallDataset_tropical_0.0001_20000_20260220_103037_relu_best.pth...20260220_104910
At epoch 1532, test loss = 11.8399
...model saved to 15_exp/models/FloydWarshallDataset_tropical_0.0001_20000_20260220_103037_relu_best.pth...20260220_104910
At epoch 1533, test loss = 11.8019
...model saved to 15_exp/models/FloydWarshallDataset_tropical_0.0001_20000_20260220_103037_relu_best.pth...20260220_104911
At epoch 1534, test loss = 11.7577
...model saved to 15_exp/models/FloydWarshallDataset_tropical_0.0001_20000_20260220_103037_relu_best.pth...20260220_104912
At epoch 1535, test loss = 11.7451
...model saved to 15_exp/models/FloydWarshallDataset_tropical_0.0001_20000_20260220_103037_relu_best.pth...20260220_104912
At epoch 1536, test loss = 11.6809
...model saved to 15_exp/models/FloydWarshallDataset_tropical_0.0001_20000_20260220_103037_relu_best.pth...20260220_104913
At epoch 1537, test loss = 11.6220
...model saved to 15_exp/models/FloydWarshallDataset_tropical_0.0001_20000_20260220_103037_relu_best.pth...20260220_104914
At epoch 1538, test loss = 11.6161
...model saved to 15_exp/models/FloydWarshallDataset_tropical_0.0001_20000_20260220_103037_relu_best.pth...20260220_104914
At epoch 1539, test loss = 11.5940
...model saved to 15_exp/models/FloydWarshallDataset_tropical_0.0001_20000_20260220_103037_relu_best.pth...20260220_104915
At epoch 1540, test loss = 11.5507
...model saved to 15_exp/models/FloydWarshallDataset_tropical_0.0001_20000_20260220_103037_relu_best.pth...20260220_104916
At epoch 1541, test loss = 11.4803
...model saved to 15_exp/models/FloydWarshallDataset_tropical_0.0001_20000_20260220_103037_relu_best.pth...20260220_104917
At epoch 1543, test loss = 11.4425
...model saved to 15_exp/models/FloydWarshallDataset_tropical_0.0001_20000_20260220_103037_relu_best.pth...20260220_104918
At epoch 1544, test loss = 11.4322
...model saved to 15_exp/models/FloydWarshallDataset_tropical_0.0001_20000_20260220_103037_relu_best.pth...20260220_104919
At epoch 1546, test loss = 11.4140
...model saved to 15_exp/models/FloydWarshallDataset_tropical_0.0001_20000_20260220_103037_relu_best.pth...20260220_104920
At epoch 1547, test loss = 11.3701
...model saved to 15_exp/models/FloydWarshallDataset_tropical_0.0001_20000_20260220_103037_relu_best.pth...20260220_104921
At epoch 1548, test loss = 11.3590
...model saved to 15_exp/models/FloydWarshallDataset_tropical_0.0001_20000_20260220_103037_relu_best.pth...20260220_104921
At epoch 1549, test loss = 11.3322
...model saved to 15_exp/models/FloydWarshallDataset_tropical_0.0001_20000_20260220_103037_relu_best.pth...20260220_104922
At epoch 1550, test loss = 11.2946
...model saved to 15_exp/models/FloydWarshallDataset_tropical_0.0001_20000_20260220_103037_relu_best.pth...20260220_104923
At epoch 1551, test loss = 11.2790
...model saved to 15_exp/models/FloydWarshallDataset_tropical_0.0001_20000_20260220_103037_relu_best.pth...20260220_104923
At epoch 1552, test loss = 11.2419
...model saved to 15_exp/models/FloydWarshallDataset_tropical_0.0001_20000_20260220_103037_relu_best.pth...20260220_104924
At epoch 1555, test loss = 11.2238
...model saved to 15_exp/models/FloydWarshallDataset_tropical_0.0001_20000_20260220_103037_relu_best.pth...20260220_104926
At epoch 1557, test loss = 11.2179
...model saved to 15_exp/models/FloydWarshallDataset_tropical_0.0001_20000_20260220_103037_relu_best.pth...20260220_104927
At epoch 1558, test loss = 11.1828
...model saved to 15_exp/models/FloydWarshallDataset_tropical_0.0001_20000_20260220_103037_relu_best.pth...20260220_104928
At epoch 1559, test loss = 11.1683
...model saved to 15_exp/models/FloydWarshallDataset_tropical_0.0001_20000_20260220_103037_relu_best.pth...20260220_104929
At epoch 1562, test loss = 11.0903
...model saved to 15_exp/models/FloydWarshallDataset_tropical_0.0001_20000_20260220_103037_relu_best.pth...20260220_104931
At epoch 1565, test loss = 11.0768
...model saved to 15_exp/models/FloydWarshallDataset_tropical_0.0001_20000_20260220_103037_relu_best.pth...20260220_104933
At epoch 1566, test loss = 11.0744
...model saved to 15_exp/models/FloydWarshallDataset_tropical_0.0001_20000_20260220_103037_relu_best.pth...20260220_104933
At epoch 1567, test loss = 11.0727
...model saved to 15_exp/models/FloydWarshallDataset_tropical_0.0001_20000_20260220_103037_relu_best.pth...20260220_104934
At epoch 1568, test loss = 11.0577
...model saved to 15_exp/models/FloydWarshallDataset_tropical_0.0001_20000_20260220_103037_relu_best.pth...20260220_104935
At epoch 1569, test loss = 11.0480
...model saved to 15_exp/models/FloydWarshallDataset_tropical_0.0001_20000_20260220_103037_relu_best.pth...20260220_104935
At epoch 1570, test loss = 11.0414
...model saved to 15_exp/models/FloydWarshallDataset_tropical_0.0001_20000_20260220_103037_relu_best.pth...20260220_104936
At epoch 1572, test loss = 11.0150
...model saved to 15_exp/models/FloydWarshallDataset_tropical_0.0001_20000_20260220_103037_relu_best.pth...20260220_104937
At epoch 1573, test loss = 10.9995
...model saved to 15_exp/models/FloydWarshallDataset_tropical_0.0001_20000_20260220_103037_relu_best.pth...20260220_104938
At epoch 1574, test loss = 10.9968
...model saved to 15_exp/models/FloydWarshallDataset_tropical_0.0001_20000_20260220_103037_relu_best.pth...20260220_104939
At epoch 1575, test loss = 10.9768
...model saved to 15_exp/models/FloydWarshallDataset_tropical_0.0001_20000_20260220_103037_relu_best.pth...20260220_104939
At epoch 1576, test loss = 10.9321
...model saved to 15_exp/models/FloydWarshallDataset_tropical_0.0001_20000_20260220_103037_relu_best.pth...20260220_104940
At epoch 1578, test loss = 10.9133
...model saved to 15_exp/models/FloydWarshallDataset_tropical_0.0001_20000_20260220_103037_relu_best.pth...20260220_104941
At epoch 1580, test loss = 10.9077
...model saved to 15_exp/models/FloydWarshallDataset_tropical_0.0001_20000_20260220_103037_relu_best.pth...20260220_104943
At epoch 1581, test loss = 10.9040
...model saved to 15_exp/models/FloydWarshallDataset_tropical_0.0001_20000_20260220_103037_relu_best.pth...20260220_104943
At epoch 1582, test loss = 10.8918
...model saved to 15_exp/models/FloydWarshallDataset_tropical_0.0001_20000_20260220_103037_relu_best.pth...20260220_104944
At epoch 1583, test loss = 10.8733
...model saved to 15_exp/models/FloydWarshallDataset_tropical_0.0001_20000_20260220_103037_relu_best.pth...20260220_104945
At epoch 1585, test loss = 10.8637
...model saved to 15_exp/models/FloydWarshallDataset_tropical_0.0001_20000_20260220_103037_relu_best.pth...20260220_104946
At epoch 1587, test loss = 10.8171
...model saved to 15_exp/models/FloydWarshallDataset_tropical_0.0001_20000_20260220_103037_relu_best.pth...20260220_104947
At epoch 1590, test loss = 10.8151
...model saved to 15_exp/models/FloydWarshallDataset_tropical_0.0001_20000_20260220_103037_relu_best.pth...20260220_104949
At epoch 1591, test loss = 10.8081
...model saved to 15_exp/models/FloydWarshallDataset_tropical_0.0001_20000_20260220_103037_relu_best.pth...20260220_104950
At epoch 1592, test loss = 10.8007
...model saved to 15_exp/models/FloydWarshallDataset_tropical_0.0001_20000_20260220_103037_relu_best.pth...20260220_104951
At epoch 1593, test loss = 10.7845
...model saved to 15_exp/models/FloydWarshallDataset_tropical_0.0001_20000_20260220_103037_relu_best.pth...20260220_104951
At epoch 1594, test loss = 10.7498
...model saved to 15_exp/models/FloydWarshallDataset_tropical_0.0001_20000_20260220_103037_relu_best.pth...20260220_104952
At epoch 1596, test loss = 10.7433
...model saved to 15_exp/models/FloydWarshallDataset_tropical_0.0001_20000_20260220_103037_relu_best.pth...20260220_104953
At epoch 1598, test loss = 10.7075
...model saved to 15_exp/models/FloydWarshallDataset_tropical_0.0001_20000_20260220_103037_relu_best.pth...20260220_104955
At epoch 1599, test loss = 10.7033
...model saved to 15_exp/models/FloydWarshallDataset_tropical_0.0001_20000_20260220_103037_relu_best.pth...20260220_104956
At epoch 1602, test loss = 10.6683
...model saved to 15_exp/models/FloydWarshallDataset_tropical_0.0001_20000_20260220_103037_relu_best.pth...20260220_104958
At epoch 1604, test loss = 10.6494
...model saved to 15_exp/models/FloydWarshallDataset_tropical_0.0001_20000_20260220_103037_relu_best.pth...20260220_104959
At epoch 1605, test loss = 10.6359
...model saved to 15_exp/models/FloydWarshallDataset_tropical_0.0001_20000_20260220_103037_relu_best.pth...20260220_105000
At epoch 1606, test loss = 10.6328
...model saved to 15_exp/models/FloydWarshallDataset_tropical_0.0001_20000_20260220_103037_relu_best.pth...20260220_105000
At epoch 1607, test loss = 10.6190
...model saved to 15_exp/models/FloydWarshallDataset_tropical_0.0001_20000_20260220_103037_relu_best.pth...20260220_105001
At epoch 1608, test loss = 10.5997
...model saved to 15_exp/models/FloydWarshallDataset_tropical_0.0001_20000_20260220_103037_relu_best.pth...20260220_105002
At epoch 1609, test loss = 10.5814
...model saved to 15_exp/models/FloydWarshallDataset_tropical_0.0001_20000_20260220_103037_relu_best.pth...20260220_105002
At epoch 1612, test loss = 10.5613
...model saved to 15_exp/models/FloydWarshallDataset_tropical_0.0001_20000_20260220_103037_relu_best.pth...20260220_105004
At epoch 1614, test loss = 10.5325
...model saved to 15_exp/models/FloydWarshallDataset_tropical_0.0001_20000_20260220_103037_relu_best.pth...20260220_105006
At epoch 1616, test loss = 10.5284
...model saved to 15_exp/models/FloydWarshallDataset_tropical_0.0001_20000_20260220_103037_relu_best.pth...20260220_105007
At epoch 1617, test loss = 10.5157
...model saved to 15_exp/models/FloydWarshallDataset_tropical_0.0001_20000_20260220_103037_relu_best.pth...20260220_105008
At epoch 1618, test loss = 10.4905
...model saved to 15_exp/models/FloydWarshallDataset_tropical_0.0001_20000_20260220_103037_relu_best.pth...20260220_105008
At epoch 1619, test loss = 10.4707
...model saved to 15_exp/models/FloydWarshallDataset_tropical_0.0001_20000_20260220_103037_relu_best.pth...20260220_105009
At epoch 1620, test loss = 10.4378
...model saved to 15_exp/models/FloydWarshallDataset_tropical_0.0001_20000_20260220_103037_relu_best.pth...20260220_105010
At epoch 1624, test loss = 10.4160
...model saved to 15_exp/models/FloydWarshallDataset_tropical_0.0001_20000_20260220_103037_relu_best.pth...20260220_105012
At epoch 1626, test loss = 10.3926
...model saved to 15_exp/models/FloydWarshallDataset_tropical_0.0001_20000_20260220_103037_relu_best.pth...20260220_105014
At epoch 1627, test loss = 10.3832
...model saved to 15_exp/models/FloydWarshallDataset_tropical_0.0001_20000_20260220_103037_relu_best.pth...20260220_105014
At epoch 1628, test loss = 10.3494
...model saved to 15_exp/models/FloydWarshallDataset_tropical_0.0001_20000_20260220_103037_relu_best.pth...20260220_105015
At epoch 1631, test loss = 10.2950
...model saved to 15_exp/models/FloydWarshallDataset_tropical_0.0001_20000_20260220_103037_relu_best.pth...20260220_105017
At epoch 1632, test loss = 10.2883
...model saved to 15_exp/models/FloydWarshallDataset_tropical_0.0001_20000_20260220_103037_relu_best.pth...20260220_105018
At epoch 1633, test loss = 10.2865
...model saved to 15_exp/models/FloydWarshallDataset_tropical_0.0001_20000_20260220_103037_relu_best.pth...20260220_105018
At epoch 1634, test loss = 10.2794
...model saved to 15_exp/models/FloydWarshallDataset_tropical_0.0001_20000_20260220_103037_relu_best.pth...20260220_105019
At epoch 1635, test loss = 10.2287
...model saved to 15_exp/models/FloydWarshallDataset_tropical_0.0001_20000_20260220_103037_relu_best.pth...20260220_105020
At epoch 1637, test loss = 10.2037
...model saved to 15_exp/models/FloydWarshallDataset_tropical_0.0001_20000_20260220_103037_relu_best.pth...20260220_105021
At epoch 1638, test loss = 10.2003
...model saved to 15_exp/models/FloydWarshallDataset_tropical_0.0001_20000_20260220_103037_relu_best.pth...20260220_105022
At epoch 1640, test loss = 10.1749
...model saved to 15_exp/models/FloydWarshallDataset_tropical_0.0001_20000_20260220_103037_relu_best.pth...20260220_105023
At epoch 1641, test loss = 10.1477
...model saved to 15_exp/models/FloydWarshallDataset_tropical_0.0001_20000_20260220_103037_relu_best.pth...20260220_105024
At epoch 1642, test loss = 10.1149
...model saved to 15_exp/models/FloydWarshallDataset_tropical_0.0001_20000_20260220_103037_relu_best.pth...20260220_105025
At epoch 1644, test loss = 10.0622
...model saved to 15_exp/models/FloydWarshallDataset_tropical_0.0001_20000_20260220_103037_relu_best.pth...20260220_105026
At epoch 1645, test loss = 10.0384
...model saved to 15_exp/models/FloydWarshallDataset_tropical_0.0001_20000_20260220_103037_relu_best.pth...20260220_105027
At epoch 1646, test loss = 10.0371
...model saved to 15_exp/models/FloydWarshallDataset_tropical_0.0001_20000_20260220_103037_relu_best.pth...20260220_105027
At epoch 1647, test loss = 9.9939
...model saved to 15_exp/models/FloydWarshallDataset_tropical_0.0001_20000_20260220_103037_relu_best.pth...20260220_105028
At epoch 1648, test loss = 9.9580
...model saved to 15_exp/models/FloydWarshallDataset_tropical_0.0001_20000_20260220_103037_relu_best.pth...20260220_105029
At epoch 1649, test loss = 9.9476
...model saved to 15_exp/models/FloydWarshallDataset_tropical_0.0001_20000_20260220_103037_relu_best.pth...20260220_105029
At epoch 1650, test loss = 9.9122
...model saved to 15_exp/models/FloydWarshallDataset_tropical_0.0001_20000_20260220_103037_relu_best.pth...20260220_105030
At epoch 1651, test loss = 9.8829
...model saved to 15_exp/models/FloydWarshallDataset_tropical_0.0001_20000_20260220_103037_relu_best.pth...20260220_105031
At epoch 1652, test loss = 9.8829
...model saved to 15_exp/models/FloydWarshallDataset_tropical_0.0001_20000_20260220_103037_relu_best.pth...20260220_105031
At epoch 1653, test loss = 9.8403
...model saved to 15_exp/models/FloydWarshallDataset_tropical_0.0001_20000_20260220_103037_relu_best.pth...20260220_105032
At epoch 1654, test loss = 9.8150
...model saved to 15_exp/models/FloydWarshallDataset_tropical_0.0001_20000_20260220_103037_relu_best.pth...20260220_105033
At epoch 1655, test loss = 9.7858
...model saved to 15_exp/models/FloydWarshallDataset_tropical_0.0001_20000_20260220_103037_relu_best.pth...20260220_105033
At epoch 1656, test loss = 9.7108
...model saved to 15_exp/models/FloydWarshallDataset_tropical_0.0001_20000_20260220_103037_relu_best.pth...20260220_105034
At epoch 1657, test loss = 9.6815
...model saved to 15_exp/models/FloydWarshallDataset_tropical_0.0001_20000_20260220_103037_relu_best.pth...20260220_105035
At epoch 1658, test loss = 9.6409
...model saved to 15_exp/models/FloydWarshallDataset_tropical_0.0001_20000_20260220_103037_relu_best.pth...20260220_105035
At epoch 1659, test loss = 9.5860
...model saved to 15_exp/models/FloydWarshallDataset_tropical_0.0001_20000_20260220_103037_relu_best.pth...20260220_105036
At epoch 1660, test loss = 9.5595
...model saved to 15_exp/models/FloydWarshallDataset_tropical_0.0001_20000_20260220_103037_relu_best.pth...20260220_105037
At epoch 1661, test loss = 9.5078
...model saved to 15_exp/models/FloydWarshallDataset_tropical_0.0001_20000_20260220_103037_relu_best.pth...20260220_105037
At epoch 1662, test loss = 9.4566
...model saved to 15_exp/models/FloydWarshallDataset_tropical_0.0001_20000_20260220_103037_relu_best.pth...20260220_105038
At epoch 1663, test loss = 9.4239
...model saved to 15_exp/models/FloydWarshallDataset_tropical_0.0001_20000_20260220_103037_relu_best.pth...20260220_105039
At epoch 1664, test loss = 9.3707
...model saved to 15_exp/models/FloydWarshallDataset_tropical_0.0001_20000_20260220_103037_relu_best.pth...20260220_105039
At epoch 1665, test loss = 9.3519
...model saved to 15_exp/models/FloydWarshallDataset_tropical_0.0001_20000_20260220_103037_relu_best.pth...20260220_105040
At epoch 1666, test loss = 9.2979
...model saved to 15_exp/models/FloydWarshallDataset_tropical_0.0001_20000_20260220_103037_relu_best.pth...20260220_105041
At epoch 1667, test loss = 9.2362
...model saved to 15_exp/models/FloydWarshallDataset_tropical_0.0001_20000_20260220_103037_relu_best.pth...20260220_105041
At epoch 1668, test loss = 9.1965
...model saved to 15_exp/models/FloydWarshallDataset_tropical_0.0001_20000_20260220_103037_relu_best.pth...20260220_105042
At epoch 1669, test loss = 9.1127
...model saved to 15_exp/models/FloydWarshallDataset_tropical_0.0001_20000_20260220_103037_relu_best.pth...20260220_105043
At epoch 1670, test loss = 9.0540
...model saved to 15_exp/models/FloydWarshallDataset_tropical_0.0001_20000_20260220_103037_relu_best.pth...20260220_105043
At epoch 1671, test loss = 9.0197
...model saved to 15_exp/models/FloydWarshallDataset_tropical_0.0001_20000_20260220_103037_relu_best.pth...20260220_105044
At epoch 1672, test loss = 9.0114
...model saved to 15_exp/models/FloydWarshallDataset_tropical_0.0001_20000_20260220_103037_relu_best.pth...20260220_105045
At epoch 1673, test loss = 8.9069
...model saved to 15_exp/models/FloydWarshallDataset_tropical_0.0001_20000_20260220_103037_relu_best.pth...20260220_105045
At epoch 1674, test loss = 8.8900
...model saved to 15_exp/models/FloydWarshallDataset_tropical_0.0001_20000_20260220_103037_relu_best.pth...20260220_105046
At epoch 1675, test loss = 8.8599
...model saved to 15_exp/models/FloydWarshallDataset_tropical_0.0001_20000_20260220_103037_relu_best.pth...20260220_105047
At epoch 1676, test loss = 8.7993
...model saved to 15_exp/models/FloydWarshallDataset_tropical_0.0001_20000_20260220_103037_relu_best.pth...20260220_105048
At epoch 1677, test loss = 8.7196
...model saved to 15_exp/models/FloydWarshallDataset_tropical_0.0001_20000_20260220_103037_relu_best.pth...20260220_105048
At epoch 1678, test loss = 8.6946
...model saved to 15_exp/models/FloydWarshallDataset_tropical_0.0001_20000_20260220_103037_relu_best.pth...20260220_105049
At epoch 1679, test loss = 8.6558
...model saved to 15_exp/models/FloydWarshallDataset_tropical_0.0001_20000_20260220_103037_relu_best.pth...20260220_105050
At epoch 1680, test loss = 8.5889
...model saved to 15_exp/models/FloydWarshallDataset_tropical_0.0001_20000_20260220_103037_relu_best.pth...20260220_105050
At epoch 1681, test loss = 8.5779
...model saved to 15_exp/models/FloydWarshallDataset_tropical_0.0001_20000_20260220_103037_relu_best.pth...20260220_105051
At epoch 1682, test loss = 8.5378
...model saved to 15_exp/models/FloydWarshallDataset_tropical_0.0001_20000_20260220_103037_relu_best.pth...20260220_105052
At epoch 1683, test loss = 8.5193
...model saved to 15_exp/models/FloydWarshallDataset_tropical_0.0001_20000_20260220_103037_relu_best.pth...20260220_105052
At epoch 1684, test loss = 8.4697
...model saved to 15_exp/models/FloydWarshallDataset_tropical_0.0001_20000_20260220_103037_relu_best.pth...20260220_105053
At epoch 1685, test loss = 8.4541
...model saved to 15_exp/models/FloydWarshallDataset_tropical_0.0001_20000_20260220_103037_relu_best.pth...20260220_105054
At epoch 1687, test loss = 8.3923
...model saved to 15_exp/models/FloydWarshallDataset_tropical_0.0001_20000_20260220_103037_relu_best.pth...20260220_105055
At epoch 1688, test loss = 8.3801
...model saved to 15_exp/models/FloydWarshallDataset_tropical_0.0001_20000_20260220_103037_relu_best.pth...20260220_105056
At epoch 1689, test loss = 8.3392
...model saved to 15_exp/models/FloydWarshallDataset_tropical_0.0001_20000_20260220_103037_relu_best.pth...20260220_105056
At epoch 1690, test loss = 8.3285
...model saved to 15_exp/models/FloydWarshallDataset_tropical_0.0001_20000_20260220_103037_relu_best.pth...20260220_105057
At epoch 1691, test loss = 8.3149
...model saved to 15_exp/models/FloydWarshallDataset_tropical_0.0001_20000_20260220_103037_relu_best.pth...20260220_105058
At epoch 1692, test loss = 8.2730
...model saved to 15_exp/models/FloydWarshallDataset_tropical_0.0001_20000_20260220_103037_relu_best.pth...20260220_105058
At epoch 1694, test loss = 8.2406
...model saved to 15_exp/models/FloydWarshallDataset_tropical_0.0001_20000_20260220_103037_relu_best.pth...20260220_105100
At epoch 1695, test loss = 8.2182
...model saved to 15_exp/models/FloydWarshallDataset_tropical_0.0001_20000_20260220_103037_relu_best.pth...20260220_105100
At epoch 1696, test loss = 8.2160
...model saved to 15_exp/models/FloydWarshallDataset_tropical_0.0001_20000_20260220_103037_relu_best.pth...20260220_105101
At epoch 1697, test loss = 8.1901
...model saved to 15_exp/models/FloydWarshallDataset_tropical_0.0001_20000_20260220_103037_relu_best.pth...20260220_105102
At epoch 1698, test loss = 8.1731
...model saved to 15_exp/models/FloydWarshallDataset_tropical_0.0001_20000_20260220_103037_relu_best.pth...20260220_105102
At epoch 1700, test loss = 8.1499
...model saved to 15_exp/models/FloydWarshallDataset_tropical_0.0001_20000_20260220_103037_relu_best.pth...20260220_105104
At epoch 1701, test loss = 8.1372
...model saved to 15_exp/models/FloydWarshallDataset_tropical_0.0001_20000_20260220_103037_relu_best.pth...20260220_105104
At epoch 1703, test loss = 8.1184
...model saved to 15_exp/models/FloydWarshallDataset_tropical_0.0001_20000_20260220_103037_relu_best.pth...20260220_105106
At epoch 1704, test loss = 8.0778
...model saved to 15_exp/models/FloydWarshallDataset_tropical_0.0001_20000_20260220_103037_relu_best.pth...20260220_105106
At epoch 1706, test loss = 8.0679
...model saved to 15_exp/models/FloydWarshallDataset_tropical_0.0001_20000_20260220_103037_relu_best.pth...20260220_105108
At epoch 1707, test loss = 8.0507
...model saved to 15_exp/models/FloydWarshallDataset_tropical_0.0001_20000_20260220_103037_relu_best.pth...20260220_105108
At epoch 1708, test loss = 8.0471
...model saved to 15_exp/models/FloydWarshallDataset_tropical_0.0001_20000_20260220_103037_relu_best.pth...20260220_105109
At epoch 1709, test loss = 8.0282
...model saved to 15_exp/models/FloydWarshallDataset_tropical_0.0001_20000_20260220_103037_relu_best.pth...20260220_105110
At epoch 1710, test loss = 8.0120
...model saved to 15_exp/models/FloydWarshallDataset_tropical_0.0001_20000_20260220_103037_relu_best.pth...20260220_105110
At epoch 1711, test loss = 8.0051
...model saved to 15_exp/models/FloydWarshallDataset_tropical_0.0001_20000_20260220_103037_relu_best.pth...20260220_105111
At epoch 1712, test loss = 7.9929
...model saved to 15_exp/models/FloydWarshallDataset_tropical_0.0001_20000_20260220_103037_relu_best.pth...20260220_105112
At epoch 1717, test loss = 7.9492
...model saved to 15_exp/models/FloydWarshallDataset_tropical_0.0001_20000_20260220_103037_relu_best.pth...20260220_105115
At epoch 1718, test loss = 7.9322
...model saved to 15_exp/models/FloydWarshallDataset_tropical_0.0001_20000_20260220_103037_relu_best.pth...20260220_105116
At epoch 1720, test loss = 7.9028
...model saved to 15_exp/models/FloydWarshallDataset_tropical_0.0001_20000_20260220_103037_relu_best.pth...20260220_105117
At epoch 1724, test loss = 7.8683
...model saved to 15_exp/models/FloydWarshallDataset_tropical_0.0001_20000_20260220_103037_relu_best.pth...20260220_105120
At epoch 1728, test loss = 7.8553
...model saved to 15_exp/models/FloydWarshallDataset_tropical_0.0001_20000_20260220_103037_relu_best.pth...20260220_105122
At epoch 1731, test loss = 7.8465
...model saved to 15_exp/models/FloydWarshallDataset_tropical_0.0001_20000_20260220_103037_relu_best.pth...20260220_105124
At epoch 1732, test loss = 7.8401
...model saved to 15_exp/models/FloydWarshallDataset_tropical_0.0001_20000_20260220_103037_relu_best.pth...20260220_105125
At epoch 1733, test loss = 7.8099
...model saved to 15_exp/models/FloydWarshallDataset_tropical_0.0001_20000_20260220_103037_relu_best.pth...20260220_105126
At epoch 1734, test loss = 7.8017
...model saved to 15_exp/models/FloydWarshallDataset_tropical_0.0001_20000_20260220_103037_relu_best.pth...20260220_105126
At epoch 1735, test loss = 7.7936
...model saved to 15_exp/models/FloydWarshallDataset_tropical_0.0001_20000_20260220_103037_relu_best.pth...20260220_105127
At epoch 1737, test loss = 7.7914
...model saved to 15_exp/models/FloydWarshallDataset_tropical_0.0001_20000_20260220_103037_relu_best.pth...20260220_105128
At epoch 1738, test loss = 7.7679
...model saved to 15_exp/models/FloydWarshallDataset_tropical_0.0001_20000_20260220_103037_relu_best.pth...20260220_105129
At epoch 1739, test loss = 7.7642
...model saved to 15_exp/models/FloydWarshallDataset_tropical_0.0001_20000_20260220_103037_relu_best.pth...20260220_105130
At epoch 1741, test loss = 7.7512
...model saved to 15_exp/models/FloydWarshallDataset_tropical_0.0001_20000_20260220_103037_relu_best.pth...20260220_105131
At epoch 1742, test loss = 7.7360
...model saved to 15_exp/models/FloydWarshallDataset_tropical_0.0001_20000_20260220_103037_relu_best.pth...20260220_105132
At epoch 1744, test loss = 7.7349
...model saved to 15_exp/models/FloydWarshallDataset_tropical_0.0001_20000_20260220_103037_relu_best.pth...20260220_105133
At epoch 1745, test loss = 7.7159
...model saved to 15_exp/models/FloydWarshallDataset_tropical_0.0001_20000_20260220_103037_relu_best.pth...20260220_105134
At epoch 1750, test loss = 7.6971
...model saved to 15_exp/models/FloydWarshallDataset_tropical_0.0001_20000_20260220_103037_relu_best.pth...20260220_105137
At epoch 1751, test loss = 7.6826
...model saved to 15_exp/models/FloydWarshallDataset_tropical_0.0001_20000_20260220_103037_relu_best.pth...20260220_105138
At epoch 1752, test loss = 7.6631
...model saved to 15_exp/models/FloydWarshallDataset_tropical_0.0001_20000_20260220_103037_relu_best.pth...20260220_105139
At epoch 1755, test loss = 7.6499
...model saved to 15_exp/models/FloydWarshallDataset_tropical_0.0001_20000_20260220_103037_relu_best.pth...20260220_105141
At epoch 1757, test loss = 7.6483
...model saved to 15_exp/models/FloydWarshallDataset_tropical_0.0001_20000_20260220_103037_relu_best.pth...20260220_105142
At epoch 1760, test loss = 7.6275
...model saved to 15_exp/models/FloydWarshallDataset_tropical_0.0001_20000_20260220_103037_relu_best.pth...20260220_105144
At epoch 1761, test loss = 7.6254
...model saved to 15_exp/models/FloydWarshallDataset_tropical_0.0001_20000_20260220_103037_relu_best.pth...20260220_105145
At epoch 1763, test loss = 7.6246
...model saved to 15_exp/models/FloydWarshallDataset_tropical_0.0001_20000_20260220_103037_relu_best.pth...20260220_105146
At epoch 1764, test loss = 7.6243
...model saved to 15_exp/models/FloydWarshallDataset_tropical_0.0001_20000_20260220_103037_relu_best.pth...20260220_105147
At epoch 1765, test loss = 7.6077
...model saved to 15_exp/models/FloydWarshallDataset_tropical_0.0001_20000_20260220_103037_relu_best.pth...20260220_105147
At epoch 1768, test loss = 7.5891
...model saved to 15_exp/models/FloydWarshallDataset_tropical_0.0001_20000_20260220_103037_relu_best.pth...20260220_105149
At epoch 1769, test loss = 7.5803
...model saved to 15_exp/models/FloydWarshallDataset_tropical_0.0001_20000_20260220_103037_relu_best.pth...20260220_105150
At epoch 1771, test loss = 7.5772
...model saved to 15_exp/models/FloydWarshallDataset_tropical_0.0001_20000_20260220_103037_relu_best.pth...20260220_105152
At epoch 1772, test loss = 7.5409
...model saved to 15_exp/models/FloydWarshallDataset_tropical_0.0001_20000_20260220_103037_relu_best.pth...20260220_105152
At epoch 1773, test loss = 7.5369
...model saved to 15_exp/models/FloydWarshallDataset_tropical_0.0001_20000_20260220_103037_relu_best.pth...20260220_105153
At epoch 1776, test loss = 7.5237
...model saved to 15_exp/models/FloydWarshallDataset_tropical_0.0001_20000_20260220_103037_relu_best.pth...20260220_105155
At epoch 1779, test loss = 7.5185
...model saved to 15_exp/models/FloydWarshallDataset_tropical_0.0001_20000_20260220_103037_relu_best.pth...20260220_105157
At epoch 1781, test loss = 7.5134
...model saved to 15_exp/models/FloydWarshallDataset_tropical_0.0001_20000_20260220_103037_relu_best.pth...20260220_105158
At epoch 1783, test loss = 7.5014
...model saved to 15_exp/models/FloydWarshallDataset_tropical_0.0001_20000_20260220_103037_relu_best.pth...20260220_105200
At epoch 1784, test loss = 7.4987
...model saved to 15_exp/models/FloydWarshallDataset_tropical_0.0001_20000_20260220_103037_relu_best.pth...20260220_105200
At epoch 1785, test loss = 7.4895
...model saved to 15_exp/models/FloydWarshallDataset_tropical_0.0001_20000_20260220_103037_relu_best.pth...20260220_105201
At epoch 1786, test loss = 7.4819
...model saved to 15_exp/models/FloydWarshallDataset_tropical_0.0001_20000_20260220_103037_relu_best.pth...20260220_105202
At epoch 1788, test loss = 7.4817
...model saved to 15_exp/models/FloydWarshallDataset_tropical_0.0001_20000_20260220_103037_relu_best.pth...20260220_105203
At epoch 1791, test loss = 7.4423
...model saved to 15_exp/models/FloydWarshallDataset_tropical_0.0001_20000_20260220_103037_relu_best.pth...20260220_105205
At epoch 1795, test loss = 7.4272
...model saved to 15_exp/models/FloydWarshallDataset_tropical_0.0001_20000_20260220_103037_relu_best.pth...20260220_105208
At epoch 1796, test loss = 7.4237
...model saved to 15_exp/models/FloydWarshallDataset_tropical_0.0001_20000_20260220_103037_relu_best.pth...20260220_105209
At epoch 1798, test loss = 7.4212
...model saved to 15_exp/models/FloydWarshallDataset_tropical_0.0001_20000_20260220_103037_relu_best.pth...20260220_105210
At epoch 1799, test loss = 7.4194
...model saved to 15_exp/models/FloydWarshallDataset_tropical_0.0001_20000_20260220_103037_relu_best.pth...20260220_105211
At epoch 1800, test loss = 7.4157
...model saved to 15_exp/models/FloydWarshallDataset_tropical_0.0001_20000_20260220_103037_relu_best.pth...20260220_105212
At epoch 1801, test loss = 7.3989
...model saved to 15_exp/models/FloydWarshallDataset_tropical_0.0001_20000_20260220_103037_relu_best.pth...20260220_105212
At epoch 1802, test loss = 7.3925
...model saved to 15_exp/models/FloydWarshallDataset_tropical_0.0001_20000_20260220_103037_relu_best.pth...20260220_105213
At epoch 1805, test loss = 7.3746
...model saved to 15_exp/models/FloydWarshallDataset_tropical_0.0001_20000_20260220_103037_relu_best.pth...20260220_105215
At epoch 1809, test loss = 7.3643
...model saved to 15_exp/models/FloydWarshallDataset_tropical_0.0001_20000_20260220_103037_relu_best.pth...20260220_105218
At epoch 1810, test loss = 7.3558
...model saved to 15_exp/models/FloydWarshallDataset_tropical_0.0001_20000_20260220_103037_relu_best.pth...20260220_105219
At epoch 1811, test loss = 7.3460
...model saved to 15_exp/models/FloydWarshallDataset_tropical_0.0001_20000_20260220_103037_relu_best.pth...20260220_105219
At epoch 1815, test loss = 7.3450
...model saved to 15_exp/models/FloydWarshallDataset_tropical_0.0001_20000_20260220_103037_relu_best.pth...20260220_105222
At epoch 1817, test loss = 7.3154
...model saved to 15_exp/models/FloydWarshallDataset_tropical_0.0001_20000_20260220_103037_relu_best.pth...20260220_105224
At epoch 1820, test loss = 7.2966
...model saved to 15_exp/models/FloydWarshallDataset_tropical_0.0001_20000_20260220_103037_relu_best.pth...20260220_105226
At epoch 1824, test loss = 7.2846
...model saved to 15_exp/models/FloydWarshallDataset_tropical_0.0001_20000_20260220_103037_relu_best.pth...20260220_105229
At epoch 1826, test loss = 7.2795
...model saved to 15_exp/models/FloydWarshallDataset_tropical_0.0001_20000_20260220_103037_relu_best.pth...20260220_105230
At epoch 1828, test loss = 7.2742
...model saved to 15_exp/models/FloydWarshallDataset_tropical_0.0001_20000_20260220_103037_relu_best.pth...20260220_105232
At epoch 1832, test loss = 7.2446
...model saved to 15_exp/models/FloydWarshallDataset_tropical_0.0001_20000_20260220_103037_relu_best.pth...20260220_105234
At epoch 1835, test loss = 7.2413
...model saved to 15_exp/models/FloydWarshallDataset_tropical_0.0001_20000_20260220_103037_relu_best.pth...20260220_105237
At epoch 1838, test loss = 7.2086
...model saved to 15_exp/models/FloydWarshallDataset_tropical_0.0001_20000_20260220_103037_relu_best.pth...20260220_105239
At epoch 1840, test loss = 7.2053
...model saved to 15_exp/models/FloydWarshallDataset_tropical_0.0001_20000_20260220_103037_relu_best.pth...20260220_105240
At epoch 1842, test loss = 7.1979
...model saved to 15_exp/models/FloydWarshallDataset_tropical_0.0001_20000_20260220_103037_relu_best.pth...20260220_105242
At epoch 1844, test loss = 7.1732
...model saved to 15_exp/models/FloydWarshallDataset_tropical_0.0001_20000_20260220_103037_relu_best.pth...20260220_105243
At epoch 1849, test loss = 7.1597
...model saved to 15_exp/models/FloydWarshallDataset_tropical_0.0001_20000_20260220_103037_relu_best.pth...20260220_105246
At epoch 1853, test loss = 7.1443
...model saved to 15_exp/models/FloydWarshallDataset_tropical_0.0001_20000_20260220_103037_relu_best.pth...20260220_105249
At epoch 1856, test loss = 7.1395
...model saved to 15_exp/models/FloydWarshallDataset_tropical_0.0001_20000_20260220_103037_relu_best.pth...20260220_105251
At epoch 1859, test loss = 7.1388
...model saved to 15_exp/models/FloydWarshallDataset_tropical_0.0001_20000_20260220_103037_relu_best.pth...20260220_105254
At epoch 1860, test loss = 7.1230
...model saved to 15_exp/models/FloydWarshallDataset_tropical_0.0001_20000_20260220_103037_relu_best.pth...20260220_105254
At epoch 1861, test loss = 7.1095
...model saved to 15_exp/models/FloydWarshallDataset_tropical_0.0001_20000_20260220_103037_relu_best.pth...20260220_105255
At epoch 1864, test loss = 7.0985
...model saved to 15_exp/models/FloydWarshallDataset_tropical_0.0001_20000_20260220_103037_relu_best.pth...20260220_105257
At epoch 1867, test loss = 7.0891
...model saved to 15_exp/models/FloydWarshallDataset_tropical_0.0001_20000_20260220_103037_relu_best.pth...20260220_105259
At epoch 1869, test loss = 7.0633
...model saved to 15_exp/models/FloydWarshallDataset_tropical_0.0001_20000_20260220_103037_relu_best.pth...20260220_105301
At epoch 1874, test loss = 7.0628
...model saved to 15_exp/models/FloydWarshallDataset_tropical_0.0001_20000_20260220_103037_relu_best.pth...20260220_105304
At epoch 1875, test loss = 7.0447
...model saved to 15_exp/models/FloydWarshallDataset_tropical_0.0001_20000_20260220_103037_relu_best.pth...20260220_105305
At epoch 1878, test loss = 7.0308
...model saved to 15_exp/models/FloydWarshallDataset_tropical_0.0001_20000_20260220_103037_relu_best.pth...20260220_105307
At epoch 1879, test loss = 7.0215
...model saved to 15_exp/models/FloydWarshallDataset_tropical_0.0001_20000_20260220_103037_relu_best.pth...20260220_105308
At epoch 1880, test loss = 7.0213
...model saved to 15_exp/models/FloydWarshallDataset_tropical_0.0001_20000_20260220_103037_relu_best.pth...20260220_105308
At epoch 1881, test loss = 7.0169
...model saved to 15_exp/models/FloydWarshallDataset_tropical_0.0001_20000_20260220_103037_relu_best.pth...20260220_105309
At epoch 1885, test loss = 6.9986
...model saved to 15_exp/models/FloydWarshallDataset_tropical_0.0001_20000_20260220_103037_relu_best.pth...20260220_105312
At epoch 1888, test loss = 6.9907
...model saved to 15_exp/models/FloydWarshallDataset_tropical_0.0001_20000_20260220_103037_relu_best.pth...20260220_105314
At epoch 1891, test loss = 6.9760
...model saved to 15_exp/models/FloydWarshallDataset_tropical_0.0001_20000_20260220_103037_relu_best.pth...20260220_105316
At epoch 1892, test loss = 6.9587
...model saved to 15_exp/models/FloydWarshallDataset_tropical_0.0001_20000_20260220_103037_relu_best.pth...20260220_105317
At epoch 1895, test loss = 6.9464
...model saved to 15_exp/models/FloydWarshallDataset_tropical_0.0001_20000_20260220_103037_relu_best.pth...20260220_105319
At epoch 1896, test loss = 6.9434
...model saved to 15_exp/models/FloydWarshallDataset_tropical_0.0001_20000_20260220_103037_relu_best.pth...20260220_105320
At epoch 1898, test loss = 6.9294
...model saved to 15_exp/models/FloydWarshallDataset_tropical_0.0001_20000_20260220_103037_relu_best.pth...20260220_105321
At epoch 1900, test loss = 6.9241
...model saved to 15_exp/models/FloydWarshallDataset_tropical_0.0001_20000_20260220_103037_relu_best.pth...20260220_105322
At epoch 1902, test loss = 6.9161
...model saved to 15_exp/models/FloydWarshallDataset_tropical_0.0001_20000_20260220_103037_relu_best.pth...20260220_105324
At epoch 1903, test loss = 6.8989
...model saved to 15_exp/models/FloydWarshallDataset_tropical_0.0001_20000_20260220_103037_relu_best.pth...20260220_105324
At epoch 1904, test loss = 6.8977
...model saved to 15_exp/models/FloydWarshallDataset_tropical_0.0001_20000_20260220_103037_relu_best.pth...20260220_105325
At epoch 1905, test loss = 6.8778
...model saved to 15_exp/models/FloydWarshallDataset_tropical_0.0001_20000_20260220_103037_relu_best.pth...20260220_105326
At epoch 1906, test loss = 6.8758
...model saved to 15_exp/models/FloydWarshallDataset_tropical_0.0001_20000_20260220_103037_relu_best.pth...20260220_105327
At epoch 1908, test loss = 6.8665
...model saved to 15_exp/models/FloydWarshallDataset_tropical_0.0001_20000_20260220_103037_relu_best.pth...20260220_105328
At epoch 1911, test loss = 6.8632
...model saved to 15_exp/models/FloydWarshallDataset_tropical_0.0001_20000_20260220_103037_relu_best.pth...20260220_105330
At epoch 1912, test loss = 6.8438
...model saved to 15_exp/models/FloydWarshallDataset_tropical_0.0001_20000_20260220_103037_relu_best.pth...20260220_105331
At epoch 1915, test loss = 6.8259
...model saved to 15_exp/models/FloydWarshallDataset_tropical_0.0001_20000_20260220_103037_relu_best.pth...20260220_105333
At epoch 1916, test loss = 6.8141
...model saved to 15_exp/models/FloydWarshallDataset_tropical_0.0001_20000_20260220_103037_relu_best.pth...20260220_105334
At epoch 1918, test loss = 6.8036
...model saved to 15_exp/models/FloydWarshallDataset_tropical_0.0001_20000_20260220_103037_relu_best.pth...20260220_105335
At epoch 1919, test loss = 6.7916
...model saved to 15_exp/models/FloydWarshallDataset_tropical_0.0001_20000_20260220_103037_relu_best.pth...20260220_105336
At epoch 1921, test loss = 6.7906
...model saved to 15_exp/models/FloydWarshallDataset_tropical_0.0001_20000_20260220_103037_relu_best.pth...20260220_105337
At epoch 1922, test loss = 6.7787
...model saved to 15_exp/models/FloydWarshallDataset_tropical_0.0001_20000_20260220_103037_relu_best.pth...20260220_105338
At epoch 1924, test loss = 6.7520
...model saved to 15_exp/models/FloydWarshallDataset_tropical_0.0001_20000_20260220_103037_relu_best.pth...20260220_105339
At epoch 1928, test loss = 6.7308
...model saved to 15_exp/models/FloydWarshallDataset_tropical_0.0001_20000_20260220_103037_relu_best.pth...20260220_105342
At epoch 1929, test loss = 6.7301
...model saved to 15_exp/models/FloydWarshallDataset_tropical_0.0001_20000_20260220_103037_relu_best.pth...20260220_105343
At epoch 1932, test loss = 6.7023
...model saved to 15_exp/models/FloydWarshallDataset_tropical_0.0001_20000_20260220_103037_relu_best.pth...20260220_105345
At epoch 1934, test loss = 6.6668
...model saved to 15_exp/models/FloydWarshallDataset_tropical_0.0001_20000_20260220_103037_relu_best.pth...20260220_105346
At epoch 1936, test loss = 6.6602
...model saved to 15_exp/models/FloydWarshallDataset_tropical_0.0001_20000_20260220_103037_relu_best.pth...20260220_105348
At epoch 1937, test loss = 6.6490
...model saved to 15_exp/models/FloydWarshallDataset_tropical_0.0001_20000_20260220_103037_relu_best.pth...20260220_105349
At epoch 1940, test loss = 6.6082
...model saved to 15_exp/models/FloydWarshallDataset_tropical_0.0001_20000_20260220_103037_relu_best.pth...20260220_105351
At epoch 1942, test loss = 6.5918
...model saved to 15_exp/models/FloydWarshallDataset_tropical_0.0001_20000_20260220_103037_relu_best.pth...20260220_105352
At epoch 1943, test loss = 6.5897
...model saved to 15_exp/models/FloydWarshallDataset_tropical_0.0001_20000_20260220_103037_relu_best.pth...20260220_105353
At epoch 1945, test loss = 6.5483
...model saved to 15_exp/models/FloydWarshallDataset_tropical_0.0001_20000_20260220_103037_relu_best.pth...20260220_105354
At epoch 1946, test loss = 6.5387
...model saved to 15_exp/models/FloydWarshallDataset_tropical_0.0001_20000_20260220_103037_relu_best.pth...20260220_105355
At epoch 1947, test loss = 6.5294
...model saved to 15_exp/models/FloydWarshallDataset_tropical_0.0001_20000_20260220_103037_relu_best.pth...20260220_105356
At epoch 1948, test loss = 6.5092
...model saved to 15_exp/models/FloydWarshallDataset_tropical_0.0001_20000_20260220_103037_relu_best.pth...20260220_105356
At epoch 1949, test loss = 6.4775
...model saved to 15_exp/models/FloydWarshallDataset_tropical_0.0001_20000_20260220_103037_relu_best.pth...20260220_105357
At epoch 1951, test loss = 6.4389
...model saved to 15_exp/models/FloydWarshallDataset_tropical_0.0001_20000_20260220_103037_relu_best.pth...20260220_105358
At epoch 1953, test loss = 6.4052
...model saved to 15_exp/models/FloydWarshallDataset_tropical_0.0001_20000_20260220_103037_relu_best.pth...20260220_105400
At epoch 1954, test loss = 6.3925
...model saved to 15_exp/models/FloydWarshallDataset_tropical_0.0001_20000_20260220_103037_relu_best.pth...20260220_105401
At epoch 1955, test loss = 6.3719
...model saved to 15_exp/models/FloydWarshallDataset_tropical_0.0001_20000_20260220_103037_relu_best.pth...20260220_105401
At epoch 1956, test loss = 6.3675
...model saved to 15_exp/models/FloydWarshallDataset_tropical_0.0001_20000_20260220_103037_relu_best.pth...20260220_105402
At epoch 1957, test loss = 6.2967
...model saved to 15_exp/models/FloydWarshallDataset_tropical_0.0001_20000_20260220_103037_relu_best.pth...20260220_105403
At epoch 1960, test loss = 6.2131
...model saved to 15_exp/models/FloydWarshallDataset_tropical_0.0001_20000_20260220_103037_relu_best.pth...20260220_105405
At epoch 1961, test loss = 6.1876
...model saved to 15_exp/models/FloydWarshallDataset_tropical_0.0001_20000_20260220_103037_relu_best.pth...20260220_105406
At epoch 1962, test loss = 6.1764
...model saved to 15_exp/models/FloydWarshallDataset_tropical_0.0001_20000_20260220_103037_relu_best.pth...20260220_105406
At epoch 1963, test loss = 6.1200
...model saved to 15_exp/models/FloydWarshallDataset_tropical_0.0001_20000_20260220_103037_relu_best.pth...20260220_105407
At epoch 1964, test loss = 6.1073
...model saved to 15_exp/models/FloydWarshallDataset_tropical_0.0001_20000_20260220_103037_relu_best.pth...20260220_105408
At epoch 1965, test loss = 6.0718
...model saved to 15_exp/models/FloydWarshallDataset_tropical_0.0001_20000_20260220_103037_relu_best.pth...20260220_105408
At epoch 1966, test loss = 6.0329
...model saved to 15_exp/models/FloydWarshallDataset_tropical_0.0001_20000_20260220_103037_relu_best.pth...20260220_105409
At epoch 1967, test loss = 6.0108
...model saved to 15_exp/models/FloydWarshallDataset_tropical_0.0001_20000_20260220_103037_relu_best.pth...20260220_105410
At epoch 1968, test loss = 5.9307
...model saved to 15_exp/models/FloydWarshallDataset_tropical_0.0001_20000_20260220_103037_relu_best.pth...20260220_105411
At epoch 1970, test loss = 5.8444
...model saved to 15_exp/models/FloydWarshallDataset_tropical_0.0001_20000_20260220_103037_relu_best.pth...20260220_105412
At epoch 1971, test loss = 5.7961
...model saved to 15_exp/models/FloydWarshallDataset_tropical_0.0001_20000_20260220_103037_relu_best.pth...20260220_105413
At epoch 1972, test loss = 5.7462
...model saved to 15_exp/models/FloydWarshallDataset_tropical_0.0001_20000_20260220_103037_relu_best.pth...20260220_105414
At epoch 1974, test loss = 5.6366
...model saved to 15_exp/models/FloydWarshallDataset_tropical_0.0001_20000_20260220_103037_relu_best.pth...20260220_105415
At epoch 1975, test loss = 5.6008
...model saved to 15_exp/models/FloydWarshallDataset_tropical_0.0001_20000_20260220_103037_relu_best.pth...20260220_105416
At epoch 1976, test loss = 5.5283
...model saved to 15_exp/models/FloydWarshallDataset_tropical_0.0001_20000_20260220_103037_relu_best.pth...20260220_105416
At epoch 1977, test loss = 5.4808
...model saved to 15_exp/models/FloydWarshallDataset_tropical_0.0001_20000_20260220_103037_relu_best.pth...20260220_105417
At epoch 1978, test loss = 5.4289
...model saved to 15_exp/models/FloydWarshallDataset_tropical_0.0001_20000_20260220_103037_relu_best.pth...20260220_105418
At epoch 1979, test loss = 5.3765
...model saved to 15_exp/models/FloydWarshallDataset_tropical_0.0001_20000_20260220_103037_relu_best.pth...20260220_105418
At epoch 1980, test loss = 5.3381
...model saved to 15_exp/models/FloydWarshallDataset_tropical_0.0001_20000_20260220_103037_relu_best.pth...20260220_105419
At epoch 1981, test loss = 5.2716
...model saved to 15_exp/models/FloydWarshallDataset_tropical_0.0001_20000_20260220_103037_relu_best.pth...20260220_105420
At epoch 1982, test loss = 5.2529
...model saved to 15_exp/models/FloydWarshallDataset_tropical_0.0001_20000_20260220_103037_relu_best.pth...20260220_105421
At epoch 1983, test loss = 5.1382
...model saved to 15_exp/models/FloydWarshallDataset_tropical_0.0001_20000_20260220_103037_relu_best.pth...20260220_105421
At epoch 1985, test loss = 5.0701
...model saved to 15_exp/models/FloydWarshallDataset_tropical_0.0001_20000_20260220_103037_relu_best.pth...20260220_105423
At epoch 1986, test loss = 5.0459
...model saved to 15_exp/models/FloydWarshallDataset_tropical_0.0001_20000_20260220_103037_relu_best.pth...20260220_105423
At epoch 1987, test loss = 4.9925
...model saved to 15_exp/models/FloydWarshallDataset_tropical_0.0001_20000_20260220_103037_relu_best.pth...20260220_105424
At epoch 1989, test loss = 4.9523
...model saved to 15_exp/models/FloydWarshallDataset_tropical_0.0001_20000_20260220_103037_relu_best.pth...20260220_105426
At epoch 1990, test loss = 4.8949
...model saved to 15_exp/models/FloydWarshallDataset_tropical_0.0001_20000_20260220_103037_relu_best.pth...20260220_105426
At epoch 1991, test loss = 4.8800
...model saved to 15_exp/models/FloydWarshallDataset_tropical_0.0001_20000_20260220_103037_relu_best.pth...20260220_105427
At epoch 1993, test loss = 4.8389
...model saved to 15_exp/models/FloydWarshallDataset_tropical_0.0001_20000_20260220_103037_relu_best.pth...20260220_105428
At epoch 1994, test loss = 4.8070
...model saved to 15_exp/models/FloydWarshallDataset_tropical_0.0001_20000_20260220_103037_relu_best.pth...20260220_105429
At epoch 1996, test loss = 4.7602
...model saved to 15_exp/models/FloydWarshallDataset_tropical_0.0001_20000_20260220_103037_relu_best.pth...20260220_105430
At epoch 1997, test loss = 4.7525
...model saved to 15_exp/models/FloydWarshallDataset_tropical_0.0001_20000_20260220_103037_relu_best.pth...20260220_105431
At epoch 1998, test loss = 4.7348
...model saved to 15_exp/models/FloydWarshallDataset_tropical_0.0001_20000_20260220_103037_relu_best.pth...20260220_105432
At epoch 1999, test loss = 4.7281
...model saved to 15_exp/models/FloydWarshallDataset_tropical_0.0001_20000_20260220_103037_relu_best.pth...20260220_105433
At epoch 2000, test loss = 4.6940
...model saved to 15_exp/models/FloydWarshallDataset_tropical_0.0001_20000_20260220_103037_relu_best.pth...20260220_105433
At epoch 2001, test loss = 4.6615
...model saved to 15_exp/models/FloydWarshallDataset_tropical_0.0001_20000_20260220_103037_relu_best.pth...20260220_105434
At epoch 2004, test loss = 4.6603
...model saved to 15_exp/models/FloydWarshallDataset_tropical_0.0001_20000_20260220_103037_relu_best.pth...20260220_105436
At epoch 2005, test loss = 4.6547
...model saved to 15_exp/models/FloydWarshallDataset_tropical_0.0001_20000_20260220_103037_relu_best.pth...20260220_105437
At epoch 2006, test loss = 4.6108
...model saved to 15_exp/models/FloydWarshallDataset_tropical_0.0001_20000_20260220_103037_relu_best.pth...20260220_105438
At epoch 2008, test loss = 4.5957
...model saved to 15_exp/models/FloydWarshallDataset_tropical_0.0001_20000_20260220_103037_relu_best.pth...20260220_105439
At epoch 2011, test loss = 4.5740
...model saved to 15_exp/models/FloydWarshallDataset_tropical_0.0001_20000_20260220_103037_relu_best.pth...20260220_105441
At epoch 2013, test loss = 4.5527
...model saved to 15_exp/models/FloydWarshallDataset_tropical_0.0001_20000_20260220_103037_relu_best.pth...20260220_105443
At epoch 2017, test loss = 4.5306
...model saved to 15_exp/models/FloydWarshallDataset_tropical_0.0001_20000_20260220_103037_relu_best.pth...20260220_105445
At epoch 2019, test loss = 4.5211
...model saved to 15_exp/models/FloydWarshallDataset_tropical_0.0001_20000_20260220_103037_relu_best.pth...20260220_105447
At epoch 2021, test loss = 4.4937
...model saved to 15_exp/models/FloydWarshallDataset_tropical_0.0001_20000_20260220_103037_relu_best.pth...20260220_105448
At epoch 2023, test loss = 4.4892
...model saved to 15_exp/models/FloydWarshallDataset_tropical_0.0001_20000_20260220_103037_relu_best.pth...20260220_105450
At epoch 2025, test loss = 4.4522
...model saved to 15_exp/models/FloydWarshallDataset_tropical_0.0001_20000_20260220_103037_relu_best.pth...20260220_105451
At epoch 2032, test loss = 4.4292
...model saved to 15_exp/models/FloydWarshallDataset_tropical_0.0001_20000_20260220_103037_relu_best.pth...20260220_105456
At epoch 2033, test loss = 4.4215
...model saved to 15_exp/models/FloydWarshallDataset_tropical_0.0001_20000_20260220_103037_relu_best.pth...20260220_105457
At epoch 2036, test loss = 4.4108
...model saved to 15_exp/models/FloydWarshallDataset_tropical_0.0001_20000_20260220_103037_relu_best.pth...20260220_105459
At epoch 2039, test loss = 4.3906
...model saved to 15_exp/models/FloydWarshallDataset_tropical_0.0001_20000_20260220_103037_relu_best.pth...20260220_105501
At epoch 2042, test loss = 4.3812
...model saved to 15_exp/models/FloydWarshallDataset_tropical_0.0001_20000_20260220_103037_relu_best.pth...20260220_105503
At epoch 2045, test loss = 4.3739
...model saved to 15_exp/models/FloydWarshallDataset_tropical_0.0001_20000_20260220_103037_relu_best.pth...20260220_105505
At epoch 2046, test loss = 4.3645
...model saved to 15_exp/models/FloydWarshallDataset_tropical_0.0001_20000_20260220_103037_relu_best.pth...20260220_105506
At epoch 2050, test loss = 4.3554
...model saved to 15_exp/models/FloydWarshallDataset_tropical_0.0001_20000_20260220_103037_relu_best.pth...20260220_105509
At epoch 2051, test loss = 4.3460
...model saved to 15_exp/models/FloydWarshallDataset_tropical_0.0001_20000_20260220_103037_relu_best.pth...20260220_105509
At epoch 2055, test loss = 4.3252
...model saved to 15_exp/models/FloydWarshallDataset_tropical_0.0001_20000_20260220_103037_relu_best.pth...20260220_105512
At epoch 2056, test loss = 4.3142
...model saved to 15_exp/models/FloydWarshallDataset_tropical_0.0001_20000_20260220_103037_relu_best.pth...20260220_105513
At epoch 2058, test loss = 4.3067
...model saved to 15_exp/models/FloydWarshallDataset_tropical_0.0001_20000_20260220_103037_relu_best.pth...20260220_105514
At epoch 2062, test loss = 4.3009
...model saved to 15_exp/models/FloydWarshallDataset_tropical_0.0001_20000_20260220_103037_relu_best.pth...20260220_105517
At epoch 2063, test loss = 4.2958
...model saved to 15_exp/models/FloydWarshallDataset_tropical_0.0001_20000_20260220_103037_relu_best.pth...20260220_105518
At epoch 2067, test loss = 4.2822
...model saved to 15_exp/models/FloydWarshallDataset_tropical_0.0001_20000_20260220_103037_relu_best.pth...20260220_105521
At epoch 2068, test loss = 4.2649
...model saved to 15_exp/models/FloydWarshallDataset_tropical_0.0001_20000_20260220_103037_relu_best.pth...20260220_105521
At epoch 2072, test loss = 4.2514
...model saved to 15_exp/models/FloydWarshallDataset_tropical_0.0001_20000_20260220_103037_relu_best.pth...20260220_105524
At epoch 2076, test loss = 4.2434
...model saved to 15_exp/models/FloydWarshallDataset_tropical_0.0001_20000_20260220_103037_relu_best.pth...20260220_105527
At epoch 2077, test loss = 4.2272
...model saved to 15_exp/models/FloydWarshallDataset_tropical_0.0001_20000_20260220_103037_relu_best.pth...20260220_105528
At epoch 2083, test loss = 4.2254
...model saved to 15_exp/models/FloydWarshallDataset_tropical_0.0001_20000_20260220_103037_relu_best.pth...20260220_105532
At epoch 2085, test loss = 4.2100
...model saved to 15_exp/models/FloydWarshallDataset_tropical_0.0001_20000_20260220_103037_relu_best.pth...20260220_105533
At epoch 2086, test loss = 4.2085
...model saved to 15_exp/models/FloydWarshallDataset_tropical_0.0001_20000_20260220_103037_relu_best.pth...20260220_105534
At epoch 2088, test loss = 4.1981
...model saved to 15_exp/models/FloydWarshallDataset_tropical_0.0001_20000_20260220_103037_relu_best.pth...20260220_105535
At epoch 2092, test loss = 4.1812
...model saved to 15_exp/models/FloydWarshallDataset_tropical_0.0001_20000_20260220_103037_relu_best.pth...20260220_105538
At epoch 2097, test loss = 4.1773
...model saved to 15_exp/models/FloydWarshallDataset_tropical_0.0001_20000_20260220_103037_relu_best.pth...20260220_105542
At epoch 2099, test loss = 4.1594
...model saved to 15_exp/models/FloydWarshallDataset_tropical_0.0001_20000_20260220_103037_relu_best.pth...20260220_105543
At epoch 2106, test loss = 4.1590
...model saved to 15_exp/models/FloydWarshallDataset_tropical_0.0001_20000_20260220_103037_relu_best.pth...20260220_105548
At epoch 2107, test loss = 4.1523
...model saved to 15_exp/models/FloydWarshallDataset_tropical_0.0001_20000_20260220_103037_relu_best.pth...20260220_105549
At epoch 2109, test loss = 4.1479
...model saved to 15_exp/models/FloydWarshallDataset_tropical_0.0001_20000_20260220_103037_relu_best.pth...20260220_105550
At epoch 2113, test loss = 4.1278
...model saved to 15_exp/models/FloydWarshallDataset_tropical_0.0001_20000_20260220_103037_relu_best.pth...20260220_105553
At epoch 2115, test loss = 4.1225
...model saved to 15_exp/models/FloydWarshallDataset_tropical_0.0001_20000_20260220_103037_relu_best.pth...20260220_105554
At epoch 2118, test loss = 4.1094
...model saved to 15_exp/models/FloydWarshallDataset_tropical_0.0001_20000_20260220_103037_relu_best.pth...20260220_105557
At epoch 2124, test loss = 4.0859
...model saved to 15_exp/models/FloydWarshallDataset_tropical_0.0001_20000_20260220_103037_relu_best.pth...20260220_105601
At epoch 2128, test loss = 4.0806
...model saved to 15_exp/models/FloydWarshallDataset_tropical_0.0001_20000_20260220_103037_relu_best.pth...20260220_105603
At epoch 2134, test loss = 4.0788
...model saved to 15_exp/models/FloydWarshallDataset_tropical_0.0001_20000_20260220_103037_relu_best.pth...20260220_105608
At epoch 2135, test loss = 4.0773
...model saved to 15_exp/models/FloydWarshallDataset_tropical_0.0001_20000_20260220_103037_relu_best.pth...20260220_105608
At epoch 2138, test loss = 4.0661
...model saved to 15_exp/models/FloydWarshallDataset_tropical_0.0001_20000_20260220_103037_relu_best.pth...20260220_105610
At epoch 2139, test loss = 4.0445
...model saved to 15_exp/models/FloydWarshallDataset_tropical_0.0001_20000_20260220_103037_relu_best.pth...20260220_105611
At epoch 2143, test loss = 4.0336
...model saved to 15_exp/models/FloydWarshallDataset_tropical_0.0001_20000_20260220_103037_relu_best.pth...20260220_105614
At epoch 2148, test loss = 4.0245
...model saved to 15_exp/models/FloydWarshallDataset_tropical_0.0001_20000_20260220_103037_relu_best.pth...20260220_105618
At epoch 2150, test loss = 4.0172
...model saved to 15_exp/models/FloydWarshallDataset_tropical_0.0001_20000_20260220_103037_relu_best.pth...20260220_105619
At epoch 2151, test loss = 4.0108
...model saved to 15_exp/models/FloydWarshallDataset_tropical_0.0001_20000_20260220_103037_relu_best.pth...20260220_105620
At epoch 2157, test loss = 3.9960
...model saved to 15_exp/models/FloydWarshallDataset_tropical_0.0001_20000_20260220_103037_relu_best.pth...20260220_105624
At epoch 2159, test loss = 3.9867
...model saved to 15_exp/models/FloydWarshallDataset_tropical_0.0001_20000_20260220_103037_relu_best.pth...20260220_105625
At epoch 2163, test loss = 3.9822
...model saved to 15_exp/models/FloydWarshallDataset_tropical_0.0001_20000_20260220_103037_relu_best.pth...20260220_105628
At epoch 2168, test loss = 3.9792
...model saved to 15_exp/models/FloydWarshallDataset_tropical_0.0001_20000_20260220_103037_relu_best.pth...20260220_105632
At epoch 2171, test loss = 3.9559
...model saved to 15_exp/models/FloydWarshallDataset_tropical_0.0001_20000_20260220_103037_relu_best.pth...20260220_105634
At epoch 2175, test loss = 3.9542
...model saved to 15_exp/models/FloydWarshallDataset_tropical_0.0001_20000_20260220_103037_relu_best.pth...20260220_105636
At epoch 2176, test loss = 3.9491
...model saved to 15_exp/models/FloydWarshallDataset_tropical_0.0001_20000_20260220_103037_relu_best.pth...20260220_105637
At epoch 2179, test loss = 3.9447
...model saved to 15_exp/models/FloydWarshallDataset_tropical_0.0001_20000_20260220_103037_relu_best.pth...20260220_105639
At epoch 2184, test loss = 3.9437
...model saved to 15_exp/models/FloydWarshallDataset_tropical_0.0001_20000_20260220_103037_relu_best.pth...20260220_105643
At epoch 2185, test loss = 3.9374
...model saved to 15_exp/models/FloydWarshallDataset_tropical_0.0001_20000_20260220_103037_relu_best.pth...20260220_105643
At epoch 2187, test loss = 3.9301
...model saved to 15_exp/models/FloydWarshallDataset_tropical_0.0001_20000_20260220_103037_relu_best.pth...20260220_105645
At epoch 2189, test loss = 3.9212
...model saved to 15_exp/models/FloydWarshallDataset_tropical_0.0001_20000_20260220_103037_relu_best.pth...20260220_105646
At epoch 2190, test loss = 3.9139
...model saved to 15_exp/models/FloydWarshallDataset_tropical_0.0001_20000_20260220_103037_relu_best.pth...20260220_105647
At epoch 2192, test loss = 3.9126
...model saved to 15_exp/models/FloydWarshallDataset_tropical_0.0001_20000_20260220_103037_relu_best.pth...20260220_105648
At epoch 2199, test loss = 3.9013
...model saved to 15_exp/models/FloydWarshallDataset_tropical_0.0001_20000_20260220_103037_relu_best.pth...20260220_105653
At epoch 2203, test loss = 3.8991
...model saved to 15_exp/models/FloydWarshallDataset_tropical_0.0001_20000_20260220_103037_relu_best.pth...20260220_105656
At epoch 2204, test loss = 3.8958
...model saved to 15_exp/models/FloydWarshallDataset_tropical_0.0001_20000_20260220_103037_relu_best.pth...20260220_105657
At epoch 2205, test loss = 3.8859
...model saved to 15_exp/models/FloydWarshallDataset_tropical_0.0001_20000_20260220_103037_relu_best.pth...20260220_105658
At epoch 2207, test loss = 3.8835
...model saved to 15_exp/models/FloydWarshallDataset_tropical_0.0001_20000_20260220_103037_relu_best.pth...20260220_105659
At epoch 2208, test loss = 3.8807
...model saved to 15_exp/models/FloydWarshallDataset_tropical_0.0001_20000_20260220_103037_relu_best.pth...20260220_105700
At epoch 2209, test loss = 3.8749
...model saved to 15_exp/models/FloydWarshallDataset_tropical_0.0001_20000_20260220_103037_relu_best.pth...20260220_105700
At epoch 2211, test loss = 3.8652
...model saved to 15_exp/models/FloydWarshallDataset_tropical_0.0001_20000_20260220_103037_relu_best.pth...20260220_105702
At epoch 2213, test loss = 3.8541
...model saved to 15_exp/models/FloydWarshallDataset_tropical_0.0001_20000_20260220_103037_relu_best.pth...20260220_105703
At epoch 2221, test loss = 3.8454
...model saved to 15_exp/models/FloydWarshallDataset_tropical_0.0001_20000_20260220_103037_relu_best.pth...20260220_105709
At epoch 2227, test loss = 3.8407
...model saved to 15_exp/models/FloydWarshallDataset_tropical_0.0001_20000_20260220_103037_relu_best.pth...20260220_105713
At epoch 2228, test loss = 3.8387
...model saved to 15_exp/models/FloydWarshallDataset_tropical_0.0001_20000_20260220_103037_relu_best.pth...20260220_105714
At epoch 2229, test loss = 3.8301
...model saved to 15_exp/models/FloydWarshallDataset_tropical_0.0001_20000_20260220_103037_relu_best.pth...20260220_105715
At epoch 2234, test loss = 3.8291
...model saved to 15_exp/models/FloydWarshallDataset_tropical_0.0001_20000_20260220_103037_relu_best.pth...20260220_105718
At epoch 2236, test loss = 3.8172
...model saved to 15_exp/models/FloydWarshallDataset_tropical_0.0001_20000_20260220_103037_relu_best.pth...20260220_105719
At epoch 2239, test loss = 3.7943
...model saved to 15_exp/models/FloydWarshallDataset_tropical_0.0001_20000_20260220_103037_relu_best.pth...20260220_105722
At epoch 2243, test loss = 3.7870
...model saved to 15_exp/models/FloydWarshallDataset_tropical_0.0001_20000_20260220_103037_relu_best.pth...20260220_105724
At epoch 2251, test loss = 3.7860
...model saved to 15_exp/models/FloydWarshallDataset_tropical_0.0001_20000_20260220_103037_relu_best.pth...20260220_105730
At epoch 2252, test loss = 3.7788
...model saved to 15_exp/models/FloydWarshallDataset_tropical_0.0001_20000_20260220_103037_relu_best.pth...20260220_105731
At epoch 2259, test loss = 3.7653
...model saved to 15_exp/models/FloydWarshallDataset_tropical_0.0001_20000_20260220_103037_relu_best.pth...20260220_105736
At epoch 2264, test loss = 3.7643
...model saved to 15_exp/models/FloydWarshallDataset_tropical_0.0001_20000_20260220_103037_relu_best.pth...20260220_105739
At epoch 2265, test loss = 3.7460
...model saved to 15_exp/models/FloydWarshallDataset_tropical_0.0001_20000_20260220_103037_relu_best.pth...20260220_105740
At epoch 2271, test loss = 3.7247
...model saved to 15_exp/models/FloydWarshallDataset_tropical_0.0001_20000_20260220_103037_relu_best.pth...20260220_105744
At epoch 2284, test loss = 3.7055
...model saved to 15_exp/models/FloydWarshallDataset_tropical_0.0001_20000_20260220_103037_relu_best.pth...20260220_105752
At epoch 2289, test loss = 3.6966
...model saved to 15_exp/models/FloydWarshallDataset_tropical_0.0001_20000_20260220_103037_relu_best.pth...20260220_105756
At epoch 2296, test loss = 3.6862
...model saved to 15_exp/models/FloydWarshallDataset_tropical_0.0001_20000_20260220_103037_relu_best.pth...20260220_105800
At epoch 2304, test loss = 3.6796
...model saved to 15_exp/models/FloydWarshallDataset_tropical_0.0001_20000_20260220_103037_relu_best.pth...20260220_105806
At epoch 2306, test loss = 3.6704
...model saved to 15_exp/models/FloydWarshallDataset_tropical_0.0001_20000_20260220_103037_relu_best.pth...20260220_105807
At epoch 2307, test loss = 3.6671
...model saved to 15_exp/models/FloydWarshallDataset_tropical_0.0001_20000_20260220_103037_relu_best.pth...20260220_105808
At epoch 2313, test loss = 3.6613
...model saved to 15_exp/models/FloydWarshallDataset_tropical_0.0001_20000_20260220_103037_relu_best.pth...20260220_105812
At epoch 2317, test loss = 3.6514
...model saved to 15_exp/models/FloydWarshallDataset_tropical_0.0001_20000_20260220_103037_relu_best.pth...20260220_105814
At epoch 2321, test loss = 3.6380
...model saved to 15_exp/models/FloydWarshallDataset_tropical_0.0001_20000_20260220_103037_relu_best.pth...20260220_105817
At epoch 2331, test loss = 3.6303
...model saved to 15_exp/models/FloydWarshallDataset_tropical_0.0001_20000_20260220_103037_relu_best.pth...20260220_105823
At epoch 2333, test loss = 3.6268
...model saved to 15_exp/models/FloydWarshallDataset_tropical_0.0001_20000_20260220_103037_relu_best.pth...20260220_105825
At epoch 2334, test loss = 3.6194
...model saved to 15_exp/models/FloydWarshallDataset_tropical_0.0001_20000_20260220_103037_relu_best.pth...20260220_105825
At epoch 2340, test loss = 3.6031
...model saved to 15_exp/models/FloydWarshallDataset_tropical_0.0001_20000_20260220_103037_relu_best.pth...20260220_105830
At epoch 2344, test loss = 3.5998
...model saved to 15_exp/models/FloydWarshallDataset_tropical_0.0001_20000_20260220_103037_relu_best.pth...20260220_105832
At epoch 2352, test loss = 3.5777
...model saved to 15_exp/models/FloydWarshallDataset_tropical_0.0001_20000_20260220_103037_relu_best.pth...20260220_105837
At epoch 2354, test loss = 3.5670
...model saved to 15_exp/models/FloydWarshallDataset_tropical_0.0001_20000_20260220_103037_relu_best.pth...20260220_105839
At epoch 2365, test loss = 3.5629
...model saved to 15_exp/models/FloydWarshallDataset_tropical_0.0001_20000_20260220_103037_relu_best.pth...20260220_105846
At epoch 2370, test loss = 3.5598
...model saved to 15_exp/models/FloydWarshallDataset_tropical_0.0001_20000_20260220_103037_relu_best.pth...20260220_105849
At epoch 2372, test loss = 3.5459
...model saved to 15_exp/models/FloydWarshallDataset_tropical_0.0001_20000_20260220_103037_relu_best.pth...20260220_105851
At epoch 2379, test loss = 3.5381
...model saved to 15_exp/models/FloydWarshallDataset_tropical_0.0001_20000_20260220_103037_relu_best.pth...20260220_105855
At epoch 2383, test loss = 3.5355
...model saved to 15_exp/models/FloydWarshallDataset_tropical_0.0001_20000_20260220_103037_relu_best.pth...20260220_105858
At epoch 2386, test loss = 3.5342
...model saved to 15_exp/models/FloydWarshallDataset_tropical_0.0001_20000_20260220_103037_relu_best.pth...20260220_105900
At epoch 2392, test loss = 3.5135
...model saved to 15_exp/models/FloydWarshallDataset_tropical_0.0001_20000_20260220_103037_relu_best.pth...20260220_105904
At epoch 2397, test loss = 3.5051
...model saved to 15_exp/models/FloydWarshallDataset_tropical_0.0001_20000_20260220_103037_relu_best.pth...20260220_105908
At epoch 2402, test loss = 3.5030
...model saved to 15_exp/models/FloydWarshallDataset_tropical_0.0001_20000_20260220_103037_relu_best.pth...20260220_105911
At epoch 2404, test loss = 3.5029
...model saved to 15_exp/models/FloydWarshallDataset_tropical_0.0001_20000_20260220_103037_relu_best.pth...20260220_105913
At epoch 2406, test loss = 3.4872
...model saved to 15_exp/models/FloydWarshallDataset_tropical_0.0001_20000_20260220_103037_relu_best.pth...20260220_105914
At epoch 2410, test loss = 3.4841
...model saved to 15_exp/models/FloydWarshallDataset_tropical_0.0001_20000_20260220_103037_relu_best.pth...20260220_105917
At epoch 2413, test loss = 3.4796
...model saved to 15_exp/models/FloydWarshallDataset_tropical_0.0001_20000_20260220_103037_relu_best.pth...20260220_105919
At epoch 2419, test loss = 3.4770
...model saved to 15_exp/models/FloydWarshallDataset_tropical_0.0001_20000_20260220_103037_relu_best.pth...20260220_105923
At epoch 2421, test loss = 3.4655
...model saved to 15_exp/models/FloydWarshallDataset_tropical_0.0001_20000_20260220_103037_relu_best.pth...20260220_105924
At epoch 2431, test loss = 3.4592
...model saved to 15_exp/models/FloydWarshallDataset_tropical_0.0001_20000_20260220_103037_relu_best.pth...20260220_105931
At epoch 2433, test loss = 3.4491
...model saved to 15_exp/models/FloydWarshallDataset_tropical_0.0001_20000_20260220_103037_relu_best.pth...20260220_105932
At epoch 2442, test loss = 3.4475
...model saved to 15_exp/models/FloydWarshallDataset_tropical_0.0001_20000_20260220_103037_relu_best.pth...20260220_105938
At epoch 2443, test loss = 3.4336
...model saved to 15_exp/models/FloydWarshallDataset_tropical_0.0001_20000_20260220_103037_relu_best.pth...20260220_105939
At epoch 2451, test loss = 3.4274
...model saved to 15_exp/models/FloydWarshallDataset_tropical_0.0001_20000_20260220_103037_relu_best.pth...20260220_105944
At epoch 2453, test loss = 3.4227
...model saved to 15_exp/models/FloydWarshallDataset_tropical_0.0001_20000_20260220_103037_relu_best.pth...20260220_105945
At epoch 2458, test loss = 3.4221
...model saved to 15_exp/models/FloydWarshallDataset_tropical_0.0001_20000_20260220_103037_relu_best.pth...20260220_105949
At epoch 2459, test loss = 3.4184
...model saved to 15_exp/models/FloydWarshallDataset_tropical_0.0001_20000_20260220_103037_relu_best.pth...20260220_105949
At epoch 2460, test loss = 3.4102
...model saved to 15_exp/models/FloydWarshallDataset_tropical_0.0001_20000_20260220_103037_relu_best.pth...20260220_105950
At epoch 2464, test loss = 3.4085
...model saved to 15_exp/models/FloydWarshallDataset_tropical_0.0001_20000_20260220_103037_relu_best.pth...20260220_105953
At epoch 2469, test loss = 3.3972
...model saved to 15_exp/models/FloydWarshallDataset_tropical_0.0001_20000_20260220_103037_relu_best.pth...20260220_105956
At epoch 2474, test loss = 3.3931
...model saved to 15_exp/models/FloydWarshallDataset_tropical_0.0001_20000_20260220_103037_relu_best.pth...20260220_105959
At epoch 2476, test loss = 3.3910
...model saved to 15_exp/models/FloydWarshallDataset_tropical_0.0001_20000_20260220_103037_relu_best.pth...20260220_110000
At epoch 2478, test loss = 3.3880
...model saved to 15_exp/models/FloydWarshallDataset_tropical_0.0001_20000_20260220_103037_relu_best.pth...20260220_110002
At epoch 2484, test loss = 3.3794
...model saved to 15_exp/models/FloydWarshallDataset_tropical_0.0001_20000_20260220_103037_relu_best.pth...20260220_110006
At epoch 2492, test loss = 3.3517
...model saved to 15_exp/models/FloydWarshallDataset_tropical_0.0001_20000_20260220_103037_relu_best.pth...20260220_110011
At epoch 2500, test loss = 3.3498
...model saved to 15_exp/models/FloydWarshallDataset_tropical_0.0001_20000_20260220_103037_relu_best.pth...20260220_110017
At epoch 2509, test loss = 3.3451
...model saved to 15_exp/models/FloydWarshallDataset_tropical_0.0001_20000_20260220_103037_relu_best.pth...20260220_110023
At epoch 2511, test loss = 3.3306
...model saved to 15_exp/models/FloydWarshallDataset_tropical_0.0001_20000_20260220_103037_relu_best.pth...20260220_110024
At epoch 2514, test loss = 3.3304
...model saved to 15_exp/models/FloydWarshallDataset_tropical_0.0001_20000_20260220_103037_relu_best.pth...20260220_110026
At epoch 2525, test loss = 3.3291
...model saved to 15_exp/models/FloydWarshallDataset_tropical_0.0001_20000_20260220_103037_relu_best.pth...20260220_110033
At epoch 2529, test loss = 3.3100
...model saved to 15_exp/models/FloydWarshallDataset_tropical_0.0001_20000_20260220_103037_relu_best.pth...20260220_110036
At epoch 2533, test loss = 3.3093
...model saved to 15_exp/models/FloydWarshallDataset_tropical_0.0001_20000_20260220_103037_relu_best.pth...20260220_110039
At epoch 2534, test loss = 3.3066
...model saved to 15_exp/models/FloydWarshallDataset_tropical_0.0001_20000_20260220_103037_relu_best.pth...20260220_110039
At epoch 2536, test loss = 3.3043
...model saved to 15_exp/models/FloydWarshallDataset_tropical_0.0001_20000_20260220_103037_relu_best.pth...20260220_110041
At epoch 2540, test loss = 3.2896
...model saved to 15_exp/models/FloydWarshallDataset_tropical_0.0001_20000_20260220_103037_relu_best.pth...20260220_110044
At epoch 2544, test loss = 3.2852
...model saved to 15_exp/models/FloydWarshallDataset_tropical_0.0001_20000_20260220_103037_relu_best.pth...20260220_110046
At epoch 2548, test loss = 3.2843
...model saved to 15_exp/models/FloydWarshallDataset_tropical_0.0001_20000_20260220_103037_relu_best.pth...20260220_110049
At epoch 2551, test loss = 3.2818
...model saved to 15_exp/models/FloydWarshallDataset_tropical_0.0001_20000_20260220_103037_relu_best.pth...20260220_110051
At epoch 2556, test loss = 3.2732
...model saved to 15_exp/models/FloydWarshallDataset_tropical_0.0001_20000_20260220_103037_relu_best.pth...20260220_110054
At epoch 2565, test loss = 3.2726
...model saved to 15_exp/models/FloydWarshallDataset_tropical_0.0001_20000_20260220_103037_relu_best.pth...20260220_110100
At epoch 2567, test loss = 3.2717
...model saved to 15_exp/models/FloydWarshallDataset_tropical_0.0001_20000_20260220_103037_relu_best.pth...20260220_110102
At epoch 2572, test loss = 3.2645
...model saved to 15_exp/models/FloydWarshallDataset_tropical_0.0001_20000_20260220_103037_relu_best.pth...20260220_110105
At epoch 2574, test loss = 3.2567
...model saved to 15_exp/models/FloydWarshallDataset_tropical_0.0001_20000_20260220_103037_relu_best.pth...20260220_110106
At epoch 2583, test loss = 3.2564
...model saved to 15_exp/models/FloydWarshallDataset_tropical_0.0001_20000_20260220_103037_relu_best.pth...20260220_110112
At epoch 2584, test loss = 3.2520
...model saved to 15_exp/models/FloydWarshallDataset_tropical_0.0001_20000_20260220_103037_relu_best.pth...20260220_110113
At epoch 2585, test loss = 3.2507
...model saved to 15_exp/models/FloydWarshallDataset_tropical_0.0001_20000_20260220_103037_relu_best.pth...20260220_110114
At epoch 2587, test loss = 3.2505
...model saved to 15_exp/models/FloydWarshallDataset_tropical_0.0001_20000_20260220_103037_relu_best.pth...20260220_110115
At epoch 2588, test loss = 3.2493
...model saved to 15_exp/models/FloydWarshallDataset_tropical_0.0001_20000_20260220_103037_relu_best.pth...20260220_110116
At epoch 2589, test loss = 3.2370
...model saved to 15_exp/models/FloydWarshallDataset_tropical_0.0001_20000_20260220_103037_relu_best.pth...20260220_110116
At epoch 2593, test loss = 3.2236
...model saved to 15_exp/models/FloydWarshallDataset_tropical_0.0001_20000_20260220_103037_relu_best.pth...20260220_110119
At epoch 2604, test loss = 3.2210
...model saved to 15_exp/models/FloydWarshallDataset_tropical_0.0001_20000_20260220_103037_relu_best.pth...20260220_110126
At epoch 2605, test loss = 3.2146
...model saved to 15_exp/models/FloydWarshallDataset_tropical_0.0001_20000_20260220_103037_relu_best.pth...20260220_110127
At epoch 2612, test loss = 3.2013
...model saved to 15_exp/models/FloydWarshallDataset_tropical_0.0001_20000_20260220_103037_relu_best.pth...20260220_110132
At epoch 2614, test loss = 3.2006
...model saved to 15_exp/models/FloydWarshallDataset_tropical_0.0001_20000_20260220_103037_relu_best.pth...20260220_110133
At epoch 2619, test loss = 3.1958
...model saved to 15_exp/models/FloydWarshallDataset_tropical_0.0001_20000_20260220_103037_relu_best.pth...20260220_110136
At epoch 2621, test loss = 3.1896
...model saved to 15_exp/models/FloydWarshallDataset_tropical_0.0001_20000_20260220_103037_relu_best.pth...20260220_110138
At epoch 2624, test loss = 3.1726
...model saved to 15_exp/models/FloydWarshallDataset_tropical_0.0001_20000_20260220_103037_relu_best.pth...20260220_110140
At epoch 2639, test loss = 3.1655
...model saved to 15_exp/models/FloydWarshallDataset_tropical_0.0001_20000_20260220_103037_relu_best.pth...20260220_110150
At epoch 2644, test loss = 3.1604
...model saved to 15_exp/models/FloydWarshallDataset_tropical_0.0001_20000_20260220_103037_relu_best.pth...20260220_110153
At epoch 2656, test loss = 3.1441
...model saved to 15_exp/models/FloydWarshallDataset_tropical_0.0001_20000_20260220_103037_relu_best.pth...20260220_110201
At epoch 2660, test loss = 3.1403
...model saved to 15_exp/models/FloydWarshallDataset_tropical_0.0001_20000_20260220_103037_relu_best.pth...20260220_110204
At epoch 2667, test loss = 3.1396
...model saved to 15_exp/models/FloydWarshallDataset_tropical_0.0001_20000_20260220_103037_relu_best.pth...20260220_110208
At epoch 2672, test loss = 3.1315
...model saved to 15_exp/models/FloydWarshallDataset_tropical_0.0001_20000_20260220_103037_relu_best.pth...20260220_110212
At epoch 2673, test loss = 3.1293
...model saved to 15_exp/models/FloydWarshallDataset_tropical_0.0001_20000_20260220_103037_relu_best.pth...20260220_110212
At epoch 2674, test loss = 3.1251
...model saved to 15_exp/models/FloydWarshallDataset_tropical_0.0001_20000_20260220_103037_relu_best.pth...20260220_110213
At epoch 2679, test loss = 3.1215
...model saved to 15_exp/models/FloydWarshallDataset_tropical_0.0001_20000_20260220_103037_relu_best.pth...20260220_110216
At epoch 2680, test loss = 3.1105
...model saved to 15_exp/models/FloydWarshallDataset_tropical_0.0001_20000_20260220_103037_relu_best.pth...20260220_110217
At epoch 2690, test loss = 3.1050
...model saved to 15_exp/models/FloydWarshallDataset_tropical_0.0001_20000_20260220_103037_relu_best.pth...20260220_110224
At epoch 2695, test loss = 3.1049
...model saved to 15_exp/models/FloydWarshallDataset_tropical_0.0001_20000_20260220_103037_relu_best.pth...20260220_110227
At epoch 2696, test loss = 3.1015
...model saved to 15_exp/models/FloydWarshallDataset_tropical_0.0001_20000_20260220_103037_relu_best.pth...20260220_110228
At epoch 2698, test loss = 3.0964
...model saved to 15_exp/models/FloydWarshallDataset_tropical_0.0001_20000_20260220_103037_relu_best.pth...20260220_110229
At epoch 2702, test loss = 3.0912
...model saved to 15_exp/models/FloydWarshallDataset_tropical_0.0001_20000_20260220_103037_relu_best.pth...20260220_110232
At epoch 2705, test loss = 3.0882
...model saved to 15_exp/models/FloydWarshallDataset_tropical_0.0001_20000_20260220_103037_relu_best.pth...20260220_110234
At epoch 2713, test loss = 3.0851
...model saved to 15_exp/models/FloydWarshallDataset_tropical_0.0001_20000_20260220_103037_relu_best.pth...20260220_110239
At epoch 2715, test loss = 3.0748
...model saved to 15_exp/models/FloydWarshallDataset_tropical_0.0001_20000_20260220_103037_relu_best.pth...20260220_110241
At epoch 2718, test loss = 3.0735
...model saved to 15_exp/models/FloydWarshallDataset_tropical_0.0001_20000_20260220_103037_relu_best.pth...20260220_110243
At epoch 2722, test loss = 3.0684
...model saved to 15_exp/models/FloydWarshallDataset_tropical_0.0001_20000_20260220_103037_relu_best.pth...20260220_110245
At epoch 2723, test loss = 3.0607
...model saved to 15_exp/models/FloydWarshallDataset_tropical_0.0001_20000_20260220_103037_relu_best.pth...20260220_110246
At epoch 2732, test loss = 3.0596
...model saved to 15_exp/models/FloydWarshallDataset_tropical_0.0001_20000_20260220_103037_relu_best.pth...20260220_110252
At epoch 2735, test loss = 3.0592
...model saved to 15_exp/models/FloydWarshallDataset_tropical_0.0001_20000_20260220_103037_relu_best.pth...20260220_110254
At epoch 2736, test loss = 3.0504
...model saved to 15_exp/models/FloydWarshallDataset_tropical_0.0001_20000_20260220_103037_relu_best.pth...20260220_110255
At epoch 2740, test loss = 3.0501
...model saved to 15_exp/models/FloydWarshallDataset_tropical_0.0001_20000_20260220_103037_relu_best.pth...20260220_110257
At epoch 2745, test loss = 3.0336
...model saved to 15_exp/models/FloydWarshallDataset_tropical_0.0001_20000_20260220_103037_relu_best.pth...20260220_110301
At epoch 2759, test loss = 3.0330
...model saved to 15_exp/models/FloydWarshallDataset_tropical_0.0001_20000_20260220_103037_relu_best.pth...20260220_110310
At epoch 2767, test loss = 3.0256
...model saved to 15_exp/models/FloydWarshallDataset_tropical_0.0001_20000_20260220_103037_relu_best.pth...20260220_110315
At epoch 2768, test loss = 3.0145
...model saved to 15_exp/models/FloydWarshallDataset_tropical_0.0001_20000_20260220_103037_relu_best.pth...20260220_110316
At epoch 2776, test loss = 3.0058
...model saved to 15_exp/models/FloydWarshallDataset_tropical_0.0001_20000_20260220_103037_relu_best.pth...20260220_110321
At epoch 2779, test loss = 3.0035
...model saved to 15_exp/models/FloydWarshallDataset_tropical_0.0001_20000_20260220_103037_relu_best.pth...20260220_110323
At epoch 2787, test loss = 2.9945
...model saved to 15_exp/models/FloydWarshallDataset_tropical_0.0001_20000_20260220_103037_relu_best.pth...20260220_110328
At epoch 2795, test loss = 2.9941
...model saved to 15_exp/models/FloydWarshallDataset_tropical_0.0001_20000_20260220_103037_relu_best.pth...20260220_110334
At epoch 2798, test loss = 2.9824
...model saved to 15_exp/models/FloydWarshallDataset_tropical_0.0001_20000_20260220_103037_relu_best.pth...20260220_110336
At epoch 2803, test loss = 2.9765
...model saved to 15_exp/models/FloydWarshallDataset_tropical_0.0001_20000_20260220_103037_relu_best.pth...20260220_110339
At epoch 2809, test loss = 2.9760
...model saved to 15_exp/models/FloydWarshallDataset_tropical_0.0001_20000_20260220_103037_relu_best.pth...20260220_110343
At epoch 2812, test loss = 2.9730
...model saved to 15_exp/models/FloydWarshallDataset_tropical_0.0001_20000_20260220_103037_relu_best.pth...20260220_110345
At epoch 2818, test loss = 2.9587
...model saved to 15_exp/models/FloydWarshallDataset_tropical_0.0001_20000_20260220_103037_relu_best.pth...20260220_110349
At epoch 2830, test loss = 2.9547
...model saved to 15_exp/models/FloydWarshallDataset_tropical_0.0001_20000_20260220_103037_relu_best.pth...20260220_110357
At epoch 2832, test loss = 2.9522
...model saved to 15_exp/models/FloydWarshallDataset_tropical_0.0001_20000_20260220_103037_relu_best.pth...20260220_110358
At epoch 2837, test loss = 2.9467
...model saved to 15_exp/models/FloydWarshallDataset_tropical_0.0001_20000_20260220_103037_relu_best.pth...20260220_110402
At epoch 2839, test loss = 2.9408
...model saved to 15_exp/models/FloydWarshallDataset_tropical_0.0001_20000_20260220_103037_relu_best.pth...20260220_110403
At epoch 2840, test loss = 2.9391
...model saved to 15_exp/models/FloydWarshallDataset_tropical_0.0001_20000_20260220_103037_relu_best.pth...20260220_110404
At epoch 2848, test loss = 2.9316
...model saved to 15_exp/models/FloydWarshallDataset_tropical_0.0001_20000_20260220_103037_relu_best.pth...20260220_110409
At epoch 2851, test loss = 2.9199
...model saved to 15_exp/models/FloydWarshallDataset_tropical_0.0001_20000_20260220_103037_relu_best.pth...20260220_110411
At epoch 2863, test loss = 2.9178
...model saved to 15_exp/models/FloydWarshallDataset_tropical_0.0001_20000_20260220_103037_relu_best.pth...20260220_110419
At epoch 2866, test loss = 2.9117
...model saved to 15_exp/models/FloydWarshallDataset_tropical_0.0001_20000_20260220_103037_relu_best.pth...20260220_110421
At epoch 2867, test loss = 2.9112
...model saved to 15_exp/models/FloydWarshallDataset_tropical_0.0001_20000_20260220_103037_relu_best.pth...20260220_110421
At epoch 2870, test loss = 2.9074
...model saved to 15_exp/models/FloydWarshallDataset_tropical_0.0001_20000_20260220_103037_relu_best.pth...20260220_110423
At epoch 2880, test loss = 2.8995
...model saved to 15_exp/models/FloydWarshallDataset_tropical_0.0001_20000_20260220_103037_relu_best.pth...20260220_110430
At epoch 2884, test loss = 2.8967
...model saved to 15_exp/models/FloydWarshallDataset_tropical_0.0001_20000_20260220_103037_relu_best.pth...20260220_110433
At epoch 2885, test loss = 2.8946
...model saved to 15_exp/models/FloydWarshallDataset_tropical_0.0001_20000_20260220_103037_relu_best.pth...20260220_110433
At epoch 2892, test loss = 2.8931
...model saved to 15_exp/models/FloydWarshallDataset_tropical_0.0001_20000_20260220_103037_relu_best.pth...20260220_110438
At epoch 2902, test loss = 2.8890
...model saved to 15_exp/models/FloydWarshallDataset_tropical_0.0001_20000_20260220_103037_relu_best.pth...20260220_110444
At epoch 2903, test loss = 2.8766
...model saved to 15_exp/models/FloydWarshallDataset_tropical_0.0001_20000_20260220_103037_relu_best.pth...20260220_110445
At epoch 2905, test loss = 2.8678
...model saved to 15_exp/models/FloydWarshallDataset_tropical_0.0001_20000_20260220_103037_relu_best.pth...20260220_110446
At epoch 2915, test loss = 2.8677
...model saved to 15_exp/models/FloydWarshallDataset_tropical_0.0001_20000_20260220_103037_relu_best.pth...20260220_110453
At epoch 2918, test loss = 2.8616
...model saved to 15_exp/models/FloydWarshallDataset_tropical_0.0001_20000_20260220_103037_relu_best.pth...20260220_110455
At epoch 2927, test loss = 2.8514
...model saved to 15_exp/models/FloydWarshallDataset_tropical_0.0001_20000_20260220_103037_relu_best.pth...20260220_110501
At epoch 2928, test loss = 2.8459
...model saved to 15_exp/models/FloydWarshallDataset_tropical_0.0001_20000_20260220_103037_relu_best.pth...20260220_110502
At epoch 2933, test loss = 2.8435
...model saved to 15_exp/models/FloydWarshallDataset_tropical_0.0001_20000_20260220_103037_relu_best.pth...20260220_110505
At epoch 2939, test loss = 2.8416
...model saved to 15_exp/models/FloydWarshallDataset_tropical_0.0001_20000_20260220_103037_relu_best.pth...20260220_110509
At epoch 2942, test loss = 2.8325
...model saved to 15_exp/models/FloydWarshallDataset_tropical_0.0001_20000_20260220_103037_relu_best.pth...20260220_110511
At epoch 2951, test loss = 2.8257
...model saved to 15_exp/models/FloydWarshallDataset_tropical_0.0001_20000_20260220_103037_relu_best.pth...20260220_110517
At epoch 2953, test loss = 2.8222
...model saved to 15_exp/models/FloydWarshallDataset_tropical_0.0001_20000_20260220_103037_relu_best.pth...20260220_110519
At epoch 2961, test loss = 2.8205
...model saved to 15_exp/models/FloydWarshallDataset_tropical_0.0001_20000_20260220_103037_relu_best.pth...20260220_110524
At epoch 2963, test loss = 2.8169
...model saved to 15_exp/models/FloydWarshallDataset_tropical_0.0001_20000_20260220_103037_relu_best.pth...20260220_110525
At epoch 2964, test loss = 2.8122
...model saved to 15_exp/models/FloydWarshallDataset_tropical_0.0001_20000_20260220_103037_relu_best.pth...20260220_110526
At epoch 2965, test loss = 2.8095
...model saved to 15_exp/models/FloydWarshallDataset_tropical_0.0001_20000_20260220_103037_relu_best.pth...20260220_110527
At epoch 2972, test loss = 2.8085
...model saved to 15_exp/models/FloydWarshallDataset_tropical_0.0001_20000_20260220_103037_relu_best.pth...20260220_110531
At epoch 2973, test loss = 2.8070
...model saved to 15_exp/models/FloydWarshallDataset_tropical_0.0001_20000_20260220_103037_relu_best.pth...20260220_110532
At epoch 2975, test loss = 2.8041
...model saved to 15_exp/models/FloydWarshallDataset_tropical_0.0001_20000_20260220_103037_relu_best.pth...20260220_110533
At epoch 2982, test loss = 2.8024
...model saved to 15_exp/models/FloydWarshallDataset_tropical_0.0001_20000_20260220_103037_relu_best.pth...20260220_110538
At epoch 2989, test loss = 2.7898
...model saved to 15_exp/models/FloydWarshallDataset_tropical_0.0001_20000_20260220_103037_relu_best.pth...20260220_110543
At epoch 2990, test loss = 2.7844
...model saved to 15_exp/models/FloydWarshallDataset_tropical_0.0001_20000_20260220_103037_relu_best.pth...20260220_110543
At epoch 2995, test loss = 2.7809
...model saved to 15_exp/models/FloydWarshallDataset_tropical_0.0001_20000_20260220_103037_relu_best.pth...20260220_110547
At epoch 3003, test loss = 2.7804
...model saved to 15_exp/models/FloydWarshallDataset_tropical_0.0001_20000_20260220_103037_relu_best.pth...20260220_110552
At epoch 3004, test loss = 2.7736
...model saved to 15_exp/models/FloydWarshallDataset_tropical_0.0001_20000_20260220_103037_relu_best.pth...20260220_110553
At epoch 3012, test loss = 2.7598
...model saved to 15_exp/models/FloydWarshallDataset_tropical_0.0001_20000_20260220_103037_relu_best.pth...20260220_110558
At epoch 3023, test loss = 2.7579
...model saved to 15_exp/models/FloydWarshallDataset_tropical_0.0001_20000_20260220_103037_relu_best.pth...20260220_110605
At epoch 3031, test loss = 2.7499
...model saved to 15_exp/models/FloydWarshallDataset_tropical_0.0001_20000_20260220_103037_relu_best.pth...20260220_110611
At epoch 3035, test loss = 2.7499
...model saved to 15_exp/models/FloydWarshallDataset_tropical_0.0001_20000_20260220_103037_relu_best.pth...20260220_110613
At epoch 3045, test loss = 2.7420
...model saved to 15_exp/models/FloydWarshallDataset_tropical_0.0001_20000_20260220_103037_relu_best.pth...20260220_110620
At epoch 3047, test loss = 2.7341
...model saved to 15_exp/models/FloydWarshallDataset_tropical_0.0001_20000_20260220_103037_relu_best.pth...20260220_110621
At epoch 3053, test loss = 2.7324
...model saved to 15_exp/models/FloydWarshallDataset_tropical_0.0001_20000_20260220_103037_relu_best.pth...20260220_110625
At epoch 3058, test loss = 2.7270
...model saved to 15_exp/models/FloydWarshallDataset_tropical_0.0001_20000_20260220_103037_relu_best.pth...20260220_110629
At epoch 3063, test loss = 2.7255
...model saved to 15_exp/models/FloydWarshallDataset_tropical_0.0001_20000_20260220_103037_relu_best.pth...20260220_110632
At epoch 3065, test loss = 2.7221
...model saved to 15_exp/models/FloydWarshallDataset_tropical_0.0001_20000_20260220_103037_relu_best.pth...20260220_110633
At epoch 3069, test loss = 2.7201
...model saved to 15_exp/models/FloydWarshallDataset_tropical_0.0001_20000_20260220_103037_relu_best.pth...20260220_110636
At epoch 3072, test loss = 2.7179
...model saved to 15_exp/models/FloydWarshallDataset_tropical_0.0001_20000_20260220_103037_relu_best.pth...20260220_110638
At epoch 3076, test loss = 2.7149
...model saved to 15_exp/models/FloydWarshallDataset_tropical_0.0001_20000_20260220_103037_relu_best.pth...20260220_110641
At epoch 3077, test loss = 2.7135
...model saved to 15_exp/models/FloydWarshallDataset_tropical_0.0001_20000_20260220_103037_relu_best.pth...20260220_110641
At epoch 3082, test loss = 2.6990
...model saved to 15_exp/models/FloydWarshallDataset_tropical_0.0001_20000_20260220_103037_relu_best.pth...20260220_110645
At epoch 3095, test loss = 2.6957
...model saved to 15_exp/models/FloydWarshallDataset_tropical_0.0001_20000_20260220_103037_relu_best.pth...20260220_110653
At epoch 3098, test loss = 2.6903
...model saved to 15_exp/models/FloydWarshallDataset_tropical_0.0001_20000_20260220_103037_relu_best.pth...20260220_110655
At epoch 3105, test loss = 2.6880
...model saved to 15_exp/models/FloydWarshallDataset_tropical_0.0001_20000_20260220_103037_relu_best.pth...20260220_110700
At epoch 3108, test loss = 2.6792
...model saved to 15_exp/models/FloydWarshallDataset_tropical_0.0001_20000_20260220_103037_relu_best.pth...20260220_110702
At epoch 3110, test loss = 2.6767
...model saved to 15_exp/models/FloydWarshallDataset_tropical_0.0001_20000_20260220_103037_relu_best.pth...20260220_110703
At epoch 3122, test loss = 2.6663
...model saved to 15_exp/models/FloydWarshallDataset_tropical_0.0001_20000_20260220_103037_relu_best.pth...20260220_110711
At epoch 3131, test loss = 2.6607
...model saved to 15_exp/models/FloydWarshallDataset_tropical_0.0001_20000_20260220_103037_relu_best.pth...20260220_110717
At epoch 3140, test loss = 2.6559
...model saved to 15_exp/models/FloydWarshallDataset_tropical_0.0001_20000_20260220_103037_relu_best.pth...20260220_110723
At epoch 3141, test loss = 2.6483
...model saved to 15_exp/models/FloydWarshallDataset_tropical_0.0001_20000_20260220_103037_relu_best.pth...20260220_110724
At epoch 3149, test loss = 2.6450
...model saved to 15_exp/models/FloydWarshallDataset_tropical_0.0001_20000_20260220_103037_relu_best.pth...20260220_110729
At epoch 3155, test loss = 2.6386
...model saved to 15_exp/models/FloydWarshallDataset_tropical_0.0001_20000_20260220_103037_relu_best.pth...20260220_110733
At epoch 3162, test loss = 2.6337
...model saved to 15_exp/models/FloydWarshallDataset_tropical_0.0001_20000_20260220_103037_relu_best.pth...20260220_110738
At epoch 3166, test loss = 2.6320
...model saved to 15_exp/models/FloydWarshallDataset_tropical_0.0001_20000_20260220_103037_relu_best.pth...20260220_110740
At epoch 3168, test loss = 2.6295
...model saved to 15_exp/models/FloydWarshallDataset_tropical_0.0001_20000_20260220_103037_relu_best.pth...20260220_110742
At epoch 3172, test loss = 2.6194
...model saved to 15_exp/models/FloydWarshallDataset_tropical_0.0001_20000_20260220_103037_relu_best.pth...20260220_110744
At epoch 3178, test loss = 2.6175
...model saved to 15_exp/models/FloydWarshallDataset_tropical_0.0001_20000_20260220_103037_relu_best.pth...20260220_110748
At epoch 3183, test loss = 2.6117
...model saved to 15_exp/models/FloydWarshallDataset_tropical_0.0001_20000_20260220_103037_relu_best.pth...20260220_110752
At epoch 3192, test loss = 2.6068
...model saved to 15_exp/models/FloydWarshallDataset_tropical_0.0001_20000_20260220_103037_relu_best.pth...20260220_110757
At epoch 3193, test loss = 2.5992
...model saved to 15_exp/models/FloydWarshallDataset_tropical_0.0001_20000_20260220_103037_relu_best.pth...20260220_110758
At epoch 3209, test loss = 2.5946
...model saved to 15_exp/models/FloydWarshallDataset_tropical_0.0001_20000_20260220_103037_relu_best.pth...20260220_110809
At epoch 3216, test loss = 2.5903
...model saved to 15_exp/models/FloydWarshallDataset_tropical_0.0001_20000_20260220_103037_relu_best.pth...20260220_110813
At epoch 3225, test loss = 2.5890
...model saved to 15_exp/models/FloydWarshallDataset_tropical_0.0001_20000_20260220_103037_relu_best.pth...20260220_110819
At epoch 3226, test loss = 2.5766
...model saved to 15_exp/models/FloydWarshallDataset_tropical_0.0001_20000_20260220_103037_relu_best.pth...20260220_110820
At epoch 3233, test loss = 2.5762
...model saved to 15_exp/models/FloydWarshallDataset_tropical_0.0001_20000_20260220_103037_relu_best.pth...20260220_110825
At epoch 3236, test loss = 2.5688
...model saved to 15_exp/models/FloydWarshallDataset_tropical_0.0001_20000_20260220_103037_relu_best.pth...20260220_110827
At epoch 3243, test loss = 2.5669
...model saved to 15_exp/models/FloydWarshallDataset_tropical_0.0001_20000_20260220_103037_relu_best.pth...20260220_110831
At epoch 3250, test loss = 2.5654
...model saved to 15_exp/models/FloydWarshallDataset_tropical_0.0001_20000_20260220_103037_relu_best.pth...20260220_110836
At epoch 3254, test loss = 2.5630
...model saved to 15_exp/models/FloydWarshallDataset_tropical_0.0001_20000_20260220_103037_relu_best.pth...20260220_110839
At epoch 3258, test loss = 2.5536
...model saved to 15_exp/models/FloydWarshallDataset_tropical_0.0001_20000_20260220_103037_relu_best.pth...20260220_110841
At epoch 3263, test loss = 2.5524
...model saved to 15_exp/models/FloydWarshallDataset_tropical_0.0001_20000_20260220_103037_relu_best.pth...20260220_110845
At epoch 3268, test loss = 2.5508
...model saved to 15_exp/models/FloydWarshallDataset_tropical_0.0001_20000_20260220_103037_relu_best.pth...20260220_110848
At epoch 3271, test loss = 2.5420
...model saved to 15_exp/models/FloydWarshallDataset_tropical_0.0001_20000_20260220_103037_relu_best.pth...20260220_110850
At epoch 3274, test loss = 2.5411
...model saved to 15_exp/models/FloydWarshallDataset_tropical_0.0001_20000_20260220_103037_relu_best.pth...20260220_110852
At epoch 3278, test loss = 2.5404
...model saved to 15_exp/models/FloydWarshallDataset_tropical_0.0001_20000_20260220_103037_relu_best.pth...20260220_110855
At epoch 3280, test loss = 2.5376
...model saved to 15_exp/models/FloydWarshallDataset_tropical_0.0001_20000_20260220_103037_relu_best.pth...20260220_110856
At epoch 3283, test loss = 2.5348
...model saved to 15_exp/models/FloydWarshallDataset_tropical_0.0001_20000_20260220_103037_relu_best.pth...20260220_110858
At epoch 3292, test loss = 2.5296
...model saved to 15_exp/models/FloydWarshallDataset_tropical_0.0001_20000_20260220_103037_relu_best.pth...20260220_110904
At epoch 3298, test loss = 2.5290
...model saved to 15_exp/models/FloydWarshallDataset_tropical_0.0001_20000_20260220_103037_relu_best.pth...20260220_110908
At epoch 3299, test loss = 2.5184
...model saved to 15_exp/models/FloydWarshallDataset_tropical_0.0001_20000_20260220_103037_relu_best.pth...20260220_110909
At epoch 3305, test loss = 2.5174
...model saved to 15_exp/models/FloydWarshallDataset_tropical_0.0001_20000_20260220_103037_relu_best.pth...20260220_110913
At epoch 3306, test loss = 2.5152
...model saved to 15_exp/models/FloydWarshallDataset_tropical_0.0001_20000_20260220_103037_relu_best.pth...20260220_110913
At epoch 3307, test loss = 2.5132
...model saved to 15_exp/models/FloydWarshallDataset_tropical_0.0001_20000_20260220_103037_relu_best.pth...20260220_110914
At epoch 3319, test loss = 2.5062
...model saved to 15_exp/models/FloydWarshallDataset_tropical_0.0001_20000_20260220_103037_relu_best.pth...20260220_110922
At epoch 3328, test loss = 2.4995
...model saved to 15_exp/models/FloydWarshallDataset_tropical_0.0001_20000_20260220_103037_relu_best.pth...20260220_110928
At epoch 3338, test loss = 2.4958
...model saved to 15_exp/models/FloydWarshallDataset_tropical_0.0001_20000_20260220_103037_relu_best.pth...20260220_110935
At epoch 3339, test loss = 2.4938
...model saved to 15_exp/models/FloydWarshallDataset_tropical_0.0001_20000_20260220_103037_relu_best.pth...20260220_110935
At epoch 3343, test loss = 2.4904
...model saved to 15_exp/models/FloydWarshallDataset_tropical_0.0001_20000_20260220_103037_relu_best.pth...20260220_110938
At epoch 3351, test loss = 2.4844
...model saved to 15_exp/models/FloydWarshallDataset_tropical_0.0001_20000_20260220_103037_relu_best.pth...20260220_110943
At epoch 3354, test loss = 2.4841
...model saved to 15_exp/models/FloydWarshallDataset_tropical_0.0001_20000_20260220_103037_relu_best.pth...20260220_110945
At epoch 3357, test loss = 2.4825
...model saved to 15_exp/models/FloydWarshallDataset_tropical_0.0001_20000_20260220_103037_relu_best.pth...20260220_110947
At epoch 3364, test loss = 2.4813
...model saved to 15_exp/models/FloydWarshallDataset_tropical_0.0001_20000_20260220_103037_relu_best.pth...20260220_110952
At epoch 3369, test loss = 2.4790
...model saved to 15_exp/models/FloydWarshallDataset_tropical_0.0001_20000_20260220_103037_relu_best.pth...20260220_110955
At epoch 3374, test loss = 2.4687
...model saved to 15_exp/models/FloydWarshallDataset_tropical_0.0001_20000_20260220_103037_relu_best.pth...20260220_110958
At epoch 3377, test loss = 2.4648
...model saved to 15_exp/models/FloydWarshallDataset_tropical_0.0001_20000_20260220_103037_relu_best.pth...20260220_111000
At epoch 3392, test loss = 2.4601
...model saved to 15_exp/models/FloydWarshallDataset_tropical_0.0001_20000_20260220_103037_relu_best.pth...20260220_111010
At epoch 3393, test loss = 2.4547
...model saved to 15_exp/models/FloydWarshallDataset_tropical_0.0001_20000_20260220_103037_relu_best.pth...20260220_111011
At epoch 3409, test loss = 2.4485
...model saved to 15_exp/models/FloydWarshallDataset_tropical_0.0001_20000_20260220_103037_relu_best.pth...20260220_111022
At epoch 3422, test loss = 2.4415
...model saved to 15_exp/models/FloydWarshallDataset_tropical_0.0001_20000_20260220_103037_relu_best.pth...20260220_111030
At epoch 3428, test loss = 2.4356
...model saved to 15_exp/models/FloydWarshallDataset_tropical_0.0001_20000_20260220_103037_relu_best.pth...20260220_111034
At epoch 3432, test loss = 2.4338
...model saved to 15_exp/models/FloydWarshallDataset_tropical_0.0001_20000_20260220_103037_relu_best.pth...20260220_111037
At epoch 3434, test loss = 2.4286
...model saved to 15_exp/models/FloydWarshallDataset_tropical_0.0001_20000_20260220_103037_relu_best.pth...20260220_111038
At epoch 3437, test loss = 2.4267
...model saved to 15_exp/models/FloydWarshallDataset_tropical_0.0001_20000_20260220_103037_relu_best.pth...20260220_111040
At epoch 3447, test loss = 2.4264
...model saved to 15_exp/models/FloydWarshallDataset_tropical_0.0001_20000_20260220_103037_relu_best.pth...20260220_111047
At epoch 3448, test loss = 2.4252
...model saved to 15_exp/models/FloydWarshallDataset_tropical_0.0001_20000_20260220_103037_relu_best.pth...20260220_111047
At epoch 3450, test loss = 2.4237
...model saved to 15_exp/models/FloydWarshallDataset_tropical_0.0001_20000_20260220_103037_relu_best.pth...20260220_111049
At epoch 3451, test loss = 2.4087
...model saved to 15_exp/models/FloydWarshallDataset_tropical_0.0001_20000_20260220_103037_relu_best.pth...20260220_111050
At epoch 3473, test loss = 2.4064
...model saved to 15_exp/models/FloydWarshallDataset_tropical_0.0001_20000_20260220_103037_relu_best.pth...20260220_111104
At epoch 3480, test loss = 2.3997
...model saved to 15_exp/models/FloydWarshallDataset_tropical_0.0001_20000_20260220_103037_relu_best.pth...20260220_111109
At epoch 3489, test loss = 2.3966
...model saved to 15_exp/models/FloydWarshallDataset_tropical_0.0001_20000_20260220_103037_relu_best.pth...20260220_111115
At epoch 3490, test loss = 2.3933
...model saved to 15_exp/models/FloydWarshallDataset_tropical_0.0001_20000_20260220_103037_relu_best.pth...20260220_111115
At epoch 3494, test loss = 2.3867
...model saved to 15_exp/models/FloydWarshallDataset_tropical_0.0001_20000_20260220_103037_relu_best.pth...20260220_111118
At epoch 3514, test loss = 2.3802
...model saved to 15_exp/models/FloydWarshallDataset_tropical_0.0001_20000_20260220_103037_relu_best.pth...20260220_111131
At epoch 3523, test loss = 2.3799
...model saved to 15_exp/models/FloydWarshallDataset_tropical_0.0001_20000_20260220_103037_relu_best.pth...20260220_111137
At epoch 3527, test loss = 2.3745
...model saved to 15_exp/models/FloydWarshallDataset_tropical_0.0001_20000_20260220_103037_relu_best.pth...20260220_111140
At epoch 3528, test loss = 2.3734
...model saved to 15_exp/models/FloydWarshallDataset_tropical_0.0001_20000_20260220_103037_relu_best.pth...20260220_111141
At epoch 3532, test loss = 2.3696
...model saved to 15_exp/models/FloydWarshallDataset_tropical_0.0001_20000_20260220_103037_relu_best.pth...20260220_111143
At epoch 3533, test loss = 2.3547
...model saved to 15_exp/models/FloydWarshallDataset_tropical_0.0001_20000_20260220_103037_relu_best.pth...20260220_111144
At epoch 3559, test loss = 2.3462
...model saved to 15_exp/models/FloydWarshallDataset_tropical_0.0001_20000_20260220_103037_relu_best.pth...20260220_111201
At epoch 3574, test loss = 2.3410
...model saved to 15_exp/models/FloydWarshallDataset_tropical_0.0001_20000_20260220_103037_relu_best.pth...20260220_111211
At epoch 3588, test loss = 2.3357
...model saved to 15_exp/models/FloydWarshallDataset_tropical_0.0001_20000_20260220_103037_relu_best.pth...20260220_111220
At epoch 3590, test loss = 2.3356
...model saved to 15_exp/models/FloydWarshallDataset_tropical_0.0001_20000_20260220_103037_relu_best.pth...20260220_111222
At epoch 3597, test loss = 2.3238
...model saved to 15_exp/models/FloydWarshallDataset_tropical_0.0001_20000_20260220_103037_relu_best.pth...20260220_111226
At epoch 3614, test loss = 2.3206
...model saved to 15_exp/models/FloydWarshallDataset_tropical_0.0001_20000_20260220_103037_relu_best.pth...20260220_111238
At epoch 3618, test loss = 2.3094
...model saved to 15_exp/models/FloydWarshallDataset_tropical_0.0001_20000_20260220_103037_relu_best.pth...20260220_111240
At epoch 3633, test loss = 2.3043
...model saved to 15_exp/models/FloydWarshallDataset_tropical_0.0001_20000_20260220_103037_relu_best.pth...20260220_111250
At epoch 3651, test loss = 2.3001
...model saved to 15_exp/models/FloydWarshallDataset_tropical_0.0001_20000_20260220_103037_relu_best.pth...20260220_111302
At epoch 3653, test loss = 2.2998
...model saved to 15_exp/models/FloydWarshallDataset_tropical_0.0001_20000_20260220_103037_relu_best.pth...20260220_111303
At epoch 3659, test loss = 2.2919
...model saved to 15_exp/models/FloydWarshallDataset_tropical_0.0001_20000_20260220_103037_relu_best.pth...20260220_111307
At epoch 3664, test loss = 2.2873
...model saved to 15_exp/models/FloydWarshallDataset_tropical_0.0001_20000_20260220_103037_relu_best.pth...20260220_111311
At epoch 3668, test loss = 2.2817
...model saved to 15_exp/models/FloydWarshallDataset_tropical_0.0001_20000_20260220_103037_relu_best.pth...20260220_111313
At epoch 3682, test loss = 2.2778
...model saved to 15_exp/models/FloydWarshallDataset_tropical_0.0001_20000_20260220_103037_relu_best.pth...20260220_111323
At epoch 3698, test loss = 2.2703
...model saved to 15_exp/models/FloydWarshallDataset_tropical_0.0001_20000_20260220_103037_relu_best.pth...20260220_111333
At epoch 3701, test loss = 2.2637
...model saved to 15_exp/models/FloydWarshallDataset_tropical_0.0001_20000_20260220_103037_relu_best.pth...20260220_111335
At epoch 3717, test loss = 2.2604
...model saved to 15_exp/models/FloydWarshallDataset_tropical_0.0001_20000_20260220_103037_relu_best.pth...20260220_111346
At epoch 3718, test loss = 2.2585
...model saved to 15_exp/models/FloydWarshallDataset_tropical_0.0001_20000_20260220_103037_relu_best.pth...20260220_111347
At epoch 3724, test loss = 2.2547
...model saved to 15_exp/models/FloydWarshallDataset_tropical_0.0001_20000_20260220_103037_relu_best.pth...20260220_111351
At epoch 3732, test loss = 2.2511
...model saved to 15_exp/models/FloydWarshallDataset_tropical_0.0001_20000_20260220_103037_relu_best.pth...20260220_111356
At epoch 3743, test loss = 2.2486
...model saved to 15_exp/models/FloydWarshallDataset_tropical_0.0001_20000_20260220_103037_relu_best.pth...20260220_111404
At epoch 3745, test loss = 2.2360
...model saved to 15_exp/models/FloydWarshallDataset_tropical_0.0001_20000_20260220_103037_relu_best.pth...20260220_111405
At epoch 3754, test loss = 2.2330
...model saved to 15_exp/models/FloydWarshallDataset_tropical_0.0001_20000_20260220_103037_relu_best.pth...20260220_111411
At epoch 3760, test loss = 2.2325
...model saved to 15_exp/models/FloydWarshallDataset_tropical_0.0001_20000_20260220_103037_relu_best.pth...20260220_111415
At epoch 3763, test loss = 2.2316
...model saved to 15_exp/models/FloydWarshallDataset_tropical_0.0001_20000_20260220_103037_relu_best.pth...20260220_111417
At epoch 3769, test loss = 2.2272
...model saved to 15_exp/models/FloydWarshallDataset_tropical_0.0001_20000_20260220_103037_relu_best.pth...20260220_111421
At epoch 3787, test loss = 2.2245
...model saved to 15_exp/models/FloydWarshallDataset_tropical_0.0001_20000_20260220_103037_relu_best.pth...20260220_111433
At epoch 3790, test loss = 2.2233
...model saved to 15_exp/models/FloydWarshallDataset_tropical_0.0001_20000_20260220_103037_relu_best.pth...20260220_111435
At epoch 3794, test loss = 2.2187
...model saved to 15_exp/models/FloydWarshallDataset_tropical_0.0001_20000_20260220_103037_relu_best.pth...20260220_111438
At epoch 3806, test loss = 2.2132
...model saved to 15_exp/models/FloydWarshallDataset_tropical_0.0001_20000_20260220_103037_relu_best.pth...20260220_111446
At epoch 3808, test loss = 2.2116
...model saved to 15_exp/models/FloydWarshallDataset_tropical_0.0001_20000_20260220_103037_relu_best.pth...20260220_111447
At epoch 3819, test loss = 2.2115
...model saved to 15_exp/models/FloydWarshallDataset_tropical_0.0001_20000_20260220_103037_relu_best.pth...20260220_111455
At epoch 3821, test loss = 2.2049
...model saved to 15_exp/models/FloydWarshallDataset_tropical_0.0001_20000_20260220_103037_relu_best.pth...20260220_111456
At epoch 3827, test loss = 2.2041
...model saved to 15_exp/models/FloydWarshallDataset_tropical_0.0001_20000_20260220_103037_relu_best.pth...20260220_111500
At epoch 3834, test loss = 2.2019
...model saved to 15_exp/models/FloydWarshallDataset_tropical_0.0001_20000_20260220_103037_relu_best.pth...20260220_111505
At epoch 3836, test loss = 2.1979
...model saved to 15_exp/models/FloydWarshallDataset_tropical_0.0001_20000_20260220_103037_relu_best.pth...20260220_111506
At epoch 3841, test loss = 2.1852
...model saved to 15_exp/models/FloydWarshallDataset_tropical_0.0001_20000_20260220_103037_relu_best.pth...20260220_111509
At epoch 3878, test loss = 2.1784
...model saved to 15_exp/models/FloydWarshallDataset_tropical_0.0001_20000_20260220_103037_relu_best.pth...20260220_111534
At epoch 3883, test loss = 2.1779
...model saved to 15_exp/models/FloydWarshallDataset_tropical_0.0001_20000_20260220_103037_relu_best.pth...20260220_111537
At epoch 3887, test loss = 2.1777
...model saved to 15_exp/models/FloydWarshallDataset_tropical_0.0001_20000_20260220_103037_relu_best.pth...20260220_111540
At epoch 3891, test loss = 2.1771
...model saved to 15_exp/models/FloydWarshallDataset_tropical_0.0001_20000_20260220_103037_relu_best.pth...20260220_111543
At epoch 3894, test loss = 2.1724
...model saved to 15_exp/models/FloydWarshallDataset_tropical_0.0001_20000_20260220_103037_relu_best.pth...20260220_111545
At epoch 3900, test loss = 2.1649
...model saved to 15_exp/models/FloydWarshallDataset_tropical_0.0001_20000_20260220_103037_relu_best.pth...20260220_111549
At epoch 3906, test loss = 2.1612
...model saved to 15_exp/models/FloydWarshallDataset_tropical_0.0001_20000_20260220_103037_relu_best.pth...20260220_111553
At epoch 3912, test loss = 2.1515
...model saved to 15_exp/models/FloydWarshallDataset_tropical_0.0001_20000_20260220_103037_relu_best.pth...20260220_111557
At epoch 3941, test loss = 2.1487
...model saved to 15_exp/models/FloydWarshallDataset_tropical_0.0001_20000_20260220_103037_relu_best.pth...20260220_111616
At epoch 3943, test loss = 2.1404
...model saved to 15_exp/models/FloydWarshallDataset_tropical_0.0001_20000_20260220_103037_relu_best.pth...20260220_111617
At epoch 3951, test loss = 2.1332
...model saved to 15_exp/models/FloydWarshallDataset_tropical_0.0001_20000_20260220_103037_relu_best.pth...20260220_111622
At epoch 3977, test loss = 2.1230
...model saved to 15_exp/models/FloydWarshallDataset_tropical_0.0001_20000_20260220_103037_relu_best.pth...20260220_111639
At epoch 3990, test loss = 2.1187
...model saved to 15_exp/models/FloydWarshallDataset_tropical_0.0001_20000_20260220_103037_relu_best.pth...20260220_111648
At epoch 3994, test loss = 2.1172
...model saved to 15_exp/models/FloydWarshallDataset_tropical_0.0001_20000_20260220_103037_relu_best.pth...20260220_111650
At epoch 4004, test loss = 2.1133
...model saved to 15_exp/models/FloydWarshallDataset_tropical_0.0001_20000_20260220_103037_relu_best.pth...20260220_111657
At epoch 4025, test loss = 2.1111
...model saved to 15_exp/models/FloydWarshallDataset_tropical_0.0001_20000_20260220_103037_relu_best.pth...20260220_111711
At epoch 4030, test loss = 2.1067
...model saved to 15_exp/models/FloydWarshallDataset_tropical_0.0001_20000_20260220_103037_relu_best.pth...20260220_111714
At epoch 4033, test loss = 2.1035
...model saved to 15_exp/models/FloydWarshallDataset_tropical_0.0001_20000_20260220_103037_relu_best.pth...20260220_111716
At epoch 4046, test loss = 2.0972
...model saved to 15_exp/models/FloydWarshallDataset_tropical_0.0001_20000_20260220_103037_relu_best.pth...20260220_111724
At epoch 4052, test loss = 2.0898
...model saved to 15_exp/models/FloydWarshallDataset_tropical_0.0001_20000_20260220_103037_relu_best.pth...20260220_111728
At epoch 4070, test loss = 2.0882
...model saved to 15_exp/models/FloydWarshallDataset_tropical_0.0001_20000_20260220_103037_relu_best.pth...20260220_111740
At epoch 4079, test loss = 2.0813
...model saved to 15_exp/models/FloydWarshallDataset_tropical_0.0001_20000_20260220_103037_relu_best.pth...20260220_111746
At epoch 4083, test loss = 2.0807
...model saved to 15_exp/models/FloydWarshallDataset_tropical_0.0001_20000_20260220_103037_relu_best.pth...20260220_111749
At epoch 4086, test loss = 2.0752
...model saved to 15_exp/models/FloydWarshallDataset_tropical_0.0001_20000_20260220_103037_relu_best.pth...20260220_111750
At epoch 4095, test loss = 2.0716
...model saved to 15_exp/models/FloydWarshallDataset_tropical_0.0001_20000_20260220_103037_relu_best.pth...20260220_111756
At epoch 4100, test loss = 2.0713
...model saved to 15_exp/models/FloydWarshallDataset_tropical_0.0001_20000_20260220_103037_relu_best.pth...20260220_111800
At epoch 4111, test loss = 2.0697
...model saved to 15_exp/models/FloydWarshallDataset_tropical_0.0001_20000_20260220_103037_relu_best.pth...20260220_111807
At epoch 4113, test loss = 2.0674
...model saved to 15_exp/models/FloydWarshallDataset_tropical_0.0001_20000_20260220_103037_relu_best.pth...20260220_111808
At epoch 4119, test loss = 2.0674
...model saved to 15_exp/models/FloydWarshallDataset_tropical_0.0001_20000_20260220_103037_relu_best.pth...20260220_111812
At epoch 4125, test loss = 2.0606
...model saved to 15_exp/models/FloydWarshallDataset_tropical_0.0001_20000_20260220_103037_relu_best.pth...20260220_111816
At epoch 4130, test loss = 2.0603
...model saved to 15_exp/models/FloydWarshallDataset_tropical_0.0001_20000_20260220_103037_relu_best.pth...20260220_111819
At epoch 4143, test loss = 2.0503
...model saved to 15_exp/models/FloydWarshallDataset_tropical_0.0001_20000_20260220_103037_relu_best.pth...20260220_111828
At epoch 4168, test loss = 2.0489
...model saved to 15_exp/models/FloydWarshallDataset_tropical_0.0001_20000_20260220_103037_relu_best.pth...20260220_111844
At epoch 4170, test loss = 2.0454
...model saved to 15_exp/models/FloydWarshallDataset_tropical_0.0001_20000_20260220_103037_relu_best.pth...20260220_111845
At epoch 4174, test loss = 2.0447
...model saved to 15_exp/models/FloydWarshallDataset_tropical_0.0001_20000_20260220_103037_relu_best.pth...20260220_111848
At epoch 4177, test loss = 2.0445
...model saved to 15_exp/models/FloydWarshallDataset_tropical_0.0001_20000_20260220_103037_relu_best.pth...20260220_111850
At epoch 4179, test loss = 2.0349
...model saved to 15_exp/models/FloydWarshallDataset_tropical_0.0001_20000_20260220_103037_relu_best.pth...20260220_111851
At epoch 4181, test loss = 2.0349
...model saved to 15_exp/models/FloydWarshallDataset_tropical_0.0001_20000_20260220_103037_relu_best.pth...20260220_111852
At epoch 4191, test loss = 2.0342
...model saved to 15_exp/models/FloydWarshallDataset_tropical_0.0001_20000_20260220_103037_relu_best.pth...20260220_111859
At epoch 4206, test loss = 2.0342
...model saved to 15_exp/models/FloydWarshallDataset_tropical_0.0001_20000_20260220_103037_relu_best.pth...20260220_111908
At epoch 4208, test loss = 2.0261
...model saved to 15_exp/models/FloydWarshallDataset_tropical_0.0001_20000_20260220_103037_relu_best.pth...20260220_111910
At epoch 4215, test loss = 2.0209
...model saved to 15_exp/models/FloydWarshallDataset_tropical_0.0001_20000_20260220_103037_relu_best.pth...20260220_111914
At epoch 4220, test loss = 2.0199
...model saved to 15_exp/models/FloydWarshallDataset_tropical_0.0001_20000_20260220_103037_relu_best.pth...20260220_111918
At epoch 4224, test loss = 2.0173
...model saved to 15_exp/models/FloydWarshallDataset_tropical_0.0001_20000_20260220_103037_relu_best.pth...20260220_111920
At epoch 4225, test loss = 2.0160
...model saved to 15_exp/models/FloydWarshallDataset_tropical_0.0001_20000_20260220_103037_relu_best.pth...20260220_111921
At epoch 4241, test loss = 2.0103
...model saved to 15_exp/models/FloydWarshallDataset_tropical_0.0001_20000_20260220_103037_relu_best.pth...20260220_111931
At epoch 4253, test loss = 2.0092
...model saved to 15_exp/models/FloydWarshallDataset_tropical_0.0001_20000_20260220_103037_relu_best.pth...20260220_111939
At epoch 4254, test loss = 2.0087
...model saved to 15_exp/models/FloydWarshallDataset_tropical_0.0001_20000_20260220_103037_relu_best.pth...20260220_111940
At epoch 4258, test loss = 2.0054
...model saved to 15_exp/models/FloydWarshallDataset_tropical_0.0001_20000_20260220_103037_relu_best.pth...20260220_111942
At epoch 4271, test loss = 2.0022
...model saved to 15_exp/models/FloydWarshallDataset_tropical_0.0001_20000_20260220_103037_relu_best.pth...20260220_111950
At epoch 4281, test loss = 1.9915
...model saved to 15_exp/models/FloydWarshallDataset_tropical_0.0001_20000_20260220_103037_relu_best.pth...20260220_111957
At epoch 4284, test loss = 1.9811
...model saved to 15_exp/models/FloydWarshallDataset_tropical_0.0001_20000_20260220_103037_relu_best.pth...20260220_111959
At epoch 4327, test loss = 1.9773
...model saved to 15_exp/models/FloydWarshallDataset_tropical_0.0001_20000_20260220_103037_relu_best.pth...20260220_112027
At epoch 4338, test loss = 1.9676
...model saved to 15_exp/models/FloydWarshallDataset_tropical_0.0001_20000_20260220_103037_relu_best.pth...20260220_112034
At epoch 4347, test loss = 1.9673
...model saved to 15_exp/models/FloydWarshallDataset_tropical_0.0001_20000_20260220_103037_relu_best.pth...20260220_112039
At epoch 4358, test loss = 1.9652
...model saved to 15_exp/models/FloydWarshallDataset_tropical_0.0001_20000_20260220_103037_relu_best.pth...20260220_112046
At epoch 4368, test loss = 1.9587
...model saved to 15_exp/models/FloydWarshallDataset_tropical_0.0001_20000_20260220_103037_relu_best.pth...20260220_112053
At epoch 4375, test loss = 1.9586
...model saved to 15_exp/models/FloydWarshallDataset_tropical_0.0001_20000_20260220_103037_relu_best.pth...20260220_112057
At epoch 4376, test loss = 1.9566
...model saved to 15_exp/models/FloydWarshallDataset_tropical_0.0001_20000_20260220_103037_relu_best.pth...20260220_112058
At epoch 4386, test loss = 1.9510
...model saved to 15_exp/models/FloydWarshallDataset_tropical_0.0001_20000_20260220_103037_relu_best.pth...20260220_112105
At epoch 4407, test loss = 1.9490
...model saved to 15_exp/models/FloydWarshallDataset_tropical_0.0001_20000_20260220_103037_relu_best.pth...20260220_112119
At epoch 4410, test loss = 1.9455
...model saved to 15_exp/models/FloydWarshallDataset_tropical_0.0001_20000_20260220_103037_relu_best.pth...20260220_112121
At epoch 4422, test loss = 1.9383
...model saved to 15_exp/models/FloydWarshallDataset_tropical_0.0001_20000_20260220_103037_relu_best.pth...20260220_112130
At epoch 4434, test loss = 1.9368
...model saved to 15_exp/models/FloydWarshallDataset_tropical_0.0001_20000_20260220_103037_relu_best.pth...20260220_112138
At epoch 4439, test loss = 1.9324
...model saved to 15_exp/models/FloydWarshallDataset_tropical_0.0001_20000_20260220_103037_relu_best.pth...20260220_112141
At epoch 4441, test loss = 1.9298
...model saved to 15_exp/models/FloydWarshallDataset_tropical_0.0001_20000_20260220_103037_relu_best.pth...20260220_112143
At epoch 4457, test loss = 1.9280
...model saved to 15_exp/models/FloydWarshallDataset_tropical_0.0001_20000_20260220_103037_relu_best.pth...20260220_112153
At epoch 4469, test loss = 1.9274
...model saved to 15_exp/models/FloydWarshallDataset_tropical_0.0001_20000_20260220_103037_relu_best.pth...20260220_112201
At epoch 4472, test loss = 1.9253
...model saved to 15_exp/models/FloydWarshallDataset_tropical_0.0001_20000_20260220_103037_relu_best.pth...20260220_112203
At epoch 4476, test loss = 1.9241
...model saved to 15_exp/models/FloydWarshallDataset_tropical_0.0001_20000_20260220_103037_relu_best.pth...20260220_112206
At epoch 4478, test loss = 1.9220
...model saved to 15_exp/models/FloydWarshallDataset_tropical_0.0001_20000_20260220_103037_relu_best.pth...20260220_112207
At epoch 4486, test loss = 1.9096
...model saved to 15_exp/models/FloydWarshallDataset_tropical_0.0001_20000_20260220_103037_relu_best.pth...20260220_112212
At epoch 4513, test loss = 1.9054
...model saved to 15_exp/models/FloydWarshallDataset_tropical_0.0001_20000_20260220_103037_relu_best.pth...20260220_112229
At epoch 4520, test loss = 1.9035
...model saved to 15_exp/models/FloydWarshallDataset_tropical_0.0001_20000_20260220_103037_relu_best.pth...20260220_112234
At epoch 4535, test loss = 1.8947
...model saved to 15_exp/models/FloydWarshallDataset_tropical_0.0001_20000_20260220_103037_relu_best.pth...20260220_112244
At epoch 4550, test loss = 1.8934
...model saved to 15_exp/models/FloydWarshallDataset_tropical_0.0001_20000_20260220_103037_relu_best.pth...20260220_112254
At epoch 4560, test loss = 1.8897
...model saved to 15_exp/models/FloydWarshallDataset_tropical_0.0001_20000_20260220_103037_relu_best.pth...20260220_112300
At epoch 4563, test loss = 1.8893
...model saved to 15_exp/models/FloydWarshallDataset_tropical_0.0001_20000_20260220_103037_relu_best.pth...20260220_112302
At epoch 4570, test loss = 1.8844
...model saved to 15_exp/models/FloydWarshallDataset_tropical_0.0001_20000_20260220_103037_relu_best.pth...20260220_112306
At epoch 4572, test loss = 1.8819
...model saved to 15_exp/models/FloydWarshallDataset_tropical_0.0001_20000_20260220_103037_relu_best.pth...20260220_112308
At epoch 4595, test loss = 1.8796
...model saved to 15_exp/models/FloydWarshallDataset_tropical_0.0001_20000_20260220_103037_relu_best.pth...20260220_112322
At epoch 4604, test loss = 1.8690
...model saved to 15_exp/models/FloydWarshallDataset_tropical_0.0001_20000_20260220_103037_relu_best.pth...20260220_112328
At epoch 4612, test loss = 1.8642
...model saved to 15_exp/models/FloydWarshallDataset_tropical_0.0001_20000_20260220_103037_relu_best.pth...20260220_112333
At epoch 4636, test loss = 1.8615
...model saved to 15_exp/models/FloydWarshallDataset_tropical_0.0001_20000_20260220_103037_relu_best.pth...20260220_112349
At epoch 4643, test loss = 1.8614
...model saved to 15_exp/models/FloydWarshallDataset_tropical_0.0001_20000_20260220_103037_relu_best.pth...20260220_112353
At epoch 4653, test loss = 1.8605
...model saved to 15_exp/models/FloydWarshallDataset_tropical_0.0001_20000_20260220_103037_relu_best.pth...20260220_112401
At epoch 4655, test loss = 1.8581
...model saved to 15_exp/models/FloydWarshallDataset_tropical_0.0001_20000_20260220_103037_relu_best.pth...20260220_112402
At epoch 4657, test loss = 1.8557
...model saved to 15_exp/models/FloydWarshallDataset_tropical_0.0001_20000_20260220_103037_relu_best.pth...20260220_112404
At epoch 4668, test loss = 1.8509
...model saved to 15_exp/models/FloydWarshallDataset_tropical_0.0001_20000_20260220_103037_relu_best.pth...20260220_112412
At epoch 4676, test loss = 1.8451
...model saved to 15_exp/models/FloydWarshallDataset_tropical_0.0001_20000_20260220_103037_relu_best.pth...20260220_112418
At epoch 4679, test loss = 1.8404
...model saved to 15_exp/models/FloydWarshallDataset_tropical_0.0001_20000_20260220_103037_relu_best.pth...20260220_112420
At epoch 4711, test loss = 1.8359
...model saved to 15_exp/models/FloydWarshallDataset_tropical_0.0001_20000_20260220_103037_relu_best.pth...20260220_112444
At epoch 4721, test loss = 1.8294
...model saved to 15_exp/models/FloydWarshallDataset_tropical_0.0001_20000_20260220_103037_relu_best.pth...20260220_112452
At epoch 4735, test loss = 1.8263
...model saved to 15_exp/models/FloydWarshallDataset_tropical_0.0001_20000_20260220_103037_relu_best.pth...20260220_112502
At epoch 4747, test loss = 1.8249
...model saved to 15_exp/models/FloydWarshallDataset_tropical_0.0001_20000_20260220_103037_relu_best.pth...20260220_112512
At epoch 4755, test loss = 1.8192
...model saved to 15_exp/models/FloydWarshallDataset_tropical_0.0001_20000_20260220_103037_relu_best.pth...20260220_112519
At epoch 4767, test loss = 1.8185
...model saved to 15_exp/models/FloydWarshallDataset_tropical_0.0001_20000_20260220_103037_relu_best.pth...20260220_112528
At epoch 4771, test loss = 1.8156
...model saved to 15_exp/models/FloydWarshallDataset_tropical_0.0001_20000_20260220_103037_relu_best.pth...20260220_112531
At epoch 4781, test loss = 1.8098
...model saved to 15_exp/models/FloydWarshallDataset_tropical_0.0001_20000_20260220_103037_relu_best.pth...20260220_112538
At epoch 4800, test loss = 1.8084
...model saved to 15_exp/models/FloydWarshallDataset_tropical_0.0001_20000_20260220_103037_relu_best.pth...20260220_112552
At epoch 4819, test loss = 1.8022
...model saved to 15_exp/models/FloydWarshallDataset_tropical_0.0001_20000_20260220_103037_relu_best.pth...20260220_112606
At epoch 4831, test loss = 1.8000
...model saved to 15_exp/models/FloydWarshallDataset_tropical_0.0001_20000_20260220_103037_relu_best.pth...20260220_112614
At epoch 4838, test loss = 1.7887
...model saved to 15_exp/models/FloydWarshallDataset_tropical_0.0001_20000_20260220_103037_relu_best.pth...20260220_112619
At epoch 4874, test loss = 1.7849
...model saved to 15_exp/models/FloydWarshallDataset_tropical_0.0001_20000_20260220_103037_relu_best.pth...20260220_112644
At epoch 4876, test loss = 1.7831
...model saved to 15_exp/models/FloydWarshallDataset_tropical_0.0001_20000_20260220_103037_relu_best.pth...20260220_112645
At epoch 4885, test loss = 1.7771
...model saved to 15_exp/models/FloydWarshallDataset_tropical_0.0001_20000_20260220_103037_relu_best.pth...20260220_112652
At epoch 4912, test loss = 1.7739
...model saved to 15_exp/models/FloydWarshallDataset_tropical_0.0001_20000_20260220_103037_relu_best.pth...20260220_112710
At epoch 4927, test loss = 1.7723
...model saved to 15_exp/models/FloydWarshallDataset_tropical_0.0001_20000_20260220_103037_relu_best.pth...20260220_112721
At epoch 4942, test loss = 1.7704
...model saved to 15_exp/models/FloydWarshallDataset_tropical_0.0001_20000_20260220_103037_relu_best.pth...20260220_112731
At epoch 4952, test loss = 1.7701
...model saved to 15_exp/models/FloydWarshallDataset_tropical_0.0001_20000_20260220_103037_relu_best.pth...20260220_112738
At epoch 4960, test loss = 1.7689
...model saved to 15_exp/models/FloydWarshallDataset_tropical_0.0001_20000_20260220_103037_relu_best.pth...20260220_112743
At epoch 4962, test loss = 1.7676
...model saved to 15_exp/models/FloydWarshallDataset_tropical_0.0001_20000_20260220_103037_relu_best.pth...20260220_112745
At epoch 4963, test loss = 1.7662
...model saved to 15_exp/models/FloydWarshallDataset_tropical_0.0001_20000_20260220_103037_relu_best.pth...20260220_112746
At epoch 4964, test loss = 1.7652
...model saved to 15_exp/models/FloydWarshallDataset_tropical_0.0001_20000_20260220_103037_relu_best.pth...20260220_112746
At epoch 4970, test loss = 1.7511
...model saved to 15_exp/models/FloydWarshallDataset_tropical_0.0001_20000_20260220_103037_relu_best.pth...20260220_112750
At epoch 4996, test loss = 1.7482
...model saved to 15_exp/models/FloydWarshallDataset_tropical_0.0001_20000_20260220_103037_relu_best.pth...20260220_112808
At epoch 5013, test loss = 1.7476
...model saved to 15_exp/models/FloydWarshallDataset_tropical_0.0001_20000_20260220_103037_relu_best.pth...20260220_112820
At epoch 5016, test loss = 1.7467
...model saved to 15_exp/models/FloydWarshallDataset_tropical_0.0001_20000_20260220_103037_relu_best.pth...20260220_112822
At epoch 5017, test loss = 1.7452
...model saved to 15_exp/models/FloydWarshallDataset_tropical_0.0001_20000_20260220_103037_relu_best.pth...20260220_112823
At epoch 5021, test loss = 1.7405
...model saved to 15_exp/models/FloydWarshallDataset_tropical_0.0001_20000_20260220_103037_relu_best.pth...20260220_112826
At epoch 5050, test loss = 1.7394
...model saved to 15_exp/models/FloydWarshallDataset_tropical_0.0001_20000_20260220_103037_relu_best.pth...20260220_112846
At epoch 5052, test loss = 1.7280
...model saved to 15_exp/models/FloydWarshallDataset_tropical_0.0001_20000_20260220_103037_relu_best.pth...20260220_112847
At epoch 5088, test loss = 1.7236
...model saved to 15_exp/models/FloydWarshallDataset_tropical_0.0001_20000_20260220_103037_relu_best.pth...20260220_112910
At epoch 5101, test loss = 1.7192
...model saved to 15_exp/models/FloydWarshallDataset_tropical_0.0001_20000_20260220_103037_relu_best.pth...20260220_112918
At epoch 5106, test loss = 1.7145
...model saved to 15_exp/models/FloydWarshallDataset_tropical_0.0001_20000_20260220_103037_relu_best.pth...20260220_112922
At epoch 5120, test loss = 1.7129
...model saved to 15_exp/models/FloydWarshallDataset_tropical_0.0001_20000_20260220_103037_relu_best.pth...20260220_112931
At epoch 5133, test loss = 1.7089
...model saved to 15_exp/models/FloydWarshallDataset_tropical_0.0001_20000_20260220_103037_relu_best.pth...20260220_112939
At epoch 5136, test loss = 1.7073
...model saved to 15_exp/models/FloydWarshallDataset_tropical_0.0001_20000_20260220_103037_relu_best.pth...20260220_112941
At epoch 5147, test loss = 1.7070
...model saved to 15_exp/models/FloydWarshallDataset_tropical_0.0001_20000_20260220_103037_relu_best.pth...20260220_112948
At epoch 5167, test loss = 1.7007
...model saved to 15_exp/models/FloydWarshallDataset_tropical_0.0001_20000_20260220_103037_relu_best.pth...20260220_113001
At epoch 5195, test loss = 1.7002
...model saved to 15_exp/models/FloydWarshallDataset_tropical_0.0001_20000_20260220_103037_relu_best.pth...20260220_113019
At epoch 5198, test loss = 1.6963
...model saved to 15_exp/models/FloydWarshallDataset_tropical_0.0001_20000_20260220_103037_relu_best.pth...20260220_113021
At epoch 5199, test loss = 1.6955
...model saved to 15_exp/models/FloydWarshallDataset_tropical_0.0001_20000_20260220_103037_relu_best.pth...20260220_113022
At epoch 5210, test loss = 1.6911
...model saved to 15_exp/models/FloydWarshallDataset_tropical_0.0001_20000_20260220_103037_relu_best.pth...20260220_113029
At epoch 5217, test loss = 1.6855
...model saved to 15_exp/models/FloydWarshallDataset_tropical_0.0001_20000_20260220_103037_relu_best.pth...20260220_113033
At epoch 5248, test loss = 1.6817
...model saved to 15_exp/models/FloydWarshallDataset_tropical_0.0001_20000_20260220_103037_relu_best.pth...20260220_113053
At epoch 5252, test loss = 1.6785
...model saved to 15_exp/models/FloydWarshallDataset_tropical_0.0001_20000_20260220_103037_relu_best.pth...20260220_113056
At epoch 5267, test loss = 1.6758
...model saved to 15_exp/models/FloydWarshallDataset_tropical_0.0001_20000_20260220_103037_relu_best.pth...20260220_113106
At epoch 5280, test loss = 1.6753
...model saved to 15_exp/models/FloydWarshallDataset_tropical_0.0001_20000_20260220_103037_relu_best.pth...20260220_113114
At epoch 5284, test loss = 1.6694
...model saved to 15_exp/models/FloydWarshallDataset_tropical_0.0001_20000_20260220_103037_relu_best.pth...20260220_113117
At epoch 5292, test loss = 1.6679
...model saved to 15_exp/models/FloydWarshallDataset_tropical_0.0001_20000_20260220_103037_relu_best.pth...20260220_113123
At epoch 5315, test loss = 1.6619
...model saved to 15_exp/models/FloydWarshallDataset_tropical_0.0001_20000_20260220_103037_relu_best.pth...20260220_113139
At epoch 5342, test loss = 1.6569
...model saved to 15_exp/models/FloydWarshallDataset_tropical_0.0001_20000_20260220_103037_relu_best.pth...20260220_113157
At epoch 5363, test loss = 1.6558
...model saved to 15_exp/models/FloydWarshallDataset_tropical_0.0001_20000_20260220_103037_relu_best.pth...20260220_113212
At epoch 5366, test loss = 1.6555
...model saved to 15_exp/models/FloydWarshallDataset_tropical_0.0001_20000_20260220_103037_relu_best.pth...20260220_113214
At epoch 5374, test loss = 1.6541
...model saved to 15_exp/models/FloydWarshallDataset_tropical_0.0001_20000_20260220_103037_relu_best.pth...20260220_113219
At epoch 5377, test loss = 1.6478
...model saved to 15_exp/models/FloydWarshallDataset_tropical_0.0001_20000_20260220_103037_relu_best.pth...20260220_113221
At epoch 5385, test loss = 1.6459
...model saved to 15_exp/models/FloydWarshallDataset_tropical_0.0001_20000_20260220_103037_relu_best.pth...20260220_113226
At epoch 5405, test loss = 1.6429
...model saved to 15_exp/models/FloydWarshallDataset_tropical_0.0001_20000_20260220_103037_relu_best.pth...20260220_113240
At epoch 5412, test loss = 1.6389
...model saved to 15_exp/models/FloydWarshallDataset_tropical_0.0001_20000_20260220_103037_relu_best.pth...20260220_113244
At epoch 5430, test loss = 1.6347
...model saved to 15_exp/models/FloydWarshallDataset_tropical_0.0001_20000_20260220_103037_relu_best.pth...20260220_113257
At epoch 5447, test loss = 1.6323
...model saved to 15_exp/models/FloydWarshallDataset_tropical_0.0001_20000_20260220_103037_relu_best.pth...20260220_113308
At epoch 5454, test loss = 1.6316
...model saved to 15_exp/models/FloydWarshallDataset_tropical_0.0001_20000_20260220_103037_relu_best.pth...20260220_113313
At epoch 5465, test loss = 1.6271
...model saved to 15_exp/models/FloydWarshallDataset_tropical_0.0001_20000_20260220_103037_relu_best.pth...20260220_113321
At epoch 5475, test loss = 1.6236
...model saved to 15_exp/models/FloydWarshallDataset_tropical_0.0001_20000_20260220_103037_relu_best.pth...20260220_113328
At epoch 5482, test loss = 1.6231
...model saved to 15_exp/models/FloydWarshallDataset_tropical_0.0001_20000_20260220_103037_relu_best.pth...20260220_113332
At epoch 5513, test loss = 1.6199
...model saved to 15_exp/models/FloydWarshallDataset_tropical_0.0001_20000_20260220_103037_relu_best.pth...20260220_113352
At epoch 5523, test loss = 1.6180
...model saved to 15_exp/models/FloydWarshallDataset_tropical_0.0001_20000_20260220_103037_relu_best.pth...20260220_113359
At epoch 5526, test loss = 1.6163
...model saved to 15_exp/models/FloydWarshallDataset_tropical_0.0001_20000_20260220_103037_relu_best.pth...20260220_113401
At epoch 5532, test loss = 1.6159
...model saved to 15_exp/models/FloydWarshallDataset_tropical_0.0001_20000_20260220_103037_relu_best.pth...20260220_113405
At epoch 5556, test loss = 1.6119
...model saved to 15_exp/models/FloydWarshallDataset_tropical_0.0001_20000_20260220_103037_relu_best.pth...20260220_113420
At epoch 5557, test loss = 1.6071
...model saved to 15_exp/models/FloydWarshallDataset_tropical_0.0001_20000_20260220_103037_relu_best.pth...20260220_113421
At epoch 5584, test loss = 1.6065
...model saved to 15_exp/models/FloydWarshallDataset_tropical_0.0001_20000_20260220_103037_relu_best.pth...20260220_113438
At epoch 5585, test loss = 1.6060
...model saved to 15_exp/models/FloydWarshallDataset_tropical_0.0001_20000_20260220_103037_relu_best.pth...20260220_113438
At epoch 5596, test loss = 1.6014
...model saved to 15_exp/models/FloydWarshallDataset_tropical_0.0001_20000_20260220_103037_relu_best.pth...20260220_113446
At epoch 5620, test loss = 1.6014
...model saved to 15_exp/models/FloydWarshallDataset_tropical_0.0001_20000_20260220_103037_relu_best.pth...20260220_113501
At epoch 5622, test loss = 1.5968
...model saved to 15_exp/models/FloydWarshallDataset_tropical_0.0001_20000_20260220_103037_relu_best.pth...20260220_113502
At epoch 5641, test loss = 1.5915
...model saved to 15_exp/models/FloydWarshallDataset_tropical_0.0001_20000_20260220_103037_relu_best.pth...20260220_113514
At epoch 5665, test loss = 1.5896
...model saved to 15_exp/models/FloydWarshallDataset_tropical_0.0001_20000_20260220_103037_relu_best.pth...20260220_113530
At epoch 5680, test loss = 1.5868
...model saved to 15_exp/models/FloydWarshallDataset_tropical_0.0001_20000_20260220_103037_relu_best.pth...20260220_113540
At epoch 5694, test loss = 1.5836
...model saved to 15_exp/models/FloydWarshallDataset_tropical_0.0001_20000_20260220_103037_relu_best.pth...20260220_113549
At epoch 5696, test loss = 1.5805
...model saved to 15_exp/models/FloydWarshallDataset_tropical_0.0001_20000_20260220_103037_relu_best.pth...20260220_113550
At epoch 5718, test loss = 1.5801
...model saved to 15_exp/models/FloydWarshallDataset_tropical_0.0001_20000_20260220_103037_relu_best.pth...20260220_113606
At epoch 5719, test loss = 1.5784
...model saved to 15_exp/models/FloydWarshallDataset_tropical_0.0001_20000_20260220_103037_relu_best.pth...20260220_113607
At epoch 5731, test loss = 1.5768
...model saved to 15_exp/models/FloydWarshallDataset_tropical_0.0001_20000_20260220_103037_relu_best.pth...20260220_113616
At epoch 5740, test loss = 1.5757
...model saved to 15_exp/models/FloydWarshallDataset_tropical_0.0001_20000_20260220_103037_relu_best.pth...20260220_113622
At epoch 5745, test loss = 1.5679
...model saved to 15_exp/models/FloydWarshallDataset_tropical_0.0001_20000_20260220_103037_relu_best.pth...20260220_113626
At epoch 5763, test loss = 1.5668
...model saved to 15_exp/models/FloydWarshallDataset_tropical_0.0001_20000_20260220_103037_relu_best.pth...20260220_113639
At epoch 5787, test loss = 1.5651
...model saved to 15_exp/models/FloydWarshallDataset_tropical_0.0001_20000_20260220_103037_relu_best.pth...20260220_113656
At epoch 5792, test loss = 1.5619
...model saved to 15_exp/models/FloydWarshallDataset_tropical_0.0001_20000_20260220_103037_relu_best.pth...20260220_113700
At epoch 5793, test loss = 1.5597
...model saved to 15_exp/models/FloydWarshallDataset_tropical_0.0001_20000_20260220_103037_relu_best.pth...20260220_113701
At epoch 5832, test loss = 1.5584
...model saved to 15_exp/models/FloydWarshallDataset_tropical_0.0001_20000_20260220_103037_relu_best.pth...20260220_113728
At epoch 5833, test loss = 1.5569
...model saved to 15_exp/models/FloydWarshallDataset_tropical_0.0001_20000_20260220_103037_relu_best.pth...20260220_113729
At epoch 5838, test loss = 1.5529
...model saved to 15_exp/models/FloydWarshallDataset_tropical_0.0001_20000_20260220_103037_relu_best.pth...20260220_113733
At epoch 5855, test loss = 1.5479
...model saved to 15_exp/models/FloydWarshallDataset_tropical_0.0001_20000_20260220_103037_relu_best.pth...20260220_113744
At epoch 5896, test loss = 1.5435
...model saved to 15_exp/models/FloydWarshallDataset_tropical_0.0001_20000_20260220_103037_relu_best.pth...20260220_113811
At epoch 5906, test loss = 1.5418
...model saved to 15_exp/models/FloydWarshallDataset_tropical_0.0001_20000_20260220_103037_relu_best.pth...20260220_113818
At epoch 5930, test loss = 1.5380
...model saved to 15_exp/models/FloydWarshallDataset_tropical_0.0001_20000_20260220_103037_relu_best.pth...20260220_113833
At epoch 5942, test loss = 1.5378
...model saved to 15_exp/models/FloydWarshallDataset_tropical_0.0001_20000_20260220_103037_relu_best.pth...20260220_113841
At epoch 5951, test loss = 1.5332
...model saved to 15_exp/models/FloydWarshallDataset_tropical_0.0001_20000_20260220_103037_relu_best.pth...20260220_113846
At epoch 5974, test loss = 1.5327
...model saved to 15_exp/models/FloydWarshallDataset_tropical_0.0001_20000_20260220_103037_relu_best.pth...20260220_113901
At epoch 5975, test loss = 1.5297
...model saved to 15_exp/models/FloydWarshallDataset_tropical_0.0001_20000_20260220_103037_relu_best.pth...20260220_113902
At epoch 5992, test loss = 1.5246
...model saved to 15_exp/models/FloydWarshallDataset_tropical_0.0001_20000_20260220_103037_relu_best.pth...20260220_113913
At epoch 6006, test loss = 1.5243
...model saved to 15_exp/models/FloydWarshallDataset_tropical_0.0001_20000_20260220_103037_relu_best.pth...20260220_113922
At epoch 6012, test loss = 1.5242
...model saved to 15_exp/models/FloydWarshallDataset_tropical_0.0001_20000_20260220_103037_relu_best.pth...20260220_113925
At epoch 6015, test loss = 1.5171
...model saved to 15_exp/models/FloydWarshallDataset_tropical_0.0001_20000_20260220_103037_relu_best.pth...20260220_113927
At epoch 6069, test loss = 1.5138
...model saved to 15_exp/models/FloydWarshallDataset_tropical_0.0001_20000_20260220_103037_relu_best.pth...20260220_114002
At epoch 6081, test loss = 1.5127
...model saved to 15_exp/models/FloydWarshallDataset_tropical_0.0001_20000_20260220_103037_relu_best.pth...20260220_114010
At epoch 6095, test loss = 1.5116
...model saved to 15_exp/models/FloydWarshallDataset_tropical_0.0001_20000_20260220_103037_relu_best.pth...20260220_114019
At epoch 6115, test loss = 1.5062
...model saved to 15_exp/models/FloydWarshallDataset_tropical_0.0001_20000_20260220_103037_relu_best.pth...20260220_114032
At epoch 6120, test loss = 1.5020
...model saved to 15_exp/models/FloydWarshallDataset_tropical_0.0001_20000_20260220_103037_relu_best.pth...20260220_114035
At epoch 6141, test loss = 1.5009
...model saved to 15_exp/models/FloydWarshallDataset_tropical_0.0001_20000_20260220_103037_relu_best.pth...20260220_114048
At epoch 6143, test loss = 1.4997
...model saved to 15_exp/models/FloydWarshallDataset_tropical_0.0001_20000_20260220_103037_relu_best.pth...20260220_114050
At epoch 6160, test loss = 1.4981
...model saved to 15_exp/models/FloydWarshallDataset_tropical_0.0001_20000_20260220_103037_relu_best.pth...20260220_114101
At epoch 6185, test loss = 1.4978
...model saved to 15_exp/models/FloydWarshallDataset_tropical_0.0001_20000_20260220_103037_relu_best.pth...20260220_114116
At epoch 6198, test loss = 1.4958
...model saved to 15_exp/models/FloydWarshallDataset_tropical_0.0001_20000_20260220_103037_relu_best.pth...20260220_114125
At epoch 6212, test loss = 1.4926
...model saved to 15_exp/models/FloydWarshallDataset_tropical_0.0001_20000_20260220_103037_relu_best.pth...20260220_114134
At epoch 6213, test loss = 1.4890
...model saved to 15_exp/models/FloydWarshallDataset_tropical_0.0001_20000_20260220_103037_relu_best.pth...20260220_114134
At epoch 6218, test loss = 1.4867
...model saved to 15_exp/models/FloydWarshallDataset_tropical_0.0001_20000_20260220_103037_relu_best.pth...20260220_114138
At epoch 6229, test loss = 1.4852
...model saved to 15_exp/models/FloydWarshallDataset_tropical_0.0001_20000_20260220_103037_relu_best.pth...20260220_114145
At epoch 6233, test loss = 1.4837
...model saved to 15_exp/models/FloydWarshallDataset_tropical_0.0001_20000_20260220_103037_relu_best.pth...20260220_114147
At epoch 6236, test loss = 1.4826
...model saved to 15_exp/models/FloydWarshallDataset_tropical_0.0001_20000_20260220_103037_relu_best.pth...20260220_114149
At epoch 6257, test loss = 1.4780
...model saved to 15_exp/models/FloydWarshallDataset_tropical_0.0001_20000_20260220_103037_relu_best.pth...20260220_114203
At epoch 6280, test loss = 1.4767
...model saved to 15_exp/models/FloydWarshallDataset_tropical_0.0001_20000_20260220_103037_relu_best.pth...20260220_114217
At epoch 6284, test loss = 1.4716
...model saved to 15_exp/models/FloydWarshallDataset_tropical_0.0001_20000_20260220_103037_relu_best.pth...20260220_114220
At epoch 6315, test loss = 1.4677
...model saved to 15_exp/models/FloydWarshallDataset_tropical_0.0001_20000_20260220_103037_relu_best.pth...20260220_114240
At epoch 6357, test loss = 1.4652
...model saved to 15_exp/models/FloydWarshallDataset_tropical_0.0001_20000_20260220_103037_relu_best.pth...20260220_114307
At epoch 6359, test loss = 1.4638
...model saved to 15_exp/models/FloydWarshallDataset_tropical_0.0001_20000_20260220_103037_relu_best.pth...20260220_114308
At epoch 6379, test loss = 1.4637
...model saved to 15_exp/models/FloydWarshallDataset_tropical_0.0001_20000_20260220_103037_relu_best.pth...20260220_114321
At epoch 6393, test loss = 1.4563
...model saved to 15_exp/models/FloydWarshallDataset_tropical_0.0001_20000_20260220_103037_relu_best.pth...20260220_114330
At epoch 6417, test loss = 1.4555
...model saved to 15_exp/models/FloydWarshallDataset_tropical_0.0001_20000_20260220_103037_relu_best.pth...20260220_114345
At epoch 6426, test loss = 1.4496
...model saved to 15_exp/models/FloydWarshallDataset_tropical_0.0001_20000_20260220_103037_relu_best.pth...20260220_114351
At epoch 6446, test loss = 1.4486
...model saved to 15_exp/models/FloydWarshallDataset_tropical_0.0001_20000_20260220_103037_relu_best.pth...20260220_114404
At epoch 6481, test loss = 1.4476
...model saved to 15_exp/models/FloydWarshallDataset_tropical_0.0001_20000_20260220_103037_relu_best.pth...20260220_114426
At epoch 6490, test loss = 1.4451
...model saved to 15_exp/models/FloydWarshallDataset_tropical_0.0001_20000_20260220_103037_relu_best.pth...20260220_114432
At epoch 6514, test loss = 1.4403
...model saved to 15_exp/models/FloydWarshallDataset_tropical_0.0001_20000_20260220_103037_relu_best.pth...20260220_114447
At epoch 6520, test loss = 1.4384
...model saved to 15_exp/models/FloydWarshallDataset_tropical_0.0001_20000_20260220_103037_relu_best.pth...20260220_114451
At epoch 6540, test loss = 1.4355
...model saved to 15_exp/models/FloydWarshallDataset_tropical_0.0001_20000_20260220_103037_relu_best.pth...20260220_114504
At epoch 6546, test loss = 1.4338
...model saved to 15_exp/models/FloydWarshallDataset_tropical_0.0001_20000_20260220_103037_relu_best.pth...20260220_114508
At epoch 6549, test loss = 1.4337
...model saved to 15_exp/models/FloydWarshallDataset_tropical_0.0001_20000_20260220_103037_relu_best.pth...20260220_114510
At epoch 6569, test loss = 1.4302
...model saved to 15_exp/models/FloydWarshallDataset_tropical_0.0001_20000_20260220_103037_relu_best.pth...20260220_114522
At epoch 6575, test loss = 1.4266
...model saved to 15_exp/models/FloydWarshallDataset_tropical_0.0001_20000_20260220_103037_relu_best.pth...20260220_114526
At epoch 6604, test loss = 1.4226
...model saved to 15_exp/models/FloydWarshallDataset_tropical_0.0001_20000_20260220_103037_relu_best.pth...20260220_114545
At epoch 6623, test loss = 1.4200
...model saved to 15_exp/models/FloydWarshallDataset_tropical_0.0001_20000_20260220_103037_relu_best.pth...20260220_114558
At epoch 6638, test loss = 1.4180
...model saved to 15_exp/models/FloydWarshallDataset_tropical_0.0001_20000_20260220_103037_relu_best.pth...20260220_114609
At epoch 6670, test loss = 1.4146
...model saved to 15_exp/models/FloydWarshallDataset_tropical_0.0001_20000_20260220_103037_relu_best.pth...20260220_114631
At epoch 6674, test loss = 1.4138
...model saved to 15_exp/models/FloydWarshallDataset_tropical_0.0001_20000_20260220_103037_relu_best.pth...20260220_114634
At epoch 6683, test loss = 1.4128
...model saved to 15_exp/models/FloydWarshallDataset_tropical_0.0001_20000_20260220_103037_relu_best.pth...20260220_114640
At epoch 6698, test loss = 1.4117
...model saved to 15_exp/models/FloydWarshallDataset_tropical_0.0001_20000_20260220_103037_relu_best.pth...20260220_114651
At epoch 6702, test loss = 1.4108
...model saved to 15_exp/models/FloydWarshallDataset_tropical_0.0001_20000_20260220_103037_relu_best.pth...20260220_114654
At epoch 6712, test loss = 1.4075
...model saved to 15_exp/models/FloydWarshallDataset_tropical_0.0001_20000_20260220_103037_relu_best.pth...20260220_114700
At epoch 6727, test loss = 1.4075
...model saved to 15_exp/models/FloydWarshallDataset_tropical_0.0001_20000_20260220_103037_relu_best.pth...20260220_114710
At epoch 6746, test loss = 1.4051
...model saved to 15_exp/models/FloydWarshallDataset_tropical_0.0001_20000_20260220_103037_relu_best.pth...20260220_114722
At epoch 6750, test loss = 1.4050
...model saved to 15_exp/models/FloydWarshallDataset_tropical_0.0001_20000_20260220_103037_relu_best.pth...20260220_114725
At epoch 6758, test loss = 1.4019
...model saved to 15_exp/models/FloydWarshallDataset_tropical_0.0001_20000_20260220_103037_relu_best.pth...20260220_114730
At epoch 6775, test loss = 1.4007
...model saved to 15_exp/models/FloydWarshallDataset_tropical_0.0001_20000_20260220_103037_relu_best.pth...20260220_114741
At epoch 6776, test loss = 1.3994
...model saved to 15_exp/models/FloydWarshallDataset_tropical_0.0001_20000_20260220_103037_relu_best.pth...20260220_114741
At epoch 6787, test loss = 1.3962
...model saved to 15_exp/models/FloydWarshallDataset_tropical_0.0001_20000_20260220_103037_relu_best.pth...20260220_114748
At epoch 6814, test loss = 1.3936
...model saved to 15_exp/models/FloydWarshallDataset_tropical_0.0001_20000_20260220_103037_relu_best.pth...20260220_114806
At epoch 6817, test loss = 1.3923
...model saved to 15_exp/models/FloydWarshallDataset_tropical_0.0001_20000_20260220_103037_relu_best.pth...20260220_114808
At epoch 6829, test loss = 1.3898
...model saved to 15_exp/models/FloydWarshallDataset_tropical_0.0001_20000_20260220_103037_relu_best.pth...20260220_114816
At epoch 6846, test loss = 1.3874
...model saved to 15_exp/models/FloydWarshallDataset_tropical_0.0001_20000_20260220_103037_relu_best.pth...20260220_114827
At epoch 6864, test loss = 1.3847
...model saved to 15_exp/models/FloydWarshallDataset_tropical_0.0001_20000_20260220_103037_relu_best.pth...20260220_114838
At epoch 6896, test loss = 1.3791
...model saved to 15_exp/models/FloydWarshallDataset_tropical_0.0001_20000_20260220_103037_relu_best.pth...20260220_114859
At epoch 6910, test loss = 1.3721
...model saved to 15_exp/models/FloydWarshallDataset_tropical_0.0001_20000_20260220_103037_relu_best.pth...20260220_114908
At epoch 6974, test loss = 1.3708
...model saved to 15_exp/models/FloydWarshallDataset_tropical_0.0001_20000_20260220_103037_relu_best.pth...20260220_114949
At epoch 6977, test loss = 1.3675
...model saved to 15_exp/models/FloydWarshallDataset_tropical_0.0001_20000_20260220_103037_relu_best.pth...20260220_114951
At epoch 6998, test loss = 1.3640
...model saved to 15_exp/models/FloydWarshallDataset_tropical_0.0001_20000_20260220_103037_relu_best.pth...20260220_115005
At epoch 7017, test loss = 1.3632
...model saved to 15_exp/models/FloydWarshallDataset_tropical_0.0001_20000_20260220_103037_relu_best.pth...20260220_115017
At epoch 7054, test loss = 1.3574
...model saved to 15_exp/models/FloydWarshallDataset_tropical_0.0001_20000_20260220_103037_relu_best.pth...20260220_115041
At epoch 7089, test loss = 1.3559
...model saved to 15_exp/models/FloydWarshallDataset_tropical_0.0001_20000_20260220_103037_relu_best.pth...20260220_115103
At epoch 7096, test loss = 1.3559
...model saved to 15_exp/models/FloydWarshallDataset_tropical_0.0001_20000_20260220_103037_relu_best.pth...20260220_115107
At epoch 7106, test loss = 1.3540
...model saved to 15_exp/models/FloydWarshallDataset_tropical_0.0001_20000_20260220_103037_relu_best.pth...20260220_115114
At epoch 7125, test loss = 1.3525
...model saved to 15_exp/models/FloydWarshallDataset_tropical_0.0001_20000_20260220_103037_relu_best.pth...20260220_115126
At epoch 7127, test loss = 1.3505
...model saved to 15_exp/models/FloydWarshallDataset_tropical_0.0001_20000_20260220_103037_relu_best.pth...20260220_115127
At epoch 7128, test loss = 1.3485
...model saved to 15_exp/models/FloydWarshallDataset_tropical_0.0001_20000_20260220_103037_relu_best.pth...20260220_115128
At epoch 7162, test loss = 1.3471
...model saved to 15_exp/models/FloydWarshallDataset_tropical_0.0001_20000_20260220_103037_relu_best.pth...20260220_115150
At epoch 7165, test loss = 1.3437
...model saved to 15_exp/models/FloydWarshallDataset_tropical_0.0001_20000_20260220_103037_relu_best.pth...20260220_115152
At epoch 7185, test loss = 1.3432
...model saved to 15_exp/models/FloydWarshallDataset_tropical_0.0001_20000_20260220_103037_relu_best.pth...20260220_115204
At epoch 7190, test loss = 1.3367
...model saved to 15_exp/models/FloydWarshallDataset_tropical_0.0001_20000_20260220_103037_relu_best.pth...20260220_115208
At epoch 7237, test loss = 1.3307
...model saved to 15_exp/models/FloydWarshallDataset_tropical_0.0001_20000_20260220_103037_relu_best.pth...20260220_115237
At epoch 7245, test loss = 1.3297
...model saved to 15_exp/models/FloydWarshallDataset_tropical_0.0001_20000_20260220_103037_relu_best.pth...20260220_115243
At epoch 7279, test loss = 1.3281
...model saved to 15_exp/models/FloydWarshallDataset_tropical_0.0001_20000_20260220_103037_relu_best.pth...20260220_115304
At epoch 7301, test loss = 1.3281
...model saved to 15_exp/models/FloydWarshallDataset_tropical_0.0001_20000_20260220_103037_relu_best.pth...20260220_115319
At epoch 7312, test loss = 1.3255
...model saved to 15_exp/models/FloydWarshallDataset_tropical_0.0001_20000_20260220_103037_relu_best.pth...20260220_115326
At epoch 7335, test loss = 1.3248
...model saved to 15_exp/models/FloydWarshallDataset_tropical_0.0001_20000_20260220_103037_relu_best.pth...20260220_115340
At epoch 7352, test loss = 1.3224
...model saved to 15_exp/models/FloydWarshallDataset_tropical_0.0001_20000_20260220_103037_relu_best.pth...20260220_115351
At epoch 7356, test loss = 1.3192
...model saved to 15_exp/models/FloydWarshallDataset_tropical_0.0001_20000_20260220_103037_relu_best.pth...20260220_115354
At epoch 7374, test loss = 1.3190
...model saved to 15_exp/models/FloydWarshallDataset_tropical_0.0001_20000_20260220_103037_relu_best.pth...20260220_115406
At epoch 7377, test loss = 1.3137
...model saved to 15_exp/models/FloydWarshallDataset_tropical_0.0001_20000_20260220_103037_relu_best.pth...20260220_115408
At epoch 7394, test loss = 1.3125
...model saved to 15_exp/models/FloydWarshallDataset_tropical_0.0001_20000_20260220_103037_relu_best.pth...20260220_115419
At epoch 7439, test loss = 1.3086
...model saved to 15_exp/models/FloydWarshallDataset_tropical_0.0001_20000_20260220_103037_relu_best.pth...20260220_115448
At epoch 7447, test loss = 1.3045
...model saved to 15_exp/models/FloydWarshallDataset_tropical_0.0001_20000_20260220_103037_relu_best.pth...20260220_115453
At epoch 7501, test loss = 1.3018
...model saved to 15_exp/models/FloydWarshallDataset_tropical_0.0001_20000_20260220_103037_relu_best.pth...20260220_115530
At epoch 7504, test loss = 1.3008
...model saved to 15_exp/models/FloydWarshallDataset_tropical_0.0001_20000_20260220_103037_relu_best.pth...20260220_115532
At epoch 7518, test loss = 1.2999
...model saved to 15_exp/models/FloydWarshallDataset_tropical_0.0001_20000_20260220_103037_relu_best.pth...20260220_115542
At epoch 7542, test loss = 1.2976
...model saved to 15_exp/models/FloydWarshallDataset_tropical_0.0001_20000_20260220_103037_relu_best.pth...20260220_115559
At epoch 7558, test loss = 1.2964
...model saved to 15_exp/models/FloydWarshallDataset_tropical_0.0001_20000_20260220_103037_relu_best.pth...20260220_115610
At epoch 7567, test loss = 1.2925
...model saved to 15_exp/models/FloydWarshallDataset_tropical_0.0001_20000_20260220_103037_relu_best.pth...20260220_115617
At epoch 7577, test loss = 1.2911
...model saved to 15_exp/models/FloydWarshallDataset_tropical_0.0001_20000_20260220_103037_relu_best.pth...20260220_115624
At epoch 7625, test loss = 1.2887
...model saved to 15_exp/models/FloydWarshallDataset_tropical_0.0001_20000_20260220_103037_relu_best.pth...20260220_115657
At epoch 7640, test loss = 1.2877
...model saved to 15_exp/models/FloydWarshallDataset_tropical_0.0001_20000_20260220_103037_relu_best.pth...20260220_115707
At epoch 7642, test loss = 1.2874
...model saved to 15_exp/models/FloydWarshallDataset_tropical_0.0001_20000_20260220_103037_relu_best.pth...20260220_115708
At epoch 7655, test loss = 1.2837
...model saved to 15_exp/models/FloydWarshallDataset_tropical_0.0001_20000_20260220_103037_relu_best.pth...20260220_115717
At epoch 7669, test loss = 1.2835
...model saved to 15_exp/models/FloydWarshallDataset_tropical_0.0001_20000_20260220_103037_relu_best.pth...20260220_115726
At epoch 7673, test loss = 1.2831
...model saved to 15_exp/models/FloydWarshallDataset_tropical_0.0001_20000_20260220_103037_relu_best.pth...20260220_115729
At epoch 7681, test loss = 1.2796
...model saved to 15_exp/models/FloydWarshallDataset_tropical_0.0001_20000_20260220_103037_relu_best.pth...20260220_115734
At epoch 7720, test loss = 1.2764
...model saved to 15_exp/models/FloydWarshallDataset_tropical_0.0001_20000_20260220_103037_relu_best.pth...20260220_115758
At epoch 7748, test loss = 1.2748
...model saved to 15_exp/models/FloydWarshallDataset_tropical_0.0001_20000_20260220_103037_relu_best.pth...20260220_115816
At epoch 7779, test loss = 1.2720
...model saved to 15_exp/models/FloydWarshallDataset_tropical_0.0001_20000_20260220_103037_relu_best.pth...20260220_115836
At epoch 7798, test loss = 1.2696
...model saved to 15_exp/models/FloydWarshallDataset_tropical_0.0001_20000_20260220_103037_relu_best.pth...20260220_115849
At epoch 7822, test loss = 1.2693
...model saved to 15_exp/models/FloydWarshallDataset_tropical_0.0001_20000_20260220_103037_relu_best.pth...20260220_115904
At epoch 7826, test loss = 1.2684
...model saved to 15_exp/models/FloydWarshallDataset_tropical_0.0001_20000_20260220_103037_relu_best.pth...20260220_115907
At epoch 7839, test loss = 1.2670
...model saved to 15_exp/models/FloydWarshallDataset_tropical_0.0001_20000_20260220_103037_relu_best.pth...20260220_115915
At epoch 7852, test loss = 1.2669
...model saved to 15_exp/models/FloydWarshallDataset_tropical_0.0001_20000_20260220_103037_relu_best.pth...20260220_115924
At epoch 7861, test loss = 1.2601
...model saved to 15_exp/models/FloydWarshallDataset_tropical_0.0001_20000_20260220_103037_relu_best.pth...20260220_115930
At epoch 7909, test loss = 1.2588
...model saved to 15_exp/models/FloydWarshallDataset_tropical_0.0001_20000_20260220_103037_relu_best.pth...20260220_120001
At epoch 7922, test loss = 1.2565
...model saved to 15_exp/models/FloydWarshallDataset_tropical_0.0001_20000_20260220_103037_relu_best.pth...20260220_120010
At epoch 7943, test loss = 1.2556
...model saved to 15_exp/models/FloydWarshallDataset_tropical_0.0001_20000_20260220_103037_relu_best.pth...20260220_120023
At epoch 7970, test loss = 1.2511
...model saved to 15_exp/models/FloydWarshallDataset_tropical_0.0001_20000_20260220_103037_relu_best.pth...20260220_120041
At epoch 7983, test loss = 1.2509
...model saved to 15_exp/models/FloydWarshallDataset_tropical_0.0001_20000_20260220_103037_relu_best.pth...20260220_120050
At epoch 7989, test loss = 1.2508
...model saved to 15_exp/models/FloydWarshallDataset_tropical_0.0001_20000_20260220_103037_relu_best.pth...20260220_120054
At epoch 8006, test loss = 1.2443
...model saved to 15_exp/models/FloydWarshallDataset_tropical_0.0001_20000_20260220_103037_relu_best.pth...20260220_120105
At epoch 8070, test loss = 1.2426
...model saved to 15_exp/models/FloydWarshallDataset_tropical_0.0001_20000_20260220_103037_relu_best.pth...20260220_120146
At epoch 8092, test loss = 1.2412
...model saved to 15_exp/models/FloydWarshallDataset_tropical_0.0001_20000_20260220_103037_relu_best.pth...20260220_120200
At epoch 8120, test loss = 1.2405
...model saved to 15_exp/models/FloydWarshallDataset_tropical_0.0001_20000_20260220_103037_relu_best.pth...20260220_120218
At epoch 8141, test loss = 1.2382
...model saved to 15_exp/models/FloydWarshallDataset_tropical_0.0001_20000_20260220_103037_relu_best.pth...20260220_120232
At epoch 8145, test loss = 1.2373
...model saved to 15_exp/models/FloydWarshallDataset_tropical_0.0001_20000_20260220_103037_relu_best.pth...20260220_120234
At epoch 8176, test loss = 1.2338
...model saved to 15_exp/models/FloydWarshallDataset_tropical_0.0001_20000_20260220_103037_relu_best.pth...20260220_120255
At epoch 8200, test loss = 1.2324
...model saved to 15_exp/models/FloydWarshallDataset_tropical_0.0001_20000_20260220_103037_relu_best.pth...20260220_120310
At epoch 8203, test loss = 1.2312
...model saved to 15_exp/models/FloydWarshallDataset_tropical_0.0001_20000_20260220_103037_relu_best.pth...20260220_120312
At epoch 8225, test loss = 1.2275
...model saved to 15_exp/models/FloydWarshallDataset_tropical_0.0001_20000_20260220_103037_relu_best.pth...20260220_120327
At epoch 8229, test loss = 1.2268
...model saved to 15_exp/models/FloydWarshallDataset_tropical_0.0001_20000_20260220_103037_relu_best.pth...20260220_120330
At epoch 8285, test loss = 1.2263
...model saved to 15_exp/models/FloydWarshallDataset_tropical_0.0001_20000_20260220_103037_relu_best.pth...20260220_120409
At epoch 8288, test loss = 1.2250
...model saved to 15_exp/models/FloydWarshallDataset_tropical_0.0001_20000_20260220_103037_relu_best.pth...20260220_120411
At epoch 8298, test loss = 1.2209
...model saved to 15_exp/models/FloydWarshallDataset_tropical_0.0001_20000_20260220_103037_relu_best.pth...20260220_120418
At epoch 8350, test loss = 1.2156
...model saved to 15_exp/models/FloydWarshallDataset_tropical_0.0001_20000_20260220_103037_relu_best.pth...20260220_120454
At epoch 8386, test loss = 1.2140
...model saved to 15_exp/models/FloydWarshallDataset_tropical_0.0001_20000_20260220_103037_relu_best.pth...20260220_120519
At epoch 8412, test loss = 1.2105
...model saved to 15_exp/models/FloydWarshallDataset_tropical_0.0001_20000_20260220_103037_relu_best.pth...20260220_120539
At epoch 8427, test loss = 1.2081
...model saved to 15_exp/models/FloydWarshallDataset_tropical_0.0001_20000_20260220_103037_relu_best.pth...20260220_120550
At epoch 8473, test loss = 1.2066
...model saved to 15_exp/models/FloydWarshallDataset_tropical_0.0001_20000_20260220_103037_relu_best.pth...20260220_120625
At epoch 8475, test loss = 1.2023
...model saved to 15_exp/models/FloydWarshallDataset_tropical_0.0001_20000_20260220_103037_relu_best.pth...20260220_120627
At epoch 8500, test loss = 1.2021
...model saved to 15_exp/models/FloydWarshallDataset_tropical_0.0001_20000_20260220_103037_relu_best.pth...20260220_120645
At epoch 8536, test loss = 1.1996
...model saved to 15_exp/models/FloydWarshallDataset_tropical_0.0001_20000_20260220_103037_relu_best.pth...20260220_120712
At epoch 8544, test loss = 1.1996
...model saved to 15_exp/models/FloydWarshallDataset_tropical_0.0001_20000_20260220_103037_relu_best.pth...20260220_120717
At epoch 8550, test loss = 1.1942
...model saved to 15_exp/models/FloydWarshallDataset_tropical_0.0001_20000_20260220_103037_relu_best.pth...20260220_120722
At epoch 8553, test loss = 1.1924
...model saved to 15_exp/models/FloydWarshallDataset_tropical_0.0001_20000_20260220_103037_relu_best.pth...20260220_120724
At epoch 8580, test loss = 1.1906
...model saved to 15_exp/models/FloydWarshallDataset_tropical_0.0001_20000_20260220_103037_relu_best.pth...20260220_120743
At epoch 8604, test loss = 1.1900
...model saved to 15_exp/models/FloydWarshallDataset_tropical_0.0001_20000_20260220_103037_relu_best.pth...20260220_120759
At epoch 8623, test loss = 1.1892
...model saved to 15_exp/models/FloydWarshallDataset_tropical_0.0001_20000_20260220_103037_relu_best.pth...20260220_120813
At epoch 8638, test loss = 1.1860
...model saved to 15_exp/models/FloydWarshallDataset_tropical_0.0001_20000_20260220_103037_relu_best.pth...20260220_120823
At epoch 8669, test loss = 1.1827
...model saved to 15_exp/models/FloydWarshallDataset_tropical_0.0001_20000_20260220_103037_relu_best.pth...20260220_120844
At epoch 8672, test loss = 1.1794
...model saved to 15_exp/models/FloydWarshallDataset_tropical_0.0001_20000_20260220_103037_relu_best.pth...20260220_120846
At epoch 8689, test loss = 1.1767
...model saved to 15_exp/models/FloydWarshallDataset_tropical_0.0001_20000_20260220_103037_relu_best.pth...20260220_120858
At epoch 8735, test loss = 1.1763
...model saved to 15_exp/models/FloydWarshallDataset_tropical_0.0001_20000_20260220_103037_relu_best.pth...20260220_120930
At epoch 8736, test loss = 1.1760
...model saved to 15_exp/models/FloydWarshallDataset_tropical_0.0001_20000_20260220_103037_relu_best.pth...20260220_120930
At epoch 8752, test loss = 1.1752
...model saved to 15_exp/models/FloydWarshallDataset_tropical_0.0001_20000_20260220_103037_relu_best.pth...20260220_120941
At epoch 8756, test loss = 1.1746
...model saved to 15_exp/models/FloydWarshallDataset_tropical_0.0001_20000_20260220_103037_relu_best.pth...20260220_120944
At epoch 8760, test loss = 1.1729
...model saved to 15_exp/models/FloydWarshallDataset_tropical_0.0001_20000_20260220_103037_relu_best.pth...20260220_120947
At epoch 8764, test loss = 1.1691
...model saved to 15_exp/models/FloydWarshallDataset_tropical_0.0001_20000_20260220_103037_relu_best.pth...20260220_120950
At epoch 8812, test loss = 1.1651
...model saved to 15_exp/models/FloydWarshallDataset_tropical_0.0001_20000_20260220_103037_relu_best.pth...20260220_121023
At epoch 8848, test loss = 1.1612
...model saved to 15_exp/models/FloydWarshallDataset_tropical_0.0001_20000_20260220_103037_relu_best.pth...20260220_121048
At epoch 8893, test loss = 1.1573
...model saved to 15_exp/models/FloydWarshallDataset_tropical_0.0001_20000_20260220_103037_relu_best.pth...20260220_121119
At epoch 8912, test loss = 1.1534
...model saved to 15_exp/models/FloydWarshallDataset_tropical_0.0001_20000_20260220_103037_relu_best.pth...20260220_121132
At epoch 8963, test loss = 1.1526
...model saved to 15_exp/models/FloydWarshallDataset_tropical_0.0001_20000_20260220_103037_relu_best.pth...20260220_121207
At epoch 8968, test loss = 1.1458
...model saved to 15_exp/models/FloydWarshallDataset_tropical_0.0001_20000_20260220_103037_relu_best.pth...20260220_121211
At epoch 9048, test loss = 1.1441
...model saved to 15_exp/models/FloydWarshallDataset_tropical_0.0001_20000_20260220_103037_relu_best.pth...20260220_121307
At epoch 9123, test loss = 1.1417
...model saved to 15_exp/models/FloydWarshallDataset_tropical_0.0001_20000_20260220_103037_relu_best.pth...20260220_121359
At epoch 9131, test loss = 1.1405
...model saved to 15_exp/models/FloydWarshallDataset_tropical_0.0001_20000_20260220_103037_relu_best.pth...20260220_121404
At epoch 9140, test loss = 1.1378
...model saved to 15_exp/models/FloydWarshallDataset_tropical_0.0001_20000_20260220_103037_relu_best.pth...20260220_121410
At epoch 9159, test loss = 1.1357
...model saved to 15_exp/models/FloydWarshallDataset_tropical_0.0001_20000_20260220_103037_relu_best.pth...20260220_121424
At epoch 9168, test loss = 1.1348
...model saved to 15_exp/models/FloydWarshallDataset_tropical_0.0001_20000_20260220_103037_relu_best.pth...20260220_121430
At epoch 9169, test loss = 1.1340
...model saved to 15_exp/models/FloydWarshallDataset_tropical_0.0001_20000_20260220_103037_relu_best.pth...20260220_121430
At epoch 9176, test loss = 1.1321
...model saved to 15_exp/models/FloydWarshallDataset_tropical_0.0001_20000_20260220_103037_relu_best.pth...20260220_121435
At epoch 9231, test loss = 1.1272
...model saved to 15_exp/models/FloydWarshallDataset_tropical_0.0001_20000_20260220_103037_relu_best.pth...20260220_121513
At epoch 9248, test loss = 1.1262
...model saved to 15_exp/models/FloydWarshallDataset_tropical_0.0001_20000_20260220_103037_relu_best.pth...20260220_121525
At epoch 9249, test loss = 1.1256
...model saved to 15_exp/models/FloydWarshallDataset_tropical_0.0001_20000_20260220_103037_relu_best.pth...20260220_121526
At epoch 9255, test loss = 1.1233
...model saved to 15_exp/models/FloydWarshallDataset_tropical_0.0001_20000_20260220_103037_relu_best.pth...20260220_121530
At epoch 9278, test loss = 1.1217
...model saved to 15_exp/models/FloydWarshallDataset_tropical_0.0001_20000_20260220_103037_relu_best.pth...20260220_121546
At epoch 9299, test loss = 1.1201
...model saved to 15_exp/models/FloydWarshallDataset_tropical_0.0001_20000_20260220_103037_relu_best.pth...20260220_121600
At epoch 9321, test loss = 1.1166
...model saved to 15_exp/models/FloydWarshallDataset_tropical_0.0001_20000_20260220_103037_relu_best.pth...20260220_121616
At epoch 9327, test loss = 1.1164
...model saved to 15_exp/models/FloydWarshallDataset_tropical_0.0001_20000_20260220_103037_relu_best.pth...20260220_121620
At epoch 9356, test loss = 1.1158
...model saved to 15_exp/models/FloydWarshallDataset_tropical_0.0001_20000_20260220_103037_relu_best.pth...20260220_121640
At epoch 9361, test loss = 1.1121
...model saved to 15_exp/models/FloydWarshallDataset_tropical_0.0001_20000_20260220_103037_relu_best.pth...20260220_121643
At epoch 9421, test loss = 1.1112
...model saved to 15_exp/models/FloydWarshallDataset_tropical_0.0001_20000_20260220_103037_relu_best.pth...20260220_121725
At epoch 9437, test loss = 1.1094
...model saved to 15_exp/models/FloydWarshallDataset_tropical_0.0001_20000_20260220_103037_relu_best.pth...20260220_121736
At epoch 9465, test loss = 1.1088
...model saved to 15_exp/models/FloydWarshallDataset_tropical_0.0001_20000_20260220_103037_relu_best.pth...20260220_121755
At epoch 9467, test loss = 1.1079
...model saved to 15_exp/models/FloydWarshallDataset_tropical_0.0001_20000_20260220_103037_relu_best.pth...20260220_121757
At epoch 9469, test loss = 1.1034
...model saved to 15_exp/models/FloydWarshallDataset_tropical_0.0001_20000_20260220_103037_relu_best.pth...20260220_121758
At epoch 9485, test loss = 1.1017
...model saved to 15_exp/models/FloydWarshallDataset_tropical_0.0001_20000_20260220_103037_relu_best.pth...20260220_121809
At epoch 9541, test loss = 1.0992
...model saved to 15_exp/models/FloydWarshallDataset_tropical_0.0001_20000_20260220_103037_relu_best.pth...20260220_121848
At epoch 9550, test loss = 1.0971
...model saved to 15_exp/models/FloydWarshallDataset_tropical_0.0001_20000_20260220_103037_relu_best.pth...20260220_121855
At epoch 9564, test loss = 1.0942
...model saved to 15_exp/models/FloydWarshallDataset_tropical_0.0001_20000_20260220_103037_relu_best.pth...20260220_121904
At epoch 9597, test loss = 1.0924
...model saved to 15_exp/models/FloydWarshallDataset_tropical_0.0001_20000_20260220_103037_relu_best.pth...20260220_121927
At epoch 9663, test loss = 1.0923
...model saved to 15_exp/models/FloydWarshallDataset_tropical_0.0001_20000_20260220_103037_relu_best.pth...20260220_122013
At epoch 9683, test loss = 1.0904
...model saved to 15_exp/models/FloydWarshallDataset_tropical_0.0001_20000_20260220_103037_relu_best.pth...20260220_122026
At epoch 9684, test loss = 1.0888
...model saved to 15_exp/models/FloydWarshallDataset_tropical_0.0001_20000_20260220_103037_relu_best.pth...20260220_122027
At epoch 9694, test loss = 1.0874
...model saved to 15_exp/models/FloydWarshallDataset_tropical_0.0001_20000_20260220_103037_relu_best.pth...20260220_122034
At epoch 9708, test loss = 1.0865
...model saved to 15_exp/models/FloydWarshallDataset_tropical_0.0001_20000_20260220_103037_relu_best.pth...20260220_122044
At epoch 9739, test loss = 1.0854
...model saved to 15_exp/models/FloydWarshallDataset_tropical_0.0001_20000_20260220_103037_relu_best.pth...20260220_122105
At epoch 9744, test loss = 1.0852
...model saved to 15_exp/models/FloydWarshallDataset_tropical_0.0001_20000_20260220_103037_relu_best.pth...20260220_122109
At epoch 9786, test loss = 1.0826
...model saved to 15_exp/models/FloydWarshallDataset_tropical_0.0001_20000_20260220_103037_relu_best.pth...20260220_122137
At epoch 9804, test loss = 1.0792
...model saved to 15_exp/models/FloydWarshallDataset_tropical_0.0001_20000_20260220_103037_relu_best.pth...20260220_122150
At epoch 9828, test loss = 1.0774
...model saved to 15_exp/models/FloydWarshallDataset_tropical_0.0001_20000_20260220_103037_relu_best.pth...20260220_122206
At epoch 9848, test loss = 1.0754
...model saved to 15_exp/models/FloydWarshallDataset_tropical_0.0001_20000_20260220_103037_relu_best.pth...20260220_122220
At epoch 9889, test loss = 1.0716
...model saved to 15_exp/models/FloydWarshallDataset_tropical_0.0001_20000_20260220_103037_relu_best.pth...20260220_122248
At epoch 9921, test loss = 1.0689
...model saved to 15_exp/models/FloydWarshallDataset_tropical_0.0001_20000_20260220_103037_relu_best.pth...20260220_122310
At epoch 9988, test loss = 1.0662
...model saved to 15_exp/models/FloydWarshallDataset_tropical_0.0001_20000_20260220_103037_relu_best.pth...20260220_122356
At epoch 10015, test loss = 1.0651
...model saved to 15_exp/models/FloydWarshallDataset_tropical_0.0001_20000_20260220_103037_relu_best.pth...20260220_122414
At epoch 10049, test loss = 1.0641
...model saved to 15_exp/models/FloydWarshallDataset_tropical_0.0001_20000_20260220_103037_relu_best.pth...20260220_122438
At epoch 10061, test loss = 1.0571
...model saved to 15_exp/models/FloydWarshallDataset_tropical_0.0001_20000_20260220_103037_relu_best.pth...20260220_122446
At epoch 10143, test loss = 1.0552
...model saved to 15_exp/models/FloydWarshallDataset_tropical_0.0001_20000_20260220_103037_relu_best.pth...20260220_122543
At epoch 10181, test loss = 1.0501
...model saved to 15_exp/models/FloydWarshallDataset_tropical_0.0001_20000_20260220_103037_relu_best.pth...20260220_122609
At epoch 10231, test loss = 1.0492
...model saved to 15_exp/models/FloydWarshallDataset_tropical_0.0001_20000_20260220_103037_relu_best.pth...20260220_122643
At epoch 10254, test loss = 1.0472
...model saved to 15_exp/models/FloydWarshallDataset_tropical_0.0001_20000_20260220_103037_relu_best.pth...20260220_122659
At epoch 10258, test loss = 1.0462
...model saved to 15_exp/models/FloydWarshallDataset_tropical_0.0001_20000_20260220_103037_relu_best.pth...20260220_122702
At epoch 10271, test loss = 1.0460
...model saved to 15_exp/models/FloydWarshallDataset_tropical_0.0001_20000_20260220_103037_relu_best.pth...20260220_122711
At epoch 10286, test loss = 1.0442
...model saved to 15_exp/models/FloydWarshallDataset_tropical_0.0001_20000_20260220_103037_relu_best.pth...20260220_122722
At epoch 10296, test loss = 1.0423
...model saved to 15_exp/models/FloydWarshallDataset_tropical_0.0001_20000_20260220_103037_relu_best.pth...20260220_122728
At epoch 10318, test loss = 1.0422
...model saved to 15_exp/models/FloydWarshallDataset_tropical_0.0001_20000_20260220_103037_relu_best.pth...20260220_122744
At epoch 10346, test loss = 1.0403
...model saved to 15_exp/models/FloydWarshallDataset_tropical_0.0001_20000_20260220_103037_relu_best.pth...20260220_122803
At epoch 10351, test loss = 1.0380
...model saved to 15_exp/models/FloydWarshallDataset_tropical_0.0001_20000_20260220_103037_relu_best.pth...20260220_122806
At epoch 10407, test loss = 1.0377
...model saved to 15_exp/models/FloydWarshallDataset_tropical_0.0001_20000_20260220_103037_relu_best.pth...20260220_122845
At epoch 10433, test loss = 1.0359
...model saved to 15_exp/models/FloydWarshallDataset_tropical_0.0001_20000_20260220_103037_relu_best.pth...20260220_122904
At epoch 10477, test loss = 1.0333
...model saved to 15_exp/models/FloydWarshallDataset_tropical_0.0001_20000_20260220_103037_relu_best.pth...20260220_122935
At epoch 10484, test loss = 1.0312
...model saved to 15_exp/models/FloydWarshallDataset_tropical_0.0001_20000_20260220_103037_relu_best.pth...20260220_122940
At epoch 10564, test loss = 1.0303
...model saved to 15_exp/models/FloydWarshallDataset_tropical_0.0001_20000_20260220_103037_relu_best.pth...20260220_123041
At epoch 10571, test loss = 1.0300
...model saved to 15_exp/models/FloydWarshallDataset_tropical_0.0001_20000_20260220_103037_relu_best.pth...20260220_123046
At epoch 10581, test loss = 1.0282
...model saved to 15_exp/models/FloydWarshallDataset_tropical_0.0001_20000_20260220_103037_relu_best.pth...20260220_123054
At epoch 10585, test loss = 1.0277
...model saved to 15_exp/models/FloydWarshallDataset_tropical_0.0001_20000_20260220_103037_relu_best.pth...20260220_123057
At epoch 10596, test loss = 1.0240
...model saved to 15_exp/models/FloydWarshallDataset_tropical_0.0001_20000_20260220_103037_relu_best.pth...20260220_123105
At epoch 10614, test loss = 1.0232
...model saved to 15_exp/models/FloydWarshallDataset_tropical_0.0001_20000_20260220_103037_relu_best.pth...20260220_123118
At epoch 10694, test loss = 1.0224
...model saved to 15_exp/models/FloydWarshallDataset_tropical_0.0001_20000_20260220_103037_relu_best.pth...20260220_123214
At epoch 10696, test loss = 1.0183
...model saved to 15_exp/models/FloydWarshallDataset_tropical_0.0001_20000_20260220_103037_relu_best.pth...20260220_123216
At epoch 10775, test loss = 1.0175
...model saved to 15_exp/models/FloydWarshallDataset_tropical_0.0001_20000_20260220_103037_relu_best.pth...20260220_123310
At epoch 10821, test loss = 1.0161
...model saved to 15_exp/models/FloydWarshallDataset_tropical_0.0001_20000_20260220_103037_relu_best.pth...20260220_123342
At epoch 10830, test loss = 1.0141
...model saved to 15_exp/models/FloydWarshallDataset_tropical_0.0001_20000_20260220_103037_relu_best.pth...20260220_123348
At epoch 10874, test loss = 1.0139
...model saved to 15_exp/models/FloydWarshallDataset_tropical_0.0001_20000_20260220_103037_relu_best.pth...20260220_123418
At epoch 10894, test loss = 1.0091
...model saved to 15_exp/models/FloydWarshallDataset_tropical_0.0001_20000_20260220_103037_relu_best.pth...20260220_123431
At epoch 10912, test loss = 1.0069
...model saved to 15_exp/models/FloydWarshallDataset_tropical_0.0001_20000_20260220_103037_relu_best.pth...20260220_123443
At epoch 11006, test loss = 1.0049
...model saved to 15_exp/models/FloydWarshallDataset_tropical_0.0001_20000_20260220_103037_relu_best.pth...20260220_123548
At epoch 11072, test loss = 1.0040
...model saved to 15_exp/models/FloydWarshallDataset_tropical_0.0001_20000_20260220_103037_relu_best.pth...20260220_123633
At epoch 11091, test loss = 1.0039
...model saved to 15_exp/models/FloydWarshallDataset_tropical_0.0001_20000_20260220_103037_relu_best.pth...20260220_123646
At epoch 11098, test loss = 0.9977
...model saved to 15_exp/models/FloydWarshallDataset_tropical_0.0001_20000_20260220_103037_relu_best.pth...20260220_123651
At epoch 11180, test loss = 0.9967
...model saved to 15_exp/models/FloydWarshallDataset_tropical_0.0001_20000_20260220_103037_relu_best.pth...20260220_123748
At epoch 11208, test loss = 0.9964
...model saved to 15_exp/models/FloydWarshallDataset_tropical_0.0001_20000_20260220_103037_relu_best.pth...20260220_123807
At epoch 11223, test loss = 0.9956
...model saved to 15_exp/models/FloydWarshallDataset_tropical_0.0001_20000_20260220_103037_relu_best.pth...20260220_123817
At epoch 11265, test loss = 0.9897
...model saved to 15_exp/models/FloydWarshallDataset_tropical_0.0001_20000_20260220_103037_relu_best.pth...20260220_123844
At epoch 11359, test loss = 0.9890
...model saved to 15_exp/models/FloydWarshallDataset_tropical_0.0001_20000_20260220_103037_relu_best.pth...20260220_123944
At epoch 11364, test loss = 0.9878
...model saved to 15_exp/models/FloydWarshallDataset_tropical_0.0001_20000_20260220_103037_relu_best.pth...20260220_123948
At epoch 11436, test loss = 0.9873
...model saved to 15_exp/models/FloydWarshallDataset_tropical_0.0001_20000_20260220_103037_relu_best.pth...20260220_124034
At epoch 11457, test loss = 0.9869
...model saved to 15_exp/models/FloydWarshallDataset_tropical_0.0001_20000_20260220_103037_relu_best.pth...20260220_124048
At epoch 11476, test loss = 0.9861
...model saved to 15_exp/models/FloydWarshallDataset_tropical_0.0001_20000_20260220_103037_relu_best.pth...20260220_124100
At epoch 11490, test loss = 0.9847
...model saved to 15_exp/models/FloydWarshallDataset_tropical_0.0001_20000_20260220_103037_relu_best.pth...20260220_124109
At epoch 11496, test loss = 0.9827
...model saved to 15_exp/models/FloydWarshallDataset_tropical_0.0001_20000_20260220_103037_relu_best.pth...20260220_124113
At epoch 11548, test loss = 0.9770
...model saved to 15_exp/models/FloydWarshallDataset_tropical_0.0001_20000_20260220_103037_relu_best.pth...20260220_124147
At epoch 11657, test loss = 0.9755
...model saved to 15_exp/models/FloydWarshallDataset_tropical_0.0001_20000_20260220_103037_relu_best.pth...20260220_124257
At epoch 11662, test loss = 0.9728
...model saved to 15_exp/models/FloydWarshallDataset_tropical_0.0001_20000_20260220_103037_relu_best.pth...20260220_124300
At epoch 11699, test loss = 0.9712
...model saved to 15_exp/models/FloydWarshallDataset_tropical_0.0001_20000_20260220_103037_relu_best.pth...20260220_124324
At epoch 11700, test loss = 0.9711
...model saved to 15_exp/models/FloydWarshallDataset_tropical_0.0001_20000_20260220_103037_relu_best.pth...20260220_124325
At epoch 11741, test loss = 0.9687
...model saved to 15_exp/models/FloydWarshallDataset_tropical_0.0001_20000_20260220_103037_relu_best.pth...20260220_124351
At epoch 11769, test loss = 0.9680
...model saved to 15_exp/models/FloydWarshallDataset_tropical_0.0001_20000_20260220_103037_relu_best.pth...20260220_124409
At epoch 11837, test loss = 0.9669
...model saved to 15_exp/models/FloydWarshallDataset_tropical_0.0001_20000_20260220_103037_relu_best.pth...20260220_124453
At epoch 11856, test loss = 0.9655
...model saved to 15_exp/models/FloydWarshallDataset_tropical_0.0001_20000_20260220_103037_relu_best.pth...20260220_124506
At epoch 11898, test loss = 0.9649
...model saved to 15_exp/models/FloydWarshallDataset_tropical_0.0001_20000_20260220_103037_relu_best.pth...20260220_124535
At epoch 11904, test loss = 0.9642
...model saved to 15_exp/models/FloydWarshallDataset_tropical_0.0001_20000_20260220_103037_relu_best.pth...20260220_124539
At epoch 11909, test loss = 0.9640
...model saved to 15_exp/models/FloydWarshallDataset_tropical_0.0001_20000_20260220_103037_relu_best.pth...20260220_124543
At epoch 11918, test loss = 0.9638
...model saved to 15_exp/models/FloydWarshallDataset_tropical_0.0001_20000_20260220_103037_relu_best.pth...20260220_124549
At epoch 11930, test loss = 0.9629
...model saved to 15_exp/models/FloydWarshallDataset_tropical_0.0001_20000_20260220_103037_relu_best.pth...20260220_124557
At epoch 11961, test loss = 0.9603
...model saved to 15_exp/models/FloydWarshallDataset_tropical_0.0001_20000_20260220_103037_relu_best.pth...20260220_124619
At epoch 11979, test loss = 0.9596
...model saved to 15_exp/models/FloydWarshallDataset_tropical_0.0001_20000_20260220_103037_relu_best.pth...20260220_124631
At epoch 11985, test loss = 0.9564
...model saved to 15_exp/models/FloydWarshallDataset_tropical_0.0001_20000_20260220_103037_relu_best.pth...20260220_124635
At epoch 12154, test loss = 0.9551
...model saved to 15_exp/models/FloydWarshallDataset_tropical_0.0001_20000_20260220_103037_relu_best.pth...20260220_124831
At epoch 12161, test loss = 0.9497
...model saved to 15_exp/models/FloydWarshallDataset_tropical_0.0001_20000_20260220_103037_relu_best.pth...20260220_124836
At epoch 12205, test loss = 0.9471
...model saved to 15_exp/models/FloydWarshallDataset_tropical_0.0001_20000_20260220_103037_relu_best.pth...20260220_124905
At epoch 12343, test loss = 0.9468
...model saved to 15_exp/models/FloydWarshallDataset_tropical_0.0001_20000_20260220_103037_relu_best.pth...20260220_125033
At epoch 12419, test loss = 0.9445
...model saved to 15_exp/models/FloydWarshallDataset_tropical_0.0001_20000_20260220_103037_relu_best.pth...20260220_125122
At epoch 12474, test loss = 0.9436
...model saved to 15_exp/models/FloydWarshallDataset_tropical_0.0001_20000_20260220_103037_relu_best.pth...20260220_125158
At epoch 12486, test loss = 0.9424
...model saved to 15_exp/models/FloydWarshallDataset_tropical_0.0001_20000_20260220_103037_relu_best.pth...20260220_125205
At epoch 12524, test loss = 0.9397
...model saved to 15_exp/models/FloydWarshallDataset_tropical_0.0001_20000_20260220_103037_relu_best.pth...20260220_125230
At epoch 12584, test loss = 0.9383
...model saved to 15_exp/models/FloydWarshallDataset_tropical_0.0001_20000_20260220_103037_relu_best.pth...20260220_125308
At epoch 12594, test loss = 0.9360
...model saved to 15_exp/models/FloydWarshallDataset_tropical_0.0001_20000_20260220_103037_relu_best.pth...20260220_125315
At epoch 12668, test loss = 0.9358
...model saved to 15_exp/models/FloydWarshallDataset_tropical_0.0001_20000_20260220_103037_relu_best.pth...20260220_125402
At epoch 12681, test loss = 0.9340
...model saved to 15_exp/models/FloydWarshallDataset_tropical_0.0001_20000_20260220_103037_relu_best.pth...20260220_125411
At epoch 12711, test loss = 0.9319
...model saved to 15_exp/models/FloydWarshallDataset_tropical_0.0001_20000_20260220_103037_relu_best.pth...20260220_125430
At epoch 12749, test loss = 0.9290
...model saved to 15_exp/models/FloydWarshallDataset_tropical_0.0001_20000_20260220_103037_relu_best.pth...20260220_125454
At epoch 12956, test loss = 0.9288
...model saved to 15_exp/models/FloydWarshallDataset_tropical_0.0001_20000_20260220_103037_relu_best.pth...20260220_125707
At epoch 12977, test loss = 0.9263
...model saved to 15_exp/models/FloydWarshallDataset_tropical_0.0001_20000_20260220_103037_relu_best.pth...20260220_125720
At epoch 13003, test loss = 0.9233
...model saved to 15_exp/models/FloydWarshallDataset_tropical_0.0001_20000_20260220_103037_relu_best.pth...20260220_125737
At epoch 13094, test loss = 0.9222
...model saved to 15_exp/models/FloydWarshallDataset_tropical_0.0001_20000_20260220_103037_relu_best.pth...20260220_125835
At epoch 13139, test loss = 0.9208
...model saved to 15_exp/models/FloydWarshallDataset_tropical_0.0001_20000_20260220_103037_relu_best.pth...20260220_125904
At epoch 13177, test loss = 0.9201
...model saved to 15_exp/models/FloydWarshallDataset_tropical_0.0001_20000_20260220_103037_relu_best.pth...20260220_125928
At epoch 13301, test loss = 0.9178
...model saved to 15_exp/models/FloydWarshallDataset_tropical_0.0001_20000_20260220_103037_relu_best.pth...20260220_130052
At epoch 13350, test loss = 0.9178
...model saved to 15_exp/models/FloydWarshallDataset_tropical_0.0001_20000_20260220_103037_relu_best.pth...20260220_130125
At epoch 13362, test loss = 0.9172
...model saved to 15_exp/models/FloydWarshallDataset_tropical_0.0001_20000_20260220_103037_relu_best.pth...20260220_130133
At epoch 13376, test loss = 0.9156
...model saved to 15_exp/models/FloydWarshallDataset_tropical_0.0001_20000_20260220_103037_relu_best.pth...20260220_130143
At epoch 13460, test loss = 0.9113
...model saved to 15_exp/models/FloydWarshallDataset_tropical_0.0001_20000_20260220_103037_relu_best.pth...20260220_130241
At epoch 13573, test loss = 0.9092
...model saved to 15_exp/models/FloydWarshallDataset_tropical_0.0001_20000_20260220_103037_relu_best.pth...20260220_130359
At epoch 13645, test loss = 0.9086
...model saved to 15_exp/models/FloydWarshallDataset_tropical_0.0001_20000_20260220_103037_relu_best.pth...20260220_130448
At epoch 13733, test loss = 0.9071
...model saved to 15_exp/models/FloydWarshallDataset_tropical_0.0001_20000_20260220_103037_relu_best.pth...20260220_130552
At epoch 13740, test loss = 0.9053
...model saved to 15_exp/models/FloydWarshallDataset_tropical_0.0001_20000_20260220_103037_relu_best.pth...20260220_130558
At epoch 13795, test loss = 0.9042
...model saved to 15_exp/models/FloydWarshallDataset_tropical_0.0001_20000_20260220_103037_relu_best.pth...20260220_130639
At epoch 13923, test loss = 0.9041
...model saved to 15_exp/models/FloydWarshallDataset_tropical_0.0001_20000_20260220_103037_relu_best.pth...20260220_130809
At epoch 13975, test loss = 0.9028
...model saved to 15_exp/models/FloydWarshallDataset_tropical_0.0001_20000_20260220_103037_relu_best.pth...20260220_130845
At epoch 13994, test loss = 0.8977
...model saved to 15_exp/models/FloydWarshallDataset_tropical_0.0001_20000_20260220_103037_relu_best.pth...20260220_130858
At epoch 14204, test loss = 0.8958
...model saved to 15_exp/models/FloydWarshallDataset_tropical_0.0001_20000_20260220_103037_relu_best.pth...20260220_131114
At epoch 14276, test loss = 0.8931
...model saved to 15_exp/models/FloydWarshallDataset_tropical_0.0001_20000_20260220_103037_relu_best.pth...20260220_131200
At epoch 14318, test loss = 0.8923
...model saved to 15_exp/models/FloydWarshallDataset_tropical_0.0001_20000_20260220_103037_relu_best.pth...20260220_131227
At epoch 14418, test loss = 0.8908
...model saved to 15_exp/models/FloydWarshallDataset_tropical_0.0001_20000_20260220_103037_relu_best.pth...20260220_131330
At epoch 14455, test loss = 0.8898
...model saved to 15_exp/models/FloydWarshallDataset_tropical_0.0001_20000_20260220_103037_relu_best.pth...20260220_131354
At epoch 14469, test loss = 0.8864
...model saved to 15_exp/models/FloydWarshallDataset_tropical_0.0001_20000_20260220_103037_relu_best.pth...20260220_131403
At epoch 14647, test loss = 0.8853
...model saved to 15_exp/models/FloydWarshallDataset_tropical_0.0001_20000_20260220_103037_relu_best.pth...20260220_131557
At epoch 14658, test loss = 0.8845
...model saved to 15_exp/models/FloydWarshallDataset_tropical_0.0001_20000_20260220_103037_relu_best.pth...20260220_131604
At epoch 14770, test loss = 0.8844
...model saved to 15_exp/models/FloydWarshallDataset_tropical_0.0001_20000_20260220_103037_relu_best.pth...20260220_131716
At epoch 14790, test loss = 0.8826
...model saved to 15_exp/models/FloydWarshallDataset_tropical_0.0001_20000_20260220_103037_relu_best.pth...20260220_131729
At epoch 14792, test loss = 0.8816
...model saved to 15_exp/models/FloydWarshallDataset_tropical_0.0001_20000_20260220_103037_relu_best.pth...20260220_131730
At epoch 14890, test loss = 0.8798
...model saved to 15_exp/models/FloydWarshallDataset_tropical_0.0001_20000_20260220_103037_relu_best.pth...20260220_131834
At epoch 14967, test loss = 0.8763
...model saved to 15_exp/models/FloydWarshallDataset_tropical_0.0001_20000_20260220_103037_relu_best.pth...20260220_131927
At epoch 15096, test loss = 0.8762
...model saved to 15_exp/models/FloydWarshallDataset_tropical_0.0001_20000_20260220_103037_relu_best.pth...20260220_132055
At epoch 15114, test loss = 0.8745
...model saved to 15_exp/models/FloydWarshallDataset_tropical_0.0001_20000_20260220_103037_relu_best.pth...20260220_132108
At epoch 15119, test loss = 0.8745
...model saved to 15_exp/models/FloydWarshallDataset_tropical_0.0001_20000_20260220_103037_relu_best.pth...20260220_132111
At epoch 15157, test loss = 0.8697
...model saved to 15_exp/models/FloydWarshallDataset_tropical_0.0001_20000_20260220_103037_relu_best.pth...20260220_132137
At epoch 15430, test loss = 0.8690
...model saved to 15_exp/models/FloydWarshallDataset_tropical_0.0001_20000_20260220_103037_relu_best.pth...20260220_132444
At epoch 15507, test loss = 0.8689
...model saved to 15_exp/models/FloydWarshallDataset_tropical_0.0001_20000_20260220_103037_relu_best.pth...20260220_132536
At epoch 15524, test loss = 0.8675
...model saved to 15_exp/models/FloydWarshallDataset_tropical_0.0001_20000_20260220_103037_relu_best.pth...20260220_132548
At epoch 15540, test loss = 0.8617
...model saved to 15_exp/models/FloydWarshallDataset_tropical_0.0001_20000_20260220_103037_relu_best.pth...20260220_132559
At epoch 15668, test loss = 0.8608
...model saved to 15_exp/models/FloydWarshallDataset_tropical_0.0001_20000_20260220_103037_relu_best.pth...20260220_132726
At epoch 15922, test loss = 0.8605
...model saved to 15_exp/models/FloydWarshallDataset_tropical_0.0001_20000_20260220_103037_relu_best.pth...20260220_133019
At epoch 15927, test loss = 0.8569
...model saved to 15_exp/models/FloydWarshallDataset_tropical_0.0001_20000_20260220_103037_relu_best.pth...20260220_133023
At epoch 16009, test loss = 0.8562
...model saved to 15_exp/models/FloydWarshallDataset_tropical_0.0001_20000_20260220_103037_relu_best.pth...20260220_133119
At epoch 16105, test loss = 0.8530
...model saved to 15_exp/models/FloydWarshallDataset_tropical_0.0001_20000_20260220_103037_relu_best.pth...20260220_133225
At epoch 16217, test loss = 0.8526
...model saved to 15_exp/models/FloydWarshallDataset_tropical_0.0001_20000_20260220_103037_relu_best.pth...20260220_133342
At epoch 16386, test loss = 0.8513
...model saved to 15_exp/models/FloydWarshallDataset_tropical_0.0001_20000_20260220_103037_relu_best.pth...20260220_133537
At epoch 16420, test loss = 0.8511
...model saved to 15_exp/models/FloydWarshallDataset_tropical_0.0001_20000_20260220_103037_relu_best.pth...20260220_133600
At epoch 16432, test loss = 0.8492
...model saved to 15_exp/models/FloydWarshallDataset_tropical_0.0001_20000_20260220_103037_relu_best.pth...20260220_133609
At epoch 16625, test loss = 0.8477
...model saved to 15_exp/models/FloydWarshallDataset_tropical_0.0001_20000_20260220_103037_relu_best.pth...20260220_133815
At epoch 16685, test loss = 0.8462
...model saved to 15_exp/models/FloydWarshallDataset_tropical_0.0001_20000_20260220_103037_relu_best.pth...20260220_133853
At epoch 16751, test loss = 0.8457
...model saved to 15_exp/models/FloydWarshallDataset_tropical_0.0001_20000_20260220_103037_relu_best.pth...20260220_133936
At epoch 16759, test loss = 0.8445
...model saved to 15_exp/models/FloydWarshallDataset_tropical_0.0001_20000_20260220_103037_relu_best.pth...20260220_133941
At epoch 16820, test loss = 0.8430
...model saved to 15_exp/models/FloydWarshallDataset_tropical_0.0001_20000_20260220_103037_relu_best.pth...20260220_134020
At epoch 16875, test loss = 0.8428
...model saved to 15_exp/models/FloydWarshallDataset_tropical_0.0001_20000_20260220_103037_relu_best.pth...20260220_134055
At epoch 16900, test loss = 0.8406
...model saved to 15_exp/models/FloydWarshallDataset_tropical_0.0001_20000_20260220_103037_relu_best.pth...20260220_134111
At epoch 17233, test loss = 0.8384
...model saved to 15_exp/models/FloydWarshallDataset_tropical_0.0001_20000_20260220_103037_relu_best.pth...20260220_134445
At epoch 17326, test loss = 0.8335
...model saved to 15_exp/models/FloydWarshallDataset_tropical_0.0001_20000_20260220_103037_relu_best.pth...20260220_134544
At epoch 17390, test loss = 0.8327
...model saved to 15_exp/models/FloydWarshallDataset_tropical_0.0001_20000_20260220_103037_relu_best.pth...20260220_134628
At epoch 17618, test loss = 0.8324
...model saved to 15_exp/models/FloydWarshallDataset_tropical_0.0001_20000_20260220_103037_relu_best.pth...20260220_134903
At epoch 17793, test loss = 0.8276
...model saved to 15_exp/models/FloydWarshallDataset_tropical_0.0001_20000_20260220_103037_relu_best.pth...20260220_135101
At epoch 18051, test loss = 0.8266
...model saved to 15_exp/models/FloydWarshallDataset_tropical_0.0001_20000_20260220_103037_relu_best.pth...20260220_135352
At epoch 18079, test loss = 0.8262
...model saved to 15_exp/models/FloydWarshallDataset_tropical_0.0001_20000_20260220_103037_relu_best.pth...20260220_135410
At epoch 18130, test loss = 0.8230
...model saved to 15_exp/models/FloydWarshallDataset_tropical_0.0001_20000_20260220_103037_relu_best.pth...20260220_135442
At epoch 18134, test loss = 0.8220
...model saved to 15_exp/models/FloydWarshallDataset_tropical_0.0001_20000_20260220_103037_relu_best.pth...20260220_135445
At epoch 18343, test loss = 0.8201
...model saved to 15_exp/models/FloydWarshallDataset_tropical_0.0001_20000_20260220_103037_relu_best.pth...20260220_135659
At epoch 18621, test loss = 0.8187
...model saved to 15_exp/models/FloydWarshallDataset_tropical_0.0001_20000_20260220_103037_relu_best.pth...20260220_135957
At epoch 18726, test loss = 0.8173
...model saved to 15_exp/models/FloydWarshallDataset_tropical_0.0001_20000_20260220_103037_relu_best.pth...20260220_140105
At epoch 18758, test loss = 0.8157
...model saved to 15_exp/models/FloydWarshallDataset_tropical_0.0001_20000_20260220_103037_relu_best.pth...20260220_140125
At epoch 18783, test loss = 0.8132
...model saved to 15_exp/models/FloydWarshallDataset_tropical_0.0001_20000_20260220_103037_relu_best.pth...20260220_140142
At epoch 19010, test loss = 0.8120
...model saved to 15_exp/models/FloydWarshallDataset_tropical_0.0001_20000_20260220_103037_relu_best.pth...20260220_140408
At epoch 19087, test loss = 0.8115
...model saved to 15_exp/models/FloydWarshallDataset_tropical_0.0001_20000_20260220_103037_relu_best.pth...20260220_140458
At epoch 19115, test loss = 0.8109
...model saved to 15_exp/models/FloydWarshallDataset_tropical_0.0001_20000_20260220_103037_relu_best.pth...20260220_140516
At epoch 19182, test loss = 0.8103
...model saved to 15_exp/models/FloydWarshallDataset_tropical_0.0001_20000_20260220_103037_relu_best.pth...20260220_140601
At epoch 19269, test loss = 0.8103
...model saved to 15_exp/models/FloydWarshallDataset_tropical_0.0001_20000_20260220_103037_relu_best.pth...20260220_140655
At epoch 19353, test loss = 0.8099
...model saved to 15_exp/models/FloydWarshallDataset_tropical_0.0001_20000_20260220_103037_relu_best.pth...20260220_140748
At epoch 19380, test loss = 0.8096
...model saved to 15_exp/models/FloydWarshallDataset_tropical_0.0001_20000_20260220_103037_relu_best.pth...20260220_140805
At epoch 19382, test loss = 0.8079
...model saved to 15_exp/models/FloydWarshallDataset_tropical_0.0001_20000_20260220_103037_relu_best.pth...20260220_140807
At epoch 19605, test loss = 0.8062
...model saved to 15_exp/models/FloydWarshallDataset_tropical_0.0001_20000_20260220_103037_relu_best.pth...20260220_141029
At epoch 19839, test loss = 0.8057
...model saved to 15_exp/models/FloydWarshallDataset_tropical_0.0001_20000_20260220_103037_relu_best.pth...20260220_141259
At epoch 19852, test loss = 0.8020
...model saved to 15_exp/models/FloydWarshallDataset_tropical_0.0001_20000_20260220_103037_relu_best.pth...20260220_141307
...plot saved to 15_exp/plots/plots_FloydWarshallDataset_tropical_0.0001_20000_20260220_103037_relu.png...
