CUDA available? True
GPU device: NVIDIA A100-SXM4-40GB
CUDA_VISIBLE_DEVICES=0,1,2,3
SLURM_JOB_GPUS=0,1,2,3

 Running config: {'task': 'train', 'model_type': 'tropical', 'dataset_name': 'FloydWarshallDataset', 'input_dim': 3, 'd_model': 32, 'n_heads': 4, 'num_layers': 4, 'num_epochs': 20000, 'dropout': 0.05, 'lr': 0.0001, 'seed': 999, 'n_samples': 50000, 'batch_size': 1000, 'target_range': 'na', 'weight_range': 'na', 'adversarial_range': '(10,20)', 'length_range': '(8,8)', 'noise_prob': 0, 'value_range': '(1,15)'}
FloydWarshallDataset_tropical_0.0001_20000_20260220_112048_relu
...setting dataloader...20260220_112048
...setting model object...20260220_112103
...training model...20260220_112103
At epoch 0, test loss = 412.3299
...model saved to 15_exp/models/FloydWarshallDataset_tropical_0.0001_20000_20260220_112048_relu_best.pth...20260220_112122
At epoch 1, test loss = 395.8788
...model saved to 15_exp/models/FloydWarshallDataset_tropical_0.0001_20000_20260220_112048_relu_best.pth...20260220_112123
At epoch 2, test loss = 370.8497
...model saved to 15_exp/models/FloydWarshallDataset_tropical_0.0001_20000_20260220_112048_relu_best.pth...20260220_112124
At epoch 3, test loss = 339.1586
...model saved to 15_exp/models/FloydWarshallDataset_tropical_0.0001_20000_20260220_112048_relu_best.pth...20260220_112125
At epoch 4, test loss = 300.5926
...model saved to 15_exp/models/FloydWarshallDataset_tropical_0.0001_20000_20260220_112048_relu_best.pth...20260220_112125
At epoch 5, test loss = 258.2588
...model saved to 15_exp/models/FloydWarshallDataset_tropical_0.0001_20000_20260220_112048_relu_best.pth...20260220_112126
At epoch 6, test loss = 217.6955
...model saved to 15_exp/models/FloydWarshallDataset_tropical_0.0001_20000_20260220_112048_relu_best.pth...20260220_112127
At epoch 7, test loss = 182.4895
...model saved to 15_exp/models/FloydWarshallDataset_tropical_0.0001_20000_20260220_112048_relu_best.pth...20260220_112127
At epoch 8, test loss = 154.6945
...model saved to 15_exp/models/FloydWarshallDataset_tropical_0.0001_20000_20260220_112048_relu_best.pth...20260220_112128
At epoch 9, test loss = 134.8127
...model saved to 15_exp/models/FloydWarshallDataset_tropical_0.0001_20000_20260220_112048_relu_best.pth...20260220_112129
At epoch 10, test loss = 121.7043
...model saved to 15_exp/models/FloydWarshallDataset_tropical_0.0001_20000_20260220_112048_relu_best.pth...20260220_112130
At epoch 11, test loss = 113.3134
...model saved to 15_exp/models/FloydWarshallDataset_tropical_0.0001_20000_20260220_112048_relu_best.pth...20260220_112130
At epoch 12, test loss = 107.8988
...model saved to 15_exp/models/FloydWarshallDataset_tropical_0.0001_20000_20260220_112048_relu_best.pth...20260220_112131
At epoch 13, test loss = 104.1906
...model saved to 15_exp/models/FloydWarshallDataset_tropical_0.0001_20000_20260220_112048_relu_best.pth...20260220_112132
At epoch 14, test loss = 101.6788
...model saved to 15_exp/models/FloydWarshallDataset_tropical_0.0001_20000_20260220_112048_relu_best.pth...20260220_112133
At epoch 15, test loss = 100.0836
...model saved to 15_exp/models/FloydWarshallDataset_tropical_0.0001_20000_20260220_112048_relu_best.pth...20260220_112133
At epoch 16, test loss = 99.0894
...model saved to 15_exp/models/FloydWarshallDataset_tropical_0.0001_20000_20260220_112048_relu_best.pth...20260220_112134
At epoch 17, test loss = 98.4589
...model saved to 15_exp/models/FloydWarshallDataset_tropical_0.0001_20000_20260220_112048_relu_best.pth...20260220_112135
At epoch 18, test loss = 98.0452
...model saved to 15_exp/models/FloydWarshallDataset_tropical_0.0001_20000_20260220_112048_relu_best.pth...20260220_112135
At epoch 19, test loss = 97.7581
...model saved to 15_exp/models/FloydWarshallDataset_tropical_0.0001_20000_20260220_112048_relu_best.pth...20260220_112136
At epoch 20, test loss = 97.5240
...model saved to 15_exp/models/FloydWarshallDataset_tropical_0.0001_20000_20260220_112048_relu_best.pth...20260220_112137
At epoch 21, test loss = 97.0492
...model saved to 15_exp/models/FloydWarshallDataset_tropical_0.0001_20000_20260220_112048_relu_best.pth...20260220_112138
At epoch 22, test loss = 96.2891
...model saved to 15_exp/models/FloydWarshallDataset_tropical_0.0001_20000_20260220_112048_relu_best.pth...20260220_112138
At epoch 23, test loss = 95.6477
...model saved to 15_exp/models/FloydWarshallDataset_tropical_0.0001_20000_20260220_112048_relu_best.pth...20260220_112139
At epoch 24, test loss = 95.1349
...model saved to 15_exp/models/FloydWarshallDataset_tropical_0.0001_20000_20260220_112048_relu_best.pth...20260220_112140
At epoch 25, test loss = 94.6402
...model saved to 15_exp/models/FloydWarshallDataset_tropical_0.0001_20000_20260220_112048_relu_best.pth...20260220_112141
At epoch 26, test loss = 94.2278
...model saved to 15_exp/models/FloydWarshallDataset_tropical_0.0001_20000_20260220_112048_relu_best.pth...20260220_112141
At epoch 27, test loss = 93.8571
...model saved to 15_exp/models/FloydWarshallDataset_tropical_0.0001_20000_20260220_112048_relu_best.pth...20260220_112142
At epoch 28, test loss = 93.5458
...model saved to 15_exp/models/FloydWarshallDataset_tropical_0.0001_20000_20260220_112048_relu_best.pth...20260220_112143
At epoch 29, test loss = 93.2948
...model saved to 15_exp/models/FloydWarshallDataset_tropical_0.0001_20000_20260220_112048_relu_best.pth...20260220_112143
At epoch 30, test loss = 93.0407
...model saved to 15_exp/models/FloydWarshallDataset_tropical_0.0001_20000_20260220_112048_relu_best.pth...20260220_112144
At epoch 31, test loss = 92.7647
...model saved to 15_exp/models/FloydWarshallDataset_tropical_0.0001_20000_20260220_112048_relu_best.pth...20260220_112145
At epoch 32, test loss = 92.4723
...model saved to 15_exp/models/FloydWarshallDataset_tropical_0.0001_20000_20260220_112048_relu_best.pth...20260220_112146
At epoch 33, test loss = 92.2452
...model saved to 15_exp/models/FloydWarshallDataset_tropical_0.0001_20000_20260220_112048_relu_best.pth...20260220_112146
At epoch 34, test loss = 91.9361
...model saved to 15_exp/models/FloydWarshallDataset_tropical_0.0001_20000_20260220_112048_relu_best.pth...20260220_112147
At epoch 35, test loss = 91.7537
...model saved to 15_exp/models/FloydWarshallDataset_tropical_0.0001_20000_20260220_112048_relu_best.pth...20260220_112148
At epoch 36, test loss = 91.3895
...model saved to 15_exp/models/FloydWarshallDataset_tropical_0.0001_20000_20260220_112048_relu_best.pth...20260220_112149
At epoch 37, test loss = 91.1335
...model saved to 15_exp/models/FloydWarshallDataset_tropical_0.0001_20000_20260220_112048_relu_best.pth...20260220_112149
At epoch 38, test loss = 90.8748
...model saved to 15_exp/models/FloydWarshallDataset_tropical_0.0001_20000_20260220_112048_relu_best.pth...20260220_112150
At epoch 39, test loss = 90.6211
...model saved to 15_exp/models/FloydWarshallDataset_tropical_0.0001_20000_20260220_112048_relu_best.pth...20260220_112151
At epoch 40, test loss = 90.3846
...model saved to 15_exp/models/FloydWarshallDataset_tropical_0.0001_20000_20260220_112048_relu_best.pth...20260220_112152
At epoch 41, test loss = 90.1287
...model saved to 15_exp/models/FloydWarshallDataset_tropical_0.0001_20000_20260220_112048_relu_best.pth...20260220_112152
At epoch 42, test loss = 89.8650
...model saved to 15_exp/models/FloydWarshallDataset_tropical_0.0001_20000_20260220_112048_relu_best.pth...20260220_112153
At epoch 43, test loss = 89.6163
...model saved to 15_exp/models/FloydWarshallDataset_tropical_0.0001_20000_20260220_112048_relu_best.pth...20260220_112154
At epoch 44, test loss = 89.3557
...model saved to 15_exp/models/FloydWarshallDataset_tropical_0.0001_20000_20260220_112048_relu_best.pth...20260220_112154
At epoch 45, test loss = 89.0813
...model saved to 15_exp/models/FloydWarshallDataset_tropical_0.0001_20000_20260220_112048_relu_best.pth...20260220_112155
At epoch 46, test loss = 88.7636
...model saved to 15_exp/models/FloydWarshallDataset_tropical_0.0001_20000_20260220_112048_relu_best.pth...20260220_112156
At epoch 47, test loss = 88.4499
...model saved to 15_exp/models/FloydWarshallDataset_tropical_0.0001_20000_20260220_112048_relu_best.pth...20260220_112157
At epoch 48, test loss = 88.2012
...model saved to 15_exp/models/FloydWarshallDataset_tropical_0.0001_20000_20260220_112048_relu_best.pth...20260220_112157
At epoch 49, test loss = 87.8808
...model saved to 15_exp/models/FloydWarshallDataset_tropical_0.0001_20000_20260220_112048_relu_best.pth...20260220_112158
At epoch 50, test loss = 87.4971
...model saved to 15_exp/models/FloydWarshallDataset_tropical_0.0001_20000_20260220_112048_relu_best.pth...20260220_112159
At epoch 51, test loss = 87.1588
...model saved to 15_exp/models/FloydWarshallDataset_tropical_0.0001_20000_20260220_112048_relu_best.pth...20260220_112200
At epoch 52, test loss = 86.8552
...model saved to 15_exp/models/FloydWarshallDataset_tropical_0.0001_20000_20260220_112048_relu_best.pth...20260220_112200
At epoch 53, test loss = 86.5033
...model saved to 15_exp/models/FloydWarshallDataset_tropical_0.0001_20000_20260220_112048_relu_best.pth...20260220_112201
At epoch 54, test loss = 86.1707
...model saved to 15_exp/models/FloydWarshallDataset_tropical_0.0001_20000_20260220_112048_relu_best.pth...20260220_112202
At epoch 55, test loss = 85.8472
...model saved to 15_exp/models/FloydWarshallDataset_tropical_0.0001_20000_20260220_112048_relu_best.pth...20260220_112203
At epoch 56, test loss = 85.5290
...model saved to 15_exp/models/FloydWarshallDataset_tropical_0.0001_20000_20260220_112048_relu_best.pth...20260220_112203
At epoch 57, test loss = 85.2188
...model saved to 15_exp/models/FloydWarshallDataset_tropical_0.0001_20000_20260220_112048_relu_best.pth...20260220_112204
At epoch 58, test loss = 84.9256
...model saved to 15_exp/models/FloydWarshallDataset_tropical_0.0001_20000_20260220_112048_relu_best.pth...20260220_112205
At epoch 59, test loss = 84.6327
...model saved to 15_exp/models/FloydWarshallDataset_tropical_0.0001_20000_20260220_112048_relu_best.pth...20260220_112206
At epoch 60, test loss = 84.3324
...model saved to 15_exp/models/FloydWarshallDataset_tropical_0.0001_20000_20260220_112048_relu_best.pth...20260220_112206
At epoch 61, test loss = 84.0597
...model saved to 15_exp/models/FloydWarshallDataset_tropical_0.0001_20000_20260220_112048_relu_best.pth...20260220_112207
At epoch 62, test loss = 83.7808
...model saved to 15_exp/models/FloydWarshallDataset_tropical_0.0001_20000_20260220_112048_relu_best.pth...20260220_112208
At epoch 63, test loss = 83.5427
...model saved to 15_exp/models/FloydWarshallDataset_tropical_0.0001_20000_20260220_112048_relu_best.pth...20260220_112208
At epoch 64, test loss = 83.2501
...model saved to 15_exp/models/FloydWarshallDataset_tropical_0.0001_20000_20260220_112048_relu_best.pth...20260220_112209
At epoch 65, test loss = 83.0037
...model saved to 15_exp/models/FloydWarshallDataset_tropical_0.0001_20000_20260220_112048_relu_best.pth...20260220_112210
At epoch 66, test loss = 82.7531
...model saved to 15_exp/models/FloydWarshallDataset_tropical_0.0001_20000_20260220_112048_relu_best.pth...20260220_112211
At epoch 67, test loss = 82.5175
...model saved to 15_exp/models/FloydWarshallDataset_tropical_0.0001_20000_20260220_112048_relu_best.pth...20260220_112211
At epoch 68, test loss = 82.3141
...model saved to 15_exp/models/FloydWarshallDataset_tropical_0.0001_20000_20260220_112048_relu_best.pth...20260220_112212
At epoch 69, test loss = 82.0457
...model saved to 15_exp/models/FloydWarshallDataset_tropical_0.0001_20000_20260220_112048_relu_best.pth...20260220_112213
At epoch 70, test loss = 81.8308
...model saved to 15_exp/models/FloydWarshallDataset_tropical_0.0001_20000_20260220_112048_relu_best.pth...20260220_112214
At epoch 71, test loss = 81.5868
...model saved to 15_exp/models/FloydWarshallDataset_tropical_0.0001_20000_20260220_112048_relu_best.pth...20260220_112214
At epoch 72, test loss = 81.3633
...model saved to 15_exp/models/FloydWarshallDataset_tropical_0.0001_20000_20260220_112048_relu_best.pth...20260220_112215
At epoch 73, test loss = 81.1381
...model saved to 15_exp/models/FloydWarshallDataset_tropical_0.0001_20000_20260220_112048_relu_best.pth...20260220_112216
At epoch 74, test loss = 80.9163
...model saved to 15_exp/models/FloydWarshallDataset_tropical_0.0001_20000_20260220_112048_relu_best.pth...20260220_112216
At epoch 75, test loss = 80.6902
...model saved to 15_exp/models/FloydWarshallDataset_tropical_0.0001_20000_20260220_112048_relu_best.pth...20260220_112217
At epoch 76, test loss = 80.4658
...model saved to 15_exp/models/FloydWarshallDataset_tropical_0.0001_20000_20260220_112048_relu_best.pth...20260220_112218
At epoch 77, test loss = 80.2336
...model saved to 15_exp/models/FloydWarshallDataset_tropical_0.0001_20000_20260220_112048_relu_best.pth...20260220_112219
At epoch 78, test loss = 79.9947
...model saved to 15_exp/models/FloydWarshallDataset_tropical_0.0001_20000_20260220_112048_relu_best.pth...20260220_112219
At epoch 79, test loss = 79.7328
...model saved to 15_exp/models/FloydWarshallDataset_tropical_0.0001_20000_20260220_112048_relu_best.pth...20260220_112220
At epoch 80, test loss = 79.4809
...model saved to 15_exp/models/FloydWarshallDataset_tropical_0.0001_20000_20260220_112048_relu_best.pth...20260220_112221
At epoch 81, test loss = 79.1984
...model saved to 15_exp/models/FloydWarshallDataset_tropical_0.0001_20000_20260220_112048_relu_best.pth...20260220_112222
At epoch 82, test loss = 78.9112
...model saved to 15_exp/models/FloydWarshallDataset_tropical_0.0001_20000_20260220_112048_relu_best.pth...20260220_112222
At epoch 83, test loss = 78.6132
...model saved to 15_exp/models/FloydWarshallDataset_tropical_0.0001_20000_20260220_112048_relu_best.pth...20260220_112223
At epoch 84, test loss = 78.3186
...model saved to 15_exp/models/FloydWarshallDataset_tropical_0.0001_20000_20260220_112048_relu_best.pth...20260220_112224
At epoch 85, test loss = 77.9229
...model saved to 15_exp/models/FloydWarshallDataset_tropical_0.0001_20000_20260220_112048_relu_best.pth...20260220_112224
At epoch 86, test loss = 77.5664
...model saved to 15_exp/models/FloydWarshallDataset_tropical_0.0001_20000_20260220_112048_relu_best.pth...20260220_112225
At epoch 87, test loss = 77.1235
...model saved to 15_exp/models/FloydWarshallDataset_tropical_0.0001_20000_20260220_112048_relu_best.pth...20260220_112226
At epoch 88, test loss = 76.6534
...model saved to 15_exp/models/FloydWarshallDataset_tropical_0.0001_20000_20260220_112048_relu_best.pth...20260220_112227
At epoch 89, test loss = 76.1493
...model saved to 15_exp/models/FloydWarshallDataset_tropical_0.0001_20000_20260220_112048_relu_best.pth...20260220_112228
At epoch 90, test loss = 75.6564
...model saved to 15_exp/models/FloydWarshallDataset_tropical_0.0001_20000_20260220_112048_relu_best.pth...20260220_112228
At epoch 91, test loss = 75.1861
...model saved to 15_exp/models/FloydWarshallDataset_tropical_0.0001_20000_20260220_112048_relu_best.pth...20260220_112229
At epoch 92, test loss = 74.6686
...model saved to 15_exp/models/FloydWarshallDataset_tropical_0.0001_20000_20260220_112048_relu_best.pth...20260220_112230
At epoch 93, test loss = 74.2251
...model saved to 15_exp/models/FloydWarshallDataset_tropical_0.0001_20000_20260220_112048_relu_best.pth...20260220_112230
At epoch 94, test loss = 73.8247
...model saved to 15_exp/models/FloydWarshallDataset_tropical_0.0001_20000_20260220_112048_relu_best.pth...20260220_112231
At epoch 95, test loss = 73.4534
...model saved to 15_exp/models/FloydWarshallDataset_tropical_0.0001_20000_20260220_112048_relu_best.pth...20260220_112232
At epoch 96, test loss = 73.1128
...model saved to 15_exp/models/FloydWarshallDataset_tropical_0.0001_20000_20260220_112048_relu_best.pth...20260220_112233
At epoch 97, test loss = 72.7966
...model saved to 15_exp/models/FloydWarshallDataset_tropical_0.0001_20000_20260220_112048_relu_best.pth...20260220_112233
At epoch 98, test loss = 72.4657
...model saved to 15_exp/models/FloydWarshallDataset_tropical_0.0001_20000_20260220_112048_relu_best.pth...20260220_112234
At epoch 99, test loss = 72.0719
...model saved to 15_exp/models/FloydWarshallDataset_tropical_0.0001_20000_20260220_112048_relu_best.pth...20260220_112235
At epoch 100, test loss = 71.6974
...model saved to 15_exp/models/FloydWarshallDataset_tropical_0.0001_20000_20260220_112048_relu_best.pth...20260220_112235
At epoch 101, test loss = 71.3468
...model saved to 15_exp/models/FloydWarshallDataset_tropical_0.0001_20000_20260220_112048_relu_best.pth...20260220_112236
At epoch 102, test loss = 70.9927
...model saved to 15_exp/models/FloydWarshallDataset_tropical_0.0001_20000_20260220_112048_relu_best.pth...20260220_112237
At epoch 103, test loss = 70.6471
...model saved to 15_exp/models/FloydWarshallDataset_tropical_0.0001_20000_20260220_112048_relu_best.pth...20260220_112238
At epoch 104, test loss = 70.3211
...model saved to 15_exp/models/FloydWarshallDataset_tropical_0.0001_20000_20260220_112048_relu_best.pth...20260220_112238
At epoch 105, test loss = 69.9850
...model saved to 15_exp/models/FloydWarshallDataset_tropical_0.0001_20000_20260220_112048_relu_best.pth...20260220_112239
At epoch 106, test loss = 69.6637
...model saved to 15_exp/models/FloydWarshallDataset_tropical_0.0001_20000_20260220_112048_relu_best.pth...20260220_112240
At epoch 107, test loss = 69.3642
...model saved to 15_exp/models/FloydWarshallDataset_tropical_0.0001_20000_20260220_112048_relu_best.pth...20260220_112241
At epoch 108, test loss = 69.0580
...model saved to 15_exp/models/FloydWarshallDataset_tropical_0.0001_20000_20260220_112048_relu_best.pth...20260220_112241
At epoch 109, test loss = 68.7570
...model saved to 15_exp/models/FloydWarshallDataset_tropical_0.0001_20000_20260220_112048_relu_best.pth...20260220_112242
At epoch 110, test loss = 68.4352
...model saved to 15_exp/models/FloydWarshallDataset_tropical_0.0001_20000_20260220_112048_relu_best.pth...20260220_112243
At epoch 111, test loss = 68.1207
...model saved to 15_exp/models/FloydWarshallDataset_tropical_0.0001_20000_20260220_112048_relu_best.pth...20260220_112243
At epoch 112, test loss = 67.8460
...model saved to 15_exp/models/FloydWarshallDataset_tropical_0.0001_20000_20260220_112048_relu_best.pth...20260220_112244
At epoch 113, test loss = 67.5037
...model saved to 15_exp/models/FloydWarshallDataset_tropical_0.0001_20000_20260220_112048_relu_best.pth...20260220_112245
At epoch 114, test loss = 67.1726
...model saved to 15_exp/models/FloydWarshallDataset_tropical_0.0001_20000_20260220_112048_relu_best.pth...20260220_112246
At epoch 115, test loss = 66.8556
...model saved to 15_exp/models/FloydWarshallDataset_tropical_0.0001_20000_20260220_112048_relu_best.pth...20260220_112246
At epoch 116, test loss = 66.5121
...model saved to 15_exp/models/FloydWarshallDataset_tropical_0.0001_20000_20260220_112048_relu_best.pth...20260220_112247
At epoch 117, test loss = 66.2057
...model saved to 15_exp/models/FloydWarshallDataset_tropical_0.0001_20000_20260220_112048_relu_best.pth...20260220_112248
At epoch 118, test loss = 65.8905
...model saved to 15_exp/models/FloydWarshallDataset_tropical_0.0001_20000_20260220_112048_relu_best.pth...20260220_112249
At epoch 119, test loss = 65.5779
...model saved to 15_exp/models/FloydWarshallDataset_tropical_0.0001_20000_20260220_112048_relu_best.pth...20260220_112249
At epoch 120, test loss = 65.2866
...model saved to 15_exp/models/FloydWarshallDataset_tropical_0.0001_20000_20260220_112048_relu_best.pth...20260220_112250
At epoch 121, test loss = 64.9802
...model saved to 15_exp/models/FloydWarshallDataset_tropical_0.0001_20000_20260220_112048_relu_best.pth...20260220_112251
At epoch 122, test loss = 64.6732
...model saved to 15_exp/models/FloydWarshallDataset_tropical_0.0001_20000_20260220_112048_relu_best.pth...20260220_112252
At epoch 123, test loss = 64.3211
...model saved to 15_exp/models/FloydWarshallDataset_tropical_0.0001_20000_20260220_112048_relu_best.pth...20260220_112252
At epoch 124, test loss = 64.0178
...model saved to 15_exp/models/FloydWarshallDataset_tropical_0.0001_20000_20260220_112048_relu_best.pth...20260220_112253
At epoch 125, test loss = 63.7027
...model saved to 15_exp/models/FloydWarshallDataset_tropical_0.0001_20000_20260220_112048_relu_best.pth...20260220_112254
At epoch 126, test loss = 63.3594
...model saved to 15_exp/models/FloydWarshallDataset_tropical_0.0001_20000_20260220_112048_relu_best.pth...20260220_112254
At epoch 127, test loss = 63.0323
...model saved to 15_exp/models/FloydWarshallDataset_tropical_0.0001_20000_20260220_112048_relu_best.pth...20260220_112255
At epoch 128, test loss = 62.6980
...model saved to 15_exp/models/FloydWarshallDataset_tropical_0.0001_20000_20260220_112048_relu_best.pth...20260220_112256
At epoch 129, test loss = 62.4082
...model saved to 15_exp/models/FloydWarshallDataset_tropical_0.0001_20000_20260220_112048_relu_best.pth...20260220_112257
At epoch 130, test loss = 62.0422
...model saved to 15_exp/models/FloydWarshallDataset_tropical_0.0001_20000_20260220_112048_relu_best.pth...20260220_112257
At epoch 131, test loss = 61.6815
...model saved to 15_exp/models/FloydWarshallDataset_tropical_0.0001_20000_20260220_112048_relu_best.pth...20260220_112258
At epoch 132, test loss = 61.3533
...model saved to 15_exp/models/FloydWarshallDataset_tropical_0.0001_20000_20260220_112048_relu_best.pth...20260220_112259
At epoch 133, test loss = 61.0324
...model saved to 15_exp/models/FloydWarshallDataset_tropical_0.0001_20000_20260220_112048_relu_best.pth...20260220_112300
At epoch 134, test loss = 60.7062
...model saved to 15_exp/models/FloydWarshallDataset_tropical_0.0001_20000_20260220_112048_relu_best.pth...20260220_112300
At epoch 135, test loss = 60.3743
...model saved to 15_exp/models/FloydWarshallDataset_tropical_0.0001_20000_20260220_112048_relu_best.pth...20260220_112301
At epoch 136, test loss = 60.0570
...model saved to 15_exp/models/FloydWarshallDataset_tropical_0.0001_20000_20260220_112048_relu_best.pth...20260220_112302
At epoch 137, test loss = 59.7708
...model saved to 15_exp/models/FloydWarshallDataset_tropical_0.0001_20000_20260220_112048_relu_best.pth...20260220_112302
At epoch 138, test loss = 59.4984
...model saved to 15_exp/models/FloydWarshallDataset_tropical_0.0001_20000_20260220_112048_relu_best.pth...20260220_112303
At epoch 139, test loss = 59.2094
...model saved to 15_exp/models/FloydWarshallDataset_tropical_0.0001_20000_20260220_112048_relu_best.pth...20260220_112304
At epoch 140, test loss = 58.9531
...model saved to 15_exp/models/FloydWarshallDataset_tropical_0.0001_20000_20260220_112048_relu_best.pth...20260220_112305
At epoch 141, test loss = 58.6880
...model saved to 15_exp/models/FloydWarshallDataset_tropical_0.0001_20000_20260220_112048_relu_best.pth...20260220_112305
At epoch 142, test loss = 58.4475
...model saved to 15_exp/models/FloydWarshallDataset_tropical_0.0001_20000_20260220_112048_relu_best.pth...20260220_112306
At epoch 143, test loss = 58.1961
...model saved to 15_exp/models/FloydWarshallDataset_tropical_0.0001_20000_20260220_112048_relu_best.pth...20260220_112307
At epoch 144, test loss = 57.9632
...model saved to 15_exp/models/FloydWarshallDataset_tropical_0.0001_20000_20260220_112048_relu_best.pth...20260220_112308
At epoch 145, test loss = 57.7673
...model saved to 15_exp/models/FloydWarshallDataset_tropical_0.0001_20000_20260220_112048_relu_best.pth...20260220_112308
At epoch 146, test loss = 57.4986
...model saved to 15_exp/models/FloydWarshallDataset_tropical_0.0001_20000_20260220_112048_relu_best.pth...20260220_112309
At epoch 147, test loss = 57.2927
...model saved to 15_exp/models/FloydWarshallDataset_tropical_0.0001_20000_20260220_112048_relu_best.pth...20260220_112310
At epoch 148, test loss = 57.0414
...model saved to 15_exp/models/FloydWarshallDataset_tropical_0.0001_20000_20260220_112048_relu_best.pth...20260220_112311
At epoch 149, test loss = 56.8247
...model saved to 15_exp/models/FloydWarshallDataset_tropical_0.0001_20000_20260220_112048_relu_best.pth...20260220_112311
At epoch 150, test loss = 56.6196
...model saved to 15_exp/models/FloydWarshallDataset_tropical_0.0001_20000_20260220_112048_relu_best.pth...20260220_112312
At epoch 151, test loss = 56.4003
...model saved to 15_exp/models/FloydWarshallDataset_tropical_0.0001_20000_20260220_112048_relu_best.pth...20260220_112313
At epoch 152, test loss = 56.1715
...model saved to 15_exp/models/FloydWarshallDataset_tropical_0.0001_20000_20260220_112048_relu_best.pth...20260220_112313
At epoch 153, test loss = 55.9492
...model saved to 15_exp/models/FloydWarshallDataset_tropical_0.0001_20000_20260220_112048_relu_best.pth...20260220_112314
At epoch 154, test loss = 55.7255
...model saved to 15_exp/models/FloydWarshallDataset_tropical_0.0001_20000_20260220_112048_relu_best.pth...20260220_112315
At epoch 155, test loss = 55.5239
...model saved to 15_exp/models/FloydWarshallDataset_tropical_0.0001_20000_20260220_112048_relu_best.pth...20260220_112316
At epoch 156, test loss = 55.2769
...model saved to 15_exp/models/FloydWarshallDataset_tropical_0.0001_20000_20260220_112048_relu_best.pth...20260220_112316
At epoch 157, test loss = 55.0435
...model saved to 15_exp/models/FloydWarshallDataset_tropical_0.0001_20000_20260220_112048_relu_best.pth...20260220_112317
At epoch 158, test loss = 54.8149
...model saved to 15_exp/models/FloydWarshallDataset_tropical_0.0001_20000_20260220_112048_relu_best.pth...20260220_112318
At epoch 159, test loss = 54.5977
...model saved to 15_exp/models/FloydWarshallDataset_tropical_0.0001_20000_20260220_112048_relu_best.pth...20260220_112318
At epoch 160, test loss = 54.3757
...model saved to 15_exp/models/FloydWarshallDataset_tropical_0.0001_20000_20260220_112048_relu_best.pth...20260220_112319
At epoch 161, test loss = 54.1298
...model saved to 15_exp/models/FloydWarshallDataset_tropical_0.0001_20000_20260220_112048_relu_best.pth...20260220_112320
At epoch 162, test loss = 53.9091
...model saved to 15_exp/models/FloydWarshallDataset_tropical_0.0001_20000_20260220_112048_relu_best.pth...20260220_112321
At epoch 163, test loss = 53.6595
...model saved to 15_exp/models/FloydWarshallDataset_tropical_0.0001_20000_20260220_112048_relu_best.pth...20260220_112321
At epoch 164, test loss = 53.4298
...model saved to 15_exp/models/FloydWarshallDataset_tropical_0.0001_20000_20260220_112048_relu_best.pth...20260220_112322
At epoch 165, test loss = 53.1912
...model saved to 15_exp/models/FloydWarshallDataset_tropical_0.0001_20000_20260220_112048_relu_best.pth...20260220_112323
At epoch 166, test loss = 53.0199
...model saved to 15_exp/models/FloydWarshallDataset_tropical_0.0001_20000_20260220_112048_relu_best.pth...20260220_112323
At epoch 167, test loss = 52.7398
...model saved to 15_exp/models/FloydWarshallDataset_tropical_0.0001_20000_20260220_112048_relu_best.pth...20260220_112324
At epoch 168, test loss = 52.5159
...model saved to 15_exp/models/FloydWarshallDataset_tropical_0.0001_20000_20260220_112048_relu_best.pth...20260220_112325
At epoch 169, test loss = 52.2545
...model saved to 15_exp/models/FloydWarshallDataset_tropical_0.0001_20000_20260220_112048_relu_best.pth...20260220_112326
At epoch 170, test loss = 52.0026
...model saved to 15_exp/models/FloydWarshallDataset_tropical_0.0001_20000_20260220_112048_relu_best.pth...20260220_112326
At epoch 171, test loss = 51.7075
...model saved to 15_exp/models/FloydWarshallDataset_tropical_0.0001_20000_20260220_112048_relu_best.pth...20260220_112327
At epoch 172, test loss = 51.4171
...model saved to 15_exp/models/FloydWarshallDataset_tropical_0.0001_20000_20260220_112048_relu_best.pth...20260220_112328
At epoch 173, test loss = 51.1588
...model saved to 15_exp/models/FloydWarshallDataset_tropical_0.0001_20000_20260220_112048_relu_best.pth...20260220_112329
At epoch 174, test loss = 50.8123
...model saved to 15_exp/models/FloydWarshallDataset_tropical_0.0001_20000_20260220_112048_relu_best.pth...20260220_112329
At epoch 175, test loss = 50.5329
...model saved to 15_exp/models/FloydWarshallDataset_tropical_0.0001_20000_20260220_112048_relu_best.pth...20260220_112330
At epoch 176, test loss = 50.2439
...model saved to 15_exp/models/FloydWarshallDataset_tropical_0.0001_20000_20260220_112048_relu_best.pth...20260220_112331
At epoch 177, test loss = 50.0010
...model saved to 15_exp/models/FloydWarshallDataset_tropical_0.0001_20000_20260220_112048_relu_best.pth...20260220_112332
At epoch 178, test loss = 49.7787
...model saved to 15_exp/models/FloydWarshallDataset_tropical_0.0001_20000_20260220_112048_relu_best.pth...20260220_112332
At epoch 179, test loss = 49.5257
...model saved to 15_exp/models/FloydWarshallDataset_tropical_0.0001_20000_20260220_112048_relu_best.pth...20260220_112333
At epoch 180, test loss = 49.3522
...model saved to 15_exp/models/FloydWarshallDataset_tropical_0.0001_20000_20260220_112048_relu_best.pth...20260220_112334
At epoch 181, test loss = 49.1692
...model saved to 15_exp/models/FloydWarshallDataset_tropical_0.0001_20000_20260220_112048_relu_best.pth...20260220_112334
At epoch 182, test loss = 48.9198
...model saved to 15_exp/models/FloydWarshallDataset_tropical_0.0001_20000_20260220_112048_relu_best.pth...20260220_112335
At epoch 183, test loss = 48.7100
...model saved to 15_exp/models/FloydWarshallDataset_tropical_0.0001_20000_20260220_112048_relu_best.pth...20260220_112336
At epoch 184, test loss = 48.5522
...model saved to 15_exp/models/FloydWarshallDataset_tropical_0.0001_20000_20260220_112048_relu_best.pth...20260220_112337
At epoch 185, test loss = 48.3216
...model saved to 15_exp/models/FloydWarshallDataset_tropical_0.0001_20000_20260220_112048_relu_best.pth...20260220_112337
At epoch 186, test loss = 48.1852
...model saved to 15_exp/models/FloydWarshallDataset_tropical_0.0001_20000_20260220_112048_relu_best.pth...20260220_112338
At epoch 187, test loss = 47.8980
...model saved to 15_exp/models/FloydWarshallDataset_tropical_0.0001_20000_20260220_112048_relu_best.pth...20260220_112339
At epoch 188, test loss = 47.6669
...model saved to 15_exp/models/FloydWarshallDataset_tropical_0.0001_20000_20260220_112048_relu_best.pth...20260220_112339
At epoch 189, test loss = 47.4494
...model saved to 15_exp/models/FloydWarshallDataset_tropical_0.0001_20000_20260220_112048_relu_best.pth...20260220_112340
At epoch 190, test loss = 47.2072
...model saved to 15_exp/models/FloydWarshallDataset_tropical_0.0001_20000_20260220_112048_relu_best.pth...20260220_112341
At epoch 191, test loss = 46.9803
...model saved to 15_exp/models/FloydWarshallDataset_tropical_0.0001_20000_20260220_112048_relu_best.pth...20260220_112342
At epoch 192, test loss = 46.7695
...model saved to 15_exp/models/FloydWarshallDataset_tropical_0.0001_20000_20260220_112048_relu_best.pth...20260220_112342
At epoch 193, test loss = 46.5370
...model saved to 15_exp/models/FloydWarshallDataset_tropical_0.0001_20000_20260220_112048_relu_best.pth...20260220_112343
At epoch 194, test loss = 46.3228
...model saved to 15_exp/models/FloydWarshallDataset_tropical_0.0001_20000_20260220_112048_relu_best.pth...20260220_112344
At epoch 195, test loss = 46.0922
...model saved to 15_exp/models/FloydWarshallDataset_tropical_0.0001_20000_20260220_112048_relu_best.pth...20260220_112345
At epoch 196, test loss = 45.9073
...model saved to 15_exp/models/FloydWarshallDataset_tropical_0.0001_20000_20260220_112048_relu_best.pth...20260220_112345
At epoch 197, test loss = 45.7175
...model saved to 15_exp/models/FloydWarshallDataset_tropical_0.0001_20000_20260220_112048_relu_best.pth...20260220_112346
At epoch 198, test loss = 45.5846
...model saved to 15_exp/models/FloydWarshallDataset_tropical_0.0001_20000_20260220_112048_relu_best.pth...20260220_112347
At epoch 199, test loss = 45.4442
...model saved to 15_exp/models/FloydWarshallDataset_tropical_0.0001_20000_20260220_112048_relu_best.pth...20260220_112347
At epoch 200, test loss = 45.3497
...model saved to 15_exp/models/FloydWarshallDataset_tropical_0.0001_20000_20260220_112048_relu_best.pth...20260220_112348
At epoch 201, test loss = 45.2367
...model saved to 15_exp/models/FloydWarshallDataset_tropical_0.0001_20000_20260220_112048_relu_best.pth...20260220_112349
At epoch 202, test loss = 45.1359
...model saved to 15_exp/models/FloydWarshallDataset_tropical_0.0001_20000_20260220_112048_relu_best.pth...20260220_112350
At epoch 203, test loss = 45.0296
...model saved to 15_exp/models/FloydWarshallDataset_tropical_0.0001_20000_20260220_112048_relu_best.pth...20260220_112350
At epoch 204, test loss = 44.9401
...model saved to 15_exp/models/FloydWarshallDataset_tropical_0.0001_20000_20260220_112048_relu_best.pth...20260220_112351
At epoch 205, test loss = 44.8243
...model saved to 15_exp/models/FloydWarshallDataset_tropical_0.0001_20000_20260220_112048_relu_best.pth...20260220_112352
At epoch 206, test loss = 44.7620
...model saved to 15_exp/models/FloydWarshallDataset_tropical_0.0001_20000_20260220_112048_relu_best.pth...20260220_112353
At epoch 207, test loss = 44.6506
...model saved to 15_exp/models/FloydWarshallDataset_tropical_0.0001_20000_20260220_112048_relu_best.pth...20260220_112353
At epoch 208, test loss = 44.5709
...model saved to 15_exp/models/FloydWarshallDataset_tropical_0.0001_20000_20260220_112048_relu_best.pth...20260220_112354
At epoch 209, test loss = 44.4921
...model saved to 15_exp/models/FloydWarshallDataset_tropical_0.0001_20000_20260220_112048_relu_best.pth...20260220_112355
At epoch 210, test loss = 44.4747
...model saved to 15_exp/models/FloydWarshallDataset_tropical_0.0001_20000_20260220_112048_relu_best.pth...20260220_112356
At epoch 211, test loss = 44.3715
...model saved to 15_exp/models/FloydWarshallDataset_tropical_0.0001_20000_20260220_112048_relu_best.pth...20260220_112357
At epoch 212, test loss = 44.2998
...model saved to 15_exp/models/FloydWarshallDataset_tropical_0.0001_20000_20260220_112048_relu_best.pth...20260220_112357
At epoch 213, test loss = 44.2240
...model saved to 15_exp/models/FloydWarshallDataset_tropical_0.0001_20000_20260220_112048_relu_best.pth...20260220_112358
At epoch 214, test loss = 44.1686
...model saved to 15_exp/models/FloydWarshallDataset_tropical_0.0001_20000_20260220_112048_relu_best.pth...20260220_112359
At epoch 215, test loss = 44.1050
...model saved to 15_exp/models/FloydWarshallDataset_tropical_0.0001_20000_20260220_112048_relu_best.pth...20260220_112400
At epoch 216, test loss = 44.0556
...model saved to 15_exp/models/FloydWarshallDataset_tropical_0.0001_20000_20260220_112048_relu_best.pth...20260220_112401
At epoch 217, test loss = 43.9934
...model saved to 15_exp/models/FloydWarshallDataset_tropical_0.0001_20000_20260220_112048_relu_best.pth...20260220_112402
At epoch 218, test loss = 43.9395
...model saved to 15_exp/models/FloydWarshallDataset_tropical_0.0001_20000_20260220_112048_relu_best.pth...20260220_112402
At epoch 219, test loss = 43.8695
...model saved to 15_exp/models/FloydWarshallDataset_tropical_0.0001_20000_20260220_112048_relu_best.pth...20260220_112403
At epoch 220, test loss = 43.8195
...model saved to 15_exp/models/FloydWarshallDataset_tropical_0.0001_20000_20260220_112048_relu_best.pth...20260220_112404
At epoch 221, test loss = 43.7709
...model saved to 15_exp/models/FloydWarshallDataset_tropical_0.0001_20000_20260220_112048_relu_best.pth...20260220_112405
At epoch 222, test loss = 43.7013
...model saved to 15_exp/models/FloydWarshallDataset_tropical_0.0001_20000_20260220_112048_relu_best.pth...20260220_112405
At epoch 223, test loss = 43.6439
...model saved to 15_exp/models/FloydWarshallDataset_tropical_0.0001_20000_20260220_112048_relu_best.pth...20260220_112406
At epoch 224, test loss = 43.6099
...model saved to 15_exp/models/FloydWarshallDataset_tropical_0.0001_20000_20260220_112048_relu_best.pth...20260220_112407
At epoch 225, test loss = 43.5360
...model saved to 15_exp/models/FloydWarshallDataset_tropical_0.0001_20000_20260220_112048_relu_best.pth...20260220_112408
At epoch 226, test loss = 43.5021
...model saved to 15_exp/models/FloydWarshallDataset_tropical_0.0001_20000_20260220_112048_relu_best.pth...20260220_112409
At epoch 227, test loss = 43.4419
...model saved to 15_exp/models/FloydWarshallDataset_tropical_0.0001_20000_20260220_112048_relu_best.pth...20260220_112410
At epoch 228, test loss = 43.4021
...model saved to 15_exp/models/FloydWarshallDataset_tropical_0.0001_20000_20260220_112048_relu_best.pth...20260220_112410
At epoch 229, test loss = 43.3422
...model saved to 15_exp/models/FloydWarshallDataset_tropical_0.0001_20000_20260220_112048_relu_best.pth...20260220_112411
At epoch 230, test loss = 43.2856
...model saved to 15_exp/models/FloydWarshallDataset_tropical_0.0001_20000_20260220_112048_relu_best.pth...20260220_112412
At epoch 231, test loss = 43.2420
...model saved to 15_exp/models/FloydWarshallDataset_tropical_0.0001_20000_20260220_112048_relu_best.pth...20260220_112413
At epoch 232, test loss = 43.2052
...model saved to 15_exp/models/FloydWarshallDataset_tropical_0.0001_20000_20260220_112048_relu_best.pth...20260220_112414
At epoch 233, test loss = 43.1343
...model saved to 15_exp/models/FloydWarshallDataset_tropical_0.0001_20000_20260220_112048_relu_best.pth...20260220_112414
At epoch 234, test loss = 43.1063
...model saved to 15_exp/models/FloydWarshallDataset_tropical_0.0001_20000_20260220_112048_relu_best.pth...20260220_112415
At epoch 235, test loss = 43.0597
...model saved to 15_exp/models/FloydWarshallDataset_tropical_0.0001_20000_20260220_112048_relu_best.pth...20260220_112416
At epoch 236, test loss = 42.9975
...model saved to 15_exp/models/FloydWarshallDataset_tropical_0.0001_20000_20260220_112048_relu_best.pth...20260220_112417
At epoch 237, test loss = 42.9315
...model saved to 15_exp/models/FloydWarshallDataset_tropical_0.0001_20000_20260220_112048_relu_best.pth...20260220_112418
At epoch 238, test loss = 42.9120
...model saved to 15_exp/models/FloydWarshallDataset_tropical_0.0001_20000_20260220_112048_relu_best.pth...20260220_112418
At epoch 239, test loss = 42.8351
...model saved to 15_exp/models/FloydWarshallDataset_tropical_0.0001_20000_20260220_112048_relu_best.pth...20260220_112419
At epoch 240, test loss = 42.7653
...model saved to 15_exp/models/FloydWarshallDataset_tropical_0.0001_20000_20260220_112048_relu_best.pth...20260220_112420
At epoch 241, test loss = 42.7115
...model saved to 15_exp/models/FloydWarshallDataset_tropical_0.0001_20000_20260220_112048_relu_best.pth...20260220_112421
At epoch 242, test loss = 42.6434
...model saved to 15_exp/models/FloydWarshallDataset_tropical_0.0001_20000_20260220_112048_relu_best.pth...20260220_112422
At epoch 243, test loss = 42.6006
...model saved to 15_exp/models/FloydWarshallDataset_tropical_0.0001_20000_20260220_112048_relu_best.pth...20260220_112423
At epoch 244, test loss = 42.5316
...model saved to 15_exp/models/FloydWarshallDataset_tropical_0.0001_20000_20260220_112048_relu_best.pth...20260220_112423
At epoch 245, test loss = 42.4560
...model saved to 15_exp/models/FloydWarshallDataset_tropical_0.0001_20000_20260220_112048_relu_best.pth...20260220_112424
At epoch 246, test loss = 42.4346
...model saved to 15_exp/models/FloydWarshallDataset_tropical_0.0001_20000_20260220_112048_relu_best.pth...20260220_112425
At epoch 247, test loss = 42.3270
...model saved to 15_exp/models/FloydWarshallDataset_tropical_0.0001_20000_20260220_112048_relu_best.pth...20260220_112426
At epoch 248, test loss = 42.2383
...model saved to 15_exp/models/FloydWarshallDataset_tropical_0.0001_20000_20260220_112048_relu_best.pth...20260220_112427
At epoch 249, test loss = 42.1322
...model saved to 15_exp/models/FloydWarshallDataset_tropical_0.0001_20000_20260220_112048_relu_best.pth...20260220_112428
At epoch 250, test loss = 42.0373
...model saved to 15_exp/models/FloydWarshallDataset_tropical_0.0001_20000_20260220_112048_relu_best.pth...20260220_112429
At epoch 251, test loss = 41.9360
...model saved to 15_exp/models/FloydWarshallDataset_tropical_0.0001_20000_20260220_112048_relu_best.pth...20260220_112429
At epoch 252, test loss = 41.7688
...model saved to 15_exp/models/FloydWarshallDataset_tropical_0.0001_20000_20260220_112048_relu_best.pth...20260220_112430
At epoch 253, test loss = 41.6105
...model saved to 15_exp/models/FloydWarshallDataset_tropical_0.0001_20000_20260220_112048_relu_best.pth...20260220_112431
At epoch 254, test loss = 41.4498
...model saved to 15_exp/models/FloydWarshallDataset_tropical_0.0001_20000_20260220_112048_relu_best.pth...20260220_112432
At epoch 255, test loss = 41.2473
...model saved to 15_exp/models/FloydWarshallDataset_tropical_0.0001_20000_20260220_112048_relu_best.pth...20260220_112433
At epoch 256, test loss = 41.0170
...model saved to 15_exp/models/FloydWarshallDataset_tropical_0.0001_20000_20260220_112048_relu_best.pth...20260220_112434
At epoch 257, test loss = 40.8712
...model saved to 15_exp/models/FloydWarshallDataset_tropical_0.0001_20000_20260220_112048_relu_best.pth...20260220_112435
At epoch 258, test loss = 40.6743
...model saved to 15_exp/models/FloydWarshallDataset_tropical_0.0001_20000_20260220_112048_relu_best.pth...20260220_112436
At epoch 259, test loss = 40.5107
...model saved to 15_exp/models/FloydWarshallDataset_tropical_0.0001_20000_20260220_112048_relu_best.pth...20260220_112437
At epoch 260, test loss = 40.3924
...model saved to 15_exp/models/FloydWarshallDataset_tropical_0.0001_20000_20260220_112048_relu_best.pth...20260220_112438
At epoch 261, test loss = 40.2627
...model saved to 15_exp/models/FloydWarshallDataset_tropical_0.0001_20000_20260220_112048_relu_best.pth...20260220_112439
At epoch 262, test loss = 40.1335
...model saved to 15_exp/models/FloydWarshallDataset_tropical_0.0001_20000_20260220_112048_relu_best.pth...20260220_112440
At epoch 263, test loss = 40.0888
...model saved to 15_exp/models/FloydWarshallDataset_tropical_0.0001_20000_20260220_112048_relu_best.pth...20260220_112440
At epoch 264, test loss = 40.0128
...model saved to 15_exp/models/FloydWarshallDataset_tropical_0.0001_20000_20260220_112048_relu_best.pth...20260220_112441
At epoch 265, test loss = 39.8821
...model saved to 15_exp/models/FloydWarshallDataset_tropical_0.0001_20000_20260220_112048_relu_best.pth...20260220_112442
At epoch 266, test loss = 39.7983
...model saved to 15_exp/models/FloydWarshallDataset_tropical_0.0001_20000_20260220_112048_relu_best.pth...20260220_112443
At epoch 267, test loss = 39.7358
...model saved to 15_exp/models/FloydWarshallDataset_tropical_0.0001_20000_20260220_112048_relu_best.pth...20260220_112444
At epoch 268, test loss = 39.7029
...model saved to 15_exp/models/FloydWarshallDataset_tropical_0.0001_20000_20260220_112048_relu_best.pth...20260220_112445
At epoch 269, test loss = 39.6021
...model saved to 15_exp/models/FloydWarshallDataset_tropical_0.0001_20000_20260220_112048_relu_best.pth...20260220_112446
At epoch 270, test loss = 39.5438
...model saved to 15_exp/models/FloydWarshallDataset_tropical_0.0001_20000_20260220_112048_relu_best.pth...20260220_112446
At epoch 271, test loss = 39.4911
...model saved to 15_exp/models/FloydWarshallDataset_tropical_0.0001_20000_20260220_112048_relu_best.pth...20260220_112447
At epoch 272, test loss = 39.4378
...model saved to 15_exp/models/FloydWarshallDataset_tropical_0.0001_20000_20260220_112048_relu_best.pth...20260220_112448
At epoch 273, test loss = 39.4171
...model saved to 15_exp/models/FloydWarshallDataset_tropical_0.0001_20000_20260220_112048_relu_best.pth...20260220_112449
At epoch 274, test loss = 39.3101
...model saved to 15_exp/models/FloydWarshallDataset_tropical_0.0001_20000_20260220_112048_relu_best.pth...20260220_112450
At epoch 275, test loss = 39.2661
...model saved to 15_exp/models/FloydWarshallDataset_tropical_0.0001_20000_20260220_112048_relu_best.pth...20260220_112450
At epoch 276, test loss = 39.2153
...model saved to 15_exp/models/FloydWarshallDataset_tropical_0.0001_20000_20260220_112048_relu_best.pth...20260220_112451
At epoch 277, test loss = 39.1785
...model saved to 15_exp/models/FloydWarshallDataset_tropical_0.0001_20000_20260220_112048_relu_best.pth...20260220_112452
At epoch 278, test loss = 39.1339
...model saved to 15_exp/models/FloydWarshallDataset_tropical_0.0001_20000_20260220_112048_relu_best.pth...20260220_112453
At epoch 279, test loss = 39.0800
...model saved to 15_exp/models/FloydWarshallDataset_tropical_0.0001_20000_20260220_112048_relu_best.pth...20260220_112454
At epoch 280, test loss = 39.0294
...model saved to 15_exp/models/FloydWarshallDataset_tropical_0.0001_20000_20260220_112048_relu_best.pth...20260220_112455
At epoch 281, test loss = 39.0024
...model saved to 15_exp/models/FloydWarshallDataset_tropical_0.0001_20000_20260220_112048_relu_best.pth...20260220_112455
At epoch 282, test loss = 38.9402
...model saved to 15_exp/models/FloydWarshallDataset_tropical_0.0001_20000_20260220_112048_relu_best.pth...20260220_112456
At epoch 283, test loss = 38.8982
...model saved to 15_exp/models/FloydWarshallDataset_tropical_0.0001_20000_20260220_112048_relu_best.pth...20260220_112457
At epoch 284, test loss = 38.8645
...model saved to 15_exp/models/FloydWarshallDataset_tropical_0.0001_20000_20260220_112048_relu_best.pth...20260220_112458
At epoch 285, test loss = 38.8171
...model saved to 15_exp/models/FloydWarshallDataset_tropical_0.0001_20000_20260220_112048_relu_best.pth...20260220_112459
At epoch 286, test loss = 38.7629
...model saved to 15_exp/models/FloydWarshallDataset_tropical_0.0001_20000_20260220_112048_relu_best.pth...20260220_112500
At epoch 287, test loss = 38.7320
...model saved to 15_exp/models/FloydWarshallDataset_tropical_0.0001_20000_20260220_112048_relu_best.pth...20260220_112501
At epoch 288, test loss = 38.6864
...model saved to 15_exp/models/FloydWarshallDataset_tropical_0.0001_20000_20260220_112048_relu_best.pth...20260220_112502
At epoch 289, test loss = 38.6490
...model saved to 15_exp/models/FloydWarshallDataset_tropical_0.0001_20000_20260220_112048_relu_best.pth...20260220_112503
At epoch 290, test loss = 38.6291
...model saved to 15_exp/models/FloydWarshallDataset_tropical_0.0001_20000_20260220_112048_relu_best.pth...20260220_112503
At epoch 291, test loss = 38.5849
...model saved to 15_exp/models/FloydWarshallDataset_tropical_0.0001_20000_20260220_112048_relu_best.pth...20260220_112504
At epoch 292, test loss = 38.5296
...model saved to 15_exp/models/FloydWarshallDataset_tropical_0.0001_20000_20260220_112048_relu_best.pth...20260220_112505
At epoch 293, test loss = 38.5050
...model saved to 15_exp/models/FloydWarshallDataset_tropical_0.0001_20000_20260220_112048_relu_best.pth...20260220_112506
At epoch 294, test loss = 38.4513
...model saved to 15_exp/models/FloydWarshallDataset_tropical_0.0001_20000_20260220_112048_relu_best.pth...20260220_112507
At epoch 295, test loss = 38.4284
...model saved to 15_exp/models/FloydWarshallDataset_tropical_0.0001_20000_20260220_112048_relu_best.pth...20260220_112507
At epoch 296, test loss = 38.3864
...model saved to 15_exp/models/FloydWarshallDataset_tropical_0.0001_20000_20260220_112048_relu_best.pth...20260220_112508
At epoch 297, test loss = 38.3498
...model saved to 15_exp/models/FloydWarshallDataset_tropical_0.0001_20000_20260220_112048_relu_best.pth...20260220_112509
At epoch 298, test loss = 38.3130
...model saved to 15_exp/models/FloydWarshallDataset_tropical_0.0001_20000_20260220_112048_relu_best.pth...20260220_112510
At epoch 299, test loss = 38.2838
...model saved to 15_exp/models/FloydWarshallDataset_tropical_0.0001_20000_20260220_112048_relu_best.pth...20260220_112511
At epoch 300, test loss = 38.2357
...model saved to 15_exp/models/FloydWarshallDataset_tropical_0.0001_20000_20260220_112048_relu_best.pth...20260220_112512
At epoch 301, test loss = 38.1893
...model saved to 15_exp/models/FloydWarshallDataset_tropical_0.0001_20000_20260220_112048_relu_best.pth...20260220_112513
At epoch 302, test loss = 38.1778
...model saved to 15_exp/models/FloydWarshallDataset_tropical_0.0001_20000_20260220_112048_relu_best.pth...20260220_112513
At epoch 303, test loss = 38.1255
...model saved to 15_exp/models/FloydWarshallDataset_tropical_0.0001_20000_20260220_112048_relu_best.pth...20260220_112514
At epoch 304, test loss = 38.0758
...model saved to 15_exp/models/FloydWarshallDataset_tropical_0.0001_20000_20260220_112048_relu_best.pth...20260220_112515
At epoch 305, test loss = 38.0489
...model saved to 15_exp/models/FloydWarshallDataset_tropical_0.0001_20000_20260220_112048_relu_best.pth...20260220_112516
At epoch 306, test loss = 38.0022
...model saved to 15_exp/models/FloydWarshallDataset_tropical_0.0001_20000_20260220_112048_relu_best.pth...20260220_112517
At epoch 307, test loss = 37.9597
...model saved to 15_exp/models/FloydWarshallDataset_tropical_0.0001_20000_20260220_112048_relu_best.pth...20260220_112518
At epoch 308, test loss = 37.9466
...model saved to 15_exp/models/FloydWarshallDataset_tropical_0.0001_20000_20260220_112048_relu_best.pth...20260220_112519
At epoch 309, test loss = 37.8942
...model saved to 15_exp/models/FloydWarshallDataset_tropical_0.0001_20000_20260220_112048_relu_best.pth...20260220_112519
At epoch 310, test loss = 37.8851
...model saved to 15_exp/models/FloydWarshallDataset_tropical_0.0001_20000_20260220_112048_relu_best.pth...20260220_112520
At epoch 311, test loss = 37.8413
...model saved to 15_exp/models/FloydWarshallDataset_tropical_0.0001_20000_20260220_112048_relu_best.pth...20260220_112521
At epoch 312, test loss = 37.7853
...model saved to 15_exp/models/FloydWarshallDataset_tropical_0.0001_20000_20260220_112048_relu_best.pth...20260220_112522
At epoch 313, test loss = 37.7369
...model saved to 15_exp/models/FloydWarshallDataset_tropical_0.0001_20000_20260220_112048_relu_best.pth...20260220_112523
At epoch 314, test loss = 37.7045
...model saved to 15_exp/models/FloydWarshallDataset_tropical_0.0001_20000_20260220_112048_relu_best.pth...20260220_112524
At epoch 315, test loss = 37.6739
...model saved to 15_exp/models/FloydWarshallDataset_tropical_0.0001_20000_20260220_112048_relu_best.pth...20260220_112525
At epoch 316, test loss = 37.6203
...model saved to 15_exp/models/FloydWarshallDataset_tropical_0.0001_20000_20260220_112048_relu_best.pth...20260220_112526
At epoch 317, test loss = 37.5990
...model saved to 15_exp/models/FloydWarshallDataset_tropical_0.0001_20000_20260220_112048_relu_best.pth...20260220_112526
At epoch 318, test loss = 37.5915
...model saved to 15_exp/models/FloydWarshallDataset_tropical_0.0001_20000_20260220_112048_relu_best.pth...20260220_112527
At epoch 319, test loss = 37.5155
...model saved to 15_exp/models/FloydWarshallDataset_tropical_0.0001_20000_20260220_112048_relu_best.pth...20260220_112528
At epoch 320, test loss = 37.5074
...model saved to 15_exp/models/FloydWarshallDataset_tropical_0.0001_20000_20260220_112048_relu_best.pth...20260220_112529
At epoch 321, test loss = 37.4431
...model saved to 15_exp/models/FloydWarshallDataset_tropical_0.0001_20000_20260220_112048_relu_best.pth...20260220_112530
At epoch 322, test loss = 37.3978
...model saved to 15_exp/models/FloydWarshallDataset_tropical_0.0001_20000_20260220_112048_relu_best.pth...20260220_112531
At epoch 323, test loss = 37.3661
...model saved to 15_exp/models/FloydWarshallDataset_tropical_0.0001_20000_20260220_112048_relu_best.pth...20260220_112531
At epoch 325, test loss = 37.2962
...model saved to 15_exp/models/FloydWarshallDataset_tropical_0.0001_20000_20260220_112048_relu_best.pth...20260220_112533
At epoch 326, test loss = 37.2441
...model saved to 15_exp/models/FloydWarshallDataset_tropical_0.0001_20000_20260220_112048_relu_best.pth...20260220_112534
At epoch 327, test loss = 37.2422
...model saved to 15_exp/models/FloydWarshallDataset_tropical_0.0001_20000_20260220_112048_relu_best.pth...20260220_112535
At epoch 328, test loss = 37.1656
...model saved to 15_exp/models/FloydWarshallDataset_tropical_0.0001_20000_20260220_112048_relu_best.pth...20260220_112536
At epoch 329, test loss = 37.1435
...model saved to 15_exp/models/FloydWarshallDataset_tropical_0.0001_20000_20260220_112048_relu_best.pth...20260220_112537
At epoch 330, test loss = 37.1298
...model saved to 15_exp/models/FloydWarshallDataset_tropical_0.0001_20000_20260220_112048_relu_best.pth...20260220_112537
At epoch 331, test loss = 37.0799
...model saved to 15_exp/models/FloydWarshallDataset_tropical_0.0001_20000_20260220_112048_relu_best.pth...20260220_112538
At epoch 332, test loss = 37.0256
...model saved to 15_exp/models/FloydWarshallDataset_tropical_0.0001_20000_20260220_112048_relu_best.pth...20260220_112539
At epoch 333, test loss = 36.9813
...model saved to 15_exp/models/FloydWarshallDataset_tropical_0.0001_20000_20260220_112048_relu_best.pth...20260220_112540
At epoch 334, test loss = 36.9567
...model saved to 15_exp/models/FloydWarshallDataset_tropical_0.0001_20000_20260220_112048_relu_best.pth...20260220_112541
At epoch 335, test loss = 36.9167
...model saved to 15_exp/models/FloydWarshallDataset_tropical_0.0001_20000_20260220_112048_relu_best.pth...20260220_112542
At epoch 336, test loss = 36.9093
...model saved to 15_exp/models/FloydWarshallDataset_tropical_0.0001_20000_20260220_112048_relu_best.pth...20260220_112542
At epoch 337, test loss = 36.8539
...model saved to 15_exp/models/FloydWarshallDataset_tropical_0.0001_20000_20260220_112048_relu_best.pth...20260220_112543
At epoch 338, test loss = 36.8221
...model saved to 15_exp/models/FloydWarshallDataset_tropical_0.0001_20000_20260220_112048_relu_best.pth...20260220_112544
At epoch 339, test loss = 36.7877
...model saved to 15_exp/models/FloydWarshallDataset_tropical_0.0001_20000_20260220_112048_relu_best.pth...20260220_112545
At epoch 340, test loss = 36.7556
...model saved to 15_exp/models/FloydWarshallDataset_tropical_0.0001_20000_20260220_112048_relu_best.pth...20260220_112546
At epoch 341, test loss = 36.7217
...model saved to 15_exp/models/FloydWarshallDataset_tropical_0.0001_20000_20260220_112048_relu_best.pth...20260220_112546
At epoch 342, test loss = 36.6881
...model saved to 15_exp/models/FloydWarshallDataset_tropical_0.0001_20000_20260220_112048_relu_best.pth...20260220_112547
At epoch 343, test loss = 36.6404
...model saved to 15_exp/models/FloydWarshallDataset_tropical_0.0001_20000_20260220_112048_relu_best.pth...20260220_112548
At epoch 344, test loss = 36.5890
...model saved to 15_exp/models/FloydWarshallDataset_tropical_0.0001_20000_20260220_112048_relu_best.pth...20260220_112549
At epoch 345, test loss = 36.5886
...model saved to 15_exp/models/FloydWarshallDataset_tropical_0.0001_20000_20260220_112048_relu_best.pth...20260220_112550
At epoch 346, test loss = 36.5233
...model saved to 15_exp/models/FloydWarshallDataset_tropical_0.0001_20000_20260220_112048_relu_best.pth...20260220_112550
At epoch 347, test loss = 36.5210
...model saved to 15_exp/models/FloydWarshallDataset_tropical_0.0001_20000_20260220_112048_relu_best.pth...20260220_112551
At epoch 348, test loss = 36.4764
...model saved to 15_exp/models/FloydWarshallDataset_tropical_0.0001_20000_20260220_112048_relu_best.pth...20260220_112552
At epoch 349, test loss = 36.4243
...model saved to 15_exp/models/FloydWarshallDataset_tropical_0.0001_20000_20260220_112048_relu_best.pth...20260220_112553
At epoch 350, test loss = 36.3716
...model saved to 15_exp/models/FloydWarshallDataset_tropical_0.0001_20000_20260220_112048_relu_best.pth...20260220_112553
At epoch 351, test loss = 36.3556
...model saved to 15_exp/models/FloydWarshallDataset_tropical_0.0001_20000_20260220_112048_relu_best.pth...20260220_112554
At epoch 352, test loss = 36.2989
...model saved to 15_exp/models/FloydWarshallDataset_tropical_0.0001_20000_20260220_112048_relu_best.pth...20260220_112555
At epoch 353, test loss = 36.2592
...model saved to 15_exp/models/FloydWarshallDataset_tropical_0.0001_20000_20260220_112048_relu_best.pth...20260220_112556
At epoch 354, test loss = 36.2238
...model saved to 15_exp/models/FloydWarshallDataset_tropical_0.0001_20000_20260220_112048_relu_best.pth...20260220_112556
At epoch 355, test loss = 36.1965
...model saved to 15_exp/models/FloydWarshallDataset_tropical_0.0001_20000_20260220_112048_relu_best.pth...20260220_112557
At epoch 356, test loss = 36.1662
...model saved to 15_exp/models/FloydWarshallDataset_tropical_0.0001_20000_20260220_112048_relu_best.pth...20260220_112558
At epoch 357, test loss = 36.1001
...model saved to 15_exp/models/FloydWarshallDataset_tropical_0.0001_20000_20260220_112048_relu_best.pth...20260220_112558
At epoch 358, test loss = 36.0934
...model saved to 15_exp/models/FloydWarshallDataset_tropical_0.0001_20000_20260220_112048_relu_best.pth...20260220_112559
At epoch 359, test loss = 36.0399
...model saved to 15_exp/models/FloydWarshallDataset_tropical_0.0001_20000_20260220_112048_relu_best.pth...20260220_112600
At epoch 360, test loss = 35.9736
...model saved to 15_exp/models/FloydWarshallDataset_tropical_0.0001_20000_20260220_112048_relu_best.pth...20260220_112601
At epoch 361, test loss = 35.9632
...model saved to 15_exp/models/FloydWarshallDataset_tropical_0.0001_20000_20260220_112048_relu_best.pth...20260220_112601
At epoch 362, test loss = 35.9268
...model saved to 15_exp/models/FloydWarshallDataset_tropical_0.0001_20000_20260220_112048_relu_best.pth...20260220_112602
At epoch 363, test loss = 35.8826
...model saved to 15_exp/models/FloydWarshallDataset_tropical_0.0001_20000_20260220_112048_relu_best.pth...20260220_112603
At epoch 364, test loss = 35.8574
...model saved to 15_exp/models/FloydWarshallDataset_tropical_0.0001_20000_20260220_112048_relu_best.pth...20260220_112604
At epoch 365, test loss = 35.7947
...model saved to 15_exp/models/FloydWarshallDataset_tropical_0.0001_20000_20260220_112048_relu_best.pth...20260220_112604
At epoch 366, test loss = 35.7527
...model saved to 15_exp/models/FloydWarshallDataset_tropical_0.0001_20000_20260220_112048_relu_best.pth...20260220_112605
At epoch 367, test loss = 35.7474
...model saved to 15_exp/models/FloydWarshallDataset_tropical_0.0001_20000_20260220_112048_relu_best.pth...20260220_112606
At epoch 368, test loss = 35.6660
...model saved to 15_exp/models/FloydWarshallDataset_tropical_0.0001_20000_20260220_112048_relu_best.pth...20260220_112606
At epoch 369, test loss = 35.6463
...model saved to 15_exp/models/FloydWarshallDataset_tropical_0.0001_20000_20260220_112048_relu_best.pth...20260220_112607
At epoch 370, test loss = 35.5898
...model saved to 15_exp/models/FloydWarshallDataset_tropical_0.0001_20000_20260220_112048_relu_best.pth...20260220_112608
At epoch 371, test loss = 35.5539
...model saved to 15_exp/models/FloydWarshallDataset_tropical_0.0001_20000_20260220_112048_relu_best.pth...20260220_112608
At epoch 372, test loss = 35.5054
...model saved to 15_exp/models/FloydWarshallDataset_tropical_0.0001_20000_20260220_112048_relu_best.pth...20260220_112609
At epoch 373, test loss = 35.4635
...model saved to 15_exp/models/FloydWarshallDataset_tropical_0.0001_20000_20260220_112048_relu_best.pth...20260220_112610
At epoch 374, test loss = 35.4393
...model saved to 15_exp/models/FloydWarshallDataset_tropical_0.0001_20000_20260220_112048_relu_best.pth...20260220_112611
At epoch 375, test loss = 35.3739
...model saved to 15_exp/models/FloydWarshallDataset_tropical_0.0001_20000_20260220_112048_relu_best.pth...20260220_112611
At epoch 376, test loss = 35.3571
...model saved to 15_exp/models/FloydWarshallDataset_tropical_0.0001_20000_20260220_112048_relu_best.pth...20260220_112612
At epoch 377, test loss = 35.3171
...model saved to 15_exp/models/FloydWarshallDataset_tropical_0.0001_20000_20260220_112048_relu_best.pth...20260220_112613
At epoch 378, test loss = 35.2813
...model saved to 15_exp/models/FloydWarshallDataset_tropical_0.0001_20000_20260220_112048_relu_best.pth...20260220_112613
At epoch 379, test loss = 35.2095
...model saved to 15_exp/models/FloydWarshallDataset_tropical_0.0001_20000_20260220_112048_relu_best.pth...20260220_112614
At epoch 380, test loss = 35.1750
...model saved to 15_exp/models/FloydWarshallDataset_tropical_0.0001_20000_20260220_112048_relu_best.pth...20260220_112615
At epoch 381, test loss = 35.1527
...model saved to 15_exp/models/FloydWarshallDataset_tropical_0.0001_20000_20260220_112048_relu_best.pth...20260220_112616
At epoch 382, test loss = 35.1033
...model saved to 15_exp/models/FloydWarshallDataset_tropical_0.0001_20000_20260220_112048_relu_best.pth...20260220_112616
At epoch 383, test loss = 35.0509
...model saved to 15_exp/models/FloydWarshallDataset_tropical_0.0001_20000_20260220_112048_relu_best.pth...20260220_112617
At epoch 384, test loss = 35.0129
...model saved to 15_exp/models/FloydWarshallDataset_tropical_0.0001_20000_20260220_112048_relu_best.pth...20260220_112618
At epoch 385, test loss = 34.9570
...model saved to 15_exp/models/FloydWarshallDataset_tropical_0.0001_20000_20260220_112048_relu_best.pth...20260220_112618
At epoch 386, test loss = 34.9110
...model saved to 15_exp/models/FloydWarshallDataset_tropical_0.0001_20000_20260220_112048_relu_best.pth...20260220_112619
At epoch 387, test loss = 34.8786
...model saved to 15_exp/models/FloydWarshallDataset_tropical_0.0001_20000_20260220_112048_relu_best.pth...20260220_112620
At epoch 388, test loss = 34.8542
...model saved to 15_exp/models/FloydWarshallDataset_tropical_0.0001_20000_20260220_112048_relu_best.pth...20260220_112620
At epoch 389, test loss = 34.8005
...model saved to 15_exp/models/FloydWarshallDataset_tropical_0.0001_20000_20260220_112048_relu_best.pth...20260220_112621
At epoch 390, test loss = 34.7318
...model saved to 15_exp/models/FloydWarshallDataset_tropical_0.0001_20000_20260220_112048_relu_best.pth...20260220_112622
At epoch 391, test loss = 34.6972
...model saved to 15_exp/models/FloydWarshallDataset_tropical_0.0001_20000_20260220_112048_relu_best.pth...20260220_112622
At epoch 392, test loss = 34.6784
...model saved to 15_exp/models/FloydWarshallDataset_tropical_0.0001_20000_20260220_112048_relu_best.pth...20260220_112623
At epoch 393, test loss = 34.6289
...model saved to 15_exp/models/FloydWarshallDataset_tropical_0.0001_20000_20260220_112048_relu_best.pth...20260220_112624
At epoch 394, test loss = 34.5584
...model saved to 15_exp/models/FloydWarshallDataset_tropical_0.0001_20000_20260220_112048_relu_best.pth...20260220_112624
At epoch 395, test loss = 34.5141
...model saved to 15_exp/models/FloydWarshallDataset_tropical_0.0001_20000_20260220_112048_relu_best.pth...20260220_112625
At epoch 396, test loss = 34.4488
...model saved to 15_exp/models/FloydWarshallDataset_tropical_0.0001_20000_20260220_112048_relu_best.pth...20260220_112626
At epoch 397, test loss = 34.4242
...model saved to 15_exp/models/FloydWarshallDataset_tropical_0.0001_20000_20260220_112048_relu_best.pth...20260220_112626
At epoch 398, test loss = 34.3641
...model saved to 15_exp/models/FloydWarshallDataset_tropical_0.0001_20000_20260220_112048_relu_best.pth...20260220_112627
At epoch 399, test loss = 34.3432
...model saved to 15_exp/models/FloydWarshallDataset_tropical_0.0001_20000_20260220_112048_relu_best.pth...20260220_112628
At epoch 400, test loss = 34.2942
...model saved to 15_exp/models/FloydWarshallDataset_tropical_0.0001_20000_20260220_112048_relu_best.pth...20260220_112629
At epoch 401, test loss = 34.2558
...model saved to 15_exp/models/FloydWarshallDataset_tropical_0.0001_20000_20260220_112048_relu_best.pth...20260220_112629
At epoch 402, test loss = 34.1864
...model saved to 15_exp/models/FloydWarshallDataset_tropical_0.0001_20000_20260220_112048_relu_best.pth...20260220_112630
At epoch 403, test loss = 34.1510
...model saved to 15_exp/models/FloydWarshallDataset_tropical_0.0001_20000_20260220_112048_relu_best.pth...20260220_112631
At epoch 404, test loss = 34.1142
...model saved to 15_exp/models/FloydWarshallDataset_tropical_0.0001_20000_20260220_112048_relu_best.pth...20260220_112631
At epoch 405, test loss = 34.0429
...model saved to 15_exp/models/FloydWarshallDataset_tropical_0.0001_20000_20260220_112048_relu_best.pth...20260220_112632
At epoch 406, test loss = 34.0253
...model saved to 15_exp/models/FloydWarshallDataset_tropical_0.0001_20000_20260220_112048_relu_best.pth...20260220_112633
At epoch 407, test loss = 33.9519
...model saved to 15_exp/models/FloydWarshallDataset_tropical_0.0001_20000_20260220_112048_relu_best.pth...20260220_112633
At epoch 408, test loss = 33.8992
...model saved to 15_exp/models/FloydWarshallDataset_tropical_0.0001_20000_20260220_112048_relu_best.pth...20260220_112634
At epoch 409, test loss = 33.8617
...model saved to 15_exp/models/FloydWarshallDataset_tropical_0.0001_20000_20260220_112048_relu_best.pth...20260220_112635
At epoch 410, test loss = 33.8151
...model saved to 15_exp/models/FloydWarshallDataset_tropical_0.0001_20000_20260220_112048_relu_best.pth...20260220_112636
At epoch 411, test loss = 33.7766
...model saved to 15_exp/models/FloydWarshallDataset_tropical_0.0001_20000_20260220_112048_relu_best.pth...20260220_112636
At epoch 412, test loss = 33.6995
...model saved to 15_exp/models/FloydWarshallDataset_tropical_0.0001_20000_20260220_112048_relu_best.pth...20260220_112637
At epoch 413, test loss = 33.6590
...model saved to 15_exp/models/FloydWarshallDataset_tropical_0.0001_20000_20260220_112048_relu_best.pth...20260220_112638
At epoch 414, test loss = 33.6217
...model saved to 15_exp/models/FloydWarshallDataset_tropical_0.0001_20000_20260220_112048_relu_best.pth...20260220_112638
At epoch 415, test loss = 33.5858
...model saved to 15_exp/models/FloydWarshallDataset_tropical_0.0001_20000_20260220_112048_relu_best.pth...20260220_112639
At epoch 416, test loss = 33.5164
...model saved to 15_exp/models/FloydWarshallDataset_tropical_0.0001_20000_20260220_112048_relu_best.pth...20260220_112640
At epoch 417, test loss = 33.4678
...model saved to 15_exp/models/FloydWarshallDataset_tropical_0.0001_20000_20260220_112048_relu_best.pth...20260220_112640
At epoch 418, test loss = 33.4504
...model saved to 15_exp/models/FloydWarshallDataset_tropical_0.0001_20000_20260220_112048_relu_best.pth...20260220_112641
At epoch 419, test loss = 33.3900
...model saved to 15_exp/models/FloydWarshallDataset_tropical_0.0001_20000_20260220_112048_relu_best.pth...20260220_112642
At epoch 420, test loss = 33.3281
...model saved to 15_exp/models/FloydWarshallDataset_tropical_0.0001_20000_20260220_112048_relu_best.pth...20260220_112642
At epoch 421, test loss = 33.2800
...model saved to 15_exp/models/FloydWarshallDataset_tropical_0.0001_20000_20260220_112048_relu_best.pth...20260220_112643
At epoch 422, test loss = 33.2484
...model saved to 15_exp/models/FloydWarshallDataset_tropical_0.0001_20000_20260220_112048_relu_best.pth...20260220_112644
At epoch 423, test loss = 33.2094
...model saved to 15_exp/models/FloydWarshallDataset_tropical_0.0001_20000_20260220_112048_relu_best.pth...20260220_112644
At epoch 424, test loss = 33.1266
...model saved to 15_exp/models/FloydWarshallDataset_tropical_0.0001_20000_20260220_112048_relu_best.pth...20260220_112645
At epoch 425, test loss = 33.0897
...model saved to 15_exp/models/FloydWarshallDataset_tropical_0.0001_20000_20260220_112048_relu_best.pth...20260220_112646
At epoch 426, test loss = 33.0773
...model saved to 15_exp/models/FloydWarshallDataset_tropical_0.0001_20000_20260220_112048_relu_best.pth...20260220_112646
At epoch 427, test loss = 33.0046
...model saved to 15_exp/models/FloydWarshallDataset_tropical_0.0001_20000_20260220_112048_relu_best.pth...20260220_112647
At epoch 428, test loss = 32.9858
...model saved to 15_exp/models/FloydWarshallDataset_tropical_0.0001_20000_20260220_112048_relu_best.pth...20260220_112648
At epoch 429, test loss = 32.9222
...model saved to 15_exp/models/FloydWarshallDataset_tropical_0.0001_20000_20260220_112048_relu_best.pth...20260220_112649
At epoch 430, test loss = 32.8915
...model saved to 15_exp/models/FloydWarshallDataset_tropical_0.0001_20000_20260220_112048_relu_best.pth...20260220_112649
At epoch 431, test loss = 32.8276
...model saved to 15_exp/models/FloydWarshallDataset_tropical_0.0001_20000_20260220_112048_relu_best.pth...20260220_112650
At epoch 432, test loss = 32.7792
...model saved to 15_exp/models/FloydWarshallDataset_tropical_0.0001_20000_20260220_112048_relu_best.pth...20260220_112651
At epoch 433, test loss = 32.7328
...model saved to 15_exp/models/FloydWarshallDataset_tropical_0.0001_20000_20260220_112048_relu_best.pth...20260220_112651
At epoch 434, test loss = 32.6679
...model saved to 15_exp/models/FloydWarshallDataset_tropical_0.0001_20000_20260220_112048_relu_best.pth...20260220_112652
At epoch 436, test loss = 32.5988
...model saved to 15_exp/models/FloydWarshallDataset_tropical_0.0001_20000_20260220_112048_relu_best.pth...20260220_112653
At epoch 437, test loss = 32.5236
...model saved to 15_exp/models/FloydWarshallDataset_tropical_0.0001_20000_20260220_112048_relu_best.pth...20260220_112654
At epoch 438, test loss = 32.4823
...model saved to 15_exp/models/FloydWarshallDataset_tropical_0.0001_20000_20260220_112048_relu_best.pth...20260220_112655
At epoch 439, test loss = 32.4476
...model saved to 15_exp/models/FloydWarshallDataset_tropical_0.0001_20000_20260220_112048_relu_best.pth...20260220_112656
At epoch 440, test loss = 32.3970
...model saved to 15_exp/models/FloydWarshallDataset_tropical_0.0001_20000_20260220_112048_relu_best.pth...20260220_112656
At epoch 441, test loss = 32.3569
...model saved to 15_exp/models/FloydWarshallDataset_tropical_0.0001_20000_20260220_112048_relu_best.pth...20260220_112657
At epoch 442, test loss = 32.3165
...model saved to 15_exp/models/FloydWarshallDataset_tropical_0.0001_20000_20260220_112048_relu_best.pth...20260220_112658
At epoch 443, test loss = 32.2694
...model saved to 15_exp/models/FloydWarshallDataset_tropical_0.0001_20000_20260220_112048_relu_best.pth...20260220_112658
At epoch 444, test loss = 32.2312
...model saved to 15_exp/models/FloydWarshallDataset_tropical_0.0001_20000_20260220_112048_relu_best.pth...20260220_112659
At epoch 445, test loss = 32.1719
...model saved to 15_exp/models/FloydWarshallDataset_tropical_0.0001_20000_20260220_112048_relu_best.pth...20260220_112700
At epoch 446, test loss = 32.1120
...model saved to 15_exp/models/FloydWarshallDataset_tropical_0.0001_20000_20260220_112048_relu_best.pth...20260220_112700
At epoch 447, test loss = 32.0661
...model saved to 15_exp/models/FloydWarshallDataset_tropical_0.0001_20000_20260220_112048_relu_best.pth...20260220_112701
At epoch 448, test loss = 32.0530
...model saved to 15_exp/models/FloydWarshallDataset_tropical_0.0001_20000_20260220_112048_relu_best.pth...20260220_112702
At epoch 449, test loss = 31.9940
...model saved to 15_exp/models/FloydWarshallDataset_tropical_0.0001_20000_20260220_112048_relu_best.pth...20260220_112702
At epoch 450, test loss = 31.9234
...model saved to 15_exp/models/FloydWarshallDataset_tropical_0.0001_20000_20260220_112048_relu_best.pth...20260220_112703
At epoch 451, test loss = 31.8900
...model saved to 15_exp/models/FloydWarshallDataset_tropical_0.0001_20000_20260220_112048_relu_best.pth...20260220_112704
At epoch 452, test loss = 31.8285
...model saved to 15_exp/models/FloydWarshallDataset_tropical_0.0001_20000_20260220_112048_relu_best.pth...20260220_112704
At epoch 453, test loss = 31.8025
...model saved to 15_exp/models/FloydWarshallDataset_tropical_0.0001_20000_20260220_112048_relu_best.pth...20260220_112705
At epoch 454, test loss = 31.7312
...model saved to 15_exp/models/FloydWarshallDataset_tropical_0.0001_20000_20260220_112048_relu_best.pth...20260220_112706
At epoch 455, test loss = 31.7183
...model saved to 15_exp/models/FloydWarshallDataset_tropical_0.0001_20000_20260220_112048_relu_best.pth...20260220_112706
At epoch 456, test loss = 31.6571
...model saved to 15_exp/models/FloydWarshallDataset_tropical_0.0001_20000_20260220_112048_relu_best.pth...20260220_112707
At epoch 457, test loss = 31.6162
...model saved to 15_exp/models/FloydWarshallDataset_tropical_0.0001_20000_20260220_112048_relu_best.pth...20260220_112708
At epoch 458, test loss = 31.5534
...model saved to 15_exp/models/FloydWarshallDataset_tropical_0.0001_20000_20260220_112048_relu_best.pth...20260220_112709
At epoch 459, test loss = 31.5126
...model saved to 15_exp/models/FloydWarshallDataset_tropical_0.0001_20000_20260220_112048_relu_best.pth...20260220_112709
At epoch 460, test loss = 31.4778
...model saved to 15_exp/models/FloydWarshallDataset_tropical_0.0001_20000_20260220_112048_relu_best.pth...20260220_112710
At epoch 461, test loss = 31.4519
...model saved to 15_exp/models/FloydWarshallDataset_tropical_0.0001_20000_20260220_112048_relu_best.pth...20260220_112711
At epoch 462, test loss = 31.3638
...model saved to 15_exp/models/FloydWarshallDataset_tropical_0.0001_20000_20260220_112048_relu_best.pth...20260220_112712
At epoch 463, test loss = 31.3288
...model saved to 15_exp/models/FloydWarshallDataset_tropical_0.0001_20000_20260220_112048_relu_best.pth...20260220_112712
At epoch 464, test loss = 31.3222
...model saved to 15_exp/models/FloydWarshallDataset_tropical_0.0001_20000_20260220_112048_relu_best.pth...20260220_112713
At epoch 465, test loss = 31.2454
...model saved to 15_exp/models/FloydWarshallDataset_tropical_0.0001_20000_20260220_112048_relu_best.pth...20260220_112714
At epoch 466, test loss = 31.1894
...model saved to 15_exp/models/FloydWarshallDataset_tropical_0.0001_20000_20260220_112048_relu_best.pth...20260220_112715
At epoch 467, test loss = 31.1475
...model saved to 15_exp/models/FloydWarshallDataset_tropical_0.0001_20000_20260220_112048_relu_best.pth...20260220_112715
At epoch 468, test loss = 31.1163
...model saved to 15_exp/models/FloydWarshallDataset_tropical_0.0001_20000_20260220_112048_relu_best.pth...20260220_112716
At epoch 469, test loss = 31.0553
...model saved to 15_exp/models/FloydWarshallDataset_tropical_0.0001_20000_20260220_112048_relu_best.pth...20260220_112717
At epoch 470, test loss = 31.0136
...model saved to 15_exp/models/FloydWarshallDataset_tropical_0.0001_20000_20260220_112048_relu_best.pth...20260220_112718
At epoch 471, test loss = 30.9698
...model saved to 15_exp/models/FloydWarshallDataset_tropical_0.0001_20000_20260220_112048_relu_best.pth...20260220_112718
At epoch 472, test loss = 30.9306
...model saved to 15_exp/models/FloydWarshallDataset_tropical_0.0001_20000_20260220_112048_relu_best.pth...20260220_112719
At epoch 474, test loss = 30.8285
...model saved to 15_exp/models/FloydWarshallDataset_tropical_0.0001_20000_20260220_112048_relu_best.pth...20260220_112721
At epoch 475, test loss = 30.7951
...model saved to 15_exp/models/FloydWarshallDataset_tropical_0.0001_20000_20260220_112048_relu_best.pth...20260220_112721
At epoch 476, test loss = 30.7538
...model saved to 15_exp/models/FloydWarshallDataset_tropical_0.0001_20000_20260220_112048_relu_best.pth...20260220_112722
At epoch 477, test loss = 30.7070
...model saved to 15_exp/models/FloydWarshallDataset_tropical_0.0001_20000_20260220_112048_relu_best.pth...20260220_112723
At epoch 478, test loss = 30.6714
...model saved to 15_exp/models/FloydWarshallDataset_tropical_0.0001_20000_20260220_112048_relu_best.pth...20260220_112723
At epoch 479, test loss = 30.6164
...model saved to 15_exp/models/FloydWarshallDataset_tropical_0.0001_20000_20260220_112048_relu_best.pth...20260220_112724
At epoch 480, test loss = 30.5838
...model saved to 15_exp/models/FloydWarshallDataset_tropical_0.0001_20000_20260220_112048_relu_best.pth...20260220_112725
At epoch 481, test loss = 30.5578
...model saved to 15_exp/models/FloydWarshallDataset_tropical_0.0001_20000_20260220_112048_relu_best.pth...20260220_112725
At epoch 482, test loss = 30.4961
...model saved to 15_exp/models/FloydWarshallDataset_tropical_0.0001_20000_20260220_112048_relu_best.pth...20260220_112726
At epoch 483, test loss = 30.4886
...model saved to 15_exp/models/FloydWarshallDataset_tropical_0.0001_20000_20260220_112048_relu_best.pth...20260220_112727
At epoch 484, test loss = 30.4208
...model saved to 15_exp/models/FloydWarshallDataset_tropical_0.0001_20000_20260220_112048_relu_best.pth...20260220_112728
At epoch 485, test loss = 30.3823
...model saved to 15_exp/models/FloydWarshallDataset_tropical_0.0001_20000_20260220_112048_relu_best.pth...20260220_112728
At epoch 486, test loss = 30.3251
...model saved to 15_exp/models/FloydWarshallDataset_tropical_0.0001_20000_20260220_112048_relu_best.pth...20260220_112729
At epoch 487, test loss = 30.2804
...model saved to 15_exp/models/FloydWarshallDataset_tropical_0.0001_20000_20260220_112048_relu_best.pth...20260220_112730
At epoch 488, test loss = 30.2385
...model saved to 15_exp/models/FloydWarshallDataset_tropical_0.0001_20000_20260220_112048_relu_best.pth...20260220_112730
At epoch 489, test loss = 30.1728
...model saved to 15_exp/models/FloydWarshallDataset_tropical_0.0001_20000_20260220_112048_relu_best.pth...20260220_112731
At epoch 490, test loss = 30.1464
...model saved to 15_exp/models/FloydWarshallDataset_tropical_0.0001_20000_20260220_112048_relu_best.pth...20260220_112732
At epoch 491, test loss = 30.1274
...model saved to 15_exp/models/FloydWarshallDataset_tropical_0.0001_20000_20260220_112048_relu_best.pth...20260220_112732
At epoch 492, test loss = 30.0726
...model saved to 15_exp/models/FloydWarshallDataset_tropical_0.0001_20000_20260220_112048_relu_best.pth...20260220_112733
At epoch 493, test loss = 30.0041
...model saved to 15_exp/models/FloydWarshallDataset_tropical_0.0001_20000_20260220_112048_relu_best.pth...20260220_112734
At epoch 494, test loss = 29.9729
...model saved to 15_exp/models/FloydWarshallDataset_tropical_0.0001_20000_20260220_112048_relu_best.pth...20260220_112735
At epoch 495, test loss = 29.9344
...model saved to 15_exp/models/FloydWarshallDataset_tropical_0.0001_20000_20260220_112048_relu_best.pth...20260220_112735
At epoch 496, test loss = 29.8752
...model saved to 15_exp/models/FloydWarshallDataset_tropical_0.0001_20000_20260220_112048_relu_best.pth...20260220_112736
At epoch 497, test loss = 29.8415
...model saved to 15_exp/models/FloydWarshallDataset_tropical_0.0001_20000_20260220_112048_relu_best.pth...20260220_112737
At epoch 498, test loss = 29.8176
...model saved to 15_exp/models/FloydWarshallDataset_tropical_0.0001_20000_20260220_112048_relu_best.pth...20260220_112737
At epoch 499, test loss = 29.7428
...model saved to 15_exp/models/FloydWarshallDataset_tropical_0.0001_20000_20260220_112048_relu_best.pth...20260220_112738
At epoch 500, test loss = 29.6949
...model saved to 15_exp/models/FloydWarshallDataset_tropical_0.0001_20000_20260220_112048_relu_best.pth...20260220_112739
At epoch 501, test loss = 29.6898
...model saved to 15_exp/models/FloydWarshallDataset_tropical_0.0001_20000_20260220_112048_relu_best.pth...20260220_112739
At epoch 502, test loss = 29.5987
...model saved to 15_exp/models/FloydWarshallDataset_tropical_0.0001_20000_20260220_112048_relu_best.pth...20260220_112740
At epoch 503, test loss = 29.5594
...model saved to 15_exp/models/FloydWarshallDataset_tropical_0.0001_20000_20260220_112048_relu_best.pth...20260220_112741
At epoch 504, test loss = 29.5024
...model saved to 15_exp/models/FloydWarshallDataset_tropical_0.0001_20000_20260220_112048_relu_best.pth...20260220_112741
At epoch 505, test loss = 29.4436
...model saved to 15_exp/models/FloydWarshallDataset_tropical_0.0001_20000_20260220_112048_relu_best.pth...20260220_112742
At epoch 506, test loss = 29.3922
...model saved to 15_exp/models/FloydWarshallDataset_tropical_0.0001_20000_20260220_112048_relu_best.pth...20260220_112743
At epoch 507, test loss = 29.3578
...model saved to 15_exp/models/FloydWarshallDataset_tropical_0.0001_20000_20260220_112048_relu_best.pth...20260220_112744
At epoch 508, test loss = 29.3048
...model saved to 15_exp/models/FloydWarshallDataset_tropical_0.0001_20000_20260220_112048_relu_best.pth...20260220_112744
At epoch 509, test loss = 29.2663
...model saved to 15_exp/models/FloydWarshallDataset_tropical_0.0001_20000_20260220_112048_relu_best.pth...20260220_112745
At epoch 510, test loss = 29.1986
...model saved to 15_exp/models/FloydWarshallDataset_tropical_0.0001_20000_20260220_112048_relu_best.pth...20260220_112746
At epoch 511, test loss = 29.1321
...model saved to 15_exp/models/FloydWarshallDataset_tropical_0.0001_20000_20260220_112048_relu_best.pth...20260220_112746
At epoch 512, test loss = 29.1158
...model saved to 15_exp/models/FloydWarshallDataset_tropical_0.0001_20000_20260220_112048_relu_best.pth...20260220_112747
At epoch 513, test loss = 29.0416
...model saved to 15_exp/models/FloydWarshallDataset_tropical_0.0001_20000_20260220_112048_relu_best.pth...20260220_112748
At epoch 514, test loss = 28.9957
...model saved to 15_exp/models/FloydWarshallDataset_tropical_0.0001_20000_20260220_112048_relu_best.pth...20260220_112748
At epoch 515, test loss = 28.9283
...model saved to 15_exp/models/FloydWarshallDataset_tropical_0.0001_20000_20260220_112048_relu_best.pth...20260220_112749
At epoch 516, test loss = 28.8865
...model saved to 15_exp/models/FloydWarshallDataset_tropical_0.0001_20000_20260220_112048_relu_best.pth...20260220_112750
At epoch 517, test loss = 28.8308
...model saved to 15_exp/models/FloydWarshallDataset_tropical_0.0001_20000_20260220_112048_relu_best.pth...20260220_112751
At epoch 518, test loss = 28.7782
...model saved to 15_exp/models/FloydWarshallDataset_tropical_0.0001_20000_20260220_112048_relu_best.pth...20260220_112751
At epoch 519, test loss = 28.7447
...model saved to 15_exp/models/FloydWarshallDataset_tropical_0.0001_20000_20260220_112048_relu_best.pth...20260220_112752
At epoch 520, test loss = 28.6714
...model saved to 15_exp/models/FloydWarshallDataset_tropical_0.0001_20000_20260220_112048_relu_best.pth...20260220_112753
At epoch 521, test loss = 28.6161
...model saved to 15_exp/models/FloydWarshallDataset_tropical_0.0001_20000_20260220_112048_relu_best.pth...20260220_112753
At epoch 522, test loss = 28.5473
...model saved to 15_exp/models/FloydWarshallDataset_tropical_0.0001_20000_20260220_112048_relu_best.pth...20260220_112754
At epoch 523, test loss = 28.4979
...model saved to 15_exp/models/FloydWarshallDataset_tropical_0.0001_20000_20260220_112048_relu_best.pth...20260220_112755
At epoch 524, test loss = 28.4376
...model saved to 15_exp/models/FloydWarshallDataset_tropical_0.0001_20000_20260220_112048_relu_best.pth...20260220_112755
At epoch 525, test loss = 28.3835
...model saved to 15_exp/models/FloydWarshallDataset_tropical_0.0001_20000_20260220_112048_relu_best.pth...20260220_112756
At epoch 526, test loss = 28.3318
...model saved to 15_exp/models/FloydWarshallDataset_tropical_0.0001_20000_20260220_112048_relu_best.pth...20260220_112757
At epoch 527, test loss = 28.2700
...model saved to 15_exp/models/FloydWarshallDataset_tropical_0.0001_20000_20260220_112048_relu_best.pth...20260220_112757
At epoch 528, test loss = 28.2228
...model saved to 15_exp/models/FloydWarshallDataset_tropical_0.0001_20000_20260220_112048_relu_best.pth...20260220_112758
At epoch 529, test loss = 28.1578
...model saved to 15_exp/models/FloydWarshallDataset_tropical_0.0001_20000_20260220_112048_relu_best.pth...20260220_112759
At epoch 530, test loss = 28.1097
...model saved to 15_exp/models/FloydWarshallDataset_tropical_0.0001_20000_20260220_112048_relu_best.pth...20260220_112800
At epoch 531, test loss = 28.0497
...model saved to 15_exp/models/FloydWarshallDataset_tropical_0.0001_20000_20260220_112048_relu_best.pth...20260220_112800
At epoch 532, test loss = 27.9974
...model saved to 15_exp/models/FloydWarshallDataset_tropical_0.0001_20000_20260220_112048_relu_best.pth...20260220_112801
At epoch 533, test loss = 27.9372
...model saved to 15_exp/models/FloydWarshallDataset_tropical_0.0001_20000_20260220_112048_relu_best.pth...20260220_112802
At epoch 534, test loss = 27.8667
...model saved to 15_exp/models/FloydWarshallDataset_tropical_0.0001_20000_20260220_112048_relu_best.pth...20260220_112802
At epoch 535, test loss = 27.8260
...model saved to 15_exp/models/FloydWarshallDataset_tropical_0.0001_20000_20260220_112048_relu_best.pth...20260220_112803
At epoch 536, test loss = 27.7710
...model saved to 15_exp/models/FloydWarshallDataset_tropical_0.0001_20000_20260220_112048_relu_best.pth...20260220_112804
At epoch 537, test loss = 27.7033
...model saved to 15_exp/models/FloydWarshallDataset_tropical_0.0001_20000_20260220_112048_relu_best.pth...20260220_112804
At epoch 538, test loss = 27.6457
...model saved to 15_exp/models/FloydWarshallDataset_tropical_0.0001_20000_20260220_112048_relu_best.pth...20260220_112805
At epoch 539, test loss = 27.5964
...model saved to 15_exp/models/FloydWarshallDataset_tropical_0.0001_20000_20260220_112048_relu_best.pth...20260220_112806
At epoch 540, test loss = 27.5496
...model saved to 15_exp/models/FloydWarshallDataset_tropical_0.0001_20000_20260220_112048_relu_best.pth...20260220_112806
At epoch 541, test loss = 27.4843
...model saved to 15_exp/models/FloydWarshallDataset_tropical_0.0001_20000_20260220_112048_relu_best.pth...20260220_112807
At epoch 542, test loss = 27.4035
...model saved to 15_exp/models/FloydWarshallDataset_tropical_0.0001_20000_20260220_112048_relu_best.pth...20260220_112808
At epoch 543, test loss = 27.3533
...model saved to 15_exp/models/FloydWarshallDataset_tropical_0.0001_20000_20260220_112048_relu_best.pth...20260220_112809
At epoch 544, test loss = 27.3071
...model saved to 15_exp/models/FloydWarshallDataset_tropical_0.0001_20000_20260220_112048_relu_best.pth...20260220_112809
At epoch 545, test loss = 27.2317
...model saved to 15_exp/models/FloydWarshallDataset_tropical_0.0001_20000_20260220_112048_relu_best.pth...20260220_112810
At epoch 546, test loss = 27.2027
...model saved to 15_exp/models/FloydWarshallDataset_tropical_0.0001_20000_20260220_112048_relu_best.pth...20260220_112811
At epoch 547, test loss = 27.1324
...model saved to 15_exp/models/FloydWarshallDataset_tropical_0.0001_20000_20260220_112048_relu_best.pth...20260220_112811
At epoch 548, test loss = 27.0726
...model saved to 15_exp/models/FloydWarshallDataset_tropical_0.0001_20000_20260220_112048_relu_best.pth...20260220_112812
At epoch 549, test loss = 27.0149
...model saved to 15_exp/models/FloydWarshallDataset_tropical_0.0001_20000_20260220_112048_relu_best.pth...20260220_112813
At epoch 550, test loss = 26.9745
...model saved to 15_exp/models/FloydWarshallDataset_tropical_0.0001_20000_20260220_112048_relu_best.pth...20260220_112813
At epoch 551, test loss = 26.9165
...model saved to 15_exp/models/FloydWarshallDataset_tropical_0.0001_20000_20260220_112048_relu_best.pth...20260220_112814
At epoch 552, test loss = 26.8446
...model saved to 15_exp/models/FloydWarshallDataset_tropical_0.0001_20000_20260220_112048_relu_best.pth...20260220_112815
At epoch 553, test loss = 26.7858
...model saved to 15_exp/models/FloydWarshallDataset_tropical_0.0001_20000_20260220_112048_relu_best.pth...20260220_112816
At epoch 554, test loss = 26.7221
...model saved to 15_exp/models/FloydWarshallDataset_tropical_0.0001_20000_20260220_112048_relu_best.pth...20260220_112816
At epoch 555, test loss = 26.6663
...model saved to 15_exp/models/FloydWarshallDataset_tropical_0.0001_20000_20260220_112048_relu_best.pth...20260220_112817
At epoch 556, test loss = 26.6296
...model saved to 15_exp/models/FloydWarshallDataset_tropical_0.0001_20000_20260220_112048_relu_best.pth...20260220_112818
At epoch 557, test loss = 26.5661
...model saved to 15_exp/models/FloydWarshallDataset_tropical_0.0001_20000_20260220_112048_relu_best.pth...20260220_112818
At epoch 558, test loss = 26.5252
...model saved to 15_exp/models/FloydWarshallDataset_tropical_0.0001_20000_20260220_112048_relu_best.pth...20260220_112819
At epoch 559, test loss = 26.4580
...model saved to 15_exp/models/FloydWarshallDataset_tropical_0.0001_20000_20260220_112048_relu_best.pth...20260220_112820
At epoch 560, test loss = 26.4157
...model saved to 15_exp/models/FloydWarshallDataset_tropical_0.0001_20000_20260220_112048_relu_best.pth...20260220_112820
At epoch 561, test loss = 26.3298
...model saved to 15_exp/models/FloydWarshallDataset_tropical_0.0001_20000_20260220_112048_relu_best.pth...20260220_112821
At epoch 562, test loss = 26.2896
...model saved to 15_exp/models/FloydWarshallDataset_tropical_0.0001_20000_20260220_112048_relu_best.pth...20260220_112822
At epoch 563, test loss = 26.2351
...model saved to 15_exp/models/FloydWarshallDataset_tropical_0.0001_20000_20260220_112048_relu_best.pth...20260220_112822
At epoch 564, test loss = 26.1995
...model saved to 15_exp/models/FloydWarshallDataset_tropical_0.0001_20000_20260220_112048_relu_best.pth...20260220_112823
At epoch 565, test loss = 26.1533
...model saved to 15_exp/models/FloydWarshallDataset_tropical_0.0001_20000_20260220_112048_relu_best.pth...20260220_112824
At epoch 566, test loss = 26.0614
...model saved to 15_exp/models/FloydWarshallDataset_tropical_0.0001_20000_20260220_112048_relu_best.pth...20260220_112825
At epoch 567, test loss = 26.0089
...model saved to 15_exp/models/FloydWarshallDataset_tropical_0.0001_20000_20260220_112048_relu_best.pth...20260220_112825
At epoch 568, test loss = 25.9632
...model saved to 15_exp/models/FloydWarshallDataset_tropical_0.0001_20000_20260220_112048_relu_best.pth...20260220_112826
At epoch 569, test loss = 25.9008
...model saved to 15_exp/models/FloydWarshallDataset_tropical_0.0001_20000_20260220_112048_relu_best.pth...20260220_112827
At epoch 570, test loss = 25.8308
...model saved to 15_exp/models/FloydWarshallDataset_tropical_0.0001_20000_20260220_112048_relu_best.pth...20260220_112827
At epoch 571, test loss = 25.7953
...model saved to 15_exp/models/FloydWarshallDataset_tropical_0.0001_20000_20260220_112048_relu_best.pth...20260220_112828
At epoch 572, test loss = 25.7493
...model saved to 15_exp/models/FloydWarshallDataset_tropical_0.0001_20000_20260220_112048_relu_best.pth...20260220_112829
At epoch 573, test loss = 25.7051
...model saved to 15_exp/models/FloydWarshallDataset_tropical_0.0001_20000_20260220_112048_relu_best.pth...20260220_112829
At epoch 574, test loss = 25.6625
...model saved to 15_exp/models/FloydWarshallDataset_tropical_0.0001_20000_20260220_112048_relu_best.pth...20260220_112830
At epoch 575, test loss = 25.5607
...model saved to 15_exp/models/FloydWarshallDataset_tropical_0.0001_20000_20260220_112048_relu_best.pth...20260220_112831
At epoch 576, test loss = 25.5135
...model saved to 15_exp/models/FloydWarshallDataset_tropical_0.0001_20000_20260220_112048_relu_best.pth...20260220_112832
At epoch 577, test loss = 25.4724
...model saved to 15_exp/models/FloydWarshallDataset_tropical_0.0001_20000_20260220_112048_relu_best.pth...20260220_112832
At epoch 578, test loss = 25.3831
...model saved to 15_exp/models/FloydWarshallDataset_tropical_0.0001_20000_20260220_112048_relu_best.pth...20260220_112833
At epoch 579, test loss = 25.3744
...model saved to 15_exp/models/FloydWarshallDataset_tropical_0.0001_20000_20260220_112048_relu_best.pth...20260220_112834
At epoch 580, test loss = 25.3208
...model saved to 15_exp/models/FloydWarshallDataset_tropical_0.0001_20000_20260220_112048_relu_best.pth...20260220_112834
At epoch 581, test loss = 25.2512
...model saved to 15_exp/models/FloydWarshallDataset_tropical_0.0001_20000_20260220_112048_relu_best.pth...20260220_112835
At epoch 582, test loss = 25.2095
...model saved to 15_exp/models/FloydWarshallDataset_tropical_0.0001_20000_20260220_112048_relu_best.pth...20260220_112836
At epoch 583, test loss = 25.1257
...model saved to 15_exp/models/FloydWarshallDataset_tropical_0.0001_20000_20260220_112048_relu_best.pth...20260220_112836
At epoch 584, test loss = 25.1009
...model saved to 15_exp/models/FloydWarshallDataset_tropical_0.0001_20000_20260220_112048_relu_best.pth...20260220_112837
At epoch 585, test loss = 25.0111
...model saved to 15_exp/models/FloydWarshallDataset_tropical_0.0001_20000_20260220_112048_relu_best.pth...20260220_112838
At epoch 586, test loss = 24.9642
...model saved to 15_exp/models/FloydWarshallDataset_tropical_0.0001_20000_20260220_112048_relu_best.pth...20260220_112838
At epoch 587, test loss = 24.9118
...model saved to 15_exp/models/FloydWarshallDataset_tropical_0.0001_20000_20260220_112048_relu_best.pth...20260220_112839
At epoch 588, test loss = 24.8699
...model saved to 15_exp/models/FloydWarshallDataset_tropical_0.0001_20000_20260220_112048_relu_best.pth...20260220_112840
At epoch 589, test loss = 24.8180
...model saved to 15_exp/models/FloydWarshallDataset_tropical_0.0001_20000_20260220_112048_relu_best.pth...20260220_112840
At epoch 590, test loss = 24.7723
...model saved to 15_exp/models/FloydWarshallDataset_tropical_0.0001_20000_20260220_112048_relu_best.pth...20260220_112841
At epoch 591, test loss = 24.6951
...model saved to 15_exp/models/FloydWarshallDataset_tropical_0.0001_20000_20260220_112048_relu_best.pth...20260220_112842
At epoch 592, test loss = 24.6500
...model saved to 15_exp/models/FloydWarshallDataset_tropical_0.0001_20000_20260220_112048_relu_best.pth...20260220_112842
At epoch 593, test loss = 24.6187
...model saved to 15_exp/models/FloydWarshallDataset_tropical_0.0001_20000_20260220_112048_relu_best.pth...20260220_112843
At epoch 594, test loss = 24.5428
...model saved to 15_exp/models/FloydWarshallDataset_tropical_0.0001_20000_20260220_112048_relu_best.pth...20260220_112844
At epoch 595, test loss = 24.5128
...model saved to 15_exp/models/FloydWarshallDataset_tropical_0.0001_20000_20260220_112048_relu_best.pth...20260220_112845
At epoch 596, test loss = 24.4605
...model saved to 15_exp/models/FloydWarshallDataset_tropical_0.0001_20000_20260220_112048_relu_best.pth...20260220_112845
At epoch 597, test loss = 24.4042
...model saved to 15_exp/models/FloydWarshallDataset_tropical_0.0001_20000_20260220_112048_relu_best.pth...20260220_112846
At epoch 598, test loss = 24.3205
...model saved to 15_exp/models/FloydWarshallDataset_tropical_0.0001_20000_20260220_112048_relu_best.pth...20260220_112847
At epoch 599, test loss = 24.2815
...model saved to 15_exp/models/FloydWarshallDataset_tropical_0.0001_20000_20260220_112048_relu_best.pth...20260220_112847
At epoch 600, test loss = 24.2452
...model saved to 15_exp/models/FloydWarshallDataset_tropical_0.0001_20000_20260220_112048_relu_best.pth...20260220_112848
At epoch 601, test loss = 24.1855
...model saved to 15_exp/models/FloydWarshallDataset_tropical_0.0001_20000_20260220_112048_relu_best.pth...20260220_112849
At epoch 602, test loss = 24.1376
...model saved to 15_exp/models/FloydWarshallDataset_tropical_0.0001_20000_20260220_112048_relu_best.pth...20260220_112850
At epoch 603, test loss = 24.0811
...model saved to 15_exp/models/FloydWarshallDataset_tropical_0.0001_20000_20260220_112048_relu_best.pth...20260220_112850
At epoch 604, test loss = 24.0258
...model saved to 15_exp/models/FloydWarshallDataset_tropical_0.0001_20000_20260220_112048_relu_best.pth...20260220_112851
At epoch 605, test loss = 23.9984
...model saved to 15_exp/models/FloydWarshallDataset_tropical_0.0001_20000_20260220_112048_relu_best.pth...20260220_112852
At epoch 606, test loss = 23.9234
...model saved to 15_exp/models/FloydWarshallDataset_tropical_0.0001_20000_20260220_112048_relu_best.pth...20260220_112852
At epoch 607, test loss = 23.8919
...model saved to 15_exp/models/FloydWarshallDataset_tropical_0.0001_20000_20260220_112048_relu_best.pth...20260220_112853
At epoch 608, test loss = 23.8165
...model saved to 15_exp/models/FloydWarshallDataset_tropical_0.0001_20000_20260220_112048_relu_best.pth...20260220_112854
At epoch 609, test loss = 23.7811
...model saved to 15_exp/models/FloydWarshallDataset_tropical_0.0001_20000_20260220_112048_relu_best.pth...20260220_112854
At epoch 610, test loss = 23.7232
...model saved to 15_exp/models/FloydWarshallDataset_tropical_0.0001_20000_20260220_112048_relu_best.pth...20260220_112855
At epoch 611, test loss = 23.6944
...model saved to 15_exp/models/FloydWarshallDataset_tropical_0.0001_20000_20260220_112048_relu_best.pth...20260220_112856
At epoch 612, test loss = 23.6371
...model saved to 15_exp/models/FloydWarshallDataset_tropical_0.0001_20000_20260220_112048_relu_best.pth...20260220_112856
At epoch 613, test loss = 23.5458
...model saved to 15_exp/models/FloydWarshallDataset_tropical_0.0001_20000_20260220_112048_relu_best.pth...20260220_112857
At epoch 614, test loss = 23.5295
...model saved to 15_exp/models/FloydWarshallDataset_tropical_0.0001_20000_20260220_112048_relu_best.pth...20260220_112858
At epoch 615, test loss = 23.4709
...model saved to 15_exp/models/FloydWarshallDataset_tropical_0.0001_20000_20260220_112048_relu_best.pth...20260220_112859
At epoch 616, test loss = 23.4287
...model saved to 15_exp/models/FloydWarshallDataset_tropical_0.0001_20000_20260220_112048_relu_best.pth...20260220_112859
At epoch 617, test loss = 23.3906
...model saved to 15_exp/models/FloydWarshallDataset_tropical_0.0001_20000_20260220_112048_relu_best.pth...20260220_112900
At epoch 618, test loss = 23.3081
...model saved to 15_exp/models/FloydWarshallDataset_tropical_0.0001_20000_20260220_112048_relu_best.pth...20260220_112901
At epoch 619, test loss = 23.2834
...model saved to 15_exp/models/FloydWarshallDataset_tropical_0.0001_20000_20260220_112048_relu_best.pth...20260220_112901
At epoch 620, test loss = 23.2000
...model saved to 15_exp/models/FloydWarshallDataset_tropical_0.0001_20000_20260220_112048_relu_best.pth...20260220_112902
At epoch 621, test loss = 23.1709
...model saved to 15_exp/models/FloydWarshallDataset_tropical_0.0001_20000_20260220_112048_relu_best.pth...20260220_112903
At epoch 622, test loss = 23.1179
...model saved to 15_exp/models/FloydWarshallDataset_tropical_0.0001_20000_20260220_112048_relu_best.pth...20260220_112903
At epoch 623, test loss = 23.0703
...model saved to 15_exp/models/FloydWarshallDataset_tropical_0.0001_20000_20260220_112048_relu_best.pth...20260220_112904
At epoch 624, test loss = 23.0029
...model saved to 15_exp/models/FloydWarshallDataset_tropical_0.0001_20000_20260220_112048_relu_best.pth...20260220_112905
At epoch 625, test loss = 22.9528
...model saved to 15_exp/models/FloydWarshallDataset_tropical_0.0001_20000_20260220_112048_relu_best.pth...20260220_112905
At epoch 626, test loss = 22.9225
...model saved to 15_exp/models/FloydWarshallDataset_tropical_0.0001_20000_20260220_112048_relu_best.pth...20260220_112906
At epoch 627, test loss = 22.8711
...model saved to 15_exp/models/FloydWarshallDataset_tropical_0.0001_20000_20260220_112048_relu_best.pth...20260220_112907
At epoch 628, test loss = 22.8231
...model saved to 15_exp/models/FloydWarshallDataset_tropical_0.0001_20000_20260220_112048_relu_best.pth...20260220_112907
At epoch 629, test loss = 22.7832
...model saved to 15_exp/models/FloydWarshallDataset_tropical_0.0001_20000_20260220_112048_relu_best.pth...20260220_112908
At epoch 630, test loss = 22.7453
...model saved to 15_exp/models/FloydWarshallDataset_tropical_0.0001_20000_20260220_112048_relu_best.pth...20260220_112909
At epoch 631, test loss = 22.6961
...model saved to 15_exp/models/FloydWarshallDataset_tropical_0.0001_20000_20260220_112048_relu_best.pth...20260220_112910
At epoch 632, test loss = 22.6704
...model saved to 15_exp/models/FloydWarshallDataset_tropical_0.0001_20000_20260220_112048_relu_best.pth...20260220_112910
At epoch 633, test loss = 22.5870
...model saved to 15_exp/models/FloydWarshallDataset_tropical_0.0001_20000_20260220_112048_relu_best.pth...20260220_112911
At epoch 634, test loss = 22.5208
...model saved to 15_exp/models/FloydWarshallDataset_tropical_0.0001_20000_20260220_112048_relu_best.pth...20260220_112912
At epoch 635, test loss = 22.4699
...model saved to 15_exp/models/FloydWarshallDataset_tropical_0.0001_20000_20260220_112048_relu_best.pth...20260220_112912
At epoch 636, test loss = 22.4284
...model saved to 15_exp/models/FloydWarshallDataset_tropical_0.0001_20000_20260220_112048_relu_best.pth...20260220_112913
At epoch 637, test loss = 22.4019
...model saved to 15_exp/models/FloydWarshallDataset_tropical_0.0001_20000_20260220_112048_relu_best.pth...20260220_112914
At epoch 638, test loss = 22.3417
...model saved to 15_exp/models/FloydWarshallDataset_tropical_0.0001_20000_20260220_112048_relu_best.pth...20260220_112914
At epoch 639, test loss = 22.2887
...model saved to 15_exp/models/FloydWarshallDataset_tropical_0.0001_20000_20260220_112048_relu_best.pth...20260220_112915
At epoch 640, test loss = 22.2340
...model saved to 15_exp/models/FloydWarshallDataset_tropical_0.0001_20000_20260220_112048_relu_best.pth...20260220_112916
At epoch 641, test loss = 22.2117
...model saved to 15_exp/models/FloydWarshallDataset_tropical_0.0001_20000_20260220_112048_relu_best.pth...20260220_112917
At epoch 642, test loss = 22.1523
...model saved to 15_exp/models/FloydWarshallDataset_tropical_0.0001_20000_20260220_112048_relu_best.pth...20260220_112917
At epoch 643, test loss = 22.0939
...model saved to 15_exp/models/FloydWarshallDataset_tropical_0.0001_20000_20260220_112048_relu_best.pth...20260220_112918
At epoch 644, test loss = 22.0590
...model saved to 15_exp/models/FloydWarshallDataset_tropical_0.0001_20000_20260220_112048_relu_best.pth...20260220_112919
At epoch 645, test loss = 22.0237
...model saved to 15_exp/models/FloydWarshallDataset_tropical_0.0001_20000_20260220_112048_relu_best.pth...20260220_112919
At epoch 646, test loss = 21.9985
...model saved to 15_exp/models/FloydWarshallDataset_tropical_0.0001_20000_20260220_112048_relu_best.pth...20260220_112920
At epoch 647, test loss = 21.9163
...model saved to 15_exp/models/FloydWarshallDataset_tropical_0.0001_20000_20260220_112048_relu_best.pth...20260220_112921
At epoch 648, test loss = 21.8879
...model saved to 15_exp/models/FloydWarshallDataset_tropical_0.0001_20000_20260220_112048_relu_best.pth...20260220_112921
At epoch 649, test loss = 21.8238
...model saved to 15_exp/models/FloydWarshallDataset_tropical_0.0001_20000_20260220_112048_relu_best.pth...20260220_112922
At epoch 650, test loss = 21.7749
...model saved to 15_exp/models/FloydWarshallDataset_tropical_0.0001_20000_20260220_112048_relu_best.pth...20260220_112923
At epoch 651, test loss = 21.7456
...model saved to 15_exp/models/FloydWarshallDataset_tropical_0.0001_20000_20260220_112048_relu_best.pth...20260220_112923
At epoch 652, test loss = 21.7046
...model saved to 15_exp/models/FloydWarshallDataset_tropical_0.0001_20000_20260220_112048_relu_best.pth...20260220_112924
At epoch 653, test loss = 21.6654
...model saved to 15_exp/models/FloydWarshallDataset_tropical_0.0001_20000_20260220_112048_relu_best.pth...20260220_112925
At epoch 654, test loss = 21.6031
...model saved to 15_exp/models/FloydWarshallDataset_tropical_0.0001_20000_20260220_112048_relu_best.pth...20260220_112925
At epoch 655, test loss = 21.5224
...model saved to 15_exp/models/FloydWarshallDataset_tropical_0.0001_20000_20260220_112048_relu_best.pth...20260220_112926
At epoch 656, test loss = 21.4810
...model saved to 15_exp/models/FloydWarshallDataset_tropical_0.0001_20000_20260220_112048_relu_best.pth...20260220_112927
At epoch 657, test loss = 21.4693
...model saved to 15_exp/models/FloydWarshallDataset_tropical_0.0001_20000_20260220_112048_relu_best.pth...20260220_112928
At epoch 658, test loss = 21.4132
...model saved to 15_exp/models/FloydWarshallDataset_tropical_0.0001_20000_20260220_112048_relu_best.pth...20260220_112928
At epoch 659, test loss = 21.3636
...model saved to 15_exp/models/FloydWarshallDataset_tropical_0.0001_20000_20260220_112048_relu_best.pth...20260220_112929
At epoch 660, test loss = 21.3072
...model saved to 15_exp/models/FloydWarshallDataset_tropical_0.0001_20000_20260220_112048_relu_best.pth...20260220_112930
At epoch 661, test loss = 21.2572
...model saved to 15_exp/models/FloydWarshallDataset_tropical_0.0001_20000_20260220_112048_relu_best.pth...20260220_112930
At epoch 662, test loss = 21.2135
...model saved to 15_exp/models/FloydWarshallDataset_tropical_0.0001_20000_20260220_112048_relu_best.pth...20260220_112931
At epoch 663, test loss = 21.1393
...model saved to 15_exp/models/FloydWarshallDataset_tropical_0.0001_20000_20260220_112048_relu_best.pth...20260220_112932
At epoch 664, test loss = 21.0991
...model saved to 15_exp/models/FloydWarshallDataset_tropical_0.0001_20000_20260220_112048_relu_best.pth...20260220_112932
At epoch 665, test loss = 21.0608
...model saved to 15_exp/models/FloydWarshallDataset_tropical_0.0001_20000_20260220_112048_relu_best.pth...20260220_112933
At epoch 666, test loss = 21.0261
...model saved to 15_exp/models/FloydWarshallDataset_tropical_0.0001_20000_20260220_112048_relu_best.pth...20260220_112934
At epoch 667, test loss = 20.9652
...model saved to 15_exp/models/FloydWarshallDataset_tropical_0.0001_20000_20260220_112048_relu_best.pth...20260220_112934
At epoch 668, test loss = 20.9094
...model saved to 15_exp/models/FloydWarshallDataset_tropical_0.0001_20000_20260220_112048_relu_best.pth...20260220_112935
At epoch 669, test loss = 20.8596
...model saved to 15_exp/models/FloydWarshallDataset_tropical_0.0001_20000_20260220_112048_relu_best.pth...20260220_112936
At epoch 670, test loss = 20.8304
...model saved to 15_exp/models/FloydWarshallDataset_tropical_0.0001_20000_20260220_112048_relu_best.pth...20260220_112937
At epoch 671, test loss = 20.7608
...model saved to 15_exp/models/FloydWarshallDataset_tropical_0.0001_20000_20260220_112048_relu_best.pth...20260220_112937
At epoch 672, test loss = 20.7528
...model saved to 15_exp/models/FloydWarshallDataset_tropical_0.0001_20000_20260220_112048_relu_best.pth...20260220_112938
At epoch 673, test loss = 20.6969
...model saved to 15_exp/models/FloydWarshallDataset_tropical_0.0001_20000_20260220_112048_relu_best.pth...20260220_112939
At epoch 674, test loss = 20.6206
...model saved to 15_exp/models/FloydWarshallDataset_tropical_0.0001_20000_20260220_112048_relu_best.pth...20260220_112939
At epoch 675, test loss = 20.5640
...model saved to 15_exp/models/FloydWarshallDataset_tropical_0.0001_20000_20260220_112048_relu_best.pth...20260220_112940
At epoch 676, test loss = 20.5138
...model saved to 15_exp/models/FloydWarshallDataset_tropical_0.0001_20000_20260220_112048_relu_best.pth...20260220_112941
At epoch 677, test loss = 20.4998
...model saved to 15_exp/models/FloydWarshallDataset_tropical_0.0001_20000_20260220_112048_relu_best.pth...20260220_112941
At epoch 678, test loss = 20.4340
...model saved to 15_exp/models/FloydWarshallDataset_tropical_0.0001_20000_20260220_112048_relu_best.pth...20260220_112942
At epoch 679, test loss = 20.3887
...model saved to 15_exp/models/FloydWarshallDataset_tropical_0.0001_20000_20260220_112048_relu_best.pth...20260220_112943
At epoch 680, test loss = 20.3220
...model saved to 15_exp/models/FloydWarshallDataset_tropical_0.0001_20000_20260220_112048_relu_best.pth...20260220_112943
At epoch 681, test loss = 20.3042
...model saved to 15_exp/models/FloydWarshallDataset_tropical_0.0001_20000_20260220_112048_relu_best.pth...20260220_112944
At epoch 682, test loss = 20.2338
...model saved to 15_exp/models/FloydWarshallDataset_tropical_0.0001_20000_20260220_112048_relu_best.pth...20260220_112945
At epoch 683, test loss = 20.1972
...model saved to 15_exp/models/FloydWarshallDataset_tropical_0.0001_20000_20260220_112048_relu_best.pth...20260220_112945
At epoch 684, test loss = 20.1195
...model saved to 15_exp/models/FloydWarshallDataset_tropical_0.0001_20000_20260220_112048_relu_best.pth...20260220_112946
At epoch 685, test loss = 20.1076
...model saved to 15_exp/models/FloydWarshallDataset_tropical_0.0001_20000_20260220_112048_relu_best.pth...20260220_112947
At epoch 686, test loss = 20.0430
...model saved to 15_exp/models/FloydWarshallDataset_tropical_0.0001_20000_20260220_112048_relu_best.pth...20260220_112948
At epoch 687, test loss = 19.9821
...model saved to 15_exp/models/FloydWarshallDataset_tropical_0.0001_20000_20260220_112048_relu_best.pth...20260220_112948
At epoch 688, test loss = 19.9395
...model saved to 15_exp/models/FloydWarshallDataset_tropical_0.0001_20000_20260220_112048_relu_best.pth...20260220_112949
At epoch 689, test loss = 19.8695
...model saved to 15_exp/models/FloydWarshallDataset_tropical_0.0001_20000_20260220_112048_relu_best.pth...20260220_112950
At epoch 690, test loss = 19.8497
...model saved to 15_exp/models/FloydWarshallDataset_tropical_0.0001_20000_20260220_112048_relu_best.pth...20260220_112950
At epoch 691, test loss = 19.7958
...model saved to 15_exp/models/FloydWarshallDataset_tropical_0.0001_20000_20260220_112048_relu_best.pth...20260220_112951
At epoch 692, test loss = 19.7141
...model saved to 15_exp/models/FloydWarshallDataset_tropical_0.0001_20000_20260220_112048_relu_best.pth...20260220_112952
At epoch 694, test loss = 19.6425
...model saved to 15_exp/models/FloydWarshallDataset_tropical_0.0001_20000_20260220_112048_relu_best.pth...20260220_112953
At epoch 695, test loss = 19.6169
...model saved to 15_exp/models/FloydWarshallDataset_tropical_0.0001_20000_20260220_112048_relu_best.pth...20260220_112954
At epoch 696, test loss = 19.5483
...model saved to 15_exp/models/FloydWarshallDataset_tropical_0.0001_20000_20260220_112048_relu_best.pth...20260220_112954
At epoch 697, test loss = 19.4915
...model saved to 15_exp/models/FloydWarshallDataset_tropical_0.0001_20000_20260220_112048_relu_best.pth...20260220_112955
At epoch 698, test loss = 19.4330
...model saved to 15_exp/models/FloydWarshallDataset_tropical_0.0001_20000_20260220_112048_relu_best.pth...20260220_112956
At epoch 699, test loss = 19.3775
...model saved to 15_exp/models/FloydWarshallDataset_tropical_0.0001_20000_20260220_112048_relu_best.pth...20260220_112956
At epoch 700, test loss = 19.3333
...model saved to 15_exp/models/FloydWarshallDataset_tropical_0.0001_20000_20260220_112048_relu_best.pth...20260220_112957
At epoch 701, test loss = 19.2891
...model saved to 15_exp/models/FloydWarshallDataset_tropical_0.0001_20000_20260220_112048_relu_best.pth...20260220_112958
At epoch 702, test loss = 19.2328
...model saved to 15_exp/models/FloydWarshallDataset_tropical_0.0001_20000_20260220_112048_relu_best.pth...20260220_112958
At epoch 703, test loss = 19.2153
...model saved to 15_exp/models/FloydWarshallDataset_tropical_0.0001_20000_20260220_112048_relu_best.pth...20260220_112959
At epoch 704, test loss = 19.1642
...model saved to 15_exp/models/FloydWarshallDataset_tropical_0.0001_20000_20260220_112048_relu_best.pth...20260220_113000
At epoch 705, test loss = 19.1190
...model saved to 15_exp/models/FloydWarshallDataset_tropical_0.0001_20000_20260220_112048_relu_best.pth...20260220_113001
At epoch 706, test loss = 19.0510
...model saved to 15_exp/models/FloydWarshallDataset_tropical_0.0001_20000_20260220_112048_relu_best.pth...20260220_113001
At epoch 707, test loss = 19.0218
...model saved to 15_exp/models/FloydWarshallDataset_tropical_0.0001_20000_20260220_112048_relu_best.pth...20260220_113002
At epoch 708, test loss = 18.9462
...model saved to 15_exp/models/FloydWarshallDataset_tropical_0.0001_20000_20260220_112048_relu_best.pth...20260220_113003
At epoch 709, test loss = 18.9144
...model saved to 15_exp/models/FloydWarshallDataset_tropical_0.0001_20000_20260220_112048_relu_best.pth...20260220_113003
At epoch 710, test loss = 18.8717
...model saved to 15_exp/models/FloydWarshallDataset_tropical_0.0001_20000_20260220_112048_relu_best.pth...20260220_113004
At epoch 711, test loss = 18.8338
...model saved to 15_exp/models/FloydWarshallDataset_tropical_0.0001_20000_20260220_112048_relu_best.pth...20260220_113005
At epoch 712, test loss = 18.7449
...model saved to 15_exp/models/FloydWarshallDataset_tropical_0.0001_20000_20260220_112048_relu_best.pth...20260220_113005
At epoch 714, test loss = 18.6646
...model saved to 15_exp/models/FloydWarshallDataset_tropical_0.0001_20000_20260220_112048_relu_best.pth...20260220_113007
At epoch 715, test loss = 18.6156
...model saved to 15_exp/models/FloydWarshallDataset_tropical_0.0001_20000_20260220_112048_relu_best.pth...20260220_113007
At epoch 716, test loss = 18.5608
...model saved to 15_exp/models/FloydWarshallDataset_tropical_0.0001_20000_20260220_112048_relu_best.pth...20260220_113008
At epoch 717, test loss = 18.5083
...model saved to 15_exp/models/FloydWarshallDataset_tropical_0.0001_20000_20260220_112048_relu_best.pth...20260220_113009
At epoch 718, test loss = 18.4997
...model saved to 15_exp/models/FloydWarshallDataset_tropical_0.0001_20000_20260220_112048_relu_best.pth...20260220_113010
At epoch 719, test loss = 18.4234
...model saved to 15_exp/models/FloydWarshallDataset_tropical_0.0001_20000_20260220_112048_relu_best.pth...20260220_113010
At epoch 720, test loss = 18.4074
...model saved to 15_exp/models/FloydWarshallDataset_tropical_0.0001_20000_20260220_112048_relu_best.pth...20260220_113011
At epoch 721, test loss = 18.3367
...model saved to 15_exp/models/FloydWarshallDataset_tropical_0.0001_20000_20260220_112048_relu_best.pth...20260220_113012
At epoch 722, test loss = 18.2847
...model saved to 15_exp/models/FloydWarshallDataset_tropical_0.0001_20000_20260220_112048_relu_best.pth...20260220_113012
At epoch 723, test loss = 18.2226
...model saved to 15_exp/models/FloydWarshallDataset_tropical_0.0001_20000_20260220_112048_relu_best.pth...20260220_113013
At epoch 724, test loss = 18.2212
...model saved to 15_exp/models/FloydWarshallDataset_tropical_0.0001_20000_20260220_112048_relu_best.pth...20260220_113014
At epoch 725, test loss = 18.1576
...model saved to 15_exp/models/FloydWarshallDataset_tropical_0.0001_20000_20260220_112048_relu_best.pth...20260220_113014
At epoch 726, test loss = 18.0958
...model saved to 15_exp/models/FloydWarshallDataset_tropical_0.0001_20000_20260220_112048_relu_best.pth...20260220_113015
At epoch 727, test loss = 18.0257
...model saved to 15_exp/models/FloydWarshallDataset_tropical_0.0001_20000_20260220_112048_relu_best.pth...20260220_113016
At epoch 728, test loss = 17.9959
...model saved to 15_exp/models/FloydWarshallDataset_tropical_0.0001_20000_20260220_112048_relu_best.pth...20260220_113016
At epoch 729, test loss = 17.9399
...model saved to 15_exp/models/FloydWarshallDataset_tropical_0.0001_20000_20260220_112048_relu_best.pth...20260220_113017
At epoch 730, test loss = 17.9016
...model saved to 15_exp/models/FloydWarshallDataset_tropical_0.0001_20000_20260220_112048_relu_best.pth...20260220_113018
At epoch 731, test loss = 17.8265
...model saved to 15_exp/models/FloydWarshallDataset_tropical_0.0001_20000_20260220_112048_relu_best.pth...20260220_113018
At epoch 732, test loss = 17.8073
...model saved to 15_exp/models/FloydWarshallDataset_tropical_0.0001_20000_20260220_112048_relu_best.pth...20260220_113019
At epoch 733, test loss = 17.7373
...model saved to 15_exp/models/FloydWarshallDataset_tropical_0.0001_20000_20260220_112048_relu_best.pth...20260220_113020
At epoch 735, test loss = 17.6631
...model saved to 15_exp/models/FloydWarshallDataset_tropical_0.0001_20000_20260220_112048_relu_best.pth...20260220_113021
At epoch 736, test loss = 17.6047
...model saved to 15_exp/models/FloydWarshallDataset_tropical_0.0001_20000_20260220_112048_relu_best.pth...20260220_113022
At epoch 737, test loss = 17.5734
...model saved to 15_exp/models/FloydWarshallDataset_tropical_0.0001_20000_20260220_112048_relu_best.pth...20260220_113023
At epoch 738, test loss = 17.4947
...model saved to 15_exp/models/FloydWarshallDataset_tropical_0.0001_20000_20260220_112048_relu_best.pth...20260220_113023
At epoch 739, test loss = 17.4598
...model saved to 15_exp/models/FloydWarshallDataset_tropical_0.0001_20000_20260220_112048_relu_best.pth...20260220_113024
At epoch 740, test loss = 17.4217
...model saved to 15_exp/models/FloydWarshallDataset_tropical_0.0001_20000_20260220_112048_relu_best.pth...20260220_113025
At epoch 741, test loss = 17.3944
...model saved to 15_exp/models/FloydWarshallDataset_tropical_0.0001_20000_20260220_112048_relu_best.pth...20260220_113025
At epoch 742, test loss = 17.3304
...model saved to 15_exp/models/FloydWarshallDataset_tropical_0.0001_20000_20260220_112048_relu_best.pth...20260220_113026
At epoch 743, test loss = 17.2993
...model saved to 15_exp/models/FloydWarshallDataset_tropical_0.0001_20000_20260220_112048_relu_best.pth...20260220_113027
At epoch 744, test loss = 17.2231
...model saved to 15_exp/models/FloydWarshallDataset_tropical_0.0001_20000_20260220_112048_relu_best.pth...20260220_113028
At epoch 745, test loss = 17.1686
...model saved to 15_exp/models/FloydWarshallDataset_tropical_0.0001_20000_20260220_112048_relu_best.pth...20260220_113028
At epoch 746, test loss = 17.1241
...model saved to 15_exp/models/FloydWarshallDataset_tropical_0.0001_20000_20260220_112048_relu_best.pth...20260220_113029
At epoch 747, test loss = 17.0608
...model saved to 15_exp/models/FloydWarshallDataset_tropical_0.0001_20000_20260220_112048_relu_best.pth...20260220_113030
At epoch 748, test loss = 17.0184
...model saved to 15_exp/models/FloydWarshallDataset_tropical_0.0001_20000_20260220_112048_relu_best.pth...20260220_113030
At epoch 749, test loss = 17.0065
...model saved to 15_exp/models/FloydWarshallDataset_tropical_0.0001_20000_20260220_112048_relu_best.pth...20260220_113031
At epoch 750, test loss = 16.9381
...model saved to 15_exp/models/FloydWarshallDataset_tropical_0.0001_20000_20260220_112048_relu_best.pth...20260220_113032
At epoch 751, test loss = 16.8976
...model saved to 15_exp/models/FloydWarshallDataset_tropical_0.0001_20000_20260220_112048_relu_best.pth...20260220_113032
At epoch 752, test loss = 16.8319
...model saved to 15_exp/models/FloydWarshallDataset_tropical_0.0001_20000_20260220_112048_relu_best.pth...20260220_113033
At epoch 753, test loss = 16.8007
...model saved to 15_exp/models/FloydWarshallDataset_tropical_0.0001_20000_20260220_112048_relu_best.pth...20260220_113034
At epoch 754, test loss = 16.7442
...model saved to 15_exp/models/FloydWarshallDataset_tropical_0.0001_20000_20260220_112048_relu_best.pth...20260220_113035
At epoch 755, test loss = 16.6957
...model saved to 15_exp/models/FloydWarshallDataset_tropical_0.0001_20000_20260220_112048_relu_best.pth...20260220_113035
At epoch 756, test loss = 16.6471
...model saved to 15_exp/models/FloydWarshallDataset_tropical_0.0001_20000_20260220_112048_relu_best.pth...20260220_113036
At epoch 757, test loss = 16.6146
...model saved to 15_exp/models/FloydWarshallDataset_tropical_0.0001_20000_20260220_112048_relu_best.pth...20260220_113037
At epoch 758, test loss = 16.5789
...model saved to 15_exp/models/FloydWarshallDataset_tropical_0.0001_20000_20260220_112048_relu_best.pth...20260220_113037
At epoch 759, test loss = 16.5255
...model saved to 15_exp/models/FloydWarshallDataset_tropical_0.0001_20000_20260220_112048_relu_best.pth...20260220_113038
At epoch 760, test loss = 16.4313
...model saved to 15_exp/models/FloydWarshallDataset_tropical_0.0001_20000_20260220_112048_relu_best.pth...20260220_113039
At epoch 761, test loss = 16.4252
...model saved to 15_exp/models/FloydWarshallDataset_tropical_0.0001_20000_20260220_112048_relu_best.pth...20260220_113039
At epoch 762, test loss = 16.3436
...model saved to 15_exp/models/FloydWarshallDataset_tropical_0.0001_20000_20260220_112048_relu_best.pth...20260220_113040
At epoch 763, test loss = 16.2883
...model saved to 15_exp/models/FloydWarshallDataset_tropical_0.0001_20000_20260220_112048_relu_best.pth...20260220_113041
At epoch 764, test loss = 16.2757
...model saved to 15_exp/models/FloydWarshallDataset_tropical_0.0001_20000_20260220_112048_relu_best.pth...20260220_113041
At epoch 765, test loss = 16.2030
...model saved to 15_exp/models/FloydWarshallDataset_tropical_0.0001_20000_20260220_112048_relu_best.pth...20260220_113042
At epoch 766, test loss = 16.1635
...model saved to 15_exp/models/FloydWarshallDataset_tropical_0.0001_20000_20260220_112048_relu_best.pth...20260220_113043
At epoch 767, test loss = 16.0987
...model saved to 15_exp/models/FloydWarshallDataset_tropical_0.0001_20000_20260220_112048_relu_best.pth...20260220_113043
At epoch 768, test loss = 16.0484
...model saved to 15_exp/models/FloydWarshallDataset_tropical_0.0001_20000_20260220_112048_relu_best.pth...20260220_113044
At epoch 769, test loss = 16.0010
...model saved to 15_exp/models/FloydWarshallDataset_tropical_0.0001_20000_20260220_112048_relu_best.pth...20260220_113045
At epoch 770, test loss = 15.9777
...model saved to 15_exp/models/FloydWarshallDataset_tropical_0.0001_20000_20260220_112048_relu_best.pth...20260220_113045
At epoch 771, test loss = 15.9009
...model saved to 15_exp/models/FloydWarshallDataset_tropical_0.0001_20000_20260220_112048_relu_best.pth...20260220_113046
At epoch 772, test loss = 15.8882
...model saved to 15_exp/models/FloydWarshallDataset_tropical_0.0001_20000_20260220_112048_relu_best.pth...20260220_113047
At epoch 773, test loss = 15.8089
...model saved to 15_exp/models/FloydWarshallDataset_tropical_0.0001_20000_20260220_112048_relu_best.pth...20260220_113048
At epoch 775, test loss = 15.7601
...model saved to 15_exp/models/FloydWarshallDataset_tropical_0.0001_20000_20260220_112048_relu_best.pth...20260220_113049
At epoch 776, test loss = 15.6684
...model saved to 15_exp/models/FloydWarshallDataset_tropical_0.0001_20000_20260220_112048_relu_best.pth...20260220_113050
At epoch 777, test loss = 15.6233
...model saved to 15_exp/models/FloydWarshallDataset_tropical_0.0001_20000_20260220_112048_relu_best.pth...20260220_113050
At epoch 778, test loss = 15.5531
...model saved to 15_exp/models/FloydWarshallDataset_tropical_0.0001_20000_20260220_112048_relu_best.pth...20260220_113051
At epoch 779, test loss = 15.5276
...model saved to 15_exp/models/FloydWarshallDataset_tropical_0.0001_20000_20260220_112048_relu_best.pth...20260220_113052
At epoch 780, test loss = 15.4887
...model saved to 15_exp/models/FloydWarshallDataset_tropical_0.0001_20000_20260220_112048_relu_best.pth...20260220_113052
At epoch 781, test loss = 15.4205
...model saved to 15_exp/models/FloydWarshallDataset_tropical_0.0001_20000_20260220_112048_relu_best.pth...20260220_113053
At epoch 782, test loss = 15.4082
...model saved to 15_exp/models/FloydWarshallDataset_tropical_0.0001_20000_20260220_112048_relu_best.pth...20260220_113054
At epoch 783, test loss = 15.3217
...model saved to 15_exp/models/FloydWarshallDataset_tropical_0.0001_20000_20260220_112048_relu_best.pth...20260220_113054
At epoch 784, test loss = 15.2799
...model saved to 15_exp/models/FloydWarshallDataset_tropical_0.0001_20000_20260220_112048_relu_best.pth...20260220_113055
At epoch 785, test loss = 15.2307
...model saved to 15_exp/models/FloydWarshallDataset_tropical_0.0001_20000_20260220_112048_relu_best.pth...20260220_113056
At epoch 786, test loss = 15.1610
...model saved to 15_exp/models/FloydWarshallDataset_tropical_0.0001_20000_20260220_112048_relu_best.pth...20260220_113057
At epoch 788, test loss = 15.0995
...model saved to 15_exp/models/FloydWarshallDataset_tropical_0.0001_20000_20260220_112048_relu_best.pth...20260220_113058
At epoch 789, test loss = 15.0634
...model saved to 15_exp/models/FloydWarshallDataset_tropical_0.0001_20000_20260220_112048_relu_best.pth...20260220_113059
At epoch 790, test loss = 14.9633
...model saved to 15_exp/models/FloydWarshallDataset_tropical_0.0001_20000_20260220_112048_relu_best.pth...20260220_113059
At epoch 791, test loss = 14.9308
...model saved to 15_exp/models/FloydWarshallDataset_tropical_0.0001_20000_20260220_112048_relu_best.pth...20260220_113100
At epoch 792, test loss = 14.8644
...model saved to 15_exp/models/FloydWarshallDataset_tropical_0.0001_20000_20260220_112048_relu_best.pth...20260220_113101
At epoch 793, test loss = 14.8152
...model saved to 15_exp/models/FloydWarshallDataset_tropical_0.0001_20000_20260220_112048_relu_best.pth...20260220_113102
At epoch 794, test loss = 14.7910
...model saved to 15_exp/models/FloydWarshallDataset_tropical_0.0001_20000_20260220_112048_relu_best.pth...20260220_113102
At epoch 795, test loss = 14.7316
...model saved to 15_exp/models/FloydWarshallDataset_tropical_0.0001_20000_20260220_112048_relu_best.pth...20260220_113103
At epoch 796, test loss = 14.7033
...model saved to 15_exp/models/FloydWarshallDataset_tropical_0.0001_20000_20260220_112048_relu_best.pth...20260220_113104
At epoch 797, test loss = 14.6413
...model saved to 15_exp/models/FloydWarshallDataset_tropical_0.0001_20000_20260220_112048_relu_best.pth...20260220_113105
At epoch 798, test loss = 14.6098
...model saved to 15_exp/models/FloydWarshallDataset_tropical_0.0001_20000_20260220_112048_relu_best.pth...20260220_113105
At epoch 799, test loss = 14.5407
...model saved to 15_exp/models/FloydWarshallDataset_tropical_0.0001_20000_20260220_112048_relu_best.pth...20260220_113106
At epoch 800, test loss = 14.4752
...model saved to 15_exp/models/FloydWarshallDataset_tropical_0.0001_20000_20260220_112048_relu_best.pth...20260220_113107
At epoch 801, test loss = 14.4393
...model saved to 15_exp/models/FloydWarshallDataset_tropical_0.0001_20000_20260220_112048_relu_best.pth...20260220_113108
At epoch 802, test loss = 14.3853
...model saved to 15_exp/models/FloydWarshallDataset_tropical_0.0001_20000_20260220_112048_relu_best.pth...20260220_113108
At epoch 803, test loss = 14.3651
...model saved to 15_exp/models/FloydWarshallDataset_tropical_0.0001_20000_20260220_112048_relu_best.pth...20260220_113109
At epoch 804, test loss = 14.2763
...model saved to 15_exp/models/FloydWarshallDataset_tropical_0.0001_20000_20260220_112048_relu_best.pth...20260220_113110
At epoch 805, test loss = 14.2683
...model saved to 15_exp/models/FloydWarshallDataset_tropical_0.0001_20000_20260220_112048_relu_best.pth...20260220_113111
At epoch 806, test loss = 14.1998
...model saved to 15_exp/models/FloydWarshallDataset_tropical_0.0001_20000_20260220_112048_relu_best.pth...20260220_113111
At epoch 807, test loss = 14.1596
...model saved to 15_exp/models/FloydWarshallDataset_tropical_0.0001_20000_20260220_112048_relu_best.pth...20260220_113112
At epoch 808, test loss = 14.0990
...model saved to 15_exp/models/FloydWarshallDataset_tropical_0.0001_20000_20260220_112048_relu_best.pth...20260220_113113
At epoch 809, test loss = 14.0513
...model saved to 15_exp/models/FloydWarshallDataset_tropical_0.0001_20000_20260220_112048_relu_best.pth...20260220_113114
At epoch 810, test loss = 14.0345
...model saved to 15_exp/models/FloydWarshallDataset_tropical_0.0001_20000_20260220_112048_relu_best.pth...20260220_113114
At epoch 811, test loss = 13.9530
...model saved to 15_exp/models/FloydWarshallDataset_tropical_0.0001_20000_20260220_112048_relu_best.pth...20260220_113115
At epoch 812, test loss = 13.9071
...model saved to 15_exp/models/FloydWarshallDataset_tropical_0.0001_20000_20260220_112048_relu_best.pth...20260220_113116
At epoch 813, test loss = 13.8692
...model saved to 15_exp/models/FloydWarshallDataset_tropical_0.0001_20000_20260220_112048_relu_best.pth...20260220_113117
At epoch 814, test loss = 13.8052
...model saved to 15_exp/models/FloydWarshallDataset_tropical_0.0001_20000_20260220_112048_relu_best.pth...20260220_113117
At epoch 815, test loss = 13.7848
...model saved to 15_exp/models/FloydWarshallDataset_tropical_0.0001_20000_20260220_112048_relu_best.pth...20260220_113118
At epoch 816, test loss = 13.7340
...model saved to 15_exp/models/FloydWarshallDataset_tropical_0.0001_20000_20260220_112048_relu_best.pth...20260220_113119
At epoch 817, test loss = 13.6794
...model saved to 15_exp/models/FloydWarshallDataset_tropical_0.0001_20000_20260220_112048_relu_best.pth...20260220_113120
At epoch 818, test loss = 13.6158
...model saved to 15_exp/models/FloydWarshallDataset_tropical_0.0001_20000_20260220_112048_relu_best.pth...20260220_113120
At epoch 819, test loss = 13.5680
...model saved to 15_exp/models/FloydWarshallDataset_tropical_0.0001_20000_20260220_112048_relu_best.pth...20260220_113121
At epoch 820, test loss = 13.5198
...model saved to 15_exp/models/FloydWarshallDataset_tropical_0.0001_20000_20260220_112048_relu_best.pth...20260220_113122
At epoch 821, test loss = 13.4878
...model saved to 15_exp/models/FloydWarshallDataset_tropical_0.0001_20000_20260220_112048_relu_best.pth...20260220_113122
At epoch 822, test loss = 13.4469
...model saved to 15_exp/models/FloydWarshallDataset_tropical_0.0001_20000_20260220_112048_relu_best.pth...20260220_113123
At epoch 823, test loss = 13.4122
...model saved to 15_exp/models/FloydWarshallDataset_tropical_0.0001_20000_20260220_112048_relu_best.pth...20260220_113124
At epoch 824, test loss = 13.3319
...model saved to 15_exp/models/FloydWarshallDataset_tropical_0.0001_20000_20260220_112048_relu_best.pth...20260220_113125
At epoch 825, test loss = 13.2871
...model saved to 15_exp/models/FloydWarshallDataset_tropical_0.0001_20000_20260220_112048_relu_best.pth...20260220_113125
At epoch 826, test loss = 13.2676
...model saved to 15_exp/models/FloydWarshallDataset_tropical_0.0001_20000_20260220_112048_relu_best.pth...20260220_113126
At epoch 827, test loss = 13.1996
...model saved to 15_exp/models/FloydWarshallDataset_tropical_0.0001_20000_20260220_112048_relu_best.pth...20260220_113127
At epoch 828, test loss = 13.1634
...model saved to 15_exp/models/FloydWarshallDataset_tropical_0.0001_20000_20260220_112048_relu_best.pth...20260220_113128
At epoch 829, test loss = 13.1268
...model saved to 15_exp/models/FloydWarshallDataset_tropical_0.0001_20000_20260220_112048_relu_best.pth...20260220_113128
At epoch 830, test loss = 13.0639
...model saved to 15_exp/models/FloydWarshallDataset_tropical_0.0001_20000_20260220_112048_relu_best.pth...20260220_113129
At epoch 831, test loss = 13.0063
...model saved to 15_exp/models/FloydWarshallDataset_tropical_0.0001_20000_20260220_112048_relu_best.pth...20260220_113130
At epoch 832, test loss = 12.9497
...model saved to 15_exp/models/FloydWarshallDataset_tropical_0.0001_20000_20260220_112048_relu_best.pth...20260220_113131
At epoch 833, test loss = 12.9158
...model saved to 15_exp/models/FloydWarshallDataset_tropical_0.0001_20000_20260220_112048_relu_best.pth...20260220_113131
At epoch 834, test loss = 12.8763
...model saved to 15_exp/models/FloydWarshallDataset_tropical_0.0001_20000_20260220_112048_relu_best.pth...20260220_113132
At epoch 835, test loss = 12.8224
...model saved to 15_exp/models/FloydWarshallDataset_tropical_0.0001_20000_20260220_112048_relu_best.pth...20260220_113133
At epoch 836, test loss = 12.7693
...model saved to 15_exp/models/FloydWarshallDataset_tropical_0.0001_20000_20260220_112048_relu_best.pth...20260220_113134
At epoch 837, test loss = 12.7302
...model saved to 15_exp/models/FloydWarshallDataset_tropical_0.0001_20000_20260220_112048_relu_best.pth...20260220_113134
At epoch 838, test loss = 12.7026
...model saved to 15_exp/models/FloydWarshallDataset_tropical_0.0001_20000_20260220_112048_relu_best.pth...20260220_113135
At epoch 839, test loss = 12.6813
...model saved to 15_exp/models/FloydWarshallDataset_tropical_0.0001_20000_20260220_112048_relu_best.pth...20260220_113136
At epoch 840, test loss = 12.6026
...model saved to 15_exp/models/FloydWarshallDataset_tropical_0.0001_20000_20260220_112048_relu_best.pth...20260220_113136
At epoch 841, test loss = 12.5569
...model saved to 15_exp/models/FloydWarshallDataset_tropical_0.0001_20000_20260220_112048_relu_best.pth...20260220_113137
At epoch 842, test loss = 12.5242
...model saved to 15_exp/models/FloydWarshallDataset_tropical_0.0001_20000_20260220_112048_relu_best.pth...20260220_113138
At epoch 843, test loss = 12.4759
...model saved to 15_exp/models/FloydWarshallDataset_tropical_0.0001_20000_20260220_112048_relu_best.pth...20260220_113139
At epoch 844, test loss = 12.4467
...model saved to 15_exp/models/FloydWarshallDataset_tropical_0.0001_20000_20260220_112048_relu_best.pth...20260220_113139
At epoch 845, test loss = 12.3977
...model saved to 15_exp/models/FloydWarshallDataset_tropical_0.0001_20000_20260220_112048_relu_best.pth...20260220_113140
At epoch 846, test loss = 12.3623
...model saved to 15_exp/models/FloydWarshallDataset_tropical_0.0001_20000_20260220_112048_relu_best.pth...20260220_113141
At epoch 847, test loss = 12.3087
...model saved to 15_exp/models/FloydWarshallDataset_tropical_0.0001_20000_20260220_112048_relu_best.pth...20260220_113142
At epoch 848, test loss = 12.2623
...model saved to 15_exp/models/FloydWarshallDataset_tropical_0.0001_20000_20260220_112048_relu_best.pth...20260220_113142
At epoch 849, test loss = 12.2052
...model saved to 15_exp/models/FloydWarshallDataset_tropical_0.0001_20000_20260220_112048_relu_best.pth...20260220_113143
At epoch 850, test loss = 12.1926
...model saved to 15_exp/models/FloydWarshallDataset_tropical_0.0001_20000_20260220_112048_relu_best.pth...20260220_113144
At epoch 851, test loss = 12.1302
...model saved to 15_exp/models/FloydWarshallDataset_tropical_0.0001_20000_20260220_112048_relu_best.pth...20260220_113144
At epoch 852, test loss = 12.1056
...model saved to 15_exp/models/FloydWarshallDataset_tropical_0.0001_20000_20260220_112048_relu_best.pth...20260220_113145
At epoch 853, test loss = 12.0733
...model saved to 15_exp/models/FloydWarshallDataset_tropical_0.0001_20000_20260220_112048_relu_best.pth...20260220_113146
At epoch 854, test loss = 12.0379
...model saved to 15_exp/models/FloydWarshallDataset_tropical_0.0001_20000_20260220_112048_relu_best.pth...20260220_113147
At epoch 855, test loss = 11.9577
...model saved to 15_exp/models/FloydWarshallDataset_tropical_0.0001_20000_20260220_112048_relu_best.pth...20260220_113147
At epoch 856, test loss = 11.9388
...model saved to 15_exp/models/FloydWarshallDataset_tropical_0.0001_20000_20260220_112048_relu_best.pth...20260220_113148
At epoch 857, test loss = 11.9270
...model saved to 15_exp/models/FloydWarshallDataset_tropical_0.0001_20000_20260220_112048_relu_best.pth...20260220_113149
At epoch 858, test loss = 11.8767
...model saved to 15_exp/models/FloydWarshallDataset_tropical_0.0001_20000_20260220_112048_relu_best.pth...20260220_113150
At epoch 859, test loss = 11.8273
...model saved to 15_exp/models/FloydWarshallDataset_tropical_0.0001_20000_20260220_112048_relu_best.pth...20260220_113150
At epoch 860, test loss = 11.7891
...model saved to 15_exp/models/FloydWarshallDataset_tropical_0.0001_20000_20260220_112048_relu_best.pth...20260220_113151
At epoch 861, test loss = 11.7834
...model saved to 15_exp/models/FloydWarshallDataset_tropical_0.0001_20000_20260220_112048_relu_best.pth...20260220_113152
At epoch 862, test loss = 11.6972
...model saved to 15_exp/models/FloydWarshallDataset_tropical_0.0001_20000_20260220_112048_relu_best.pth...20260220_113153
At epoch 863, test loss = 11.6506
...model saved to 15_exp/models/FloydWarshallDataset_tropical_0.0001_20000_20260220_112048_relu_best.pth...20260220_113153
At epoch 865, test loss = 11.6143
...model saved to 15_exp/models/FloydWarshallDataset_tropical_0.0001_20000_20260220_112048_relu_best.pth...20260220_113155
At epoch 866, test loss = 11.5611
...model saved to 15_exp/models/FloydWarshallDataset_tropical_0.0001_20000_20260220_112048_relu_best.pth...20260220_113156
At epoch 867, test loss = 11.5519
...model saved to 15_exp/models/FloydWarshallDataset_tropical_0.0001_20000_20260220_112048_relu_best.pth...20260220_113156
At epoch 868, test loss = 11.4865
...model saved to 15_exp/models/FloydWarshallDataset_tropical_0.0001_20000_20260220_112048_relu_best.pth...20260220_113157
At epoch 869, test loss = 11.4366
...model saved to 15_exp/models/FloydWarshallDataset_tropical_0.0001_20000_20260220_112048_relu_best.pth...20260220_113158
At epoch 870, test loss = 11.4051
...model saved to 15_exp/models/FloydWarshallDataset_tropical_0.0001_20000_20260220_112048_relu_best.pth...20260220_113159
At epoch 871, test loss = 11.3720
...model saved to 15_exp/models/FloydWarshallDataset_tropical_0.0001_20000_20260220_112048_relu_best.pth...20260220_113159
At epoch 872, test loss = 11.3524
...model saved to 15_exp/models/FloydWarshallDataset_tropical_0.0001_20000_20260220_112048_relu_best.pth...20260220_113200
At epoch 873, test loss = 11.3235
...model saved to 15_exp/models/FloydWarshallDataset_tropical_0.0001_20000_20260220_112048_relu_best.pth...20260220_113201
At epoch 874, test loss = 11.2745
...model saved to 15_exp/models/FloydWarshallDataset_tropical_0.0001_20000_20260220_112048_relu_best.pth...20260220_113201
At epoch 875, test loss = 11.2213
...model saved to 15_exp/models/FloydWarshallDataset_tropical_0.0001_20000_20260220_112048_relu_best.pth...20260220_113202
At epoch 877, test loss = 11.1619
...model saved to 15_exp/models/FloydWarshallDataset_tropical_0.0001_20000_20260220_112048_relu_best.pth...20260220_113204
At epoch 878, test loss = 11.1570
...model saved to 15_exp/models/FloydWarshallDataset_tropical_0.0001_20000_20260220_112048_relu_best.pth...20260220_113204
At epoch 879, test loss = 11.1241
...model saved to 15_exp/models/FloydWarshallDataset_tropical_0.0001_20000_20260220_112048_relu_best.pth...20260220_113205
At epoch 880, test loss = 11.0782
...model saved to 15_exp/models/FloydWarshallDataset_tropical_0.0001_20000_20260220_112048_relu_best.pth...20260220_113206
At epoch 881, test loss = 11.0315
...model saved to 15_exp/models/FloydWarshallDataset_tropical_0.0001_20000_20260220_112048_relu_best.pth...20260220_113207
At epoch 882, test loss = 11.0026
...model saved to 15_exp/models/FloydWarshallDataset_tropical_0.0001_20000_20260220_112048_relu_best.pth...20260220_113207
At epoch 883, test loss = 10.9838
...model saved to 15_exp/models/FloydWarshallDataset_tropical_0.0001_20000_20260220_112048_relu_best.pth...20260220_113208
At epoch 884, test loss = 10.9362
...model saved to 15_exp/models/FloydWarshallDataset_tropical_0.0001_20000_20260220_112048_relu_best.pth...20260220_113209
At epoch 885, test loss = 10.9180
...model saved to 15_exp/models/FloydWarshallDataset_tropical_0.0001_20000_20260220_112048_relu_best.pth...20260220_113210
At epoch 886, test loss = 10.8612
...model saved to 15_exp/models/FloydWarshallDataset_tropical_0.0001_20000_20260220_112048_relu_best.pth...20260220_113210
At epoch 887, test loss = 10.8214
...model saved to 15_exp/models/FloydWarshallDataset_tropical_0.0001_20000_20260220_112048_relu_best.pth...20260220_113211
At epoch 888, test loss = 10.8071
...model saved to 15_exp/models/FloydWarshallDataset_tropical_0.0001_20000_20260220_112048_relu_best.pth...20260220_113212
At epoch 890, test loss = 10.7390
...model saved to 15_exp/models/FloydWarshallDataset_tropical_0.0001_20000_20260220_112048_relu_best.pth...20260220_113213
At epoch 891, test loss = 10.7235
...model saved to 15_exp/models/FloydWarshallDataset_tropical_0.0001_20000_20260220_112048_relu_best.pth...20260220_113214
At epoch 892, test loss = 10.6603
...model saved to 15_exp/models/FloydWarshallDataset_tropical_0.0001_20000_20260220_112048_relu_best.pth...20260220_113215
At epoch 893, test loss = 10.6419
...model saved to 15_exp/models/FloydWarshallDataset_tropical_0.0001_20000_20260220_112048_relu_best.pth...20260220_113215
At epoch 894, test loss = 10.6148
...model saved to 15_exp/models/FloydWarshallDataset_tropical_0.0001_20000_20260220_112048_relu_best.pth...20260220_113216
At epoch 895, test loss = 10.5863
...model saved to 15_exp/models/FloydWarshallDataset_tropical_0.0001_20000_20260220_112048_relu_best.pth...20260220_113217
At epoch 896, test loss = 10.5492
...model saved to 15_exp/models/FloydWarshallDataset_tropical_0.0001_20000_20260220_112048_relu_best.pth...20260220_113218
At epoch 898, test loss = 10.5011
...model saved to 15_exp/models/FloydWarshallDataset_tropical_0.0001_20000_20260220_112048_relu_best.pth...20260220_113219
At epoch 899, test loss = 10.4817
...model saved to 15_exp/models/FloydWarshallDataset_tropical_0.0001_20000_20260220_112048_relu_best.pth...20260220_113220
At epoch 900, test loss = 10.3977
...model saved to 15_exp/models/FloydWarshallDataset_tropical_0.0001_20000_20260220_112048_relu_best.pth...20260220_113221
At epoch 902, test loss = 10.3684
...model saved to 15_exp/models/FloydWarshallDataset_tropical_0.0001_20000_20260220_112048_relu_best.pth...20260220_113222
At epoch 903, test loss = 10.3339
...model saved to 15_exp/models/FloydWarshallDataset_tropical_0.0001_20000_20260220_112048_relu_best.pth...20260220_113223
At epoch 904, test loss = 10.2741
...model saved to 15_exp/models/FloydWarshallDataset_tropical_0.0001_20000_20260220_112048_relu_best.pth...20260220_113224
At epoch 906, test loss = 10.2477
...model saved to 15_exp/models/FloydWarshallDataset_tropical_0.0001_20000_20260220_112048_relu_best.pth...20260220_113225
At epoch 907, test loss = 10.1936
...model saved to 15_exp/models/FloydWarshallDataset_tropical_0.0001_20000_20260220_112048_relu_best.pth...20260220_113226
At epoch 908, test loss = 10.1637
...model saved to 15_exp/models/FloydWarshallDataset_tropical_0.0001_20000_20260220_112048_relu_best.pth...20260220_113227
At epoch 909, test loss = 10.1556
...model saved to 15_exp/models/FloydWarshallDataset_tropical_0.0001_20000_20260220_112048_relu_best.pth...20260220_113227
At epoch 910, test loss = 10.1289
...model saved to 15_exp/models/FloydWarshallDataset_tropical_0.0001_20000_20260220_112048_relu_best.pth...20260220_113228
At epoch 911, test loss = 10.0828
...model saved to 15_exp/models/FloydWarshallDataset_tropical_0.0001_20000_20260220_112048_relu_best.pth...20260220_113229
At epoch 912, test loss = 10.0643
...model saved to 15_exp/models/FloydWarshallDataset_tropical_0.0001_20000_20260220_112048_relu_best.pth...20260220_113229
At epoch 913, test loss = 10.0295
...model saved to 15_exp/models/FloydWarshallDataset_tropical_0.0001_20000_20260220_112048_relu_best.pth...20260220_113230
At epoch 914, test loss = 9.9870
...model saved to 15_exp/models/FloydWarshallDataset_tropical_0.0001_20000_20260220_112048_relu_best.pth...20260220_113231
At epoch 915, test loss = 9.9616
...model saved to 15_exp/models/FloydWarshallDataset_tropical_0.0001_20000_20260220_112048_relu_best.pth...20260220_113232
At epoch 916, test loss = 9.9148
...model saved to 15_exp/models/FloydWarshallDataset_tropical_0.0001_20000_20260220_112048_relu_best.pth...20260220_113233
At epoch 917, test loss = 9.8991
...model saved to 15_exp/models/FloydWarshallDataset_tropical_0.0001_20000_20260220_112048_relu_best.pth...20260220_113233
At epoch 918, test loss = 9.8896
...model saved to 15_exp/models/FloydWarshallDataset_tropical_0.0001_20000_20260220_112048_relu_best.pth...20260220_113234
At epoch 919, test loss = 9.8596
...model saved to 15_exp/models/FloydWarshallDataset_tropical_0.0001_20000_20260220_112048_relu_best.pth...20260220_113235
At epoch 920, test loss = 9.8261
...model saved to 15_exp/models/FloydWarshallDataset_tropical_0.0001_20000_20260220_112048_relu_best.pth...20260220_113235
At epoch 921, test loss = 9.8018
...model saved to 15_exp/models/FloydWarshallDataset_tropical_0.0001_20000_20260220_112048_relu_best.pth...20260220_113236
At epoch 922, test loss = 9.7534
...model saved to 15_exp/models/FloydWarshallDataset_tropical_0.0001_20000_20260220_112048_relu_best.pth...20260220_113237
At epoch 923, test loss = 9.7233
...model saved to 15_exp/models/FloydWarshallDataset_tropical_0.0001_20000_20260220_112048_relu_best.pth...20260220_113238
At epoch 924, test loss = 9.7227
...model saved to 15_exp/models/FloydWarshallDataset_tropical_0.0001_20000_20260220_112048_relu_best.pth...20260220_113238
At epoch 925, test loss = 9.6745
...model saved to 15_exp/models/FloydWarshallDataset_tropical_0.0001_20000_20260220_112048_relu_best.pth...20260220_113239
At epoch 926, test loss = 9.6531
...model saved to 15_exp/models/FloydWarshallDataset_tropical_0.0001_20000_20260220_112048_relu_best.pth...20260220_113240
At epoch 927, test loss = 9.6300
...model saved to 15_exp/models/FloydWarshallDataset_tropical_0.0001_20000_20260220_112048_relu_best.pth...20260220_113241
At epoch 928, test loss = 9.6077
...model saved to 15_exp/models/FloydWarshallDataset_tropical_0.0001_20000_20260220_112048_relu_best.pth...20260220_113241
At epoch 929, test loss = 9.5831
...model saved to 15_exp/models/FloydWarshallDataset_tropical_0.0001_20000_20260220_112048_relu_best.pth...20260220_113242
At epoch 930, test loss = 9.5491
...model saved to 15_exp/models/FloydWarshallDataset_tropical_0.0001_20000_20260220_112048_relu_best.pth...20260220_113243
At epoch 931, test loss = 9.5035
...model saved to 15_exp/models/FloydWarshallDataset_tropical_0.0001_20000_20260220_112048_relu_best.pth...20260220_113243
At epoch 932, test loss = 9.4933
...model saved to 15_exp/models/FloydWarshallDataset_tropical_0.0001_20000_20260220_112048_relu_best.pth...20260220_113244
At epoch 933, test loss = 9.4764
...model saved to 15_exp/models/FloydWarshallDataset_tropical_0.0001_20000_20260220_112048_relu_best.pth...20260220_113245
At epoch 935, test loss = 9.3959
...model saved to 15_exp/models/FloydWarshallDataset_tropical_0.0001_20000_20260220_112048_relu_best.pth...20260220_113246
At epoch 937, test loss = 9.3551
...model saved to 15_exp/models/FloydWarshallDataset_tropical_0.0001_20000_20260220_112048_relu_best.pth...20260220_113248
At epoch 938, test loss = 9.3257
...model saved to 15_exp/models/FloydWarshallDataset_tropical_0.0001_20000_20260220_112048_relu_best.pth...20260220_113249
At epoch 939, test loss = 9.3160
...model saved to 15_exp/models/FloydWarshallDataset_tropical_0.0001_20000_20260220_112048_relu_best.pth...20260220_113249
At epoch 940, test loss = 9.3074
...model saved to 15_exp/models/FloydWarshallDataset_tropical_0.0001_20000_20260220_112048_relu_best.pth...20260220_113250
At epoch 941, test loss = 9.3036
...model saved to 15_exp/models/FloydWarshallDataset_tropical_0.0001_20000_20260220_112048_relu_best.pth...20260220_113251
At epoch 942, test loss = 9.2478
...model saved to 15_exp/models/FloydWarshallDataset_tropical_0.0001_20000_20260220_112048_relu_best.pth...20260220_113252
At epoch 943, test loss = 9.2106
...model saved to 15_exp/models/FloydWarshallDataset_tropical_0.0001_20000_20260220_112048_relu_best.pth...20260220_113252
At epoch 944, test loss = 9.2014
...model saved to 15_exp/models/FloydWarshallDataset_tropical_0.0001_20000_20260220_112048_relu_best.pth...20260220_113253
At epoch 946, test loss = 9.1210
...model saved to 15_exp/models/FloydWarshallDataset_tropical_0.0001_20000_20260220_112048_relu_best.pth...20260220_113255
At epoch 947, test loss = 9.0953
...model saved to 15_exp/models/FloydWarshallDataset_tropical_0.0001_20000_20260220_112048_relu_best.pth...20260220_113255
At epoch 949, test loss = 9.0730
...model saved to 15_exp/models/FloydWarshallDataset_tropical_0.0001_20000_20260220_112048_relu_best.pth...20260220_113257
At epoch 950, test loss = 9.0316
...model saved to 15_exp/models/FloydWarshallDataset_tropical_0.0001_20000_20260220_112048_relu_best.pth...20260220_113258
At epoch 951, test loss = 9.0138
...model saved to 15_exp/models/FloydWarshallDataset_tropical_0.0001_20000_20260220_112048_relu_best.pth...20260220_113258
At epoch 952, test loss = 8.9769
...model saved to 15_exp/models/FloydWarshallDataset_tropical_0.0001_20000_20260220_112048_relu_best.pth...20260220_113259
At epoch 953, test loss = 8.9701
...model saved to 15_exp/models/FloydWarshallDataset_tropical_0.0001_20000_20260220_112048_relu_best.pth...20260220_113300
At epoch 954, test loss = 8.9371
...model saved to 15_exp/models/FloydWarshallDataset_tropical_0.0001_20000_20260220_112048_relu_best.pth...20260220_113300
At epoch 956, test loss = 8.9085
...model saved to 15_exp/models/FloydWarshallDataset_tropical_0.0001_20000_20260220_112048_relu_best.pth...20260220_113302
At epoch 957, test loss = 8.8847
...model saved to 15_exp/models/FloydWarshallDataset_tropical_0.0001_20000_20260220_112048_relu_best.pth...20260220_113303
At epoch 958, test loss = 8.8390
...model saved to 15_exp/models/FloydWarshallDataset_tropical_0.0001_20000_20260220_112048_relu_best.pth...20260220_113303
At epoch 959, test loss = 8.8007
...model saved to 15_exp/models/FloydWarshallDataset_tropical_0.0001_20000_20260220_112048_relu_best.pth...20260220_113304
At epoch 961, test loss = 8.7562
...model saved to 15_exp/models/FloydWarshallDataset_tropical_0.0001_20000_20260220_112048_relu_best.pth...20260220_113305
At epoch 962, test loss = 8.7459
...model saved to 15_exp/models/FloydWarshallDataset_tropical_0.0001_20000_20260220_112048_relu_best.pth...20260220_113306
At epoch 963, test loss = 8.7386
...model saved to 15_exp/models/FloydWarshallDataset_tropical_0.0001_20000_20260220_112048_relu_best.pth...20260220_113307
At epoch 964, test loss = 8.7028
...model saved to 15_exp/models/FloydWarshallDataset_tropical_0.0001_20000_20260220_112048_relu_best.pth...20260220_113308
At epoch 966, test loss = 8.6523
...model saved to 15_exp/models/FloydWarshallDataset_tropical_0.0001_20000_20260220_112048_relu_best.pth...20260220_113309
At epoch 968, test loss = 8.6195
...model saved to 15_exp/models/FloydWarshallDataset_tropical_0.0001_20000_20260220_112048_relu_best.pth...20260220_113310
At epoch 969, test loss = 8.6059
...model saved to 15_exp/models/FloydWarshallDataset_tropical_0.0001_20000_20260220_112048_relu_best.pth...20260220_113311
At epoch 970, test loss = 8.5709
...model saved to 15_exp/models/FloydWarshallDataset_tropical_0.0001_20000_20260220_112048_relu_best.pth...20260220_113312
At epoch 971, test loss = 8.5427
...model saved to 15_exp/models/FloydWarshallDataset_tropical_0.0001_20000_20260220_112048_relu_best.pth...20260220_113312
At epoch 973, test loss = 8.5270
...model saved to 15_exp/models/FloydWarshallDataset_tropical_0.0001_20000_20260220_112048_relu_best.pth...20260220_113314
At epoch 974, test loss = 8.5095
...model saved to 15_exp/models/FloydWarshallDataset_tropical_0.0001_20000_20260220_112048_relu_best.pth...20260220_113314
At epoch 975, test loss = 8.4671
...model saved to 15_exp/models/FloydWarshallDataset_tropical_0.0001_20000_20260220_112048_relu_best.pth...20260220_113315
At epoch 976, test loss = 8.4559
...model saved to 15_exp/models/FloydWarshallDataset_tropical_0.0001_20000_20260220_112048_relu_best.pth...20260220_113316
At epoch 977, test loss = 8.4433
...model saved to 15_exp/models/FloydWarshallDataset_tropical_0.0001_20000_20260220_112048_relu_best.pth...20260220_113317
At epoch 978, test loss = 8.4269
...model saved to 15_exp/models/FloydWarshallDataset_tropical_0.0001_20000_20260220_112048_relu_best.pth...20260220_113317
At epoch 979, test loss = 8.3818
...model saved to 15_exp/models/FloydWarshallDataset_tropical_0.0001_20000_20260220_112048_relu_best.pth...20260220_113318
At epoch 981, test loss = 8.3473
...model saved to 15_exp/models/FloydWarshallDataset_tropical_0.0001_20000_20260220_112048_relu_best.pth...20260220_113319
At epoch 983, test loss = 8.3273
...model saved to 15_exp/models/FloydWarshallDataset_tropical_0.0001_20000_20260220_112048_relu_best.pth...20260220_113321
At epoch 984, test loss = 8.3157
...model saved to 15_exp/models/FloydWarshallDataset_tropical_0.0001_20000_20260220_112048_relu_best.pth...20260220_113321
At epoch 985, test loss = 8.2889
...model saved to 15_exp/models/FloydWarshallDataset_tropical_0.0001_20000_20260220_112048_relu_best.pth...20260220_113322
At epoch 986, test loss = 8.2388
...model saved to 15_exp/models/FloydWarshallDataset_tropical_0.0001_20000_20260220_112048_relu_best.pth...20260220_113323
At epoch 987, test loss = 8.2316
...model saved to 15_exp/models/FloydWarshallDataset_tropical_0.0001_20000_20260220_112048_relu_best.pth...20260220_113323
At epoch 991, test loss = 8.1591
...model saved to 15_exp/models/FloydWarshallDataset_tropical_0.0001_20000_20260220_112048_relu_best.pth...20260220_113326
At epoch 992, test loss = 8.1420
...model saved to 15_exp/models/FloydWarshallDataset_tropical_0.0001_20000_20260220_112048_relu_best.pth...20260220_113327
At epoch 994, test loss = 8.1146
...model saved to 15_exp/models/FloydWarshallDataset_tropical_0.0001_20000_20260220_112048_relu_best.pth...20260220_113328
At epoch 995, test loss = 8.0975
...model saved to 15_exp/models/FloydWarshallDataset_tropical_0.0001_20000_20260220_112048_relu_best.pth...20260220_113329
At epoch 996, test loss = 8.0859
...model saved to 15_exp/models/FloydWarshallDataset_tropical_0.0001_20000_20260220_112048_relu_best.pth...20260220_113329
At epoch 997, test loss = 8.0676
...model saved to 15_exp/models/FloydWarshallDataset_tropical_0.0001_20000_20260220_112048_relu_best.pth...20260220_113330
At epoch 998, test loss = 8.0332
...model saved to 15_exp/models/FloydWarshallDataset_tropical_0.0001_20000_20260220_112048_relu_best.pth...20260220_113331
At epoch 999, test loss = 8.0328
...model saved to 15_exp/models/FloydWarshallDataset_tropical_0.0001_20000_20260220_112048_relu_best.pth...20260220_113332
At epoch 1001, test loss = 7.9592
...model saved to 15_exp/models/FloydWarshallDataset_tropical_0.0001_20000_20260220_112048_relu_best.pth...20260220_113333
At epoch 1002, test loss = 7.9453
...model saved to 15_exp/models/FloydWarshallDataset_tropical_0.0001_20000_20260220_112048_relu_best.pth...20260220_113334
At epoch 1003, test loss = 7.9289
...model saved to 15_exp/models/FloydWarshallDataset_tropical_0.0001_20000_20260220_112048_relu_best.pth...20260220_113334
At epoch 1004, test loss = 7.9135
...model saved to 15_exp/models/FloydWarshallDataset_tropical_0.0001_20000_20260220_112048_relu_best.pth...20260220_113335
At epoch 1006, test loss = 7.8905
...model saved to 15_exp/models/FloydWarshallDataset_tropical_0.0001_20000_20260220_112048_relu_best.pth...20260220_113336
At epoch 1007, test loss = 7.8779
...model saved to 15_exp/models/FloydWarshallDataset_tropical_0.0001_20000_20260220_112048_relu_best.pth...20260220_113337
At epoch 1008, test loss = 7.8612
...model saved to 15_exp/models/FloydWarshallDataset_tropical_0.0001_20000_20260220_112048_relu_best.pth...20260220_113338
At epoch 1009, test loss = 7.8438
...model saved to 15_exp/models/FloydWarshallDataset_tropical_0.0001_20000_20260220_112048_relu_best.pth...20260220_113338
At epoch 1010, test loss = 7.8244
...model saved to 15_exp/models/FloydWarshallDataset_tropical_0.0001_20000_20260220_112048_relu_best.pth...20260220_113339
At epoch 1011, test loss = 7.7819
...model saved to 15_exp/models/FloydWarshallDataset_tropical_0.0001_20000_20260220_112048_relu_best.pth...20260220_113340
At epoch 1013, test loss = 7.7731
...model saved to 15_exp/models/FloydWarshallDataset_tropical_0.0001_20000_20260220_112048_relu_best.pth...20260220_113341
At epoch 1014, test loss = 7.7538
...model saved to 15_exp/models/FloydWarshallDataset_tropical_0.0001_20000_20260220_112048_relu_best.pth...20260220_113342
At epoch 1015, test loss = 7.7424
...model saved to 15_exp/models/FloydWarshallDataset_tropical_0.0001_20000_20260220_112048_relu_best.pth...20260220_113343
At epoch 1016, test loss = 7.7423
...model saved to 15_exp/models/FloydWarshallDataset_tropical_0.0001_20000_20260220_112048_relu_best.pth...20260220_113343
At epoch 1017, test loss = 7.7094
...model saved to 15_exp/models/FloydWarshallDataset_tropical_0.0001_20000_20260220_112048_relu_best.pth...20260220_113344
At epoch 1018, test loss = 7.6705
...model saved to 15_exp/models/FloydWarshallDataset_tropical_0.0001_20000_20260220_112048_relu_best.pth...20260220_113345
At epoch 1020, test loss = 7.6611
...model saved to 15_exp/models/FloydWarshallDataset_tropical_0.0001_20000_20260220_112048_relu_best.pth...20260220_113346
At epoch 1021, test loss = 7.6239
...model saved to 15_exp/models/FloydWarshallDataset_tropical_0.0001_20000_20260220_112048_relu_best.pth...20260220_113347
At epoch 1023, test loss = 7.6130
...model saved to 15_exp/models/FloydWarshallDataset_tropical_0.0001_20000_20260220_112048_relu_best.pth...20260220_113348
At epoch 1024, test loss = 7.5738
...model saved to 15_exp/models/FloydWarshallDataset_tropical_0.0001_20000_20260220_112048_relu_best.pth...20260220_113349
At epoch 1025, test loss = 7.5548
...model saved to 15_exp/models/FloydWarshallDataset_tropical_0.0001_20000_20260220_112048_relu_best.pth...20260220_113349
At epoch 1026, test loss = 7.5413
...model saved to 15_exp/models/FloydWarshallDataset_tropical_0.0001_20000_20260220_112048_relu_best.pth...20260220_113350
At epoch 1027, test loss = 7.5039
...model saved to 15_exp/models/FloydWarshallDataset_tropical_0.0001_20000_20260220_112048_relu_best.pth...20260220_113351
At epoch 1029, test loss = 7.4906
...model saved to 15_exp/models/FloydWarshallDataset_tropical_0.0001_20000_20260220_112048_relu_best.pth...20260220_113352
At epoch 1030, test loss = 7.4827
...model saved to 15_exp/models/FloydWarshallDataset_tropical_0.0001_20000_20260220_112048_relu_best.pth...20260220_113353
At epoch 1031, test loss = 7.4661
...model saved to 15_exp/models/FloydWarshallDataset_tropical_0.0001_20000_20260220_112048_relu_best.pth...20260220_113353
At epoch 1032, test loss = 7.4616
...model saved to 15_exp/models/FloydWarshallDataset_tropical_0.0001_20000_20260220_112048_relu_best.pth...20260220_113354
At epoch 1033, test loss = 7.4332
...model saved to 15_exp/models/FloydWarshallDataset_tropical_0.0001_20000_20260220_112048_relu_best.pth...20260220_113355
At epoch 1034, test loss = 7.3972
...model saved to 15_exp/models/FloydWarshallDataset_tropical_0.0001_20000_20260220_112048_relu_best.pth...20260220_113356
At epoch 1037, test loss = 7.3906
...model saved to 15_exp/models/FloydWarshallDataset_tropical_0.0001_20000_20260220_112048_relu_best.pth...20260220_113358
At epoch 1038, test loss = 7.3655
...model saved to 15_exp/models/FloydWarshallDataset_tropical_0.0001_20000_20260220_112048_relu_best.pth...20260220_113358
At epoch 1040, test loss = 7.3111
...model saved to 15_exp/models/FloydWarshallDataset_tropical_0.0001_20000_20260220_112048_relu_best.pth...20260220_113400
At epoch 1042, test loss = 7.2803
...model saved to 15_exp/models/FloydWarshallDataset_tropical_0.0001_20000_20260220_112048_relu_best.pth...20260220_113401
At epoch 1044, test loss = 7.2604
...model saved to 15_exp/models/FloydWarshallDataset_tropical_0.0001_20000_20260220_112048_relu_best.pth...20260220_113402
At epoch 1046, test loss = 7.2435
...model saved to 15_exp/models/FloydWarshallDataset_tropical_0.0001_20000_20260220_112048_relu_best.pth...20260220_113404
At epoch 1048, test loss = 7.2425
...model saved to 15_exp/models/FloydWarshallDataset_tropical_0.0001_20000_20260220_112048_relu_best.pth...20260220_113405
At epoch 1049, test loss = 7.1864
...model saved to 15_exp/models/FloydWarshallDataset_tropical_0.0001_20000_20260220_112048_relu_best.pth...20260220_113406
At epoch 1050, test loss = 7.1820
...model saved to 15_exp/models/FloydWarshallDataset_tropical_0.0001_20000_20260220_112048_relu_best.pth...20260220_113406
At epoch 1051, test loss = 7.1670
...model saved to 15_exp/models/FloydWarshallDataset_tropical_0.0001_20000_20260220_112048_relu_best.pth...20260220_113407
At epoch 1052, test loss = 7.1617
...model saved to 15_exp/models/FloydWarshallDataset_tropical_0.0001_20000_20260220_112048_relu_best.pth...20260220_113408
At epoch 1053, test loss = 7.1498
...model saved to 15_exp/models/FloydWarshallDataset_tropical_0.0001_20000_20260220_112048_relu_best.pth...20260220_113408
At epoch 1054, test loss = 7.1242
...model saved to 15_exp/models/FloydWarshallDataset_tropical_0.0001_20000_20260220_112048_relu_best.pth...20260220_113409
At epoch 1055, test loss = 7.0887
...model saved to 15_exp/models/FloydWarshallDataset_tropical_0.0001_20000_20260220_112048_relu_best.pth...20260220_113410
At epoch 1056, test loss = 7.0836
...model saved to 15_exp/models/FloydWarshallDataset_tropical_0.0001_20000_20260220_112048_relu_best.pth...20260220_113411
At epoch 1058, test loss = 7.0509
...model saved to 15_exp/models/FloydWarshallDataset_tropical_0.0001_20000_20260220_112048_relu_best.pth...20260220_113412
At epoch 1060, test loss = 7.0313
...model saved to 15_exp/models/FloydWarshallDataset_tropical_0.0001_20000_20260220_112048_relu_best.pth...20260220_113413
At epoch 1061, test loss = 7.0103
...model saved to 15_exp/models/FloydWarshallDataset_tropical_0.0001_20000_20260220_112048_relu_best.pth...20260220_113414
At epoch 1064, test loss = 6.9587
...model saved to 15_exp/models/FloydWarshallDataset_tropical_0.0001_20000_20260220_112048_relu_best.pth...20260220_113416
At epoch 1065, test loss = 6.9529
...model saved to 15_exp/models/FloydWarshallDataset_tropical_0.0001_20000_20260220_112048_relu_best.pth...20260220_113417
At epoch 1066, test loss = 6.9506
...model saved to 15_exp/models/FloydWarshallDataset_tropical_0.0001_20000_20260220_112048_relu_best.pth...20260220_113417
At epoch 1067, test loss = 6.9284
...model saved to 15_exp/models/FloydWarshallDataset_tropical_0.0001_20000_20260220_112048_relu_best.pth...20260220_113418
At epoch 1068, test loss = 6.9178
...model saved to 15_exp/models/FloydWarshallDataset_tropical_0.0001_20000_20260220_112048_relu_best.pth...20260220_113419
At epoch 1070, test loss = 6.8697
...model saved to 15_exp/models/FloydWarshallDataset_tropical_0.0001_20000_20260220_112048_relu_best.pth...20260220_113420
At epoch 1072, test loss = 6.8361
...model saved to 15_exp/models/FloydWarshallDataset_tropical_0.0001_20000_20260220_112048_relu_best.pth...20260220_113421
At epoch 1073, test loss = 6.8356
...model saved to 15_exp/models/FloydWarshallDataset_tropical_0.0001_20000_20260220_112048_relu_best.pth...20260220_113422
At epoch 1076, test loss = 6.7956
...model saved to 15_exp/models/FloydWarshallDataset_tropical_0.0001_20000_20260220_112048_relu_best.pth...20260220_113424
At epoch 1077, test loss = 6.7839
...model saved to 15_exp/models/FloydWarshallDataset_tropical_0.0001_20000_20260220_112048_relu_best.pth...20260220_113425
At epoch 1078, test loss = 6.7784
...model saved to 15_exp/models/FloydWarshallDataset_tropical_0.0001_20000_20260220_112048_relu_best.pth...20260220_113425
At epoch 1079, test loss = 6.7712
...model saved to 15_exp/models/FloydWarshallDataset_tropical_0.0001_20000_20260220_112048_relu_best.pth...20260220_113426
At epoch 1080, test loss = 6.7658
...model saved to 15_exp/models/FloydWarshallDataset_tropical_0.0001_20000_20260220_112048_relu_best.pth...20260220_113427
At epoch 1081, test loss = 6.7291
...model saved to 15_exp/models/FloydWarshallDataset_tropical_0.0001_20000_20260220_112048_relu_best.pth...20260220_113428
At epoch 1082, test loss = 6.7093
...model saved to 15_exp/models/FloydWarshallDataset_tropical_0.0001_20000_20260220_112048_relu_best.pth...20260220_113428
At epoch 1083, test loss = 6.7080
...model saved to 15_exp/models/FloydWarshallDataset_tropical_0.0001_20000_20260220_112048_relu_best.pth...20260220_113429
At epoch 1084, test loss = 6.6959
...model saved to 15_exp/models/FloydWarshallDataset_tropical_0.0001_20000_20260220_112048_relu_best.pth...20260220_113430
At epoch 1085, test loss = 6.6713
...model saved to 15_exp/models/FloydWarshallDataset_tropical_0.0001_20000_20260220_112048_relu_best.pth...20260220_113431
At epoch 1086, test loss = 6.6434
...model saved to 15_exp/models/FloydWarshallDataset_tropical_0.0001_20000_20260220_112048_relu_best.pth...20260220_113431
At epoch 1087, test loss = 6.6386
...model saved to 15_exp/models/FloydWarshallDataset_tropical_0.0001_20000_20260220_112048_relu_best.pth...20260220_113432
At epoch 1088, test loss = 6.6255
...model saved to 15_exp/models/FloydWarshallDataset_tropical_0.0001_20000_20260220_112048_relu_best.pth...20260220_113433
At epoch 1090, test loss = 6.5892
...model saved to 15_exp/models/FloydWarshallDataset_tropical_0.0001_20000_20260220_112048_relu_best.pth...20260220_113434
At epoch 1092, test loss = 6.5668
...model saved to 15_exp/models/FloydWarshallDataset_tropical_0.0001_20000_20260220_112048_relu_best.pth...20260220_113436
At epoch 1093, test loss = 6.5631
...model saved to 15_exp/models/FloydWarshallDataset_tropical_0.0001_20000_20260220_112048_relu_best.pth...20260220_113437
At epoch 1094, test loss = 6.5212
...model saved to 15_exp/models/FloydWarshallDataset_tropical_0.0001_20000_20260220_112048_relu_best.pth...20260220_113437
At epoch 1096, test loss = 6.5108
...model saved to 15_exp/models/FloydWarshallDataset_tropical_0.0001_20000_20260220_112048_relu_best.pth...20260220_113439
At epoch 1098, test loss = 6.4987
...model saved to 15_exp/models/FloydWarshallDataset_tropical_0.0001_20000_20260220_112048_relu_best.pth...20260220_113440
At epoch 1099, test loss = 6.4719
...model saved to 15_exp/models/FloydWarshallDataset_tropical_0.0001_20000_20260220_112048_relu_best.pth...20260220_113441
At epoch 1101, test loss = 6.4524
...model saved to 15_exp/models/FloydWarshallDataset_tropical_0.0001_20000_20260220_112048_relu_best.pth...20260220_113442
At epoch 1102, test loss = 6.4235
...model saved to 15_exp/models/FloydWarshallDataset_tropical_0.0001_20000_20260220_112048_relu_best.pth...20260220_113443
At epoch 1105, test loss = 6.4224
...model saved to 15_exp/models/FloydWarshallDataset_tropical_0.0001_20000_20260220_112048_relu_best.pth...20260220_113445
At epoch 1106, test loss = 6.3746
...model saved to 15_exp/models/FloydWarshallDataset_tropical_0.0001_20000_20260220_112048_relu_best.pth...20260220_113446
At epoch 1108, test loss = 6.3699
...model saved to 15_exp/models/FloydWarshallDataset_tropical_0.0001_20000_20260220_112048_relu_best.pth...20260220_113448
At epoch 1109, test loss = 6.3482
...model saved to 15_exp/models/FloydWarshallDataset_tropical_0.0001_20000_20260220_112048_relu_best.pth...20260220_113448
At epoch 1110, test loss = 6.3403
...model saved to 15_exp/models/FloydWarshallDataset_tropical_0.0001_20000_20260220_112048_relu_best.pth...20260220_113449
At epoch 1112, test loss = 6.3008
...model saved to 15_exp/models/FloydWarshallDataset_tropical_0.0001_20000_20260220_112048_relu_best.pth...20260220_113450
At epoch 1114, test loss = 6.2883
...model saved to 15_exp/models/FloydWarshallDataset_tropical_0.0001_20000_20260220_112048_relu_best.pth...20260220_113452
At epoch 1115, test loss = 6.2700
...model saved to 15_exp/models/FloydWarshallDataset_tropical_0.0001_20000_20260220_112048_relu_best.pth...20260220_113453
At epoch 1117, test loss = 6.2476
...model saved to 15_exp/models/FloydWarshallDataset_tropical_0.0001_20000_20260220_112048_relu_best.pth...20260220_113454
At epoch 1118, test loss = 6.2422
...model saved to 15_exp/models/FloydWarshallDataset_tropical_0.0001_20000_20260220_112048_relu_best.pth...20260220_113455
At epoch 1120, test loss = 6.2162
...model saved to 15_exp/models/FloydWarshallDataset_tropical_0.0001_20000_20260220_112048_relu_best.pth...20260220_113456
At epoch 1121, test loss = 6.2161
...model saved to 15_exp/models/FloydWarshallDataset_tropical_0.0001_20000_20260220_112048_relu_best.pth...20260220_113457
At epoch 1122, test loss = 6.1809
...model saved to 15_exp/models/FloydWarshallDataset_tropical_0.0001_20000_20260220_112048_relu_best.pth...20260220_113458
At epoch 1124, test loss = 6.1454
...model saved to 15_exp/models/FloydWarshallDataset_tropical_0.0001_20000_20260220_112048_relu_best.pth...20260220_113459
At epoch 1129, test loss = 6.1202
...model saved to 15_exp/models/FloydWarshallDataset_tropical_0.0001_20000_20260220_112048_relu_best.pth...20260220_113503
At epoch 1130, test loss = 6.0751
...model saved to 15_exp/models/FloydWarshallDataset_tropical_0.0001_20000_20260220_112048_relu_best.pth...20260220_113504
At epoch 1134, test loss = 6.0504
...model saved to 15_exp/models/FloydWarshallDataset_tropical_0.0001_20000_20260220_112048_relu_best.pth...20260220_113506
At epoch 1136, test loss = 6.0161
...model saved to 15_exp/models/FloydWarshallDataset_tropical_0.0001_20000_20260220_112048_relu_best.pth...20260220_113508
At epoch 1140, test loss = 5.9977
...model saved to 15_exp/models/FloydWarshallDataset_tropical_0.0001_20000_20260220_112048_relu_best.pth...20260220_113510
At epoch 1141, test loss = 5.9960
...model saved to 15_exp/models/FloydWarshallDataset_tropical_0.0001_20000_20260220_112048_relu_best.pth...20260220_113511
At epoch 1142, test loss = 5.9870
...model saved to 15_exp/models/FloydWarshallDataset_tropical_0.0001_20000_20260220_112048_relu_best.pth...20260220_113512
At epoch 1143, test loss = 5.9641
...model saved to 15_exp/models/FloydWarshallDataset_tropical_0.0001_20000_20260220_112048_relu_best.pth...20260220_113513
At epoch 1145, test loss = 5.9400
...model saved to 15_exp/models/FloydWarshallDataset_tropical_0.0001_20000_20260220_112048_relu_best.pth...20260220_113514
At epoch 1147, test loss = 5.9172
...model saved to 15_exp/models/FloydWarshallDataset_tropical_0.0001_20000_20260220_112048_relu_best.pth...20260220_113515
At epoch 1148, test loss = 5.9109
...model saved to 15_exp/models/FloydWarshallDataset_tropical_0.0001_20000_20260220_112048_relu_best.pth...20260220_113516
At epoch 1149, test loss = 5.8891
...model saved to 15_exp/models/FloydWarshallDataset_tropical_0.0001_20000_20260220_112048_relu_best.pth...20260220_113517
At epoch 1150, test loss = 5.8686
...model saved to 15_exp/models/FloydWarshallDataset_tropical_0.0001_20000_20260220_112048_relu_best.pth...20260220_113517
At epoch 1152, test loss = 5.8624
...model saved to 15_exp/models/FloydWarshallDataset_tropical_0.0001_20000_20260220_112048_relu_best.pth...20260220_113519
At epoch 1155, test loss = 5.8474
...model saved to 15_exp/models/FloydWarshallDataset_tropical_0.0001_20000_20260220_112048_relu_best.pth...20260220_113521
At epoch 1157, test loss = 5.8128
...model saved to 15_exp/models/FloydWarshallDataset_tropical_0.0001_20000_20260220_112048_relu_best.pth...20260220_113522
At epoch 1159, test loss = 5.8001
...model saved to 15_exp/models/FloydWarshallDataset_tropical_0.0001_20000_20260220_112048_relu_best.pth...20260220_113524
At epoch 1160, test loss = 5.7958
...model saved to 15_exp/models/FloydWarshallDataset_tropical_0.0001_20000_20260220_112048_relu_best.pth...20260220_113524
At epoch 1161, test loss = 5.7894
...model saved to 15_exp/models/FloydWarshallDataset_tropical_0.0001_20000_20260220_112048_relu_best.pth...20260220_113525
At epoch 1162, test loss = 5.7841
...model saved to 15_exp/models/FloydWarshallDataset_tropical_0.0001_20000_20260220_112048_relu_best.pth...20260220_113526
At epoch 1164, test loss = 5.7338
...model saved to 15_exp/models/FloydWarshallDataset_tropical_0.0001_20000_20260220_112048_relu_best.pth...20260220_113527
At epoch 1167, test loss = 5.7337
...model saved to 15_exp/models/FloydWarshallDataset_tropical_0.0001_20000_20260220_112048_relu_best.pth...20260220_113529
At epoch 1168, test loss = 5.7077
...model saved to 15_exp/models/FloydWarshallDataset_tropical_0.0001_20000_20260220_112048_relu_best.pth...20260220_113530
At epoch 1170, test loss = 5.6913
...model saved to 15_exp/models/FloydWarshallDataset_tropical_0.0001_20000_20260220_112048_relu_best.pth...20260220_113531
At epoch 1172, test loss = 5.6852
...model saved to 15_exp/models/FloydWarshallDataset_tropical_0.0001_20000_20260220_112048_relu_best.pth...20260220_113532
At epoch 1173, test loss = 5.6711
...model saved to 15_exp/models/FloydWarshallDataset_tropical_0.0001_20000_20260220_112048_relu_best.pth...20260220_113533
At epoch 1175, test loss = 5.6535
...model saved to 15_exp/models/FloydWarshallDataset_tropical_0.0001_20000_20260220_112048_relu_best.pth...20260220_113534
At epoch 1177, test loss = 5.6155
...model saved to 15_exp/models/FloydWarshallDataset_tropical_0.0001_20000_20260220_112048_relu_best.pth...20260220_113536
At epoch 1181, test loss = 5.6144
...model saved to 15_exp/models/FloydWarshallDataset_tropical_0.0001_20000_20260220_112048_relu_best.pth...20260220_113538
At epoch 1182, test loss = 5.5826
...model saved to 15_exp/models/FloydWarshallDataset_tropical_0.0001_20000_20260220_112048_relu_best.pth...20260220_113539
At epoch 1184, test loss = 5.5655
...model saved to 15_exp/models/FloydWarshallDataset_tropical_0.0001_20000_20260220_112048_relu_best.pth...20260220_113541
At epoch 1186, test loss = 5.5420
...model saved to 15_exp/models/FloydWarshallDataset_tropical_0.0001_20000_20260220_112048_relu_best.pth...20260220_113542
At epoch 1188, test loss = 5.5209
...model saved to 15_exp/models/FloydWarshallDataset_tropical_0.0001_20000_20260220_112048_relu_best.pth...20260220_113543
At epoch 1191, test loss = 5.5086
...model saved to 15_exp/models/FloydWarshallDataset_tropical_0.0001_20000_20260220_112048_relu_best.pth...20260220_113545
At epoch 1193, test loss = 5.4817
...model saved to 15_exp/models/FloydWarshallDataset_tropical_0.0001_20000_20260220_112048_relu_best.pth...20260220_113547
At epoch 1196, test loss = 5.4624
...model saved to 15_exp/models/FloydWarshallDataset_tropical_0.0001_20000_20260220_112048_relu_best.pth...20260220_113549
At epoch 1197, test loss = 5.4384
...model saved to 15_exp/models/FloydWarshallDataset_tropical_0.0001_20000_20260220_112048_relu_best.pth...20260220_113549
At epoch 1201, test loss = 5.4085
...model saved to 15_exp/models/FloydWarshallDataset_tropical_0.0001_20000_20260220_112048_relu_best.pth...20260220_113552
At epoch 1203, test loss = 5.4002
...model saved to 15_exp/models/FloydWarshallDataset_tropical_0.0001_20000_20260220_112048_relu_best.pth...20260220_113554
At epoch 1204, test loss = 5.3949
...model saved to 15_exp/models/FloydWarshallDataset_tropical_0.0001_20000_20260220_112048_relu_best.pth...20260220_113555
At epoch 1206, test loss = 5.3713
...model saved to 15_exp/models/FloydWarshallDataset_tropical_0.0001_20000_20260220_112048_relu_best.pth...20260220_113556
At epoch 1209, test loss = 5.3594
...model saved to 15_exp/models/FloydWarshallDataset_tropical_0.0001_20000_20260220_112048_relu_best.pth...20260220_113559
At epoch 1210, test loss = 5.3376
...model saved to 15_exp/models/FloydWarshallDataset_tropical_0.0001_20000_20260220_112048_relu_best.pth...20260220_113559
At epoch 1214, test loss = 5.3106
...model saved to 15_exp/models/FloydWarshallDataset_tropical_0.0001_20000_20260220_112048_relu_best.pth...20260220_113602
At epoch 1215, test loss = 5.3098
...model saved to 15_exp/models/FloydWarshallDataset_tropical_0.0001_20000_20260220_112048_relu_best.pth...20260220_113603
At epoch 1217, test loss = 5.2793
...model saved to 15_exp/models/FloydWarshallDataset_tropical_0.0001_20000_20260220_112048_relu_best.pth...20260220_113605
At epoch 1218, test loss = 5.2723
...model saved to 15_exp/models/FloydWarshallDataset_tropical_0.0001_20000_20260220_112048_relu_best.pth...20260220_113606
At epoch 1220, test loss = 5.2574
...model saved to 15_exp/models/FloydWarshallDataset_tropical_0.0001_20000_20260220_112048_relu_best.pth...20260220_113608
At epoch 1221, test loss = 5.2439
...model saved to 15_exp/models/FloydWarshallDataset_tropical_0.0001_20000_20260220_112048_relu_best.pth...20260220_113609
At epoch 1223, test loss = 5.2430
...model saved to 15_exp/models/FloydWarshallDataset_tropical_0.0001_20000_20260220_112048_relu_best.pth...20260220_113610
At epoch 1224, test loss = 5.2413
...model saved to 15_exp/models/FloydWarshallDataset_tropical_0.0001_20000_20260220_112048_relu_best.pth...20260220_113611
At epoch 1226, test loss = 5.2395
...model saved to 15_exp/models/FloydWarshallDataset_tropical_0.0001_20000_20260220_112048_relu_best.pth...20260220_113613
At epoch 1227, test loss = 5.2335
...model saved to 15_exp/models/FloydWarshallDataset_tropical_0.0001_20000_20260220_112048_relu_best.pth...20260220_113614
At epoch 1228, test loss = 5.2164
...model saved to 15_exp/models/FloydWarshallDataset_tropical_0.0001_20000_20260220_112048_relu_best.pth...20260220_113615
At epoch 1229, test loss = 5.2038
...model saved to 15_exp/models/FloydWarshallDataset_tropical_0.0001_20000_20260220_112048_relu_best.pth...20260220_113616
At epoch 1230, test loss = 5.1999
...model saved to 15_exp/models/FloydWarshallDataset_tropical_0.0001_20000_20260220_112048_relu_best.pth...20260220_113617
At epoch 1231, test loss = 5.1841
...model saved to 15_exp/models/FloydWarshallDataset_tropical_0.0001_20000_20260220_112048_relu_best.pth...20260220_113617
At epoch 1234, test loss = 5.1493
...model saved to 15_exp/models/FloydWarshallDataset_tropical_0.0001_20000_20260220_112048_relu_best.pth...20260220_113620
At epoch 1235, test loss = 5.1402
...model saved to 15_exp/models/FloydWarshallDataset_tropical_0.0001_20000_20260220_112048_relu_best.pth...20260220_113621
At epoch 1239, test loss = 5.1275
...model saved to 15_exp/models/FloydWarshallDataset_tropical_0.0001_20000_20260220_112048_relu_best.pth...20260220_113624
At epoch 1240, test loss = 5.1168
...model saved to 15_exp/models/FloydWarshallDataset_tropical_0.0001_20000_20260220_112048_relu_best.pth...20260220_113625
At epoch 1241, test loss = 5.1058
...model saved to 15_exp/models/FloydWarshallDataset_tropical_0.0001_20000_20260220_112048_relu_best.pth...20260220_113626
At epoch 1243, test loss = 5.0997
...model saved to 15_exp/models/FloydWarshallDataset_tropical_0.0001_20000_20260220_112048_relu_best.pth...20260220_113627
At epoch 1244, test loss = 5.0796
...model saved to 15_exp/models/FloydWarshallDataset_tropical_0.0001_20000_20260220_112048_relu_best.pth...20260220_113628
At epoch 1245, test loss = 5.0776
...model saved to 15_exp/models/FloydWarshallDataset_tropical_0.0001_20000_20260220_112048_relu_best.pth...20260220_113629
At epoch 1247, test loss = 5.0497
...model saved to 15_exp/models/FloydWarshallDataset_tropical_0.0001_20000_20260220_112048_relu_best.pth...20260220_113630
At epoch 1251, test loss = 5.0142
...model saved to 15_exp/models/FloydWarshallDataset_tropical_0.0001_20000_20260220_112048_relu_best.pth...20260220_113633
At epoch 1256, test loss = 4.9961
...model saved to 15_exp/models/FloydWarshallDataset_tropical_0.0001_20000_20260220_112048_relu_best.pth...20260220_113638
At epoch 1257, test loss = 4.9855
...model saved to 15_exp/models/FloydWarshallDataset_tropical_0.0001_20000_20260220_112048_relu_best.pth...20260220_113639
At epoch 1259, test loss = 4.9793
...model saved to 15_exp/models/FloydWarshallDataset_tropical_0.0001_20000_20260220_112048_relu_best.pth...20260220_113640
At epoch 1260, test loss = 4.9744
...model saved to 15_exp/models/FloydWarshallDataset_tropical_0.0001_20000_20260220_112048_relu_best.pth...20260220_113641
At epoch 1261, test loss = 4.9672
...model saved to 15_exp/models/FloydWarshallDataset_tropical_0.0001_20000_20260220_112048_relu_best.pth...20260220_113642
At epoch 1262, test loss = 4.9576
...model saved to 15_exp/models/FloydWarshallDataset_tropical_0.0001_20000_20260220_112048_relu_best.pth...20260220_113643
At epoch 1263, test loss = 4.9554
...model saved to 15_exp/models/FloydWarshallDataset_tropical_0.0001_20000_20260220_112048_relu_best.pth...20260220_113643
At epoch 1265, test loss = 4.9477
...model saved to 15_exp/models/FloydWarshallDataset_tropical_0.0001_20000_20260220_112048_relu_best.pth...20260220_113645
At epoch 1266, test loss = 4.9316
...model saved to 15_exp/models/FloydWarshallDataset_tropical_0.0001_20000_20260220_112048_relu_best.pth...20260220_113646
At epoch 1268, test loss = 4.9073
...model saved to 15_exp/models/FloydWarshallDataset_tropical_0.0001_20000_20260220_112048_relu_best.pth...20260220_113647
At epoch 1269, test loss = 4.9061
...model saved to 15_exp/models/FloydWarshallDataset_tropical_0.0001_20000_20260220_112048_relu_best.pth...20260220_113648
At epoch 1273, test loss = 4.8849
...model saved to 15_exp/models/FloydWarshallDataset_tropical_0.0001_20000_20260220_112048_relu_best.pth...20260220_113651
At epoch 1276, test loss = 4.8627
...model saved to 15_exp/models/FloydWarshallDataset_tropical_0.0001_20000_20260220_112048_relu_best.pth...20260220_113654
At epoch 1277, test loss = 4.8593
...model saved to 15_exp/models/FloydWarshallDataset_tropical_0.0001_20000_20260220_112048_relu_best.pth...20260220_113654
At epoch 1279, test loss = 4.8519
...model saved to 15_exp/models/FloydWarshallDataset_tropical_0.0001_20000_20260220_112048_relu_best.pth...20260220_113656
At epoch 1280, test loss = 4.8361
...model saved to 15_exp/models/FloydWarshallDataset_tropical_0.0001_20000_20260220_112048_relu_best.pth...20260220_113657
At epoch 1283, test loss = 4.8249
...model saved to 15_exp/models/FloydWarshallDataset_tropical_0.0001_20000_20260220_112048_relu_best.pth...20260220_113659
At epoch 1284, test loss = 4.8088
...model saved to 15_exp/models/FloydWarshallDataset_tropical_0.0001_20000_20260220_112048_relu_best.pth...20260220_113700
At epoch 1285, test loss = 4.7953
...model saved to 15_exp/models/FloydWarshallDataset_tropical_0.0001_20000_20260220_112048_relu_best.pth...20260220_113701
At epoch 1286, test loss = 4.7936
...model saved to 15_exp/models/FloydWarshallDataset_tropical_0.0001_20000_20260220_112048_relu_best.pth...20260220_113702
At epoch 1287, test loss = 4.7911
...model saved to 15_exp/models/FloydWarshallDataset_tropical_0.0001_20000_20260220_112048_relu_best.pth...20260220_113702
At epoch 1290, test loss = 4.7846
...model saved to 15_exp/models/FloydWarshallDataset_tropical_0.0001_20000_20260220_112048_relu_best.pth...20260220_113705
At epoch 1292, test loss = 4.7718
...model saved to 15_exp/models/FloydWarshallDataset_tropical_0.0001_20000_20260220_112048_relu_best.pth...20260220_113706
At epoch 1293, test loss = 4.7603
...model saved to 15_exp/models/FloydWarshallDataset_tropical_0.0001_20000_20260220_112048_relu_best.pth...20260220_113707
At epoch 1294, test loss = 4.7477
...model saved to 15_exp/models/FloydWarshallDataset_tropical_0.0001_20000_20260220_112048_relu_best.pth...20260220_113708
At epoch 1298, test loss = 4.7209
...model saved to 15_exp/models/FloydWarshallDataset_tropical_0.0001_20000_20260220_112048_relu_best.pth...20260220_113711
At epoch 1299, test loss = 4.7030
...model saved to 15_exp/models/FloydWarshallDataset_tropical_0.0001_20000_20260220_112048_relu_best.pth...20260220_113711
At epoch 1301, test loss = 4.7025
...model saved to 15_exp/models/FloydWarshallDataset_tropical_0.0001_20000_20260220_112048_relu_best.pth...20260220_113713
At epoch 1305, test loss = 4.6813
...model saved to 15_exp/models/FloydWarshallDataset_tropical_0.0001_20000_20260220_112048_relu_best.pth...20260220_113716
At epoch 1306, test loss = 4.6740
...model saved to 15_exp/models/FloydWarshallDataset_tropical_0.0001_20000_20260220_112048_relu_best.pth...20260220_113717
At epoch 1308, test loss = 4.6625
...model saved to 15_exp/models/FloydWarshallDataset_tropical_0.0001_20000_20260220_112048_relu_best.pth...20260220_113719
At epoch 1310, test loss = 4.6591
...model saved to 15_exp/models/FloydWarshallDataset_tropical_0.0001_20000_20260220_112048_relu_best.pth...20260220_113720
At epoch 1312, test loss = 4.6284
...model saved to 15_exp/models/FloydWarshallDataset_tropical_0.0001_20000_20260220_112048_relu_best.pth...20260220_113722
At epoch 1315, test loss = 4.6266
...model saved to 15_exp/models/FloydWarshallDataset_tropical_0.0001_20000_20260220_112048_relu_best.pth...20260220_113724
At epoch 1316, test loss = 4.6069
...model saved to 15_exp/models/FloydWarshallDataset_tropical_0.0001_20000_20260220_112048_relu_best.pth...20260220_113725
At epoch 1319, test loss = 4.5993
...model saved to 15_exp/models/FloydWarshallDataset_tropical_0.0001_20000_20260220_112048_relu_best.pth...20260220_113727
At epoch 1320, test loss = 4.5810
...model saved to 15_exp/models/FloydWarshallDataset_tropical_0.0001_20000_20260220_112048_relu_best.pth...20260220_113728
At epoch 1323, test loss = 4.5732
...model saved to 15_exp/models/FloydWarshallDataset_tropical_0.0001_20000_20260220_112048_relu_best.pth...20260220_113730
At epoch 1325, test loss = 4.5715
...model saved to 15_exp/models/FloydWarshallDataset_tropical_0.0001_20000_20260220_112048_relu_best.pth...20260220_113732
At epoch 1326, test loss = 4.5558
...model saved to 15_exp/models/FloydWarshallDataset_tropical_0.0001_20000_20260220_112048_relu_best.pth...20260220_113733
At epoch 1328, test loss = 4.5534
...model saved to 15_exp/models/FloydWarshallDataset_tropical_0.0001_20000_20260220_112048_relu_best.pth...20260220_113734
At epoch 1330, test loss = 4.5530
...model saved to 15_exp/models/FloydWarshallDataset_tropical_0.0001_20000_20260220_112048_relu_best.pth...20260220_113736
At epoch 1331, test loss = 4.5358
...model saved to 15_exp/models/FloydWarshallDataset_tropical_0.0001_20000_20260220_112048_relu_best.pth...20260220_113737
At epoch 1333, test loss = 4.5251
...model saved to 15_exp/models/FloydWarshallDataset_tropical_0.0001_20000_20260220_112048_relu_best.pth...20260220_113738
At epoch 1334, test loss = 4.5139
...model saved to 15_exp/models/FloydWarshallDataset_tropical_0.0001_20000_20260220_112048_relu_best.pth...20260220_113739
At epoch 1336, test loss = 4.5007
...model saved to 15_exp/models/FloydWarshallDataset_tropical_0.0001_20000_20260220_112048_relu_best.pth...20260220_113741
At epoch 1339, test loss = 4.4767
...model saved to 15_exp/models/FloydWarshallDataset_tropical_0.0001_20000_20260220_112048_relu_best.pth...20260220_113743
At epoch 1342, test loss = 4.4748
...model saved to 15_exp/models/FloydWarshallDataset_tropical_0.0001_20000_20260220_112048_relu_best.pth...20260220_113745
At epoch 1343, test loss = 4.4624
...model saved to 15_exp/models/FloydWarshallDataset_tropical_0.0001_20000_20260220_112048_relu_best.pth...20260220_113746
At epoch 1348, test loss = 4.4537
...model saved to 15_exp/models/FloydWarshallDataset_tropical_0.0001_20000_20260220_112048_relu_best.pth...20260220_113749
At epoch 1349, test loss = 4.4376
...model saved to 15_exp/models/FloydWarshallDataset_tropical_0.0001_20000_20260220_112048_relu_best.pth...20260220_113750
At epoch 1351, test loss = 4.4264
...model saved to 15_exp/models/FloydWarshallDataset_tropical_0.0001_20000_20260220_112048_relu_best.pth...20260220_113751
At epoch 1353, test loss = 4.4058
...model saved to 15_exp/models/FloydWarshallDataset_tropical_0.0001_20000_20260220_112048_relu_best.pth...20260220_113753
At epoch 1354, test loss = 4.4055
...model saved to 15_exp/models/FloydWarshallDataset_tropical_0.0001_20000_20260220_112048_relu_best.pth...20260220_113754
At epoch 1359, test loss = 4.3946
...model saved to 15_exp/models/FloydWarshallDataset_tropical_0.0001_20000_20260220_112048_relu_best.pth...20260220_113757
At epoch 1361, test loss = 4.3809
...model saved to 15_exp/models/FloydWarshallDataset_tropical_0.0001_20000_20260220_112048_relu_best.pth...20260220_113758
At epoch 1362, test loss = 4.3769
...model saved to 15_exp/models/FloydWarshallDataset_tropical_0.0001_20000_20260220_112048_relu_best.pth...20260220_113759
At epoch 1363, test loss = 4.3720
...model saved to 15_exp/models/FloydWarshallDataset_tropical_0.0001_20000_20260220_112048_relu_best.pth...20260220_113800
At epoch 1364, test loss = 4.3623
...model saved to 15_exp/models/FloydWarshallDataset_tropical_0.0001_20000_20260220_112048_relu_best.pth...20260220_113800
At epoch 1365, test loss = 4.3501
...model saved to 15_exp/models/FloydWarshallDataset_tropical_0.0001_20000_20260220_112048_relu_best.pth...20260220_113801
At epoch 1368, test loss = 4.3468
...model saved to 15_exp/models/FloydWarshallDataset_tropical_0.0001_20000_20260220_112048_relu_best.pth...20260220_113803
At epoch 1369, test loss = 4.3432
...model saved to 15_exp/models/FloydWarshallDataset_tropical_0.0001_20000_20260220_112048_relu_best.pth...20260220_113804
At epoch 1370, test loss = 4.3428
...model saved to 15_exp/models/FloydWarshallDataset_tropical_0.0001_20000_20260220_112048_relu_best.pth...20260220_113805
At epoch 1371, test loss = 4.3426
...model saved to 15_exp/models/FloydWarshallDataset_tropical_0.0001_20000_20260220_112048_relu_best.pth...20260220_113805
At epoch 1373, test loss = 4.3210
...model saved to 15_exp/models/FloydWarshallDataset_tropical_0.0001_20000_20260220_112048_relu_best.pth...20260220_113807
At epoch 1374, test loss = 4.3191
...model saved to 15_exp/models/FloydWarshallDataset_tropical_0.0001_20000_20260220_112048_relu_best.pth...20260220_113807
At epoch 1376, test loss = 4.3181
...model saved to 15_exp/models/FloydWarshallDataset_tropical_0.0001_20000_20260220_112048_relu_best.pth...20260220_113809
At epoch 1377, test loss = 4.3146
...model saved to 15_exp/models/FloydWarshallDataset_tropical_0.0001_20000_20260220_112048_relu_best.pth...20260220_113809
At epoch 1380, test loss = 4.3039
...model saved to 15_exp/models/FloydWarshallDataset_tropical_0.0001_20000_20260220_112048_relu_best.pth...20260220_113811
At epoch 1381, test loss = 4.2877
...model saved to 15_exp/models/FloydWarshallDataset_tropical_0.0001_20000_20260220_112048_relu_best.pth...20260220_113812
At epoch 1384, test loss = 4.2726
...model saved to 15_exp/models/FloydWarshallDataset_tropical_0.0001_20000_20260220_112048_relu_best.pth...20260220_113814
At epoch 1385, test loss = 4.2697
...model saved to 15_exp/models/FloydWarshallDataset_tropical_0.0001_20000_20260220_112048_relu_best.pth...20260220_113815
At epoch 1386, test loss = 4.2603
...model saved to 15_exp/models/FloydWarshallDataset_tropical_0.0001_20000_20260220_112048_relu_best.pth...20260220_113815
At epoch 1388, test loss = 4.2550
...model saved to 15_exp/models/FloydWarshallDataset_tropical_0.0001_20000_20260220_112048_relu_best.pth...20260220_113817
At epoch 1390, test loss = 4.2475
...model saved to 15_exp/models/FloydWarshallDataset_tropical_0.0001_20000_20260220_112048_relu_best.pth...20260220_113818
At epoch 1393, test loss = 4.2312
...model saved to 15_exp/models/FloydWarshallDataset_tropical_0.0001_20000_20260220_112048_relu_best.pth...20260220_113820
At epoch 1395, test loss = 4.2233
...model saved to 15_exp/models/FloydWarshallDataset_tropical_0.0001_20000_20260220_112048_relu_best.pth...20260220_113821
At epoch 1398, test loss = 4.2185
...model saved to 15_exp/models/FloydWarshallDataset_tropical_0.0001_20000_20260220_112048_relu_best.pth...20260220_113824
At epoch 1402, test loss = 4.2082
...model saved to 15_exp/models/FloydWarshallDataset_tropical_0.0001_20000_20260220_112048_relu_best.pth...20260220_113826
At epoch 1403, test loss = 4.2066
...model saved to 15_exp/models/FloydWarshallDataset_tropical_0.0001_20000_20260220_112048_relu_best.pth...20260220_113827
At epoch 1404, test loss = 4.1995
...model saved to 15_exp/models/FloydWarshallDataset_tropical_0.0001_20000_20260220_112048_relu_best.pth...20260220_113828
At epoch 1405, test loss = 4.1864
...model saved to 15_exp/models/FloydWarshallDataset_tropical_0.0001_20000_20260220_112048_relu_best.pth...20260220_113828
At epoch 1409, test loss = 4.1744
...model saved to 15_exp/models/FloydWarshallDataset_tropical_0.0001_20000_20260220_112048_relu_best.pth...20260220_113831
At epoch 1413, test loss = 4.1555
...model saved to 15_exp/models/FloydWarshallDataset_tropical_0.0001_20000_20260220_112048_relu_best.pth...20260220_113834
At epoch 1415, test loss = 4.1448
...model saved to 15_exp/models/FloydWarshallDataset_tropical_0.0001_20000_20260220_112048_relu_best.pth...20260220_113835
At epoch 1416, test loss = 4.1217
...model saved to 15_exp/models/FloydWarshallDataset_tropical_0.0001_20000_20260220_112048_relu_best.pth...20260220_113836
At epoch 1429, test loss = 4.0808
...model saved to 15_exp/models/FloydWarshallDataset_tropical_0.0001_20000_20260220_112048_relu_best.pth...20260220_113844
At epoch 1433, test loss = 4.0794
...model saved to 15_exp/models/FloydWarshallDataset_tropical_0.0001_20000_20260220_112048_relu_best.pth...20260220_113847
At epoch 1435, test loss = 4.0780
...model saved to 15_exp/models/FloydWarshallDataset_tropical_0.0001_20000_20260220_112048_relu_best.pth...20260220_113848
At epoch 1438, test loss = 4.0578
...model saved to 15_exp/models/FloydWarshallDataset_tropical_0.0001_20000_20260220_112048_relu_best.pth...20260220_113850
At epoch 1441, test loss = 4.0508
...model saved to 15_exp/models/FloydWarshallDataset_tropical_0.0001_20000_20260220_112048_relu_best.pth...20260220_113852
At epoch 1442, test loss = 4.0415
...model saved to 15_exp/models/FloydWarshallDataset_tropical_0.0001_20000_20260220_112048_relu_best.pth...20260220_113853
At epoch 1445, test loss = 4.0279
...model saved to 15_exp/models/FloydWarshallDataset_tropical_0.0001_20000_20260220_112048_relu_best.pth...20260220_113855
At epoch 1448, test loss = 4.0278
...model saved to 15_exp/models/FloydWarshallDataset_tropical_0.0001_20000_20260220_112048_relu_best.pth...20260220_113857
At epoch 1450, test loss = 4.0203
...model saved to 15_exp/models/FloydWarshallDataset_tropical_0.0001_20000_20260220_112048_relu_best.pth...20260220_113858
At epoch 1451, test loss = 4.0111
...model saved to 15_exp/models/FloydWarshallDataset_tropical_0.0001_20000_20260220_112048_relu_best.pth...20260220_113859
At epoch 1452, test loss = 4.0047
...model saved to 15_exp/models/FloydWarshallDataset_tropical_0.0001_20000_20260220_112048_relu_best.pth...20260220_113900
At epoch 1455, test loss = 4.0029
...model saved to 15_exp/models/FloydWarshallDataset_tropical_0.0001_20000_20260220_112048_relu_best.pth...20260220_113902
At epoch 1456, test loss = 3.9972
...model saved to 15_exp/models/FloydWarshallDataset_tropical_0.0001_20000_20260220_112048_relu_best.pth...20260220_113902
At epoch 1458, test loss = 3.9842
...model saved to 15_exp/models/FloydWarshallDataset_tropical_0.0001_20000_20260220_112048_relu_best.pth...20260220_113904
At epoch 1460, test loss = 3.9782
...model saved to 15_exp/models/FloydWarshallDataset_tropical_0.0001_20000_20260220_112048_relu_best.pth...20260220_113905
At epoch 1462, test loss = 3.9715
...model saved to 15_exp/models/FloydWarshallDataset_tropical_0.0001_20000_20260220_112048_relu_best.pth...20260220_113906
At epoch 1464, test loss = 3.9695
...model saved to 15_exp/models/FloydWarshallDataset_tropical_0.0001_20000_20260220_112048_relu_best.pth...20260220_113908
At epoch 1466, test loss = 3.9474
...model saved to 15_exp/models/FloydWarshallDataset_tropical_0.0001_20000_20260220_112048_relu_best.pth...20260220_113909
At epoch 1474, test loss = 3.9473
...model saved to 15_exp/models/FloydWarshallDataset_tropical_0.0001_20000_20260220_112048_relu_best.pth...20260220_113914
At epoch 1475, test loss = 3.9338
...model saved to 15_exp/models/FloydWarshallDataset_tropical_0.0001_20000_20260220_112048_relu_best.pth...20260220_113915
At epoch 1476, test loss = 3.9317
...model saved to 15_exp/models/FloydWarshallDataset_tropical_0.0001_20000_20260220_112048_relu_best.pth...20260220_113916
At epoch 1478, test loss = 3.9226
...model saved to 15_exp/models/FloydWarshallDataset_tropical_0.0001_20000_20260220_112048_relu_best.pth...20260220_113917
At epoch 1480, test loss = 3.9163
...model saved to 15_exp/models/FloydWarshallDataset_tropical_0.0001_20000_20260220_112048_relu_best.pth...20260220_113918
At epoch 1482, test loss = 3.9080
...model saved to 15_exp/models/FloydWarshallDataset_tropical_0.0001_20000_20260220_112048_relu_best.pth...20260220_113920
At epoch 1485, test loss = 3.9032
...model saved to 15_exp/models/FloydWarshallDataset_tropical_0.0001_20000_20260220_112048_relu_best.pth...20260220_113922
At epoch 1487, test loss = 3.8937
...model saved to 15_exp/models/FloydWarshallDataset_tropical_0.0001_20000_20260220_112048_relu_best.pth...20260220_113923
At epoch 1491, test loss = 3.8748
...model saved to 15_exp/models/FloydWarshallDataset_tropical_0.0001_20000_20260220_112048_relu_best.pth...20260220_113926
At epoch 1496, test loss = 3.8659
...model saved to 15_exp/models/FloydWarshallDataset_tropical_0.0001_20000_20260220_112048_relu_best.pth...20260220_113929
At epoch 1498, test loss = 3.8471
...model saved to 15_exp/models/FloydWarshallDataset_tropical_0.0001_20000_20260220_112048_relu_best.pth...20260220_113930
At epoch 1503, test loss = 3.8356
...model saved to 15_exp/models/FloydWarshallDataset_tropical_0.0001_20000_20260220_112048_relu_best.pth...20260220_113934
At epoch 1511, test loss = 3.8248
...model saved to 15_exp/models/FloydWarshallDataset_tropical_0.0001_20000_20260220_112048_relu_best.pth...20260220_113939
At epoch 1514, test loss = 3.8239
...model saved to 15_exp/models/FloydWarshallDataset_tropical_0.0001_20000_20260220_112048_relu_best.pth...20260220_113941
At epoch 1516, test loss = 3.8089
...model saved to 15_exp/models/FloydWarshallDataset_tropical_0.0001_20000_20260220_112048_relu_best.pth...20260220_113942
At epoch 1518, test loss = 3.7952
...model saved to 15_exp/models/FloydWarshallDataset_tropical_0.0001_20000_20260220_112048_relu_best.pth...20260220_113944
At epoch 1520, test loss = 3.7934
...model saved to 15_exp/models/FloydWarshallDataset_tropical_0.0001_20000_20260220_112048_relu_best.pth...20260220_113945
At epoch 1523, test loss = 3.7742
...model saved to 15_exp/models/FloydWarshallDataset_tropical_0.0001_20000_20260220_112048_relu_best.pth...20260220_113947
At epoch 1530, test loss = 3.7604
...model saved to 15_exp/models/FloydWarshallDataset_tropical_0.0001_20000_20260220_112048_relu_best.pth...20260220_113952
At epoch 1534, test loss = 3.7533
...model saved to 15_exp/models/FloydWarshallDataset_tropical_0.0001_20000_20260220_112048_relu_best.pth...20260220_113954
At epoch 1535, test loss = 3.7475
...model saved to 15_exp/models/FloydWarshallDataset_tropical_0.0001_20000_20260220_112048_relu_best.pth...20260220_113955
At epoch 1539, test loss = 3.7465
...model saved to 15_exp/models/FloydWarshallDataset_tropical_0.0001_20000_20260220_112048_relu_best.pth...20260220_113958
At epoch 1542, test loss = 3.7461
...model saved to 15_exp/models/FloydWarshallDataset_tropical_0.0001_20000_20260220_112048_relu_best.pth...20260220_114000
At epoch 1543, test loss = 3.7253
...model saved to 15_exp/models/FloydWarshallDataset_tropical_0.0001_20000_20260220_112048_relu_best.pth...20260220_114000
At epoch 1545, test loss = 3.7157
...model saved to 15_exp/models/FloydWarshallDataset_tropical_0.0001_20000_20260220_112048_relu_best.pth...20260220_114002
At epoch 1551, test loss = 3.7007
...model saved to 15_exp/models/FloydWarshallDataset_tropical_0.0001_20000_20260220_112048_relu_best.pth...20260220_114006
At epoch 1553, test loss = 3.6946
...model saved to 15_exp/models/FloydWarshallDataset_tropical_0.0001_20000_20260220_112048_relu_best.pth...20260220_114007
At epoch 1554, test loss = 3.6898
...model saved to 15_exp/models/FloydWarshallDataset_tropical_0.0001_20000_20260220_112048_relu_best.pth...20260220_114008
At epoch 1560, test loss = 3.6750
...model saved to 15_exp/models/FloydWarshallDataset_tropical_0.0001_20000_20260220_112048_relu_best.pth...20260220_114012
At epoch 1567, test loss = 3.6704
...model saved to 15_exp/models/FloydWarshallDataset_tropical_0.0001_20000_20260220_112048_relu_best.pth...20260220_114016
At epoch 1569, test loss = 3.6589
...model saved to 15_exp/models/FloydWarshallDataset_tropical_0.0001_20000_20260220_112048_relu_best.pth...20260220_114018
At epoch 1572, test loss = 3.6491
...model saved to 15_exp/models/FloydWarshallDataset_tropical_0.0001_20000_20260220_112048_relu_best.pth...20260220_114020
At epoch 1574, test loss = 3.6444
...model saved to 15_exp/models/FloydWarshallDataset_tropical_0.0001_20000_20260220_112048_relu_best.pth...20260220_114021
At epoch 1579, test loss = 3.6351
...model saved to 15_exp/models/FloydWarshallDataset_tropical_0.0001_20000_20260220_112048_relu_best.pth...20260220_114025
At epoch 1581, test loss = 3.6257
...model saved to 15_exp/models/FloydWarshallDataset_tropical_0.0001_20000_20260220_112048_relu_best.pth...20260220_114026
At epoch 1582, test loss = 3.6195
...model saved to 15_exp/models/FloydWarshallDataset_tropical_0.0001_20000_20260220_112048_relu_best.pth...20260220_114027
At epoch 1585, test loss = 3.6182
...model saved to 15_exp/models/FloydWarshallDataset_tropical_0.0001_20000_20260220_112048_relu_best.pth...20260220_114029
At epoch 1589, test loss = 3.6098
...model saved to 15_exp/models/FloydWarshallDataset_tropical_0.0001_20000_20260220_112048_relu_best.pth...20260220_114031
At epoch 1593, test loss = 3.5992
...model saved to 15_exp/models/FloydWarshallDataset_tropical_0.0001_20000_20260220_112048_relu_best.pth...20260220_114034
At epoch 1594, test loss = 3.5896
...model saved to 15_exp/models/FloydWarshallDataset_tropical_0.0001_20000_20260220_112048_relu_best.pth...20260220_114034
At epoch 1600, test loss = 3.5745
...model saved to 15_exp/models/FloydWarshallDataset_tropical_0.0001_20000_20260220_112048_relu_best.pth...20260220_114039
At epoch 1606, test loss = 3.5543
...model saved to 15_exp/models/FloydWarshallDataset_tropical_0.0001_20000_20260220_112048_relu_best.pth...20260220_114043
At epoch 1610, test loss = 3.5539
...model saved to 15_exp/models/FloydWarshallDataset_tropical_0.0001_20000_20260220_112048_relu_best.pth...20260220_114045
At epoch 1611, test loss = 3.5490
...model saved to 15_exp/models/FloydWarshallDataset_tropical_0.0001_20000_20260220_112048_relu_best.pth...20260220_114046
At epoch 1615, test loss = 3.5361
...model saved to 15_exp/models/FloydWarshallDataset_tropical_0.0001_20000_20260220_112048_relu_best.pth...20260220_114048
At epoch 1622, test loss = 3.5326
...model saved to 15_exp/models/FloydWarshallDataset_tropical_0.0001_20000_20260220_112048_relu_best.pth...20260220_114053
At epoch 1626, test loss = 3.5174
...model saved to 15_exp/models/FloydWarshallDataset_tropical_0.0001_20000_20260220_112048_relu_best.pth...20260220_114056
At epoch 1627, test loss = 3.5167
...model saved to 15_exp/models/FloydWarshallDataset_tropical_0.0001_20000_20260220_112048_relu_best.pth...20260220_114057
At epoch 1629, test loss = 3.5043
...model saved to 15_exp/models/FloydWarshallDataset_tropical_0.0001_20000_20260220_112048_relu_best.pth...20260220_114058
At epoch 1636, test loss = 3.4972
...model saved to 15_exp/models/FloydWarshallDataset_tropical_0.0001_20000_20260220_112048_relu_best.pth...20260220_114102
At epoch 1639, test loss = 3.4880
...model saved to 15_exp/models/FloydWarshallDataset_tropical_0.0001_20000_20260220_112048_relu_best.pth...20260220_114104
At epoch 1644, test loss = 3.4858
...model saved to 15_exp/models/FloydWarshallDataset_tropical_0.0001_20000_20260220_112048_relu_best.pth...20260220_114108
At epoch 1648, test loss = 3.4690
...model saved to 15_exp/models/FloydWarshallDataset_tropical_0.0001_20000_20260220_112048_relu_best.pth...20260220_114110
At epoch 1649, test loss = 3.4683
...model saved to 15_exp/models/FloydWarshallDataset_tropical_0.0001_20000_20260220_112048_relu_best.pth...20260220_114111
At epoch 1654, test loss = 3.4600
...model saved to 15_exp/models/FloydWarshallDataset_tropical_0.0001_20000_20260220_112048_relu_best.pth...20260220_114114
At epoch 1659, test loss = 3.4566
...model saved to 15_exp/models/FloydWarshallDataset_tropical_0.0001_20000_20260220_112048_relu_best.pth...20260220_114118
At epoch 1660, test loss = 3.4422
...model saved to 15_exp/models/FloydWarshallDataset_tropical_0.0001_20000_20260220_112048_relu_best.pth...20260220_114118
At epoch 1663, test loss = 3.4340
...model saved to 15_exp/models/FloydWarshallDataset_tropical_0.0001_20000_20260220_112048_relu_best.pth...20260220_114120
At epoch 1668, test loss = 3.4320
...model saved to 15_exp/models/FloydWarshallDataset_tropical_0.0001_20000_20260220_112048_relu_best.pth...20260220_114124
At epoch 1672, test loss = 3.4193
...model saved to 15_exp/models/FloydWarshallDataset_tropical_0.0001_20000_20260220_112048_relu_best.pth...20260220_114126
At epoch 1675, test loss = 3.4161
...model saved to 15_exp/models/FloydWarshallDataset_tropical_0.0001_20000_20260220_112048_relu_best.pth...20260220_114128
At epoch 1676, test loss = 3.4088
...model saved to 15_exp/models/FloydWarshallDataset_tropical_0.0001_20000_20260220_112048_relu_best.pth...20260220_114129
At epoch 1679, test loss = 3.4049
...model saved to 15_exp/models/FloydWarshallDataset_tropical_0.0001_20000_20260220_112048_relu_best.pth...20260220_114131
At epoch 1684, test loss = 3.3967
...model saved to 15_exp/models/FloydWarshallDataset_tropical_0.0001_20000_20260220_112048_relu_best.pth...20260220_114134
At epoch 1685, test loss = 3.3890
...model saved to 15_exp/models/FloydWarshallDataset_tropical_0.0001_20000_20260220_112048_relu_best.pth...20260220_114135
At epoch 1689, test loss = 3.3872
...model saved to 15_exp/models/FloydWarshallDataset_tropical_0.0001_20000_20260220_112048_relu_best.pth...20260220_114138
At epoch 1695, test loss = 3.3714
...model saved to 15_exp/models/FloydWarshallDataset_tropical_0.0001_20000_20260220_112048_relu_best.pth...20260220_114142
At epoch 1697, test loss = 3.3646
...model saved to 15_exp/models/FloydWarshallDataset_tropical_0.0001_20000_20260220_112048_relu_best.pth...20260220_114143
At epoch 1701, test loss = 3.3583
...model saved to 15_exp/models/FloydWarshallDataset_tropical_0.0001_20000_20260220_112048_relu_best.pth...20260220_114146
At epoch 1704, test loss = 3.3570
...model saved to 15_exp/models/FloydWarshallDataset_tropical_0.0001_20000_20260220_112048_relu_best.pth...20260220_114148
At epoch 1706, test loss = 3.3512
...model saved to 15_exp/models/FloydWarshallDataset_tropical_0.0001_20000_20260220_112048_relu_best.pth...20260220_114149
At epoch 1711, test loss = 3.3401
...model saved to 15_exp/models/FloydWarshallDataset_tropical_0.0001_20000_20260220_112048_relu_best.pth...20260220_114152
At epoch 1712, test loss = 3.3388
...model saved to 15_exp/models/FloydWarshallDataset_tropical_0.0001_20000_20260220_112048_relu_best.pth...20260220_114153
At epoch 1715, test loss = 3.3335
...model saved to 15_exp/models/FloydWarshallDataset_tropical_0.0001_20000_20260220_112048_relu_best.pth...20260220_114155
At epoch 1717, test loss = 3.3293
...model saved to 15_exp/models/FloydWarshallDataset_tropical_0.0001_20000_20260220_112048_relu_best.pth...20260220_114157
At epoch 1722, test loss = 3.3291
...model saved to 15_exp/models/FloydWarshallDataset_tropical_0.0001_20000_20260220_112048_relu_best.pth...20260220_114200
At epoch 1726, test loss = 3.3095
...model saved to 15_exp/models/FloydWarshallDataset_tropical_0.0001_20000_20260220_112048_relu_best.pth...20260220_114202
At epoch 1732, test loss = 3.3037
...model saved to 15_exp/models/FloydWarshallDataset_tropical_0.0001_20000_20260220_112048_relu_best.pth...20260220_114206
At epoch 1737, test loss = 3.2952
...model saved to 15_exp/models/FloydWarshallDataset_tropical_0.0001_20000_20260220_112048_relu_best.pth...20260220_114210
At epoch 1738, test loss = 3.2917
...model saved to 15_exp/models/FloydWarshallDataset_tropical_0.0001_20000_20260220_112048_relu_best.pth...20260220_114210
At epoch 1739, test loss = 3.2886
...model saved to 15_exp/models/FloydWarshallDataset_tropical_0.0001_20000_20260220_112048_relu_best.pth...20260220_114211
At epoch 1744, test loss = 3.2632
...model saved to 15_exp/models/FloydWarshallDataset_tropical_0.0001_20000_20260220_112048_relu_best.pth...20260220_114215
At epoch 1751, test loss = 3.2604
...model saved to 15_exp/models/FloydWarshallDataset_tropical_0.0001_20000_20260220_112048_relu_best.pth...20260220_114219
At epoch 1759, test loss = 3.2587
...model saved to 15_exp/models/FloydWarshallDataset_tropical_0.0001_20000_20260220_112048_relu_best.pth...20260220_114224
At epoch 1762, test loss = 3.2562
...model saved to 15_exp/models/FloydWarshallDataset_tropical_0.0001_20000_20260220_112048_relu_best.pth...20260220_114226
At epoch 1763, test loss = 3.2437
...model saved to 15_exp/models/FloydWarshallDataset_tropical_0.0001_20000_20260220_112048_relu_best.pth...20260220_114227
At epoch 1768, test loss = 3.2298
...model saved to 15_exp/models/FloydWarshallDataset_tropical_0.0001_20000_20260220_112048_relu_best.pth...20260220_114230
At epoch 1774, test loss = 3.2257
...model saved to 15_exp/models/FloydWarshallDataset_tropical_0.0001_20000_20260220_112048_relu_best.pth...20260220_114234
At epoch 1776, test loss = 3.2158
...model saved to 15_exp/models/FloydWarshallDataset_tropical_0.0001_20000_20260220_112048_relu_best.pth...20260220_114236
At epoch 1779, test loss = 3.2145
...model saved to 15_exp/models/FloydWarshallDataset_tropical_0.0001_20000_20260220_112048_relu_best.pth...20260220_114238
At epoch 1780, test loss = 3.2092
...model saved to 15_exp/models/FloydWarshallDataset_tropical_0.0001_20000_20260220_112048_relu_best.pth...20260220_114238
At epoch 1788, test loss = 3.2056
...model saved to 15_exp/models/FloydWarshallDataset_tropical_0.0001_20000_20260220_112048_relu_best.pth...20260220_114244
At epoch 1790, test loss = 3.2048
...model saved to 15_exp/models/FloydWarshallDataset_tropical_0.0001_20000_20260220_112048_relu_best.pth...20260220_114245
At epoch 1792, test loss = 3.1977
...model saved to 15_exp/models/FloydWarshallDataset_tropical_0.0001_20000_20260220_112048_relu_best.pth...20260220_114246
At epoch 1794, test loss = 3.1944
...model saved to 15_exp/models/FloydWarshallDataset_tropical_0.0001_20000_20260220_112048_relu_best.pth...20260220_114248
At epoch 1798, test loss = 3.1863
...model saved to 15_exp/models/FloydWarshallDataset_tropical_0.0001_20000_20260220_112048_relu_best.pth...20260220_114251
At epoch 1799, test loss = 3.1792
...model saved to 15_exp/models/FloydWarshallDataset_tropical_0.0001_20000_20260220_112048_relu_best.pth...20260220_114251
At epoch 1803, test loss = 3.1683
...model saved to 15_exp/models/FloydWarshallDataset_tropical_0.0001_20000_20260220_112048_relu_best.pth...20260220_114254
At epoch 1811, test loss = 3.1594
...model saved to 15_exp/models/FloydWarshallDataset_tropical_0.0001_20000_20260220_112048_relu_best.pth...20260220_114259
At epoch 1816, test loss = 3.1569
...model saved to 15_exp/models/FloydWarshallDataset_tropical_0.0001_20000_20260220_112048_relu_best.pth...20260220_114302
At epoch 1819, test loss = 3.1520
...model saved to 15_exp/models/FloydWarshallDataset_tropical_0.0001_20000_20260220_112048_relu_best.pth...20260220_114304
At epoch 1821, test loss = 3.1425
...model saved to 15_exp/models/FloydWarshallDataset_tropical_0.0001_20000_20260220_112048_relu_best.pth...20260220_114306
At epoch 1823, test loss = 3.1370
...model saved to 15_exp/models/FloydWarshallDataset_tropical_0.0001_20000_20260220_112048_relu_best.pth...20260220_114307
At epoch 1829, test loss = 3.1319
...model saved to 15_exp/models/FloydWarshallDataset_tropical_0.0001_20000_20260220_112048_relu_best.pth...20260220_114311
At epoch 1833, test loss = 3.1258
...model saved to 15_exp/models/FloydWarshallDataset_tropical_0.0001_20000_20260220_112048_relu_best.pth...20260220_114314
At epoch 1837, test loss = 3.1217
...model saved to 15_exp/models/FloydWarshallDataset_tropical_0.0001_20000_20260220_112048_relu_best.pth...20260220_114316
At epoch 1838, test loss = 3.1189
...model saved to 15_exp/models/FloydWarshallDataset_tropical_0.0001_20000_20260220_112048_relu_best.pth...20260220_114317
At epoch 1840, test loss = 3.1146
...model saved to 15_exp/models/FloydWarshallDataset_tropical_0.0001_20000_20260220_112048_relu_best.pth...20260220_114319
At epoch 1842, test loss = 3.1137
...model saved to 15_exp/models/FloydWarshallDataset_tropical_0.0001_20000_20260220_112048_relu_best.pth...20260220_114320
At epoch 1844, test loss = 3.1116
...model saved to 15_exp/models/FloydWarshallDataset_tropical_0.0001_20000_20260220_112048_relu_best.pth...20260220_114321
At epoch 1845, test loss = 3.1062
...model saved to 15_exp/models/FloydWarshallDataset_tropical_0.0001_20000_20260220_112048_relu_best.pth...20260220_114322
At epoch 1846, test loss = 3.1049
...model saved to 15_exp/models/FloydWarshallDataset_tropical_0.0001_20000_20260220_112048_relu_best.pth...20260220_114323
At epoch 1851, test loss = 3.0925
...model saved to 15_exp/models/FloydWarshallDataset_tropical_0.0001_20000_20260220_112048_relu_best.pth...20260220_114326
At epoch 1853, test loss = 3.0919
...model saved to 15_exp/models/FloydWarshallDataset_tropical_0.0001_20000_20260220_112048_relu_best.pth...20260220_114327
At epoch 1858, test loss = 3.0817
...model saved to 15_exp/models/FloydWarshallDataset_tropical_0.0001_20000_20260220_112048_relu_best.pth...20260220_114331
At epoch 1865, test loss = 3.0805
...model saved to 15_exp/models/FloydWarshallDataset_tropical_0.0001_20000_20260220_112048_relu_best.pth...20260220_114335
At epoch 1867, test loss = 3.0798
...model saved to 15_exp/models/FloydWarshallDataset_tropical_0.0001_20000_20260220_112048_relu_best.pth...20260220_114337
At epoch 1869, test loss = 3.0651
...model saved to 15_exp/models/FloydWarshallDataset_tropical_0.0001_20000_20260220_112048_relu_best.pth...20260220_114338
At epoch 1874, test loss = 3.0575
...model saved to 15_exp/models/FloydWarshallDataset_tropical_0.0001_20000_20260220_112048_relu_best.pth...20260220_114341
At epoch 1879, test loss = 3.0503
...model saved to 15_exp/models/FloydWarshallDataset_tropical_0.0001_20000_20260220_112048_relu_best.pth...20260220_114344
At epoch 1882, test loss = 3.0464
...model saved to 15_exp/models/FloydWarshallDataset_tropical_0.0001_20000_20260220_112048_relu_best.pth...20260220_114346
At epoch 1888, test loss = 3.0411
...model saved to 15_exp/models/FloydWarshallDataset_tropical_0.0001_20000_20260220_112048_relu_best.pth...20260220_114351
At epoch 1891, test loss = 3.0378
...model saved to 15_exp/models/FloydWarshallDataset_tropical_0.0001_20000_20260220_112048_relu_best.pth...20260220_114353
At epoch 1894, test loss = 3.0345
...model saved to 15_exp/models/FloydWarshallDataset_tropical_0.0001_20000_20260220_112048_relu_best.pth...20260220_114354
At epoch 1896, test loss = 3.0315
...model saved to 15_exp/models/FloydWarshallDataset_tropical_0.0001_20000_20260220_112048_relu_best.pth...20260220_114356
At epoch 1899, test loss = 3.0224
...model saved to 15_exp/models/FloydWarshallDataset_tropical_0.0001_20000_20260220_112048_relu_best.pth...20260220_114358
At epoch 1901, test loss = 3.0185
...model saved to 15_exp/models/FloydWarshallDataset_tropical_0.0001_20000_20260220_112048_relu_best.pth...20260220_114359
At epoch 1908, test loss = 3.0146
...model saved to 15_exp/models/FloydWarshallDataset_tropical_0.0001_20000_20260220_112048_relu_best.pth...20260220_114404
At epoch 1911, test loss = 3.0105
...model saved to 15_exp/models/FloydWarshallDataset_tropical_0.0001_20000_20260220_112048_relu_best.pth...20260220_114406
At epoch 1914, test loss = 2.9993
...model saved to 15_exp/models/FloydWarshallDataset_tropical_0.0001_20000_20260220_112048_relu_best.pth...20260220_114408
At epoch 1915, test loss = 2.9956
...model saved to 15_exp/models/FloydWarshallDataset_tropical_0.0001_20000_20260220_112048_relu_best.pth...20260220_114408
At epoch 1918, test loss = 2.9928
...model saved to 15_exp/models/FloydWarshallDataset_tropical_0.0001_20000_20260220_112048_relu_best.pth...20260220_114410
At epoch 1921, test loss = 2.9886
...model saved to 15_exp/models/FloydWarshallDataset_tropical_0.0001_20000_20260220_112048_relu_best.pth...20260220_114412
At epoch 1923, test loss = 2.9875
...model saved to 15_exp/models/FloydWarshallDataset_tropical_0.0001_20000_20260220_112048_relu_best.pth...20260220_114414
At epoch 1924, test loss = 2.9814
...model saved to 15_exp/models/FloydWarshallDataset_tropical_0.0001_20000_20260220_112048_relu_best.pth...20260220_114414
At epoch 1932, test loss = 2.9681
...model saved to 15_exp/models/FloydWarshallDataset_tropical_0.0001_20000_20260220_112048_relu_best.pth...20260220_114420
At epoch 1934, test loss = 2.9623
...model saved to 15_exp/models/FloydWarshallDataset_tropical_0.0001_20000_20260220_112048_relu_best.pth...20260220_114421
At epoch 1941, test loss = 2.9573
...model saved to 15_exp/models/FloydWarshallDataset_tropical_0.0001_20000_20260220_112048_relu_best.pth...20260220_114426
At epoch 1945, test loss = 2.9560
...model saved to 15_exp/models/FloydWarshallDataset_tropical_0.0001_20000_20260220_112048_relu_best.pth...20260220_114428
At epoch 1950, test loss = 2.9532
...model saved to 15_exp/models/FloydWarshallDataset_tropical_0.0001_20000_20260220_112048_relu_best.pth...20260220_114432
At epoch 1953, test loss = 2.9517
...model saved to 15_exp/models/FloydWarshallDataset_tropical_0.0001_20000_20260220_112048_relu_best.pth...20260220_114434
At epoch 1956, test loss = 2.9387
...model saved to 15_exp/models/FloydWarshallDataset_tropical_0.0001_20000_20260220_112048_relu_best.pth...20260220_114436
At epoch 1960, test loss = 2.9313
...model saved to 15_exp/models/FloydWarshallDataset_tropical_0.0001_20000_20260220_112048_relu_best.pth...20260220_114438
At epoch 1964, test loss = 2.9300
...model saved to 15_exp/models/FloydWarshallDataset_tropical_0.0001_20000_20260220_112048_relu_best.pth...20260220_114441
At epoch 1969, test loss = 2.9218
...model saved to 15_exp/models/FloydWarshallDataset_tropical_0.0001_20000_20260220_112048_relu_best.pth...20260220_114444
At epoch 1970, test loss = 2.9182
...model saved to 15_exp/models/FloydWarshallDataset_tropical_0.0001_20000_20260220_112048_relu_best.pth...20260220_114445
At epoch 1972, test loss = 2.9166
...model saved to 15_exp/models/FloydWarshallDataset_tropical_0.0001_20000_20260220_112048_relu_best.pth...20260220_114446
At epoch 1973, test loss = 2.9048
...model saved to 15_exp/models/FloydWarshallDataset_tropical_0.0001_20000_20260220_112048_relu_best.pth...20260220_114447
At epoch 1977, test loss = 2.9033
...model saved to 15_exp/models/FloydWarshallDataset_tropical_0.0001_20000_20260220_112048_relu_best.pth...20260220_114450
At epoch 1988, test loss = 2.8865
...model saved to 15_exp/models/FloydWarshallDataset_tropical_0.0001_20000_20260220_112048_relu_best.pth...20260220_114457
At epoch 1999, test loss = 2.8820
...model saved to 15_exp/models/FloydWarshallDataset_tropical_0.0001_20000_20260220_112048_relu_best.pth...20260220_114505
At epoch 2001, test loss = 2.8759
...model saved to 15_exp/models/FloydWarshallDataset_tropical_0.0001_20000_20260220_112048_relu_best.pth...20260220_114506
At epoch 2003, test loss = 2.8661
...model saved to 15_exp/models/FloydWarshallDataset_tropical_0.0001_20000_20260220_112048_relu_best.pth...20260220_114507
At epoch 2008, test loss = 2.8589
...model saved to 15_exp/models/FloydWarshallDataset_tropical_0.0001_20000_20260220_112048_relu_best.pth...20260220_114511
At epoch 2012, test loss = 2.8472
...model saved to 15_exp/models/FloydWarshallDataset_tropical_0.0001_20000_20260220_112048_relu_best.pth...20260220_114513
At epoch 2023, test loss = 2.8388
...model saved to 15_exp/models/FloydWarshallDataset_tropical_0.0001_20000_20260220_112048_relu_best.pth...20260220_114521
At epoch 2029, test loss = 2.8382
...model saved to 15_exp/models/FloydWarshallDataset_tropical_0.0001_20000_20260220_112048_relu_best.pth...20260220_114525
At epoch 2035, test loss = 2.8346
...model saved to 15_exp/models/FloydWarshallDataset_tropical_0.0001_20000_20260220_112048_relu_best.pth...20260220_114529
At epoch 2038, test loss = 2.8230
...model saved to 15_exp/models/FloydWarshallDataset_tropical_0.0001_20000_20260220_112048_relu_best.pth...20260220_114531
At epoch 2044, test loss = 2.8175
...model saved to 15_exp/models/FloydWarshallDataset_tropical_0.0001_20000_20260220_112048_relu_best.pth...20260220_114536
At epoch 2051, test loss = 2.8158
...model saved to 15_exp/models/FloydWarshallDataset_tropical_0.0001_20000_20260220_112048_relu_best.pth...20260220_114541
At epoch 2053, test loss = 2.8122
...model saved to 15_exp/models/FloydWarshallDataset_tropical_0.0001_20000_20260220_112048_relu_best.pth...20260220_114542
At epoch 2055, test loss = 2.8081
...model saved to 15_exp/models/FloydWarshallDataset_tropical_0.0001_20000_20260220_112048_relu_best.pth...20260220_114544
At epoch 2057, test loss = 2.8067
...model saved to 15_exp/models/FloydWarshallDataset_tropical_0.0001_20000_20260220_112048_relu_best.pth...20260220_114545
At epoch 2062, test loss = 2.8059
...model saved to 15_exp/models/FloydWarshallDataset_tropical_0.0001_20000_20260220_112048_relu_best.pth...20260220_114549
At epoch 2063, test loss = 2.8006
...model saved to 15_exp/models/FloydWarshallDataset_tropical_0.0001_20000_20260220_112048_relu_best.pth...20260220_114549
At epoch 2064, test loss = 2.7899
...model saved to 15_exp/models/FloydWarshallDataset_tropical_0.0001_20000_20260220_112048_relu_best.pth...20260220_114550
At epoch 2068, test loss = 2.7849
...model saved to 15_exp/models/FloydWarshallDataset_tropical_0.0001_20000_20260220_112048_relu_best.pth...20260220_114553
At epoch 2072, test loss = 2.7837
...model saved to 15_exp/models/FloydWarshallDataset_tropical_0.0001_20000_20260220_112048_relu_best.pth...20260220_114556
At epoch 2073, test loss = 2.7793
...model saved to 15_exp/models/FloydWarshallDataset_tropical_0.0001_20000_20260220_112048_relu_best.pth...20260220_114556
At epoch 2075, test loss = 2.7776
...model saved to 15_exp/models/FloydWarshallDataset_tropical_0.0001_20000_20260220_112048_relu_best.pth...20260220_114558
At epoch 2080, test loss = 2.7711
...model saved to 15_exp/models/FloydWarshallDataset_tropical_0.0001_20000_20260220_112048_relu_best.pth...20260220_114601
At epoch 2083, test loss = 2.7691
...model saved to 15_exp/models/FloydWarshallDataset_tropical_0.0001_20000_20260220_112048_relu_best.pth...20260220_114604
At epoch 2089, test loss = 2.7607
...model saved to 15_exp/models/FloydWarshallDataset_tropical_0.0001_20000_20260220_112048_relu_best.pth...20260220_114608
At epoch 2092, test loss = 2.7538
...model saved to 15_exp/models/FloydWarshallDataset_tropical_0.0001_20000_20260220_112048_relu_best.pth...20260220_114610
At epoch 2095, test loss = 2.7518
...model saved to 15_exp/models/FloydWarshallDataset_tropical_0.0001_20000_20260220_112048_relu_best.pth...20260220_114613
At epoch 2102, test loss = 2.7497
...model saved to 15_exp/models/FloydWarshallDataset_tropical_0.0001_20000_20260220_112048_relu_best.pth...20260220_114618
At epoch 2107, test loss = 2.7494
...model saved to 15_exp/models/FloydWarshallDataset_tropical_0.0001_20000_20260220_112048_relu_best.pth...20260220_114621
At epoch 2110, test loss = 2.7490
...model saved to 15_exp/models/FloydWarshallDataset_tropical_0.0001_20000_20260220_112048_relu_best.pth...20260220_114623
At epoch 2111, test loss = 2.7427
...model saved to 15_exp/models/FloydWarshallDataset_tropical_0.0001_20000_20260220_112048_relu_best.pth...20260220_114624
At epoch 2114, test loss = 2.7325
...model saved to 15_exp/models/FloydWarshallDataset_tropical_0.0001_20000_20260220_112048_relu_best.pth...20260220_114626
At epoch 2115, test loss = 2.7291
...model saved to 15_exp/models/FloydWarshallDataset_tropical_0.0001_20000_20260220_112048_relu_best.pth...20260220_114627
At epoch 2119, test loss = 2.7264
...model saved to 15_exp/models/FloydWarshallDataset_tropical_0.0001_20000_20260220_112048_relu_best.pth...20260220_114630
At epoch 2125, test loss = 2.7228
...model saved to 15_exp/models/FloydWarshallDataset_tropical_0.0001_20000_20260220_112048_relu_best.pth...20260220_114635
At epoch 2136, test loss = 2.7102
...model saved to 15_exp/models/FloydWarshallDataset_tropical_0.0001_20000_20260220_112048_relu_best.pth...20260220_114643
At epoch 2138, test loss = 2.7095
...model saved to 15_exp/models/FloydWarshallDataset_tropical_0.0001_20000_20260220_112048_relu_best.pth...20260220_114644
At epoch 2141, test loss = 2.6986
...model saved to 15_exp/models/FloydWarshallDataset_tropical_0.0001_20000_20260220_112048_relu_best.pth...20260220_114646
At epoch 2147, test loss = 2.6965
...model saved to 15_exp/models/FloydWarshallDataset_tropical_0.0001_20000_20260220_112048_relu_best.pth...20260220_114651
At epoch 2154, test loss = 2.6965
...model saved to 15_exp/models/FloydWarshallDataset_tropical_0.0001_20000_20260220_112048_relu_best.pth...20260220_114656
At epoch 2156, test loss = 2.6862
...model saved to 15_exp/models/FloydWarshallDataset_tropical_0.0001_20000_20260220_112048_relu_best.pth...20260220_114657
At epoch 2159, test loss = 2.6861
...model saved to 15_exp/models/FloydWarshallDataset_tropical_0.0001_20000_20260220_112048_relu_best.pth...20260220_114659
At epoch 2162, test loss = 2.6840
...model saved to 15_exp/models/FloydWarshallDataset_tropical_0.0001_20000_20260220_112048_relu_best.pth...20260220_114702
At epoch 2164, test loss = 2.6802
...model saved to 15_exp/models/FloydWarshallDataset_tropical_0.0001_20000_20260220_112048_relu_best.pth...20260220_114703
At epoch 2168, test loss = 2.6710
...model saved to 15_exp/models/FloydWarshallDataset_tropical_0.0001_20000_20260220_112048_relu_best.pth...20260220_114706
At epoch 2177, test loss = 2.6652
...model saved to 15_exp/models/FloydWarshallDataset_tropical_0.0001_20000_20260220_112048_relu_best.pth...20260220_114713
At epoch 2178, test loss = 2.6636
...model saved to 15_exp/models/FloydWarshallDataset_tropical_0.0001_20000_20260220_112048_relu_best.pth...20260220_114713
At epoch 2184, test loss = 2.6587
...model saved to 15_exp/models/FloydWarshallDataset_tropical_0.0001_20000_20260220_112048_relu_best.pth...20260220_114718
At epoch 2190, test loss = 2.6539
...model saved to 15_exp/models/FloydWarshallDataset_tropical_0.0001_20000_20260220_112048_relu_best.pth...20260220_114722
At epoch 2191, test loss = 2.6497
...model saved to 15_exp/models/FloydWarshallDataset_tropical_0.0001_20000_20260220_112048_relu_best.pth...20260220_114723
At epoch 2196, test loss = 2.6459
...model saved to 15_exp/models/FloydWarshallDataset_tropical_0.0001_20000_20260220_112048_relu_best.pth...20260220_114726
At epoch 2199, test loss = 2.6401
...model saved to 15_exp/models/FloydWarshallDataset_tropical_0.0001_20000_20260220_112048_relu_best.pth...20260220_114729
At epoch 2205, test loss = 2.6308
...model saved to 15_exp/models/FloydWarshallDataset_tropical_0.0001_20000_20260220_112048_relu_best.pth...20260220_114733
At epoch 2207, test loss = 2.6257
...model saved to 15_exp/models/FloydWarshallDataset_tropical_0.0001_20000_20260220_112048_relu_best.pth...20260220_114734
At epoch 2211, test loss = 2.6215
...model saved to 15_exp/models/FloydWarshallDataset_tropical_0.0001_20000_20260220_112048_relu_best.pth...20260220_114737
At epoch 2228, test loss = 2.6166
...model saved to 15_exp/models/FloydWarshallDataset_tropical_0.0001_20000_20260220_112048_relu_best.pth...20260220_114749
At epoch 2231, test loss = 2.6140
...model saved to 15_exp/models/FloydWarshallDataset_tropical_0.0001_20000_20260220_112048_relu_best.pth...20260220_114751
At epoch 2232, test loss = 2.6107
...model saved to 15_exp/models/FloydWarshallDataset_tropical_0.0001_20000_20260220_112048_relu_best.pth...20260220_114752
At epoch 2240, test loss = 2.6025
...model saved to 15_exp/models/FloydWarshallDataset_tropical_0.0001_20000_20260220_112048_relu_best.pth...20260220_114757
At epoch 2242, test loss = 2.5931
...model saved to 15_exp/models/FloydWarshallDataset_tropical_0.0001_20000_20260220_112048_relu_best.pth...20260220_114759
At epoch 2252, test loss = 2.5915
...model saved to 15_exp/models/FloydWarshallDataset_tropical_0.0001_20000_20260220_112048_relu_best.pth...20260220_114805
At epoch 2254, test loss = 2.5801
...model saved to 15_exp/models/FloydWarshallDataset_tropical_0.0001_20000_20260220_112048_relu_best.pth...20260220_114807
At epoch 2260, test loss = 2.5749
...model saved to 15_exp/models/FloydWarshallDataset_tropical_0.0001_20000_20260220_112048_relu_best.pth...20260220_114811
At epoch 2270, test loss = 2.5687
...model saved to 15_exp/models/FloydWarshallDataset_tropical_0.0001_20000_20260220_112048_relu_best.pth...20260220_114818
At epoch 2272, test loss = 2.5664
...model saved to 15_exp/models/FloydWarshallDataset_tropical_0.0001_20000_20260220_112048_relu_best.pth...20260220_114819
At epoch 2284, test loss = 2.5590
...model saved to 15_exp/models/FloydWarshallDataset_tropical_0.0001_20000_20260220_112048_relu_best.pth...20260220_114827
At epoch 2285, test loss = 2.5524
...model saved to 15_exp/models/FloydWarshallDataset_tropical_0.0001_20000_20260220_112048_relu_best.pth...20260220_114828
At epoch 2287, test loss = 2.5479
...model saved to 15_exp/models/FloydWarshallDataset_tropical_0.0001_20000_20260220_112048_relu_best.pth...20260220_114829
At epoch 2296, test loss = 2.5469
...model saved to 15_exp/models/FloydWarshallDataset_tropical_0.0001_20000_20260220_112048_relu_best.pth...20260220_114835
At epoch 2300, test loss = 2.5441
...model saved to 15_exp/models/FloydWarshallDataset_tropical_0.0001_20000_20260220_112048_relu_best.pth...20260220_114838
At epoch 2302, test loss = 2.5376
...model saved to 15_exp/models/FloydWarshallDataset_tropical_0.0001_20000_20260220_112048_relu_best.pth...20260220_114839
At epoch 2309, test loss = 2.5372
...model saved to 15_exp/models/FloydWarshallDataset_tropical_0.0001_20000_20260220_112048_relu_best.pth...20260220_114844
At epoch 2313, test loss = 2.5285
...model saved to 15_exp/models/FloydWarshallDataset_tropical_0.0001_20000_20260220_112048_relu_best.pth...20260220_114847
At epoch 2318, test loss = 2.5247
...model saved to 15_exp/models/FloydWarshallDataset_tropical_0.0001_20000_20260220_112048_relu_best.pth...20260220_114850
At epoch 2326, test loss = 2.5179
...model saved to 15_exp/models/FloydWarshallDataset_tropical_0.0001_20000_20260220_112048_relu_best.pth...20260220_114856
At epoch 2333, test loss = 2.5072
...model saved to 15_exp/models/FloydWarshallDataset_tropical_0.0001_20000_20260220_112048_relu_best.pth...20260220_114900
At epoch 2342, test loss = 2.5051
...model saved to 15_exp/models/FloydWarshallDataset_tropical_0.0001_20000_20260220_112048_relu_best.pth...20260220_114907
At epoch 2346, test loss = 2.5019
...model saved to 15_exp/models/FloydWarshallDataset_tropical_0.0001_20000_20260220_112048_relu_best.pth...20260220_114909
At epoch 2349, test loss = 2.5006
...model saved to 15_exp/models/FloydWarshallDataset_tropical_0.0001_20000_20260220_112048_relu_best.pth...20260220_114911
At epoch 2350, test loss = 2.4994
...model saved to 15_exp/models/FloydWarshallDataset_tropical_0.0001_20000_20260220_112048_relu_best.pth...20260220_114912
At epoch 2354, test loss = 2.4956
...model saved to 15_exp/models/FloydWarshallDataset_tropical_0.0001_20000_20260220_112048_relu_best.pth...20260220_114915
At epoch 2355, test loss = 2.4952
...model saved to 15_exp/models/FloydWarshallDataset_tropical_0.0001_20000_20260220_112048_relu_best.pth...20260220_114915
At epoch 2356, test loss = 2.4935
...model saved to 15_exp/models/FloydWarshallDataset_tropical_0.0001_20000_20260220_112048_relu_best.pth...20260220_114916
At epoch 2358, test loss = 2.4861
...model saved to 15_exp/models/FloydWarshallDataset_tropical_0.0001_20000_20260220_112048_relu_best.pth...20260220_114917
At epoch 2359, test loss = 2.4846
...model saved to 15_exp/models/FloydWarshallDataset_tropical_0.0001_20000_20260220_112048_relu_best.pth...20260220_114918
At epoch 2367, test loss = 2.4787
...model saved to 15_exp/models/FloydWarshallDataset_tropical_0.0001_20000_20260220_112048_relu_best.pth...20260220_114924
At epoch 2373, test loss = 2.4757
...model saved to 15_exp/models/FloydWarshallDataset_tropical_0.0001_20000_20260220_112048_relu_best.pth...20260220_114928
At epoch 2375, test loss = 2.4651
...model saved to 15_exp/models/FloydWarshallDataset_tropical_0.0001_20000_20260220_112048_relu_best.pth...20260220_114929
At epoch 2386, test loss = 2.4629
...model saved to 15_exp/models/FloydWarshallDataset_tropical_0.0001_20000_20260220_112048_relu_best.pth...20260220_114936
At epoch 2393, test loss = 2.4561
...model saved to 15_exp/models/FloydWarshallDataset_tropical_0.0001_20000_20260220_112048_relu_best.pth...20260220_114941
At epoch 2394, test loss = 2.4540
...model saved to 15_exp/models/FloydWarshallDataset_tropical_0.0001_20000_20260220_112048_relu_best.pth...20260220_114942
At epoch 2398, test loss = 2.4472
...model saved to 15_exp/models/FloydWarshallDataset_tropical_0.0001_20000_20260220_112048_relu_best.pth...20260220_114945
At epoch 2403, test loss = 2.4456
...model saved to 15_exp/models/FloydWarshallDataset_tropical_0.0001_20000_20260220_112048_relu_best.pth...20260220_114948
At epoch 2406, test loss = 2.4409
...model saved to 15_exp/models/FloydWarshallDataset_tropical_0.0001_20000_20260220_112048_relu_best.pth...20260220_114950
At epoch 2414, test loss = 2.4409
...model saved to 15_exp/models/FloydWarshallDataset_tropical_0.0001_20000_20260220_112048_relu_best.pth...20260220_114956
At epoch 2419, test loss = 2.4378
...model saved to 15_exp/models/FloydWarshallDataset_tropical_0.0001_20000_20260220_112048_relu_best.pth...20260220_114959
At epoch 2420, test loss = 2.4286
...model saved to 15_exp/models/FloydWarshallDataset_tropical_0.0001_20000_20260220_112048_relu_best.pth...20260220_115000
At epoch 2435, test loss = 2.4258
...model saved to 15_exp/models/FloydWarshallDataset_tropical_0.0001_20000_20260220_112048_relu_best.pth...20260220_115010
At epoch 2437, test loss = 2.4212
...model saved to 15_exp/models/FloydWarshallDataset_tropical_0.0001_20000_20260220_112048_relu_best.pth...20260220_115011
At epoch 2438, test loss = 2.4195
...model saved to 15_exp/models/FloydWarshallDataset_tropical_0.0001_20000_20260220_112048_relu_best.pth...20260220_115012
At epoch 2442, test loss = 2.4112
...model saved to 15_exp/models/FloydWarshallDataset_tropical_0.0001_20000_20260220_112048_relu_best.pth...20260220_115015
At epoch 2443, test loss = 2.4043
...model saved to 15_exp/models/FloydWarshallDataset_tropical_0.0001_20000_20260220_112048_relu_best.pth...20260220_115015
At epoch 2452, test loss = 2.4026
...model saved to 15_exp/models/FloydWarshallDataset_tropical_0.0001_20000_20260220_112048_relu_best.pth...20260220_115021
At epoch 2461, test loss = 2.4018
...model saved to 15_exp/models/FloydWarshallDataset_tropical_0.0001_20000_20260220_112048_relu_best.pth...20260220_115028
At epoch 2463, test loss = 2.3996
...model saved to 15_exp/models/FloydWarshallDataset_tropical_0.0001_20000_20260220_112048_relu_best.pth...20260220_115029
At epoch 2464, test loss = 2.3938
...model saved to 15_exp/models/FloydWarshallDataset_tropical_0.0001_20000_20260220_112048_relu_best.pth...20260220_115030
At epoch 2465, test loss = 2.3936
...model saved to 15_exp/models/FloydWarshallDataset_tropical_0.0001_20000_20260220_112048_relu_best.pth...20260220_115030
At epoch 2470, test loss = 2.3906
...model saved to 15_exp/models/FloydWarshallDataset_tropical_0.0001_20000_20260220_112048_relu_best.pth...20260220_115034
At epoch 2472, test loss = 2.3868
...model saved to 15_exp/models/FloydWarshallDataset_tropical_0.0001_20000_20260220_112048_relu_best.pth...20260220_115035
At epoch 2474, test loss = 2.3817
...model saved to 15_exp/models/FloydWarshallDataset_tropical_0.0001_20000_20260220_112048_relu_best.pth...20260220_115036
At epoch 2479, test loss = 2.3805
...model saved to 15_exp/models/FloydWarshallDataset_tropical_0.0001_20000_20260220_112048_relu_best.pth...20260220_115040
At epoch 2486, test loss = 2.3779
...model saved to 15_exp/models/FloydWarshallDataset_tropical_0.0001_20000_20260220_112048_relu_best.pth...20260220_115045
At epoch 2488, test loss = 2.3715
...model saved to 15_exp/models/FloydWarshallDataset_tropical_0.0001_20000_20260220_112048_relu_best.pth...20260220_115046
At epoch 2499, test loss = 2.3619
...model saved to 15_exp/models/FloydWarshallDataset_tropical_0.0001_20000_20260220_112048_relu_best.pth...20260220_115053
At epoch 2503, test loss = 2.3592
...model saved to 15_exp/models/FloydWarshallDataset_tropical_0.0001_20000_20260220_112048_relu_best.pth...20260220_115056
At epoch 2514, test loss = 2.3524
...model saved to 15_exp/models/FloydWarshallDataset_tropical_0.0001_20000_20260220_112048_relu_best.pth...20260220_115104
At epoch 2522, test loss = 2.3445
...model saved to 15_exp/models/FloydWarshallDataset_tropical_0.0001_20000_20260220_112048_relu_best.pth...20260220_115109
At epoch 2524, test loss = 2.3439
...model saved to 15_exp/models/FloydWarshallDataset_tropical_0.0001_20000_20260220_112048_relu_best.pth...20260220_115111
At epoch 2529, test loss = 2.3408
...model saved to 15_exp/models/FloydWarshallDataset_tropical_0.0001_20000_20260220_112048_relu_best.pth...20260220_115114
At epoch 2539, test loss = 2.3306
...model saved to 15_exp/models/FloydWarshallDataset_tropical_0.0001_20000_20260220_112048_relu_best.pth...20260220_115121
At epoch 2549, test loss = 2.3265
...model saved to 15_exp/models/FloydWarshallDataset_tropical_0.0001_20000_20260220_112048_relu_best.pth...20260220_115128
At epoch 2551, test loss = 2.3254
...model saved to 15_exp/models/FloydWarshallDataset_tropical_0.0001_20000_20260220_112048_relu_best.pth...20260220_115129
At epoch 2554, test loss = 2.3254
...model saved to 15_exp/models/FloydWarshallDataset_tropical_0.0001_20000_20260220_112048_relu_best.pth...20260220_115131
At epoch 2555, test loss = 2.3213
...model saved to 15_exp/models/FloydWarshallDataset_tropical_0.0001_20000_20260220_112048_relu_best.pth...20260220_115132
At epoch 2557, test loss = 2.3203
...model saved to 15_exp/models/FloydWarshallDataset_tropical_0.0001_20000_20260220_112048_relu_best.pth...20260220_115133
At epoch 2567, test loss = 2.3190
...model saved to 15_exp/models/FloydWarshallDataset_tropical_0.0001_20000_20260220_112048_relu_best.pth...20260220_115140
At epoch 2568, test loss = 2.3187
...model saved to 15_exp/models/FloydWarshallDataset_tropical_0.0001_20000_20260220_112048_relu_best.pth...20260220_115141
At epoch 2570, test loss = 2.3066
...model saved to 15_exp/models/FloydWarshallDataset_tropical_0.0001_20000_20260220_112048_relu_best.pth...20260220_115142
At epoch 2571, test loss = 2.3055
...model saved to 15_exp/models/FloydWarshallDataset_tropical_0.0001_20000_20260220_112048_relu_best.pth...20260220_115143
At epoch 2574, test loss = 2.3023
...model saved to 15_exp/models/FloydWarshallDataset_tropical_0.0001_20000_20260220_112048_relu_best.pth...20260220_115145
At epoch 2576, test loss = 2.3010
...model saved to 15_exp/models/FloydWarshallDataset_tropical_0.0001_20000_20260220_112048_relu_best.pth...20260220_115146
At epoch 2580, test loss = 2.2947
...model saved to 15_exp/models/FloydWarshallDataset_tropical_0.0001_20000_20260220_112048_relu_best.pth...20260220_115149
At epoch 2594, test loss = 2.2867
...model saved to 15_exp/models/FloydWarshallDataset_tropical_0.0001_20000_20260220_112048_relu_best.pth...20260220_115158
At epoch 2606, test loss = 2.2864
...model saved to 15_exp/models/FloydWarshallDataset_tropical_0.0001_20000_20260220_112048_relu_best.pth...20260220_115206
At epoch 2609, test loss = 2.2826
...model saved to 15_exp/models/FloydWarshallDataset_tropical_0.0001_20000_20260220_112048_relu_best.pth...20260220_115208
At epoch 2610, test loss = 2.2762
...model saved to 15_exp/models/FloydWarshallDataset_tropical_0.0001_20000_20260220_112048_relu_best.pth...20260220_115209
At epoch 2613, test loss = 2.2740
...model saved to 15_exp/models/FloydWarshallDataset_tropical_0.0001_20000_20260220_112048_relu_best.pth...20260220_115211
At epoch 2614, test loss = 2.2681
...model saved to 15_exp/models/FloydWarshallDataset_tropical_0.0001_20000_20260220_112048_relu_best.pth...20260220_115212
At epoch 2619, test loss = 2.2674
...model saved to 15_exp/models/FloydWarshallDataset_tropical_0.0001_20000_20260220_112048_relu_best.pth...20260220_115215
At epoch 2627, test loss = 2.2600
...model saved to 15_exp/models/FloydWarshallDataset_tropical_0.0001_20000_20260220_112048_relu_best.pth...20260220_115221
At epoch 2628, test loss = 2.2584
...model saved to 15_exp/models/FloydWarshallDataset_tropical_0.0001_20000_20260220_112048_relu_best.pth...20260220_115222
At epoch 2634, test loss = 2.2554
...model saved to 15_exp/models/FloydWarshallDataset_tropical_0.0001_20000_20260220_112048_relu_best.pth...20260220_115226
At epoch 2639, test loss = 2.2508
...model saved to 15_exp/models/FloydWarshallDataset_tropical_0.0001_20000_20260220_112048_relu_best.pth...20260220_115229
At epoch 2644, test loss = 2.2489
...model saved to 15_exp/models/FloydWarshallDataset_tropical_0.0001_20000_20260220_112048_relu_best.pth...20260220_115232
At epoch 2650, test loss = 2.2453
...model saved to 15_exp/models/FloydWarshallDataset_tropical_0.0001_20000_20260220_112048_relu_best.pth...20260220_115236
At epoch 2654, test loss = 2.2404
...model saved to 15_exp/models/FloydWarshallDataset_tropical_0.0001_20000_20260220_112048_relu_best.pth...20260220_115239
At epoch 2655, test loss = 2.2351
...model saved to 15_exp/models/FloydWarshallDataset_tropical_0.0001_20000_20260220_112048_relu_best.pth...20260220_115240
At epoch 2662, test loss = 2.2329
...model saved to 15_exp/models/FloydWarshallDataset_tropical_0.0001_20000_20260220_112048_relu_best.pth...20260220_115245
At epoch 2670, test loss = 2.2324
...model saved to 15_exp/models/FloydWarshallDataset_tropical_0.0001_20000_20260220_112048_relu_best.pth...20260220_115250
At epoch 2675, test loss = 2.2266
...model saved to 15_exp/models/FloydWarshallDataset_tropical_0.0001_20000_20260220_112048_relu_best.pth...20260220_115253
At epoch 2684, test loss = 2.2239
...model saved to 15_exp/models/FloydWarshallDataset_tropical_0.0001_20000_20260220_112048_relu_best.pth...20260220_115300
At epoch 2689, test loss = 2.2133
...model saved to 15_exp/models/FloydWarshallDataset_tropical_0.0001_20000_20260220_112048_relu_best.pth...20260220_115303
At epoch 2691, test loss = 2.2120
...model saved to 15_exp/models/FloydWarshallDataset_tropical_0.0001_20000_20260220_112048_relu_best.pth...20260220_115304
At epoch 2697, test loss = 2.2087
...model saved to 15_exp/models/FloydWarshallDataset_tropical_0.0001_20000_20260220_112048_relu_best.pth...20260220_115308
At epoch 2708, test loss = 2.2083
...model saved to 15_exp/models/FloydWarshallDataset_tropical_0.0001_20000_20260220_112048_relu_best.pth...20260220_115316
At epoch 2715, test loss = 2.2023
...model saved to 15_exp/models/FloydWarshallDataset_tropical_0.0001_20000_20260220_112048_relu_best.pth...20260220_115321
At epoch 2717, test loss = 2.1968
...model saved to 15_exp/models/FloydWarshallDataset_tropical_0.0001_20000_20260220_112048_relu_best.pth...20260220_115322
At epoch 2725, test loss = 2.1898
...model saved to 15_exp/models/FloydWarshallDataset_tropical_0.0001_20000_20260220_112048_relu_best.pth...20260220_115327
At epoch 2734, test loss = 2.1832
...model saved to 15_exp/models/FloydWarshallDataset_tropical_0.0001_20000_20260220_112048_relu_best.pth...20260220_115333
At epoch 2738, test loss = 2.1817
...model saved to 15_exp/models/FloydWarshallDataset_tropical_0.0001_20000_20260220_112048_relu_best.pth...20260220_115336
At epoch 2743, test loss = 2.1774
...model saved to 15_exp/models/FloydWarshallDataset_tropical_0.0001_20000_20260220_112048_relu_best.pth...20260220_115339
At epoch 2747, test loss = 2.1753
...model saved to 15_exp/models/FloydWarshallDataset_tropical_0.0001_20000_20260220_112048_relu_best.pth...20260220_115342
At epoch 2753, test loss = 2.1747
...model saved to 15_exp/models/FloydWarshallDataset_tropical_0.0001_20000_20260220_112048_relu_best.pth...20260220_115346
At epoch 2754, test loss = 2.1684
...model saved to 15_exp/models/FloydWarshallDataset_tropical_0.0001_20000_20260220_112048_relu_best.pth...20260220_115347
At epoch 2759, test loss = 2.1664
...model saved to 15_exp/models/FloydWarshallDataset_tropical_0.0001_20000_20260220_112048_relu_best.pth...20260220_115350
At epoch 2764, test loss = 2.1606
...model saved to 15_exp/models/FloydWarshallDataset_tropical_0.0001_20000_20260220_112048_relu_best.pth...20260220_115354
At epoch 2779, test loss = 2.1522
...model saved to 15_exp/models/FloydWarshallDataset_tropical_0.0001_20000_20260220_112048_relu_best.pth...20260220_115404
At epoch 2787, test loss = 2.1412
...model saved to 15_exp/models/FloydWarshallDataset_tropical_0.0001_20000_20260220_112048_relu_best.pth...20260220_115409
At epoch 2812, test loss = 2.1390
...model saved to 15_exp/models/FloydWarshallDataset_tropical_0.0001_20000_20260220_112048_relu_best.pth...20260220_115427
At epoch 2815, test loss = 2.1387
...model saved to 15_exp/models/FloydWarshallDataset_tropical_0.0001_20000_20260220_112048_relu_best.pth...20260220_115429
At epoch 2816, test loss = 2.1342
...model saved to 15_exp/models/FloydWarshallDataset_tropical_0.0001_20000_20260220_112048_relu_best.pth...20260220_115429
At epoch 2819, test loss = 2.1295
...model saved to 15_exp/models/FloydWarshallDataset_tropical_0.0001_20000_20260220_112048_relu_best.pth...20260220_115432
At epoch 2822, test loss = 2.1276
...model saved to 15_exp/models/FloydWarshallDataset_tropical_0.0001_20000_20260220_112048_relu_best.pth...20260220_115434
At epoch 2824, test loss = 2.1267
...model saved to 15_exp/models/FloydWarshallDataset_tropical_0.0001_20000_20260220_112048_relu_best.pth...20260220_115435
At epoch 2826, test loss = 2.1176
...model saved to 15_exp/models/FloydWarshallDataset_tropical_0.0001_20000_20260220_112048_relu_best.pth...20260220_115437
At epoch 2844, test loss = 2.1160
...model saved to 15_exp/models/FloydWarshallDataset_tropical_0.0001_20000_20260220_112048_relu_best.pth...20260220_115449
At epoch 2848, test loss = 2.1121
...model saved to 15_exp/models/FloydWarshallDataset_tropical_0.0001_20000_20260220_112048_relu_best.pth...20260220_115451
At epoch 2849, test loss = 2.1094
...model saved to 15_exp/models/FloydWarshallDataset_tropical_0.0001_20000_20260220_112048_relu_best.pth...20260220_115452
At epoch 2859, test loss = 2.1013
...model saved to 15_exp/models/FloydWarshallDataset_tropical_0.0001_20000_20260220_112048_relu_best.pth...20260220_115459
At epoch 2864, test loss = 2.0964
...model saved to 15_exp/models/FloydWarshallDataset_tropical_0.0001_20000_20260220_112048_relu_best.pth...20260220_115502
At epoch 2870, test loss = 2.0919
...model saved to 15_exp/models/FloydWarshallDataset_tropical_0.0001_20000_20260220_112048_relu_best.pth...20260220_115506
At epoch 2873, test loss = 2.0904
...model saved to 15_exp/models/FloydWarshallDataset_tropical_0.0001_20000_20260220_112048_relu_best.pth...20260220_115508
At epoch 2883, test loss = 2.0904
...model saved to 15_exp/models/FloydWarshallDataset_tropical_0.0001_20000_20260220_112048_relu_best.pth...20260220_115516
At epoch 2884, test loss = 2.0837
...model saved to 15_exp/models/FloydWarshallDataset_tropical_0.0001_20000_20260220_112048_relu_best.pth...20260220_115517
At epoch 2887, test loss = 2.0821
...model saved to 15_exp/models/FloydWarshallDataset_tropical_0.0001_20000_20260220_112048_relu_best.pth...20260220_115519
At epoch 2888, test loss = 2.0818
...model saved to 15_exp/models/FloydWarshallDataset_tropical_0.0001_20000_20260220_112048_relu_best.pth...20260220_115520
At epoch 2900, test loss = 2.0787
...model saved to 15_exp/models/FloydWarshallDataset_tropical_0.0001_20000_20260220_112048_relu_best.pth...20260220_115529
At epoch 2905, test loss = 2.0718
...model saved to 15_exp/models/FloydWarshallDataset_tropical_0.0001_20000_20260220_112048_relu_best.pth...20260220_115533
At epoch 2907, test loss = 2.0675
...model saved to 15_exp/models/FloydWarshallDataset_tropical_0.0001_20000_20260220_112048_relu_best.pth...20260220_115535
At epoch 2912, test loss = 2.0673
...model saved to 15_exp/models/FloydWarshallDataset_tropical_0.0001_20000_20260220_112048_relu_best.pth...20260220_115538
At epoch 2914, test loss = 2.0670
...model saved to 15_exp/models/FloydWarshallDataset_tropical_0.0001_20000_20260220_112048_relu_best.pth...20260220_115540
At epoch 2916, test loss = 2.0626
...model saved to 15_exp/models/FloydWarshallDataset_tropical_0.0001_20000_20260220_112048_relu_best.pth...20260220_115542
At epoch 2926, test loss = 2.0498
...model saved to 15_exp/models/FloydWarshallDataset_tropical_0.0001_20000_20260220_112048_relu_best.pth...20260220_115549
At epoch 2932, test loss = 2.0489
...model saved to 15_exp/models/FloydWarshallDataset_tropical_0.0001_20000_20260220_112048_relu_best.pth...20260220_115553
At epoch 2939, test loss = 2.0451
...model saved to 15_exp/models/FloydWarshallDataset_tropical_0.0001_20000_20260220_112048_relu_best.pth...20260220_115559
At epoch 2949, test loss = 2.0421
...model saved to 15_exp/models/FloydWarshallDataset_tropical_0.0001_20000_20260220_112048_relu_best.pth...20260220_115607
At epoch 2955, test loss = 2.0401
...model saved to 15_exp/models/FloydWarshallDataset_tropical_0.0001_20000_20260220_112048_relu_best.pth...20260220_115611
At epoch 2959, test loss = 2.0350
...model saved to 15_exp/models/FloydWarshallDataset_tropical_0.0001_20000_20260220_112048_relu_best.pth...20260220_115615
At epoch 2960, test loss = 2.0349
...model saved to 15_exp/models/FloydWarshallDataset_tropical_0.0001_20000_20260220_112048_relu_best.pth...20260220_115615
At epoch 2963, test loss = 2.0283
...model saved to 15_exp/models/FloydWarshallDataset_tropical_0.0001_20000_20260220_112048_relu_best.pth...20260220_115618
At epoch 2975, test loss = 2.0266
...model saved to 15_exp/models/FloydWarshallDataset_tropical_0.0001_20000_20260220_112048_relu_best.pth...20260220_115627
At epoch 2980, test loss = 2.0249
...model saved to 15_exp/models/FloydWarshallDataset_tropical_0.0001_20000_20260220_112048_relu_best.pth...20260220_115631
At epoch 2987, test loss = 2.0228
...model saved to 15_exp/models/FloydWarshallDataset_tropical_0.0001_20000_20260220_112048_relu_best.pth...20260220_115636
At epoch 2988, test loss = 2.0187
...model saved to 15_exp/models/FloydWarshallDataset_tropical_0.0001_20000_20260220_112048_relu_best.pth...20260220_115637
At epoch 2993, test loss = 2.0099
...model saved to 15_exp/models/FloydWarshallDataset_tropical_0.0001_20000_20260220_112048_relu_best.pth...20260220_115641
At epoch 2999, test loss = 2.0082
...model saved to 15_exp/models/FloydWarshallDataset_tropical_0.0001_20000_20260220_112048_relu_best.pth...20260220_115646
At epoch 3003, test loss = 2.0072
...model saved to 15_exp/models/FloydWarshallDataset_tropical_0.0001_20000_20260220_112048_relu_best.pth...20260220_115649
At epoch 3006, test loss = 2.0036
...model saved to 15_exp/models/FloydWarshallDataset_tropical_0.0001_20000_20260220_112048_relu_best.pth...20260220_115651
At epoch 3011, test loss = 2.0000
...model saved to 15_exp/models/FloydWarshallDataset_tropical_0.0001_20000_20260220_112048_relu_best.pth...20260220_115655
At epoch 3021, test loss = 1.9981
...model saved to 15_exp/models/FloydWarshallDataset_tropical_0.0001_20000_20260220_112048_relu_best.pth...20260220_115703
At epoch 3025, test loss = 1.9978
...model saved to 15_exp/models/FloydWarshallDataset_tropical_0.0001_20000_20260220_112048_relu_best.pth...20260220_115706
At epoch 3027, test loss = 1.9928
...model saved to 15_exp/models/FloydWarshallDataset_tropical_0.0001_20000_20260220_112048_relu_best.pth...20260220_115707
At epoch 3031, test loss = 1.9915
...model saved to 15_exp/models/FloydWarshallDataset_tropical_0.0001_20000_20260220_112048_relu_best.pth...20260220_115710
At epoch 3032, test loss = 1.9857
...model saved to 15_exp/models/FloydWarshallDataset_tropical_0.0001_20000_20260220_112048_relu_best.pth...20260220_115711
At epoch 3036, test loss = 1.9842
...model saved to 15_exp/models/FloydWarshallDataset_tropical_0.0001_20000_20260220_112048_relu_best.pth...20260220_115714
At epoch 3044, test loss = 1.9808
...model saved to 15_exp/models/FloydWarshallDataset_tropical_0.0001_20000_20260220_112048_relu_best.pth...20260220_115720
At epoch 3047, test loss = 1.9771
...model saved to 15_exp/models/FloydWarshallDataset_tropical_0.0001_20000_20260220_112048_relu_best.pth...20260220_115722
At epoch 3053, test loss = 1.9759
...model saved to 15_exp/models/FloydWarshallDataset_tropical_0.0001_20000_20260220_112048_relu_best.pth...20260220_115727
At epoch 3054, test loss = 1.9742
...model saved to 15_exp/models/FloydWarshallDataset_tropical_0.0001_20000_20260220_112048_relu_best.pth...20260220_115728
At epoch 3055, test loss = 1.9697
...model saved to 15_exp/models/FloydWarshallDataset_tropical_0.0001_20000_20260220_112048_relu_best.pth...20260220_115728
At epoch 3068, test loss = 1.9672
...model saved to 15_exp/models/FloydWarshallDataset_tropical_0.0001_20000_20260220_112048_relu_best.pth...20260220_115738
At epoch 3072, test loss = 1.9650
...model saved to 15_exp/models/FloydWarshallDataset_tropical_0.0001_20000_20260220_112048_relu_best.pth...20260220_115741
At epoch 3074, test loss = 1.9619
...model saved to 15_exp/models/FloydWarshallDataset_tropical_0.0001_20000_20260220_112048_relu_best.pth...20260220_115742
At epoch 3079, test loss = 1.9616
...model saved to 15_exp/models/FloydWarshallDataset_tropical_0.0001_20000_20260220_112048_relu_best.pth...20260220_115746
At epoch 3083, test loss = 1.9607
...model saved to 15_exp/models/FloydWarshallDataset_tropical_0.0001_20000_20260220_112048_relu_best.pth...20260220_115748
At epoch 3090, test loss = 1.9582
...model saved to 15_exp/models/FloydWarshallDataset_tropical_0.0001_20000_20260220_112048_relu_best.pth...20260220_115753
At epoch 3092, test loss = 1.9547
...model saved to 15_exp/models/FloydWarshallDataset_tropical_0.0001_20000_20260220_112048_relu_best.pth...20260220_115755
At epoch 3097, test loss = 1.9543
...model saved to 15_exp/models/FloydWarshallDataset_tropical_0.0001_20000_20260220_112048_relu_best.pth...20260220_115758
At epoch 3098, test loss = 1.9502
...model saved to 15_exp/models/FloydWarshallDataset_tropical_0.0001_20000_20260220_112048_relu_best.pth...20260220_115759
At epoch 3100, test loss = 1.9499
...model saved to 15_exp/models/FloydWarshallDataset_tropical_0.0001_20000_20260220_112048_relu_best.pth...20260220_115801
At epoch 3102, test loss = 1.9473
...model saved to 15_exp/models/FloydWarshallDataset_tropical_0.0001_20000_20260220_112048_relu_best.pth...20260220_115802
At epoch 3110, test loss = 1.9465
...model saved to 15_exp/models/FloydWarshallDataset_tropical_0.0001_20000_20260220_112048_relu_best.pth...20260220_115808
At epoch 3111, test loss = 1.9451
...model saved to 15_exp/models/FloydWarshallDataset_tropical_0.0001_20000_20260220_112048_relu_best.pth...20260220_115808
At epoch 3113, test loss = 1.9429
...model saved to 15_exp/models/FloydWarshallDataset_tropical_0.0001_20000_20260220_112048_relu_best.pth...20260220_115810
At epoch 3120, test loss = 1.9422
...model saved to 15_exp/models/FloydWarshallDataset_tropical_0.0001_20000_20260220_112048_relu_best.pth...20260220_115815
At epoch 3122, test loss = 1.9351
...model saved to 15_exp/models/FloydWarshallDataset_tropical_0.0001_20000_20260220_112048_relu_best.pth...20260220_115816
At epoch 3140, test loss = 1.9242
...model saved to 15_exp/models/FloydWarshallDataset_tropical_0.0001_20000_20260220_112048_relu_best.pth...20260220_115829
At epoch 3150, test loss = 1.9197
...model saved to 15_exp/models/FloydWarshallDataset_tropical_0.0001_20000_20260220_112048_relu_best.pth...20260220_115836
At epoch 3153, test loss = 1.9175
...model saved to 15_exp/models/FloydWarshallDataset_tropical_0.0001_20000_20260220_112048_relu_best.pth...20260220_115838
At epoch 3176, test loss = 1.9165
...model saved to 15_exp/models/FloydWarshallDataset_tropical_0.0001_20000_20260220_112048_relu_best.pth...20260220_115854
At epoch 3177, test loss = 1.9148
...model saved to 15_exp/models/FloydWarshallDataset_tropical_0.0001_20000_20260220_112048_relu_best.pth...20260220_115854
At epoch 3179, test loss = 1.9105
...model saved to 15_exp/models/FloydWarshallDataset_tropical_0.0001_20000_20260220_112048_relu_best.pth...20260220_115856
At epoch 3181, test loss = 1.9062
...model saved to 15_exp/models/FloydWarshallDataset_tropical_0.0001_20000_20260220_112048_relu_best.pth...20260220_115857
At epoch 3191, test loss = 1.8980
...model saved to 15_exp/models/FloydWarshallDataset_tropical_0.0001_20000_20260220_112048_relu_best.pth...20260220_115904
At epoch 3204, test loss = 1.8972
...model saved to 15_exp/models/FloydWarshallDataset_tropical_0.0001_20000_20260220_112048_relu_best.pth...20260220_115912
At epoch 3207, test loss = 1.8906
...model saved to 15_exp/models/FloydWarshallDataset_tropical_0.0001_20000_20260220_112048_relu_best.pth...20260220_115914
At epoch 3216, test loss = 1.8875
...model saved to 15_exp/models/FloydWarshallDataset_tropical_0.0001_20000_20260220_112048_relu_best.pth...20260220_115920
At epoch 3218, test loss = 1.8869
...model saved to 15_exp/models/FloydWarshallDataset_tropical_0.0001_20000_20260220_112048_relu_best.pth...20260220_115922
At epoch 3223, test loss = 1.8792
...model saved to 15_exp/models/FloydWarshallDataset_tropical_0.0001_20000_20260220_112048_relu_best.pth...20260220_115925
At epoch 3238, test loss = 1.8738
...model saved to 15_exp/models/FloydWarshallDataset_tropical_0.0001_20000_20260220_112048_relu_best.pth...20260220_115935
At epoch 3248, test loss = 1.8716
...model saved to 15_exp/models/FloydWarshallDataset_tropical_0.0001_20000_20260220_112048_relu_best.pth...20260220_115942
At epoch 3250, test loss = 1.8705
...model saved to 15_exp/models/FloydWarshallDataset_tropical_0.0001_20000_20260220_112048_relu_best.pth...20260220_115943
At epoch 3255, test loss = 1.8689
...model saved to 15_exp/models/FloydWarshallDataset_tropical_0.0001_20000_20260220_112048_relu_best.pth...20260220_115947
At epoch 3260, test loss = 1.8603
...model saved to 15_exp/models/FloydWarshallDataset_tropical_0.0001_20000_20260220_112048_relu_best.pth...20260220_115950
At epoch 3276, test loss = 1.8571
...model saved to 15_exp/models/FloydWarshallDataset_tropical_0.0001_20000_20260220_112048_relu_best.pth...20260220_120001
At epoch 3279, test loss = 1.8553
...model saved to 15_exp/models/FloydWarshallDataset_tropical_0.0001_20000_20260220_112048_relu_best.pth...20260220_120004
At epoch 3285, test loss = 1.8524
...model saved to 15_exp/models/FloydWarshallDataset_tropical_0.0001_20000_20260220_112048_relu_best.pth...20260220_120008
At epoch 3291, test loss = 1.8492
...model saved to 15_exp/models/FloydWarshallDataset_tropical_0.0001_20000_20260220_112048_relu_best.pth...20260220_120012
At epoch 3304, test loss = 1.8489
...model saved to 15_exp/models/FloydWarshallDataset_tropical_0.0001_20000_20260220_112048_relu_best.pth...20260220_120021
At epoch 3307, test loss = 1.8447
...model saved to 15_exp/models/FloydWarshallDataset_tropical_0.0001_20000_20260220_112048_relu_best.pth...20260220_120023
At epoch 3310, test loss = 1.8431
...model saved to 15_exp/models/FloydWarshallDataset_tropical_0.0001_20000_20260220_112048_relu_best.pth...20260220_120025
At epoch 3313, test loss = 1.8387
...model saved to 15_exp/models/FloydWarshallDataset_tropical_0.0001_20000_20260220_112048_relu_best.pth...20260220_120027
At epoch 3316, test loss = 1.8384
...model saved to 15_exp/models/FloydWarshallDataset_tropical_0.0001_20000_20260220_112048_relu_best.pth...20260220_120029
At epoch 3321, test loss = 1.8381
...model saved to 15_exp/models/FloydWarshallDataset_tropical_0.0001_20000_20260220_112048_relu_best.pth...20260220_120032
At epoch 3326, test loss = 1.8338
...model saved to 15_exp/models/FloydWarshallDataset_tropical_0.0001_20000_20260220_112048_relu_best.pth...20260220_120035
At epoch 3334, test loss = 1.8334
...model saved to 15_exp/models/FloydWarshallDataset_tropical_0.0001_20000_20260220_112048_relu_best.pth...20260220_120041
At epoch 3336, test loss = 1.8290
...model saved to 15_exp/models/FloydWarshallDataset_tropical_0.0001_20000_20260220_112048_relu_best.pth...20260220_120042
At epoch 3343, test loss = 1.8255
...model saved to 15_exp/models/FloydWarshallDataset_tropical_0.0001_20000_20260220_112048_relu_best.pth...20260220_120047
At epoch 3345, test loss = 1.8246
...model saved to 15_exp/models/FloydWarshallDataset_tropical_0.0001_20000_20260220_112048_relu_best.pth...20260220_120048
At epoch 3347, test loss = 1.8218
...model saved to 15_exp/models/FloydWarshallDataset_tropical_0.0001_20000_20260220_112048_relu_best.pth...20260220_120050
At epoch 3361, test loss = 1.8164
...model saved to 15_exp/models/FloydWarshallDataset_tropical_0.0001_20000_20260220_112048_relu_best.pth...20260220_120059
At epoch 3375, test loss = 1.8133
...model saved to 15_exp/models/FloydWarshallDataset_tropical_0.0001_20000_20260220_112048_relu_best.pth...20260220_120109
At epoch 3378, test loss = 1.8130
...model saved to 15_exp/models/FloydWarshallDataset_tropical_0.0001_20000_20260220_112048_relu_best.pth...20260220_120111
At epoch 3380, test loss = 1.8097
...model saved to 15_exp/models/FloydWarshallDataset_tropical_0.0001_20000_20260220_112048_relu_best.pth...20260220_120112
At epoch 3385, test loss = 1.7991
...model saved to 15_exp/models/FloydWarshallDataset_tropical_0.0001_20000_20260220_112048_relu_best.pth...20260220_120116
At epoch 3393, test loss = 1.7983
...model saved to 15_exp/models/FloydWarshallDataset_tropical_0.0001_20000_20260220_112048_relu_best.pth...20260220_120121
At epoch 3408, test loss = 1.7922
...model saved to 15_exp/models/FloydWarshallDataset_tropical_0.0001_20000_20260220_112048_relu_best.pth...20260220_120131
At epoch 3426, test loss = 1.7867
...model saved to 15_exp/models/FloydWarshallDataset_tropical_0.0001_20000_20260220_112048_relu_best.pth...20260220_120143
At epoch 3444, test loss = 1.7792
...model saved to 15_exp/models/FloydWarshallDataset_tropical_0.0001_20000_20260220_112048_relu_best.pth...20260220_120155
At epoch 3447, test loss = 1.7777
...model saved to 15_exp/models/FloydWarshallDataset_tropical_0.0001_20000_20260220_112048_relu_best.pth...20260220_120158
At epoch 3451, test loss = 1.7743
...model saved to 15_exp/models/FloydWarshallDataset_tropical_0.0001_20000_20260220_112048_relu_best.pth...20260220_120200
At epoch 3465, test loss = 1.7742
...model saved to 15_exp/models/FloydWarshallDataset_tropical_0.0001_20000_20260220_112048_relu_best.pth...20260220_120210
At epoch 3470, test loss = 1.7717
...model saved to 15_exp/models/FloydWarshallDataset_tropical_0.0001_20000_20260220_112048_relu_best.pth...20260220_120213
At epoch 3472, test loss = 1.7712
...model saved to 15_exp/models/FloydWarshallDataset_tropical_0.0001_20000_20260220_112048_relu_best.pth...20260220_120214
At epoch 3473, test loss = 1.7671
...model saved to 15_exp/models/FloydWarshallDataset_tropical_0.0001_20000_20260220_112048_relu_best.pth...20260220_120215
At epoch 3474, test loss = 1.7609
...model saved to 15_exp/models/FloydWarshallDataset_tropical_0.0001_20000_20260220_112048_relu_best.pth...20260220_120216
At epoch 3492, test loss = 1.7604
...model saved to 15_exp/models/FloydWarshallDataset_tropical_0.0001_20000_20260220_112048_relu_best.pth...20260220_120228
At epoch 3502, test loss = 1.7564
...model saved to 15_exp/models/FloydWarshallDataset_tropical_0.0001_20000_20260220_112048_relu_best.pth...20260220_120235
At epoch 3504, test loss = 1.7506
...model saved to 15_exp/models/FloydWarshallDataset_tropical_0.0001_20000_20260220_112048_relu_best.pth...20260220_120236
At epoch 3524, test loss = 1.7466
...model saved to 15_exp/models/FloydWarshallDataset_tropical_0.0001_20000_20260220_112048_relu_best.pth...20260220_120250
At epoch 3527, test loss = 1.7439
...model saved to 15_exp/models/FloydWarshallDataset_tropical_0.0001_20000_20260220_112048_relu_best.pth...20260220_120252
At epoch 3533, test loss = 1.7425
...model saved to 15_exp/models/FloydWarshallDataset_tropical_0.0001_20000_20260220_112048_relu_best.pth...20260220_120256
At epoch 3538, test loss = 1.7410
...model saved to 15_exp/models/FloydWarshallDataset_tropical_0.0001_20000_20260220_112048_relu_best.pth...20260220_120259
At epoch 3546, test loss = 1.7363
...model saved to 15_exp/models/FloydWarshallDataset_tropical_0.0001_20000_20260220_112048_relu_best.pth...20260220_120304
At epoch 3559, test loss = 1.7362
...model saved to 15_exp/models/FloydWarshallDataset_tropical_0.0001_20000_20260220_112048_relu_best.pth...20260220_120313
At epoch 3565, test loss = 1.7360
...model saved to 15_exp/models/FloydWarshallDataset_tropical_0.0001_20000_20260220_112048_relu_best.pth...20260220_120317
At epoch 3566, test loss = 1.7344
...model saved to 15_exp/models/FloydWarshallDataset_tropical_0.0001_20000_20260220_112048_relu_best.pth...20260220_120318
At epoch 3571, test loss = 1.7341
...model saved to 15_exp/models/FloydWarshallDataset_tropical_0.0001_20000_20260220_112048_relu_best.pth...20260220_120322
At epoch 3573, test loss = 1.7268
...model saved to 15_exp/models/FloydWarshallDataset_tropical_0.0001_20000_20260220_112048_relu_best.pth...20260220_120323
At epoch 3574, test loss = 1.7263
...model saved to 15_exp/models/FloydWarshallDataset_tropical_0.0001_20000_20260220_112048_relu_best.pth...20260220_120324
At epoch 3585, test loss = 1.7178
...model saved to 15_exp/models/FloydWarshallDataset_tropical_0.0001_20000_20260220_112048_relu_best.pth...20260220_120331
At epoch 3589, test loss = 1.7154
...model saved to 15_exp/models/FloydWarshallDataset_tropical_0.0001_20000_20260220_112048_relu_best.pth...20260220_120334
At epoch 3613, test loss = 1.7144
...model saved to 15_exp/models/FloydWarshallDataset_tropical_0.0001_20000_20260220_112048_relu_best.pth...20260220_120350
At epoch 3614, test loss = 1.7091
...model saved to 15_exp/models/FloydWarshallDataset_tropical_0.0001_20000_20260220_112048_relu_best.pth...20260220_120350
At epoch 3617, test loss = 1.7004
...model saved to 15_exp/models/FloydWarshallDataset_tropical_0.0001_20000_20260220_112048_relu_best.pth...20260220_120352
At epoch 3633, test loss = 1.6979
...model saved to 15_exp/models/FloydWarshallDataset_tropical_0.0001_20000_20260220_112048_relu_best.pth...20260220_120403
At epoch 3658, test loss = 1.6910
...model saved to 15_exp/models/FloydWarshallDataset_tropical_0.0001_20000_20260220_112048_relu_best.pth...20260220_120420
At epoch 3669, test loss = 1.6882
...model saved to 15_exp/models/FloydWarshallDataset_tropical_0.0001_20000_20260220_112048_relu_best.pth...20260220_120428
At epoch 3684, test loss = 1.6880
...model saved to 15_exp/models/FloydWarshallDataset_tropical_0.0001_20000_20260220_112048_relu_best.pth...20260220_120438
At epoch 3686, test loss = 1.6854
...model saved to 15_exp/models/FloydWarshallDataset_tropical_0.0001_20000_20260220_112048_relu_best.pth...20260220_120439
At epoch 3694, test loss = 1.6833
...model saved to 15_exp/models/FloydWarshallDataset_tropical_0.0001_20000_20260220_112048_relu_best.pth...20260220_120444
At epoch 3701, test loss = 1.6815
...model saved to 15_exp/models/FloydWarshallDataset_tropical_0.0001_20000_20260220_112048_relu_best.pth...20260220_120449
At epoch 3706, test loss = 1.6758
...model saved to 15_exp/models/FloydWarshallDataset_tropical_0.0001_20000_20260220_112048_relu_best.pth...20260220_120453
At epoch 3717, test loss = 1.6706
...model saved to 15_exp/models/FloydWarshallDataset_tropical_0.0001_20000_20260220_112048_relu_best.pth...20260220_120500
At epoch 3720, test loss = 1.6690
...model saved to 15_exp/models/FloydWarshallDataset_tropical_0.0001_20000_20260220_112048_relu_best.pth...20260220_120502
At epoch 3738, test loss = 1.6684
...model saved to 15_exp/models/FloydWarshallDataset_tropical_0.0001_20000_20260220_112048_relu_best.pth...20260220_120514
At epoch 3741, test loss = 1.6638
...model saved to 15_exp/models/FloydWarshallDataset_tropical_0.0001_20000_20260220_112048_relu_best.pth...20260220_120516
At epoch 3744, test loss = 1.6589
...model saved to 15_exp/models/FloydWarshallDataset_tropical_0.0001_20000_20260220_112048_relu_best.pth...20260220_120518
At epoch 3748, test loss = 1.6539
...model saved to 15_exp/models/FloydWarshallDataset_tropical_0.0001_20000_20260220_112048_relu_best.pth...20260220_120522
At epoch 3780, test loss = 1.6470
...model saved to 15_exp/models/FloydWarshallDataset_tropical_0.0001_20000_20260220_112048_relu_best.pth...20260220_120547
At epoch 3795, test loss = 1.6468
...model saved to 15_exp/models/FloydWarshallDataset_tropical_0.0001_20000_20260220_112048_relu_best.pth...20260220_120559
At epoch 3801, test loss = 1.6436
...model saved to 15_exp/models/FloydWarshallDataset_tropical_0.0001_20000_20260220_112048_relu_best.pth...20260220_120603
At epoch 3816, test loss = 1.6428
...model saved to 15_exp/models/FloydWarshallDataset_tropical_0.0001_20000_20260220_112048_relu_best.pth...20260220_120615
At epoch 3819, test loss = 1.6338
...model saved to 15_exp/models/FloydWarshallDataset_tropical_0.0001_20000_20260220_112048_relu_best.pth...20260220_120617
At epoch 3834, test loss = 1.6331
...model saved to 15_exp/models/FloydWarshallDataset_tropical_0.0001_20000_20260220_112048_relu_best.pth...20260220_120629
At epoch 3839, test loss = 1.6331
...model saved to 15_exp/models/FloydWarshallDataset_tropical_0.0001_20000_20260220_112048_relu_best.pth...20260220_120633
At epoch 3847, test loss = 1.6315
...model saved to 15_exp/models/FloydWarshallDataset_tropical_0.0001_20000_20260220_112048_relu_best.pth...20260220_120639
At epoch 3856, test loss = 1.6278
...model saved to 15_exp/models/FloydWarshallDataset_tropical_0.0001_20000_20260220_112048_relu_best.pth...20260220_120646
At epoch 3861, test loss = 1.6232
...model saved to 15_exp/models/FloydWarshallDataset_tropical_0.0001_20000_20260220_112048_relu_best.pth...20260220_120650
At epoch 3863, test loss = 1.6218
...model saved to 15_exp/models/FloydWarshallDataset_tropical_0.0001_20000_20260220_112048_relu_best.pth...20260220_120651
At epoch 3869, test loss = 1.6180
...model saved to 15_exp/models/FloydWarshallDataset_tropical_0.0001_20000_20260220_112048_relu_best.pth...20260220_120656
At epoch 3870, test loss = 1.6179
...model saved to 15_exp/models/FloydWarshallDataset_tropical_0.0001_20000_20260220_112048_relu_best.pth...20260220_120656
At epoch 3880, test loss = 1.6175
...model saved to 15_exp/models/FloydWarshallDataset_tropical_0.0001_20000_20260220_112048_relu_best.pth...20260220_120704
At epoch 3899, test loss = 1.6142
...model saved to 15_exp/models/FloydWarshallDataset_tropical_0.0001_20000_20260220_112048_relu_best.pth...20260220_120718
At epoch 3901, test loss = 1.6139
...model saved to 15_exp/models/FloydWarshallDataset_tropical_0.0001_20000_20260220_112048_relu_best.pth...20260220_120719
At epoch 3906, test loss = 1.6096
...model saved to 15_exp/models/FloydWarshallDataset_tropical_0.0001_20000_20260220_112048_relu_best.pth...20260220_120723
At epoch 3911, test loss = 1.6091
...model saved to 15_exp/models/FloydWarshallDataset_tropical_0.0001_20000_20260220_112048_relu_best.pth...20260220_120727
At epoch 3916, test loss = 1.6072
...model saved to 15_exp/models/FloydWarshallDataset_tropical_0.0001_20000_20260220_112048_relu_best.pth...20260220_120730
At epoch 3925, test loss = 1.6056
...model saved to 15_exp/models/FloydWarshallDataset_tropical_0.0001_20000_20260220_112048_relu_best.pth...20260220_120736
At epoch 3930, test loss = 1.6050
...model saved to 15_exp/models/FloydWarshallDataset_tropical_0.0001_20000_20260220_112048_relu_best.pth...20260220_120739
At epoch 3931, test loss = 1.6028
...model saved to 15_exp/models/FloydWarshallDataset_tropical_0.0001_20000_20260220_112048_relu_best.pth...20260220_120740
At epoch 3939, test loss = 1.6001
...model saved to 15_exp/models/FloydWarshallDataset_tropical_0.0001_20000_20260220_112048_relu_best.pth...20260220_120745
At epoch 3947, test loss = 1.5989
...model saved to 15_exp/models/FloydWarshallDataset_tropical_0.0001_20000_20260220_112048_relu_best.pth...20260220_120751
At epoch 3948, test loss = 1.5960
...model saved to 15_exp/models/FloydWarshallDataset_tropical_0.0001_20000_20260220_112048_relu_best.pth...20260220_120751
At epoch 3956, test loss = 1.5899
...model saved to 15_exp/models/FloydWarshallDataset_tropical_0.0001_20000_20260220_112048_relu_best.pth...20260220_120757
At epoch 3967, test loss = 1.5874
...model saved to 15_exp/models/FloydWarshallDataset_tropical_0.0001_20000_20260220_112048_relu_best.pth...20260220_120804
At epoch 3983, test loss = 1.5860
...model saved to 15_exp/models/FloydWarshallDataset_tropical_0.0001_20000_20260220_112048_relu_best.pth...20260220_120815
At epoch 3992, test loss = 1.5840
...model saved to 15_exp/models/FloydWarshallDataset_tropical_0.0001_20000_20260220_112048_relu_best.pth...20260220_120821
At epoch 3993, test loss = 1.5839
...model saved to 15_exp/models/FloydWarshallDataset_tropical_0.0001_20000_20260220_112048_relu_best.pth...20260220_120822
At epoch 4011, test loss = 1.5802
...model saved to 15_exp/models/FloydWarshallDataset_tropical_0.0001_20000_20260220_112048_relu_best.pth...20260220_120834
At epoch 4015, test loss = 1.5794
...model saved to 15_exp/models/FloydWarshallDataset_tropical_0.0001_20000_20260220_112048_relu_best.pth...20260220_120837
At epoch 4028, test loss = 1.5683
...model saved to 15_exp/models/FloydWarshallDataset_tropical_0.0001_20000_20260220_112048_relu_best.pth...20260220_120846
At epoch 4056, test loss = 1.5654
...model saved to 15_exp/models/FloydWarshallDataset_tropical_0.0001_20000_20260220_112048_relu_best.pth...20260220_120904
At epoch 4059, test loss = 1.5618
...model saved to 15_exp/models/FloydWarshallDataset_tropical_0.0001_20000_20260220_112048_relu_best.pth...20260220_120907
At epoch 4081, test loss = 1.5549
...model saved to 15_exp/models/FloydWarshallDataset_tropical_0.0001_20000_20260220_112048_relu_best.pth...20260220_120921
At epoch 4097, test loss = 1.5530
...model saved to 15_exp/models/FloydWarshallDataset_tropical_0.0001_20000_20260220_112048_relu_best.pth...20260220_120932
At epoch 4118, test loss = 1.5517
...model saved to 15_exp/models/FloydWarshallDataset_tropical_0.0001_20000_20260220_112048_relu_best.pth...20260220_120946
At epoch 4122, test loss = 1.5449
...model saved to 15_exp/models/FloydWarshallDataset_tropical_0.0001_20000_20260220_112048_relu_best.pth...20260220_120949
At epoch 4136, test loss = 1.5447
...model saved to 15_exp/models/FloydWarshallDataset_tropical_0.0001_20000_20260220_112048_relu_best.pth...20260220_120958
At epoch 4141, test loss = 1.5435
...model saved to 15_exp/models/FloydWarshallDataset_tropical_0.0001_20000_20260220_112048_relu_best.pth...20260220_121001
At epoch 4154, test loss = 1.5376
...model saved to 15_exp/models/FloydWarshallDataset_tropical_0.0001_20000_20260220_112048_relu_best.pth...20260220_121010
At epoch 4166, test loss = 1.5343
...model saved to 15_exp/models/FloydWarshallDataset_tropical_0.0001_20000_20260220_112048_relu_best.pth...20260220_121018
At epoch 4171, test loss = 1.5337
...model saved to 15_exp/models/FloydWarshallDataset_tropical_0.0001_20000_20260220_112048_relu_best.pth...20260220_121021
At epoch 4174, test loss = 1.5336
...model saved to 15_exp/models/FloydWarshallDataset_tropical_0.0001_20000_20260220_112048_relu_best.pth...20260220_121023
At epoch 4183, test loss = 1.5271
...model saved to 15_exp/models/FloydWarshallDataset_tropical_0.0001_20000_20260220_112048_relu_best.pth...20260220_121030
At epoch 4195, test loss = 1.5257
...model saved to 15_exp/models/FloydWarshallDataset_tropical_0.0001_20000_20260220_112048_relu_best.pth...20260220_121038
At epoch 4201, test loss = 1.5225
...model saved to 15_exp/models/FloydWarshallDataset_tropical_0.0001_20000_20260220_112048_relu_best.pth...20260220_121042
At epoch 4210, test loss = 1.5220
...model saved to 15_exp/models/FloydWarshallDataset_tropical_0.0001_20000_20260220_112048_relu_best.pth...20260220_121048
At epoch 4221, test loss = 1.5220
...model saved to 15_exp/models/FloydWarshallDataset_tropical_0.0001_20000_20260220_112048_relu_best.pth...20260220_121055
At epoch 4222, test loss = 1.5144
...model saved to 15_exp/models/FloydWarshallDataset_tropical_0.0001_20000_20260220_112048_relu_best.pth...20260220_121056
At epoch 4249, test loss = 1.5143
...model saved to 15_exp/models/FloydWarshallDataset_tropical_0.0001_20000_20260220_112048_relu_best.pth...20260220_121114
At epoch 4254, test loss = 1.5115
...model saved to 15_exp/models/FloydWarshallDataset_tropical_0.0001_20000_20260220_112048_relu_best.pth...20260220_121118
At epoch 4255, test loss = 1.5105
...model saved to 15_exp/models/FloydWarshallDataset_tropical_0.0001_20000_20260220_112048_relu_best.pth...20260220_121118
At epoch 4259, test loss = 1.5085
...model saved to 15_exp/models/FloydWarshallDataset_tropical_0.0001_20000_20260220_112048_relu_best.pth...20260220_121121
At epoch 4270, test loss = 1.5079
...model saved to 15_exp/models/FloydWarshallDataset_tropical_0.0001_20000_20260220_112048_relu_best.pth...20260220_121129
At epoch 4275, test loss = 1.5039
...model saved to 15_exp/models/FloydWarshallDataset_tropical_0.0001_20000_20260220_112048_relu_best.pth...20260220_121132
At epoch 4283, test loss = 1.5031
...model saved to 15_exp/models/FloydWarshallDataset_tropical_0.0001_20000_20260220_112048_relu_best.pth...20260220_121137
At epoch 4285, test loss = 1.4998
...model saved to 15_exp/models/FloydWarshallDataset_tropical_0.0001_20000_20260220_112048_relu_best.pth...20260220_121139
At epoch 4298, test loss = 1.4968
...model saved to 15_exp/models/FloydWarshallDataset_tropical_0.0001_20000_20260220_112048_relu_best.pth...20260220_121148
At epoch 4318, test loss = 1.4959
...model saved to 15_exp/models/FloydWarshallDataset_tropical_0.0001_20000_20260220_112048_relu_best.pth...20260220_121201
At epoch 4319, test loss = 1.4956
...model saved to 15_exp/models/FloydWarshallDataset_tropical_0.0001_20000_20260220_112048_relu_best.pth...20260220_121202
At epoch 4324, test loss = 1.4872
...model saved to 15_exp/models/FloydWarshallDataset_tropical_0.0001_20000_20260220_112048_relu_best.pth...20260220_121206
At epoch 4352, test loss = 1.4820
...model saved to 15_exp/models/FloydWarshallDataset_tropical_0.0001_20000_20260220_112048_relu_best.pth...20260220_121225
At epoch 4361, test loss = 1.4802
...model saved to 15_exp/models/FloydWarshallDataset_tropical_0.0001_20000_20260220_112048_relu_best.pth...20260220_121231
At epoch 4364, test loss = 1.4789
...model saved to 15_exp/models/FloydWarshallDataset_tropical_0.0001_20000_20260220_112048_relu_best.pth...20260220_121233
At epoch 4367, test loss = 1.4788
...model saved to 15_exp/models/FloydWarshallDataset_tropical_0.0001_20000_20260220_112048_relu_best.pth...20260220_121235
At epoch 4384, test loss = 1.4787
...model saved to 15_exp/models/FloydWarshallDataset_tropical_0.0001_20000_20260220_112048_relu_best.pth...20260220_121247
At epoch 4393, test loss = 1.4779
...model saved to 15_exp/models/FloydWarshallDataset_tropical_0.0001_20000_20260220_112048_relu_best.pth...20260220_121253
At epoch 4396, test loss = 1.4738
...model saved to 15_exp/models/FloydWarshallDataset_tropical_0.0001_20000_20260220_112048_relu_best.pth...20260220_121256
At epoch 4397, test loss = 1.4706
...model saved to 15_exp/models/FloydWarshallDataset_tropical_0.0001_20000_20260220_112048_relu_best.pth...20260220_121257
At epoch 4402, test loss = 1.4677
...model saved to 15_exp/models/FloydWarshallDataset_tropical_0.0001_20000_20260220_112048_relu_best.pth...20260220_121300
At epoch 4409, test loss = 1.4663
...model saved to 15_exp/models/FloydWarshallDataset_tropical_0.0001_20000_20260220_112048_relu_best.pth...20260220_121306
At epoch 4419, test loss = 1.4637
...model saved to 15_exp/models/FloydWarshallDataset_tropical_0.0001_20000_20260220_112048_relu_best.pth...20260220_121312
At epoch 4420, test loss = 1.4625
...model saved to 15_exp/models/FloydWarshallDataset_tropical_0.0001_20000_20260220_112048_relu_best.pth...20260220_121313
At epoch 4443, test loss = 1.4614
...model saved to 15_exp/models/FloydWarshallDataset_tropical_0.0001_20000_20260220_112048_relu_best.pth...20260220_121329
At epoch 4449, test loss = 1.4605
...model saved to 15_exp/models/FloydWarshallDataset_tropical_0.0001_20000_20260220_112048_relu_best.pth...20260220_121333
At epoch 4460, test loss = 1.4587
...model saved to 15_exp/models/FloydWarshallDataset_tropical_0.0001_20000_20260220_112048_relu_best.pth...20260220_121340
At epoch 4462, test loss = 1.4565
...model saved to 15_exp/models/FloydWarshallDataset_tropical_0.0001_20000_20260220_112048_relu_best.pth...20260220_121341
At epoch 4477, test loss = 1.4558
...model saved to 15_exp/models/FloydWarshallDataset_tropical_0.0001_20000_20260220_112048_relu_best.pth...20260220_121352
At epoch 4479, test loss = 1.4515
...model saved to 15_exp/models/FloydWarshallDataset_tropical_0.0001_20000_20260220_112048_relu_best.pth...20260220_121353
At epoch 4502, test loss = 1.4494
...model saved to 15_exp/models/FloydWarshallDataset_tropical_0.0001_20000_20260220_112048_relu_best.pth...20260220_121408
At epoch 4508, test loss = 1.4488
...model saved to 15_exp/models/FloydWarshallDataset_tropical_0.0001_20000_20260220_112048_relu_best.pth...20260220_121413
At epoch 4511, test loss = 1.4459
...model saved to 15_exp/models/FloydWarshallDataset_tropical_0.0001_20000_20260220_112048_relu_best.pth...20260220_121415
At epoch 4513, test loss = 1.4414
...model saved to 15_exp/models/FloydWarshallDataset_tropical_0.0001_20000_20260220_112048_relu_best.pth...20260220_121416
At epoch 4519, test loss = 1.4364
...model saved to 15_exp/models/FloydWarshallDataset_tropical_0.0001_20000_20260220_112048_relu_best.pth...20260220_121420
At epoch 4543, test loss = 1.4362
...model saved to 15_exp/models/FloydWarshallDataset_tropical_0.0001_20000_20260220_112048_relu_best.pth...20260220_121436
At epoch 4556, test loss = 1.4360
...model saved to 15_exp/models/FloydWarshallDataset_tropical_0.0001_20000_20260220_112048_relu_best.pth...20260220_121445
At epoch 4557, test loss = 1.4338
...model saved to 15_exp/models/FloydWarshallDataset_tropical_0.0001_20000_20260220_112048_relu_best.pth...20260220_121446
At epoch 4558, test loss = 1.4315
...model saved to 15_exp/models/FloydWarshallDataset_tropical_0.0001_20000_20260220_112048_relu_best.pth...20260220_121446
At epoch 4571, test loss = 1.4271
...model saved to 15_exp/models/FloydWarshallDataset_tropical_0.0001_20000_20260220_112048_relu_best.pth...20260220_121455
At epoch 4588, test loss = 1.4251
...model saved to 15_exp/models/FloydWarshallDataset_tropical_0.0001_20000_20260220_112048_relu_best.pth...20260220_121507
At epoch 4626, test loss = 1.4237
...model saved to 15_exp/models/FloydWarshallDataset_tropical_0.0001_20000_20260220_112048_relu_best.pth...20260220_121532
At epoch 4627, test loss = 1.4210
...model saved to 15_exp/models/FloydWarshallDataset_tropical_0.0001_20000_20260220_112048_relu_best.pth...20260220_121533
At epoch 4633, test loss = 1.4191
...model saved to 15_exp/models/FloydWarshallDataset_tropical_0.0001_20000_20260220_112048_relu_best.pth...20260220_121537
At epoch 4642, test loss = 1.4181
...model saved to 15_exp/models/FloydWarshallDataset_tropical_0.0001_20000_20260220_112048_relu_best.pth...20260220_121543
At epoch 4647, test loss = 1.4172
...model saved to 15_exp/models/FloydWarshallDataset_tropical_0.0001_20000_20260220_112048_relu_best.pth...20260220_121547
At epoch 4652, test loss = 1.4170
...model saved to 15_exp/models/FloydWarshallDataset_tropical_0.0001_20000_20260220_112048_relu_best.pth...20260220_121550
At epoch 4657, test loss = 1.4105
...model saved to 15_exp/models/FloydWarshallDataset_tropical_0.0001_20000_20260220_112048_relu_best.pth...20260220_121553
At epoch 4665, test loss = 1.4096
...model saved to 15_exp/models/FloydWarshallDataset_tropical_0.0001_20000_20260220_112048_relu_best.pth...20260220_121559
At epoch 4680, test loss = 1.4053
...model saved to 15_exp/models/FloydWarshallDataset_tropical_0.0001_20000_20260220_112048_relu_best.pth...20260220_121609
At epoch 4694, test loss = 1.4048
...model saved to 15_exp/models/FloydWarshallDataset_tropical_0.0001_20000_20260220_112048_relu_best.pth...20260220_121619
At epoch 4711, test loss = 1.3955
...model saved to 15_exp/models/FloydWarshallDataset_tropical_0.0001_20000_20260220_112048_relu_best.pth...20260220_121631
At epoch 4731, test loss = 1.3948
...model saved to 15_exp/models/FloydWarshallDataset_tropical_0.0001_20000_20260220_112048_relu_best.pth...20260220_121645
At epoch 4740, test loss = 1.3927
...model saved to 15_exp/models/FloydWarshallDataset_tropical_0.0001_20000_20260220_112048_relu_best.pth...20260220_121651
At epoch 4758, test loss = 1.3909
...model saved to 15_exp/models/FloydWarshallDataset_tropical_0.0001_20000_20260220_112048_relu_best.pth...20260220_121703
At epoch 4779, test loss = 1.3862
...model saved to 15_exp/models/FloydWarshallDataset_tropical_0.0001_20000_20260220_112048_relu_best.pth...20260220_121718
At epoch 4781, test loss = 1.3827
...model saved to 15_exp/models/FloydWarshallDataset_tropical_0.0001_20000_20260220_112048_relu_best.pth...20260220_121719
At epoch 4810, test loss = 1.3799
...model saved to 15_exp/models/FloydWarshallDataset_tropical_0.0001_20000_20260220_112048_relu_best.pth...20260220_121738
At epoch 4824, test loss = 1.3775
...model saved to 15_exp/models/FloydWarshallDataset_tropical_0.0001_20000_20260220_112048_relu_best.pth...20260220_121748
At epoch 4854, test loss = 1.3710
...model saved to 15_exp/models/FloydWarshallDataset_tropical_0.0001_20000_20260220_112048_relu_best.pth...20260220_121808
At epoch 4871, test loss = 1.3662
...model saved to 15_exp/models/FloydWarshallDataset_tropical_0.0001_20000_20260220_112048_relu_best.pth...20260220_121820
At epoch 4882, test loss = 1.3655
...model saved to 15_exp/models/FloydWarshallDataset_tropical_0.0001_20000_20260220_112048_relu_best.pth...20260220_121827
At epoch 4895, test loss = 1.3647
...model saved to 15_exp/models/FloydWarshallDataset_tropical_0.0001_20000_20260220_112048_relu_best.pth...20260220_121836
At epoch 4902, test loss = 1.3595
...model saved to 15_exp/models/FloydWarshallDataset_tropical_0.0001_20000_20260220_112048_relu_best.pth...20260220_121841
At epoch 4903, test loss = 1.3565
...model saved to 15_exp/models/FloydWarshallDataset_tropical_0.0001_20000_20260220_112048_relu_best.pth...20260220_121842
At epoch 4922, test loss = 1.3564
...model saved to 15_exp/models/FloydWarshallDataset_tropical_0.0001_20000_20260220_112048_relu_best.pth...20260220_121855
At epoch 4951, test loss = 1.3536
...model saved to 15_exp/models/FloydWarshallDataset_tropical_0.0001_20000_20260220_112048_relu_best.pth...20260220_121914
At epoch 4963, test loss = 1.3515
...model saved to 15_exp/models/FloydWarshallDataset_tropical_0.0001_20000_20260220_112048_relu_best.pth...20260220_121923
At epoch 4979, test loss = 1.3499
...model saved to 15_exp/models/FloydWarshallDataset_tropical_0.0001_20000_20260220_112048_relu_best.pth...20260220_121934
At epoch 4994, test loss = 1.3473
...model saved to 15_exp/models/FloydWarshallDataset_tropical_0.0001_20000_20260220_112048_relu_best.pth...20260220_121944
At epoch 4997, test loss = 1.3467
...model saved to 15_exp/models/FloydWarshallDataset_tropical_0.0001_20000_20260220_112048_relu_best.pth...20260220_121946
At epoch 5018, test loss = 1.3443
...model saved to 15_exp/models/FloydWarshallDataset_tropical_0.0001_20000_20260220_112048_relu_best.pth...20260220_122000
At epoch 5037, test loss = 1.3399
...model saved to 15_exp/models/FloydWarshallDataset_tropical_0.0001_20000_20260220_112048_relu_best.pth...20260220_122013
At epoch 5072, test loss = 1.3384
...model saved to 15_exp/models/FloydWarshallDataset_tropical_0.0001_20000_20260220_112048_relu_best.pth...20260220_122037
At epoch 5083, test loss = 1.3373
...model saved to 15_exp/models/FloydWarshallDataset_tropical_0.0001_20000_20260220_112048_relu_best.pth...20260220_122045
At epoch 5097, test loss = 1.3312
...model saved to 15_exp/models/FloydWarshallDataset_tropical_0.0001_20000_20260220_112048_relu_best.pth...20260220_122054
At epoch 5110, test loss = 1.3303
...model saved to 15_exp/models/FloydWarshallDataset_tropical_0.0001_20000_20260220_112048_relu_best.pth...20260220_122103
At epoch 5122, test loss = 1.3277
...model saved to 15_exp/models/FloydWarshallDataset_tropical_0.0001_20000_20260220_112048_relu_best.pth...20260220_122112
At epoch 5130, test loss = 1.3261
...model saved to 15_exp/models/FloydWarshallDataset_tropical_0.0001_20000_20260220_112048_relu_best.pth...20260220_122117
At epoch 5145, test loss = 1.3228
...model saved to 15_exp/models/FloydWarshallDataset_tropical_0.0001_20000_20260220_112048_relu_best.pth...20260220_122127
At epoch 5146, test loss = 1.3225
...model saved to 15_exp/models/FloydWarshallDataset_tropical_0.0001_20000_20260220_112048_relu_best.pth...20260220_122128
At epoch 5164, test loss = 1.3193
...model saved to 15_exp/models/FloydWarshallDataset_tropical_0.0001_20000_20260220_112048_relu_best.pth...20260220_122140
At epoch 5198, test loss = 1.3175
...model saved to 15_exp/models/FloydWarshallDataset_tropical_0.0001_20000_20260220_112048_relu_best.pth...20260220_122204
At epoch 5213, test loss = 1.3118
...model saved to 15_exp/models/FloydWarshallDataset_tropical_0.0001_20000_20260220_112048_relu_best.pth...20260220_122214
At epoch 5237, test loss = 1.3104
...model saved to 15_exp/models/FloydWarshallDataset_tropical_0.0001_20000_20260220_112048_relu_best.pth...20260220_122231
At epoch 5244, test loss = 1.3080
...model saved to 15_exp/models/FloydWarshallDataset_tropical_0.0001_20000_20260220_112048_relu_best.pth...20260220_122235
At epoch 5253, test loss = 1.3079
...model saved to 15_exp/models/FloydWarshallDataset_tropical_0.0001_20000_20260220_112048_relu_best.pth...20260220_122242
At epoch 5275, test loss = 1.3070
...model saved to 15_exp/models/FloydWarshallDataset_tropical_0.0001_20000_20260220_112048_relu_best.pth...20260220_122257
At epoch 5291, test loss = 1.3019
...model saved to 15_exp/models/FloydWarshallDataset_tropical_0.0001_20000_20260220_112048_relu_best.pth...20260220_122309
At epoch 5293, test loss = 1.3008
...model saved to 15_exp/models/FloydWarshallDataset_tropical_0.0001_20000_20260220_112048_relu_best.pth...20260220_122310
At epoch 5320, test loss = 1.2990
...model saved to 15_exp/models/FloydWarshallDataset_tropical_0.0001_20000_20260220_112048_relu_best.pth...20260220_122330
At epoch 5324, test loss = 1.2973
...model saved to 15_exp/models/FloydWarshallDataset_tropical_0.0001_20000_20260220_112048_relu_best.pth...20260220_122332
At epoch 5339, test loss = 1.2962
...model saved to 15_exp/models/FloydWarshallDataset_tropical_0.0001_20000_20260220_112048_relu_best.pth...20260220_122343
At epoch 5350, test loss = 1.2953
...model saved to 15_exp/models/FloydWarshallDataset_tropical_0.0001_20000_20260220_112048_relu_best.pth...20260220_122351
At epoch 5363, test loss = 1.2917
...model saved to 15_exp/models/FloydWarshallDataset_tropical_0.0001_20000_20260220_112048_relu_best.pth...20260220_122401
At epoch 5382, test loss = 1.2896
...model saved to 15_exp/models/FloydWarshallDataset_tropical_0.0001_20000_20260220_112048_relu_best.pth...20260220_122414
At epoch 5398, test loss = 1.2836
...model saved to 15_exp/models/FloydWarshallDataset_tropical_0.0001_20000_20260220_112048_relu_best.pth...20260220_122426
At epoch 5459, test loss = 1.2784
...model saved to 15_exp/models/FloydWarshallDataset_tropical_0.0001_20000_20260220_112048_relu_best.pth...20260220_122510
At epoch 5482, test loss = 1.2784
...model saved to 15_exp/models/FloydWarshallDataset_tropical_0.0001_20000_20260220_112048_relu_best.pth...20260220_122527
At epoch 5496, test loss = 1.2745
...model saved to 15_exp/models/FloydWarshallDataset_tropical_0.0001_20000_20260220_112048_relu_best.pth...20260220_122537
At epoch 5520, test loss = 1.2732
...model saved to 15_exp/models/FloydWarshallDataset_tropical_0.0001_20000_20260220_112048_relu_best.pth...20260220_122554
At epoch 5523, test loss = 1.2711
...model saved to 15_exp/models/FloydWarshallDataset_tropical_0.0001_20000_20260220_112048_relu_best.pth...20260220_122556
At epoch 5547, test loss = 1.2671
...model saved to 15_exp/models/FloydWarshallDataset_tropical_0.0001_20000_20260220_112048_relu_best.pth...20260220_122614
At epoch 5548, test loss = 1.2653
...model saved to 15_exp/models/FloydWarshallDataset_tropical_0.0001_20000_20260220_112048_relu_best.pth...20260220_122614
At epoch 5578, test loss = 1.2651
...model saved to 15_exp/models/FloydWarshallDataset_tropical_0.0001_20000_20260220_112048_relu_best.pth...20260220_122636
At epoch 5595, test loss = 1.2596
...model saved to 15_exp/models/FloydWarshallDataset_tropical_0.0001_20000_20260220_112048_relu_best.pth...20260220_122648
At epoch 5634, test loss = 1.2546
...model saved to 15_exp/models/FloydWarshallDataset_tropical_0.0001_20000_20260220_112048_relu_best.pth...20260220_122716
At epoch 5637, test loss = 1.2540
...model saved to 15_exp/models/FloydWarshallDataset_tropical_0.0001_20000_20260220_112048_relu_best.pth...20260220_122718
At epoch 5692, test loss = 1.2540
...model saved to 15_exp/models/FloydWarshallDataset_tropical_0.0001_20000_20260220_112048_relu_best.pth...20260220_122758
At epoch 5693, test loss = 1.2533
...model saved to 15_exp/models/FloydWarshallDataset_tropical_0.0001_20000_20260220_112048_relu_best.pth...20260220_122758
At epoch 5699, test loss = 1.2511
...model saved to 15_exp/models/FloydWarshallDataset_tropical_0.0001_20000_20260220_112048_relu_best.pth...20260220_122803
At epoch 5708, test loss = 1.2497
...model saved to 15_exp/models/FloydWarshallDataset_tropical_0.0001_20000_20260220_112048_relu_best.pth...20260220_122809
At epoch 5725, test loss = 1.2462
...model saved to 15_exp/models/FloydWarshallDataset_tropical_0.0001_20000_20260220_112048_relu_best.pth...20260220_122822
At epoch 5737, test loss = 1.2455
...model saved to 15_exp/models/FloydWarshallDataset_tropical_0.0001_20000_20260220_112048_relu_best.pth...20260220_122830
At epoch 5747, test loss = 1.2424
...model saved to 15_exp/models/FloydWarshallDataset_tropical_0.0001_20000_20260220_112048_relu_best.pth...20260220_122837
At epoch 5757, test loss = 1.2407
...model saved to 15_exp/models/FloydWarshallDataset_tropical_0.0001_20000_20260220_112048_relu_best.pth...20260220_122845
At epoch 5800, test loss = 1.2388
...model saved to 15_exp/models/FloydWarshallDataset_tropical_0.0001_20000_20260220_112048_relu_best.pth...20260220_122916
At epoch 5801, test loss = 1.2387
...model saved to 15_exp/models/FloydWarshallDataset_tropical_0.0001_20000_20260220_112048_relu_best.pth...20260220_122916
At epoch 5813, test loss = 1.2382
...model saved to 15_exp/models/FloydWarshallDataset_tropical_0.0001_20000_20260220_112048_relu_best.pth...20260220_122925
At epoch 5826, test loss = 1.2365
...model saved to 15_exp/models/FloydWarshallDataset_tropical_0.0001_20000_20260220_112048_relu_best.pth...20260220_122935
At epoch 5834, test loss = 1.2344
...model saved to 15_exp/models/FloydWarshallDataset_tropical_0.0001_20000_20260220_112048_relu_best.pth...20260220_122941
At epoch 5837, test loss = 1.2298
...model saved to 15_exp/models/FloydWarshallDataset_tropical_0.0001_20000_20260220_112048_relu_best.pth...20260220_122943
At epoch 5893, test loss = 1.2292
...model saved to 15_exp/models/FloydWarshallDataset_tropical_0.0001_20000_20260220_112048_relu_best.pth...20260220_123028
At epoch 5900, test loss = 1.2235
...model saved to 15_exp/models/FloydWarshallDataset_tropical_0.0001_20000_20260220_112048_relu_best.pth...20260220_123034
At epoch 5956, test loss = 1.2226
...model saved to 15_exp/models/FloydWarshallDataset_tropical_0.0001_20000_20260220_112048_relu_best.pth...20260220_123119
At epoch 5961, test loss = 1.2214
...model saved to 15_exp/models/FloydWarshallDataset_tropical_0.0001_20000_20260220_112048_relu_best.pth...20260220_123123
At epoch 5987, test loss = 1.2153
...model saved to 15_exp/models/FloydWarshallDataset_tropical_0.0001_20000_20260220_112048_relu_best.pth...20260220_123142
At epoch 6003, test loss = 1.2146
...model saved to 15_exp/models/FloydWarshallDataset_tropical_0.0001_20000_20260220_112048_relu_best.pth...20260220_123154
At epoch 6017, test loss = 1.2116
...model saved to 15_exp/models/FloydWarshallDataset_tropical_0.0001_20000_20260220_112048_relu_best.pth...20260220_123204
At epoch 6041, test loss = 1.2114
...model saved to 15_exp/models/FloydWarshallDataset_tropical_0.0001_20000_20260220_112048_relu_best.pth...20260220_123221
At epoch 6050, test loss = 1.2101
...model saved to 15_exp/models/FloydWarshallDataset_tropical_0.0001_20000_20260220_112048_relu_best.pth...20260220_123228
At epoch 6064, test loss = 1.2089
...model saved to 15_exp/models/FloydWarshallDataset_tropical_0.0001_20000_20260220_112048_relu_best.pth...20260220_123238
At epoch 6069, test loss = 1.2084
...model saved to 15_exp/models/FloydWarshallDataset_tropical_0.0001_20000_20260220_112048_relu_best.pth...20260220_123241
At epoch 6083, test loss = 1.2077
...model saved to 15_exp/models/FloydWarshallDataset_tropical_0.0001_20000_20260220_112048_relu_best.pth...20260220_123251
At epoch 6129, test loss = 1.2038
...model saved to 15_exp/models/FloydWarshallDataset_tropical_0.0001_20000_20260220_112048_relu_best.pth...20260220_123324
At epoch 6147, test loss = 1.2036
...model saved to 15_exp/models/FloydWarshallDataset_tropical_0.0001_20000_20260220_112048_relu_best.pth...20260220_123336
At epoch 6149, test loss = 1.2028
...model saved to 15_exp/models/FloydWarshallDataset_tropical_0.0001_20000_20260220_112048_relu_best.pth...20260220_123338
At epoch 6170, test loss = 1.1991
...model saved to 15_exp/models/FloydWarshallDataset_tropical_0.0001_20000_20260220_112048_relu_best.pth...20260220_123352
At epoch 6180, test loss = 1.1985
...model saved to 15_exp/models/FloydWarshallDataset_tropical_0.0001_20000_20260220_112048_relu_best.pth...20260220_123359
At epoch 6191, test loss = 1.1985
...model saved to 15_exp/models/FloydWarshallDataset_tropical_0.0001_20000_20260220_112048_relu_best.pth...20260220_123406
At epoch 6198, test loss = 1.1981
...model saved to 15_exp/models/FloydWarshallDataset_tropical_0.0001_20000_20260220_112048_relu_best.pth...20260220_123410
At epoch 6223, test loss = 1.1980
...model saved to 15_exp/models/FloydWarshallDataset_tropical_0.0001_20000_20260220_112048_relu_best.pth...20260220_123426
At epoch 6224, test loss = 1.1957
...model saved to 15_exp/models/FloydWarshallDataset_tropical_0.0001_20000_20260220_112048_relu_best.pth...20260220_123427
At epoch 6240, test loss = 1.1948
...model saved to 15_exp/models/FloydWarshallDataset_tropical_0.0001_20000_20260220_112048_relu_best.pth...20260220_123437
At epoch 6256, test loss = 1.1886
...model saved to 15_exp/models/FloydWarshallDataset_tropical_0.0001_20000_20260220_112048_relu_best.pth...20260220_123448
At epoch 6264, test loss = 1.1886
...model saved to 15_exp/models/FloydWarshallDataset_tropical_0.0001_20000_20260220_112048_relu_best.pth...20260220_123453
At epoch 6283, test loss = 1.1884
...model saved to 15_exp/models/FloydWarshallDataset_tropical_0.0001_20000_20260220_112048_relu_best.pth...20260220_123506
At epoch 6293, test loss = 1.1863
...model saved to 15_exp/models/FloydWarshallDataset_tropical_0.0001_20000_20260220_112048_relu_best.pth...20260220_123513
At epoch 6312, test loss = 1.1845
...model saved to 15_exp/models/FloydWarshallDataset_tropical_0.0001_20000_20260220_112048_relu_best.pth...20260220_123525
At epoch 6328, test loss = 1.1832
...model saved to 15_exp/models/FloydWarshallDataset_tropical_0.0001_20000_20260220_112048_relu_best.pth...20260220_123536
At epoch 6352, test loss = 1.1822
...model saved to 15_exp/models/FloydWarshallDataset_tropical_0.0001_20000_20260220_112048_relu_best.pth...20260220_123552
At epoch 6356, test loss = 1.1821
...model saved to 15_exp/models/FloydWarshallDataset_tropical_0.0001_20000_20260220_112048_relu_best.pth...20260220_123554
At epoch 6362, test loss = 1.1813
...model saved to 15_exp/models/FloydWarshallDataset_tropical_0.0001_20000_20260220_112048_relu_best.pth...20260220_123558
At epoch 6386, test loss = 1.1808
...model saved to 15_exp/models/FloydWarshallDataset_tropical_0.0001_20000_20260220_112048_relu_best.pth...20260220_123614
At epoch 6403, test loss = 1.1781
...model saved to 15_exp/models/FloydWarshallDataset_tropical_0.0001_20000_20260220_112048_relu_best.pth...20260220_123625
At epoch 6412, test loss = 1.1767
...model saved to 15_exp/models/FloydWarshallDataset_tropical_0.0001_20000_20260220_112048_relu_best.pth...20260220_123631
At epoch 6441, test loss = 1.1767
...model saved to 15_exp/models/FloydWarshallDataset_tropical_0.0001_20000_20260220_112048_relu_best.pth...20260220_123650
At epoch 6451, test loss = 1.1703
...model saved to 15_exp/models/FloydWarshallDataset_tropical_0.0001_20000_20260220_112048_relu_best.pth...20260220_123656
At epoch 6482, test loss = 1.1701
...model saved to 15_exp/models/FloydWarshallDataset_tropical_0.0001_20000_20260220_112048_relu_best.pth...20260220_123717
At epoch 6490, test loss = 1.1694
...model saved to 15_exp/models/FloydWarshallDataset_tropical_0.0001_20000_20260220_112048_relu_best.pth...20260220_123722
At epoch 6520, test loss = 1.1678
...model saved to 15_exp/models/FloydWarshallDataset_tropical_0.0001_20000_20260220_112048_relu_best.pth...20260220_123741
At epoch 6530, test loss = 1.1678
...model saved to 15_exp/models/FloydWarshallDataset_tropical_0.0001_20000_20260220_112048_relu_best.pth...20260220_123748
At epoch 6539, test loss = 1.1643
...model saved to 15_exp/models/FloydWarshallDataset_tropical_0.0001_20000_20260220_112048_relu_best.pth...20260220_123754
At epoch 6570, test loss = 1.1611
...model saved to 15_exp/models/FloydWarshallDataset_tropical_0.0001_20000_20260220_112048_relu_best.pth...20260220_123814
At epoch 6599, test loss = 1.1601
...model saved to 15_exp/models/FloydWarshallDataset_tropical_0.0001_20000_20260220_112048_relu_best.pth...20260220_123834
At epoch 6652, test loss = 1.1599
...model saved to 15_exp/models/FloydWarshallDataset_tropical_0.0001_20000_20260220_112048_relu_best.pth...20260220_123909
At epoch 6653, test loss = 1.1568
...model saved to 15_exp/models/FloydWarshallDataset_tropical_0.0001_20000_20260220_112048_relu_best.pth...20260220_123909
At epoch 6677, test loss = 1.1532
...model saved to 15_exp/models/FloydWarshallDataset_tropical_0.0001_20000_20260220_112048_relu_best.pth...20260220_123925
At epoch 6701, test loss = 1.1528
...model saved to 15_exp/models/FloydWarshallDataset_tropical_0.0001_20000_20260220_112048_relu_best.pth...20260220_123941
At epoch 6702, test loss = 1.1487
...model saved to 15_exp/models/FloydWarshallDataset_tropical_0.0001_20000_20260220_112048_relu_best.pth...20260220_123941
At epoch 6727, test loss = 1.1470
...model saved to 15_exp/models/FloydWarshallDataset_tropical_0.0001_20000_20260220_112048_relu_best.pth...20260220_123957
At epoch 6773, test loss = 1.1416
...model saved to 15_exp/models/FloydWarshallDataset_tropical_0.0001_20000_20260220_112048_relu_best.pth...20260220_124027
At epoch 6850, test loss = 1.1382
...model saved to 15_exp/models/FloydWarshallDataset_tropical_0.0001_20000_20260220_112048_relu_best.pth...20260220_124119
At epoch 6853, test loss = 1.1381
...model saved to 15_exp/models/FloydWarshallDataset_tropical_0.0001_20000_20260220_112048_relu_best.pth...20260220_124121
At epoch 6909, test loss = 1.1338
...model saved to 15_exp/models/FloydWarshallDataset_tropical_0.0001_20000_20260220_112048_relu_best.pth...20260220_124200
At epoch 6925, test loss = 1.1324
...model saved to 15_exp/models/FloydWarshallDataset_tropical_0.0001_20000_20260220_112048_relu_best.pth...20260220_124211
At epoch 6941, test loss = 1.1297
...model saved to 15_exp/models/FloydWarshallDataset_tropical_0.0001_20000_20260220_112048_relu_best.pth...20260220_124222
At epoch 6992, test loss = 1.1276
...model saved to 15_exp/models/FloydWarshallDataset_tropical_0.0001_20000_20260220_112048_relu_best.pth...20260220_124258
At epoch 7026, test loss = 1.1226
...model saved to 15_exp/models/FloydWarshallDataset_tropical_0.0001_20000_20260220_112048_relu_best.pth...20260220_124322
At epoch 7108, test loss = 1.1184
...model saved to 15_exp/models/FloydWarshallDataset_tropical_0.0001_20000_20260220_112048_relu_best.pth...20260220_124419
At epoch 7115, test loss = 1.1177
...model saved to 15_exp/models/FloydWarshallDataset_tropical_0.0001_20000_20260220_112048_relu_best.pth...20260220_124424
At epoch 7183, test loss = 1.1175
...model saved to 15_exp/models/FloydWarshallDataset_tropical_0.0001_20000_20260220_112048_relu_best.pth...20260220_124511
At epoch 7184, test loss = 1.1165
...model saved to 15_exp/models/FloydWarshallDataset_tropical_0.0001_20000_20260220_112048_relu_best.pth...20260220_124512
At epoch 7194, test loss = 1.1152
...model saved to 15_exp/models/FloydWarshallDataset_tropical_0.0001_20000_20260220_112048_relu_best.pth...20260220_124519
At epoch 7204, test loss = 1.1149
...model saved to 15_exp/models/FloydWarshallDataset_tropical_0.0001_20000_20260220_112048_relu_best.pth...20260220_124526
At epoch 7228, test loss = 1.1139
...model saved to 15_exp/models/FloydWarshallDataset_tropical_0.0001_20000_20260220_112048_relu_best.pth...20260220_124543
At epoch 7230, test loss = 1.1136
...model saved to 15_exp/models/FloydWarshallDataset_tropical_0.0001_20000_20260220_112048_relu_best.pth...20260220_124544
At epoch 7247, test loss = 1.1121
...model saved to 15_exp/models/FloydWarshallDataset_tropical_0.0001_20000_20260220_112048_relu_best.pth...20260220_124556
At epoch 7258, test loss = 1.1102
...model saved to 15_exp/models/FloydWarshallDataset_tropical_0.0001_20000_20260220_112048_relu_best.pth...20260220_124603
At epoch 7282, test loss = 1.1097
...model saved to 15_exp/models/FloydWarshallDataset_tropical_0.0001_20000_20260220_112048_relu_best.pth...20260220_124620
At epoch 7286, test loss = 1.1056
...model saved to 15_exp/models/FloydWarshallDataset_tropical_0.0001_20000_20260220_112048_relu_best.pth...20260220_124623
At epoch 7289, test loss = 1.1050
...model saved to 15_exp/models/FloydWarshallDataset_tropical_0.0001_20000_20260220_112048_relu_best.pth...20260220_124625
At epoch 7312, test loss = 1.1044
...model saved to 15_exp/models/FloydWarshallDataset_tropical_0.0001_20000_20260220_112048_relu_best.pth...20260220_124641
At epoch 7355, test loss = 1.1015
...model saved to 15_exp/models/FloydWarshallDataset_tropical_0.0001_20000_20260220_112048_relu_best.pth...20260220_124712
At epoch 7381, test loss = 1.1013
...model saved to 15_exp/models/FloydWarshallDataset_tropical_0.0001_20000_20260220_112048_relu_best.pth...20260220_124730
At epoch 7401, test loss = 1.1010
...model saved to 15_exp/models/FloydWarshallDataset_tropical_0.0001_20000_20260220_112048_relu_best.pth...20260220_124743
At epoch 7424, test loss = 1.1005
...model saved to 15_exp/models/FloydWarshallDataset_tropical_0.0001_20000_20260220_112048_relu_best.pth...20260220_124759
At epoch 7444, test loss = 1.0942
...model saved to 15_exp/models/FloydWarshallDataset_tropical_0.0001_20000_20260220_112048_relu_best.pth...20260220_124812
At epoch 7496, test loss = 1.0926
...model saved to 15_exp/models/FloydWarshallDataset_tropical_0.0001_20000_20260220_112048_relu_best.pth...20260220_124846
At epoch 7544, test loss = 1.0884
...model saved to 15_exp/models/FloydWarshallDataset_tropical_0.0001_20000_20260220_112048_relu_best.pth...20260220_124919
At epoch 7554, test loss = 1.0879
...model saved to 15_exp/models/FloydWarshallDataset_tropical_0.0001_20000_20260220_112048_relu_best.pth...20260220_124927
At epoch 7567, test loss = 1.0863
...model saved to 15_exp/models/FloydWarshallDataset_tropical_0.0001_20000_20260220_112048_relu_best.pth...20260220_124936
At epoch 7625, test loss = 1.0845
...model saved to 15_exp/models/FloydWarshallDataset_tropical_0.0001_20000_20260220_112048_relu_best.pth...20260220_125018
At epoch 7636, test loss = 1.0832
...model saved to 15_exp/models/FloydWarshallDataset_tropical_0.0001_20000_20260220_112048_relu_best.pth...20260220_125026
At epoch 7658, test loss = 1.0807
...model saved to 15_exp/models/FloydWarshallDataset_tropical_0.0001_20000_20260220_112048_relu_best.pth...20260220_125041
At epoch 7672, test loss = 1.0782
...model saved to 15_exp/models/FloydWarshallDataset_tropical_0.0001_20000_20260220_112048_relu_best.pth...20260220_125051
At epoch 7705, test loss = 1.0778
...model saved to 15_exp/models/FloydWarshallDataset_tropical_0.0001_20000_20260220_112048_relu_best.pth...20260220_125115
At epoch 7708, test loss = 1.0771
...model saved to 15_exp/models/FloydWarshallDataset_tropical_0.0001_20000_20260220_112048_relu_best.pth...20260220_125117
At epoch 7720, test loss = 1.0750
...model saved to 15_exp/models/FloydWarshallDataset_tropical_0.0001_20000_20260220_112048_relu_best.pth...20260220_125125
At epoch 7733, test loss = 1.0731
...model saved to 15_exp/models/FloydWarshallDataset_tropical_0.0001_20000_20260220_112048_relu_best.pth...20260220_125134
At epoch 7804, test loss = 1.0724
...model saved to 15_exp/models/FloydWarshallDataset_tropical_0.0001_20000_20260220_112048_relu_best.pth...20260220_125224
At epoch 7831, test loss = 1.0721
...model saved to 15_exp/models/FloydWarshallDataset_tropical_0.0001_20000_20260220_112048_relu_best.pth...20260220_125243
At epoch 7835, test loss = 1.0673
...model saved to 15_exp/models/FloydWarshallDataset_tropical_0.0001_20000_20260220_112048_relu_best.pth...20260220_125246
At epoch 7903, test loss = 1.0668
...model saved to 15_exp/models/FloydWarshallDataset_tropical_0.0001_20000_20260220_112048_relu_best.pth...20260220_125333
At epoch 7913, test loss = 1.0614
...model saved to 15_exp/models/FloydWarshallDataset_tropical_0.0001_20000_20260220_112048_relu_best.pth...20260220_125340
At epoch 7990, test loss = 1.0613
...model saved to 15_exp/models/FloydWarshallDataset_tropical_0.0001_20000_20260220_112048_relu_best.pth...20260220_125434
At epoch 8011, test loss = 1.0603
...model saved to 15_exp/models/FloydWarshallDataset_tropical_0.0001_20000_20260220_112048_relu_best.pth...20260220_125449
At epoch 8034, test loss = 1.0589
...model saved to 15_exp/models/FloydWarshallDataset_tropical_0.0001_20000_20260220_112048_relu_best.pth...20260220_125505
At epoch 8056, test loss = 1.0563
...model saved to 15_exp/models/FloydWarshallDataset_tropical_0.0001_20000_20260220_112048_relu_best.pth...20260220_125521
At epoch 8066, test loss = 1.0538
...model saved to 15_exp/models/FloydWarshallDataset_tropical_0.0001_20000_20260220_112048_relu_best.pth...20260220_125528
At epoch 8163, test loss = 1.0528
...model saved to 15_exp/models/FloydWarshallDataset_tropical_0.0001_20000_20260220_112048_relu_best.pth...20260220_125635
At epoch 8180, test loss = 1.0525
...model saved to 15_exp/models/FloydWarshallDataset_tropical_0.0001_20000_20260220_112048_relu_best.pth...20260220_125647
At epoch 8183, test loss = 1.0517
...model saved to 15_exp/models/FloydWarshallDataset_tropical_0.0001_20000_20260220_112048_relu_best.pth...20260220_125649
At epoch 8204, test loss = 1.0481
...model saved to 15_exp/models/FloydWarshallDataset_tropical_0.0001_20000_20260220_112048_relu_best.pth...20260220_125704
At epoch 8262, test loss = 1.0479
...model saved to 15_exp/models/FloydWarshallDataset_tropical_0.0001_20000_20260220_112048_relu_best.pth...20260220_125745
At epoch 8270, test loss = 1.0468
...model saved to 15_exp/models/FloydWarshallDataset_tropical_0.0001_20000_20260220_112048_relu_best.pth...20260220_125751
At epoch 8289, test loss = 1.0440
...model saved to 15_exp/models/FloydWarshallDataset_tropical_0.0001_20000_20260220_112048_relu_best.pth...20260220_125804
At epoch 8360, test loss = 1.0439
...model saved to 15_exp/models/FloydWarshallDataset_tropical_0.0001_20000_20260220_112048_relu_best.pth...20260220_125855
At epoch 8361, test loss = 1.0419
...model saved to 15_exp/models/FloydWarshallDataset_tropical_0.0001_20000_20260220_112048_relu_best.pth...20260220_125856
At epoch 8369, test loss = 1.0401
...model saved to 15_exp/models/FloydWarshallDataset_tropical_0.0001_20000_20260220_112048_relu_best.pth...20260220_125901
At epoch 8392, test loss = 1.0346
...model saved to 15_exp/models/FloydWarshallDataset_tropical_0.0001_20000_20260220_112048_relu_best.pth...20260220_125918
At epoch 8455, test loss = 1.0321
...model saved to 15_exp/models/FloydWarshallDataset_tropical_0.0001_20000_20260220_112048_relu_best.pth...20260220_130003
At epoch 8480, test loss = 1.0314
...model saved to 15_exp/models/FloydWarshallDataset_tropical_0.0001_20000_20260220_112048_relu_best.pth...20260220_130020
At epoch 8546, test loss = 1.0262
...model saved to 15_exp/models/FloydWarshallDataset_tropical_0.0001_20000_20260220_112048_relu_best.pth...20260220_130104
At epoch 8558, test loss = 1.0245
...model saved to 15_exp/models/FloydWarshallDataset_tropical_0.0001_20000_20260220_112048_relu_best.pth...20260220_130112
At epoch 8621, test loss = 1.0243
...model saved to 15_exp/models/FloydWarshallDataset_tropical_0.0001_20000_20260220_112048_relu_best.pth...20260220_130154
At epoch 8636, test loss = 1.0233
...model saved to 15_exp/models/FloydWarshallDataset_tropical_0.0001_20000_20260220_112048_relu_best.pth...20260220_130204
At epoch 8701, test loss = 1.0232
...model saved to 15_exp/models/FloydWarshallDataset_tropical_0.0001_20000_20260220_112048_relu_best.pth...20260220_130247
At epoch 8706, test loss = 1.0228
...model saved to 15_exp/models/FloydWarshallDataset_tropical_0.0001_20000_20260220_112048_relu_best.pth...20260220_130250
At epoch 8718, test loss = 1.0205
...model saved to 15_exp/models/FloydWarshallDataset_tropical_0.0001_20000_20260220_112048_relu_best.pth...20260220_130258
At epoch 8732, test loss = 1.0203
...model saved to 15_exp/models/FloydWarshallDataset_tropical_0.0001_20000_20260220_112048_relu_best.pth...20260220_130307
At epoch 8756, test loss = 1.0196
...model saved to 15_exp/models/FloydWarshallDataset_tropical_0.0001_20000_20260220_112048_relu_best.pth...20260220_130323
At epoch 8784, test loss = 1.0170
...model saved to 15_exp/models/FloydWarshallDataset_tropical_0.0001_20000_20260220_112048_relu_best.pth...20260220_130342
At epoch 8787, test loss = 1.0138
...model saved to 15_exp/models/FloydWarshallDataset_tropical_0.0001_20000_20260220_112048_relu_best.pth...20260220_130344
At epoch 8846, test loss = 1.0113
...model saved to 15_exp/models/FloydWarshallDataset_tropical_0.0001_20000_20260220_112048_relu_best.pth...20260220_130423
At epoch 8927, test loss = 1.0111
...model saved to 15_exp/models/FloydWarshallDataset_tropical_0.0001_20000_20260220_112048_relu_best.pth...20260220_130516
At epoch 8928, test loss = 1.0104
...model saved to 15_exp/models/FloydWarshallDataset_tropical_0.0001_20000_20260220_112048_relu_best.pth...20260220_130517
At epoch 8969, test loss = 1.0101
...model saved to 15_exp/models/FloydWarshallDataset_tropical_0.0001_20000_20260220_112048_relu_best.pth...20260220_130547
At epoch 8982, test loss = 1.0095
...model saved to 15_exp/models/FloydWarshallDataset_tropical_0.0001_20000_20260220_112048_relu_best.pth...20260220_130557
At epoch 8992, test loss = 1.0086
...model saved to 15_exp/models/FloydWarshallDataset_tropical_0.0001_20000_20260220_112048_relu_best.pth...20260220_130604
At epoch 9053, test loss = 1.0077
...model saved to 15_exp/models/FloydWarshallDataset_tropical_0.0001_20000_20260220_112048_relu_best.pth...20260220_130648
At epoch 9055, test loss = 1.0069
...model saved to 15_exp/models/FloydWarshallDataset_tropical_0.0001_20000_20260220_112048_relu_best.pth...20260220_130649
At epoch 9058, test loss = 1.0054
...model saved to 15_exp/models/FloydWarshallDataset_tropical_0.0001_20000_20260220_112048_relu_best.pth...20260220_130651
At epoch 9099, test loss = 1.0013
...model saved to 15_exp/models/FloydWarshallDataset_tropical_0.0001_20000_20260220_112048_relu_best.pth...20260220_130719
At epoch 9144, test loss = 1.0011
...model saved to 15_exp/models/FloydWarshallDataset_tropical_0.0001_20000_20260220_112048_relu_best.pth...20260220_130749
At epoch 9174, test loss = 0.9990
...model saved to 15_exp/models/FloydWarshallDataset_tropical_0.0001_20000_20260220_112048_relu_best.pth...20260220_130808
At epoch 9182, test loss = 0.9989
...model saved to 15_exp/models/FloydWarshallDataset_tropical_0.0001_20000_20260220_112048_relu_best.pth...20260220_130813
At epoch 9195, test loss = 0.9959
...model saved to 15_exp/models/FloydWarshallDataset_tropical_0.0001_20000_20260220_112048_relu_best.pth...20260220_130822
At epoch 9247, test loss = 0.9942
...model saved to 15_exp/models/FloydWarshallDataset_tropical_0.0001_20000_20260220_112048_relu_best.pth...20260220_130856
At epoch 9290, test loss = 0.9941
...model saved to 15_exp/models/FloydWarshallDataset_tropical_0.0001_20000_20260220_112048_relu_best.pth...20260220_130925
At epoch 9302, test loss = 0.9922
...model saved to 15_exp/models/FloydWarshallDataset_tropical_0.0001_20000_20260220_112048_relu_best.pth...20260220_130933
At epoch 9329, test loss = 0.9903
...model saved to 15_exp/models/FloydWarshallDataset_tropical_0.0001_20000_20260220_112048_relu_best.pth...20260220_130951
At epoch 9391, test loss = 0.9895
...model saved to 15_exp/models/FloydWarshallDataset_tropical_0.0001_20000_20260220_112048_relu_best.pth...20260220_131032
At epoch 9394, test loss = 0.9888
...model saved to 15_exp/models/FloydWarshallDataset_tropical_0.0001_20000_20260220_112048_relu_best.pth...20260220_131034
At epoch 9396, test loss = 0.9871
...model saved to 15_exp/models/FloydWarshallDataset_tropical_0.0001_20000_20260220_112048_relu_best.pth...20260220_131035
At epoch 9418, test loss = 0.9860
...model saved to 15_exp/models/FloydWarshallDataset_tropical_0.0001_20000_20260220_112048_relu_best.pth...20260220_131049
At epoch 9440, test loss = 0.9848
...model saved to 15_exp/models/FloydWarshallDataset_tropical_0.0001_20000_20260220_112048_relu_best.pth...20260220_131104
At epoch 9452, test loss = 0.9835
...model saved to 15_exp/models/FloydWarshallDataset_tropical_0.0001_20000_20260220_112048_relu_best.pth...20260220_131112
At epoch 9460, test loss = 0.9828
...model saved to 15_exp/models/FloydWarshallDataset_tropical_0.0001_20000_20260220_112048_relu_best.pth...20260220_131117
At epoch 9469, test loss = 0.9812
...model saved to 15_exp/models/FloydWarshallDataset_tropical_0.0001_20000_20260220_112048_relu_best.pth...20260220_131123
At epoch 9516, test loss = 0.9802
...model saved to 15_exp/models/FloydWarshallDataset_tropical_0.0001_20000_20260220_112048_relu_best.pth...20260220_131154
At epoch 9538, test loss = 0.9756
...model saved to 15_exp/models/FloydWarshallDataset_tropical_0.0001_20000_20260220_112048_relu_best.pth...20260220_131209
At epoch 9566, test loss = 0.9744
...model saved to 15_exp/models/FloydWarshallDataset_tropical_0.0001_20000_20260220_112048_relu_best.pth...20260220_131227
At epoch 9571, test loss = 0.9728
...model saved to 15_exp/models/FloydWarshallDataset_tropical_0.0001_20000_20260220_112048_relu_best.pth...20260220_131231
At epoch 9603, test loss = 0.9724
...model saved to 15_exp/models/FloydWarshallDataset_tropical_0.0001_20000_20260220_112048_relu_best.pth...20260220_131252
At epoch 9652, test loss = 0.9720
...model saved to 15_exp/models/FloydWarshallDataset_tropical_0.0001_20000_20260220_112048_relu_best.pth...20260220_131325
At epoch 9667, test loss = 0.9712
...model saved to 15_exp/models/FloydWarshallDataset_tropical_0.0001_20000_20260220_112048_relu_best.pth...20260220_131335
At epoch 9673, test loss = 0.9702
...model saved to 15_exp/models/FloydWarshallDataset_tropical_0.0001_20000_20260220_112048_relu_best.pth...20260220_131339
At epoch 9694, test loss = 0.9669
...model saved to 15_exp/models/FloydWarshallDataset_tropical_0.0001_20000_20260220_112048_relu_best.pth...20260220_131353
At epoch 9757, test loss = 0.9668
...model saved to 15_exp/models/FloydWarshallDataset_tropical_0.0001_20000_20260220_112048_relu_best.pth...20260220_131436
At epoch 9759, test loss = 0.9622
...model saved to 15_exp/models/FloydWarshallDataset_tropical_0.0001_20000_20260220_112048_relu_best.pth...20260220_131438
At epoch 9799, test loss = 0.9616
...model saved to 15_exp/models/FloydWarshallDataset_tropical_0.0001_20000_20260220_112048_relu_best.pth...20260220_131504
At epoch 9827, test loss = 0.9608
...model saved to 15_exp/models/FloydWarshallDataset_tropical_0.0001_20000_20260220_112048_relu_best.pth...20260220_131523
At epoch 9848, test loss = 0.9604
...model saved to 15_exp/models/FloydWarshallDataset_tropical_0.0001_20000_20260220_112048_relu_best.pth...20260220_131538
At epoch 9879, test loss = 0.9579
...model saved to 15_exp/models/FloydWarshallDataset_tropical_0.0001_20000_20260220_112048_relu_best.pth...20260220_131558
At epoch 9892, test loss = 0.9562
...model saved to 15_exp/models/FloydWarshallDataset_tropical_0.0001_20000_20260220_112048_relu_best.pth...20260220_131607
At epoch 9917, test loss = 0.9552
...model saved to 15_exp/models/FloydWarshallDataset_tropical_0.0001_20000_20260220_112048_relu_best.pth...20260220_131624
At epoch 9957, test loss = 0.9550
...model saved to 15_exp/models/FloydWarshallDataset_tropical_0.0001_20000_20260220_112048_relu_best.pth...20260220_131651
At epoch 9969, test loss = 0.9538
...model saved to 15_exp/models/FloydWarshallDataset_tropical_0.0001_20000_20260220_112048_relu_best.pth...20260220_131700
At epoch 9993, test loss = 0.9527
...model saved to 15_exp/models/FloydWarshallDataset_tropical_0.0001_20000_20260220_112048_relu_best.pth...20260220_131717
At epoch 10025, test loss = 0.9521
...model saved to 15_exp/models/FloydWarshallDataset_tropical_0.0001_20000_20260220_112048_relu_best.pth...20260220_131740
At epoch 10036, test loss = 0.9516
...model saved to 15_exp/models/FloydWarshallDataset_tropical_0.0001_20000_20260220_112048_relu_best.pth...20260220_131748
At epoch 10050, test loss = 0.9500
...model saved to 15_exp/models/FloydWarshallDataset_tropical_0.0001_20000_20260220_112048_relu_best.pth...20260220_131759
At epoch 10052, test loss = 0.9459
...model saved to 15_exp/models/FloydWarshallDataset_tropical_0.0001_20000_20260220_112048_relu_best.pth...20260220_131800
At epoch 10127, test loss = 0.9451
...model saved to 15_exp/models/FloydWarshallDataset_tropical_0.0001_20000_20260220_112048_relu_best.pth...20260220_131855
At epoch 10140, test loss = 0.9442
...model saved to 15_exp/models/FloydWarshallDataset_tropical_0.0001_20000_20260220_112048_relu_best.pth...20260220_131904
At epoch 10142, test loss = 0.9393
...model saved to 15_exp/models/FloydWarshallDataset_tropical_0.0001_20000_20260220_112048_relu_best.pth...20260220_131906
At epoch 10254, test loss = 0.9377
...model saved to 15_exp/models/FloydWarshallDataset_tropical_0.0001_20000_20260220_112048_relu_best.pth...20260220_132027
At epoch 10314, test loss = 0.9338
...model saved to 15_exp/models/FloydWarshallDataset_tropical_0.0001_20000_20260220_112048_relu_best.pth...20260220_132111
At epoch 10382, test loss = 0.9330
...model saved to 15_exp/models/FloydWarshallDataset_tropical_0.0001_20000_20260220_112048_relu_best.pth...20260220_132200
At epoch 10389, test loss = 0.9324
...model saved to 15_exp/models/FloydWarshallDataset_tropical_0.0001_20000_20260220_112048_relu_best.pth...20260220_132205
At epoch 10401, test loss = 0.9318
...model saved to 15_exp/models/FloydWarshallDataset_tropical_0.0001_20000_20260220_112048_relu_best.pth...20260220_132214
At epoch 10411, test loss = 0.9306
...model saved to 15_exp/models/FloydWarshallDataset_tropical_0.0001_20000_20260220_112048_relu_best.pth...20260220_132221
At epoch 10441, test loss = 0.9275
...model saved to 15_exp/models/FloydWarshallDataset_tropical_0.0001_20000_20260220_112048_relu_best.pth...20260220_132243
At epoch 10521, test loss = 0.9243
...model saved to 15_exp/models/FloydWarshallDataset_tropical_0.0001_20000_20260220_112048_relu_best.pth...20260220_132337
At epoch 10539, test loss = 0.9225
...model saved to 15_exp/models/FloydWarshallDataset_tropical_0.0001_20000_20260220_112048_relu_best.pth...20260220_132349
At epoch 10593, test loss = 0.9225
...model saved to 15_exp/models/FloydWarshallDataset_tropical_0.0001_20000_20260220_112048_relu_best.pth...20260220_132426
At epoch 10601, test loss = 0.9218
...model saved to 15_exp/models/FloydWarshallDataset_tropical_0.0001_20000_20260220_112048_relu_best.pth...20260220_132431
At epoch 10606, test loss = 0.9212
...model saved to 15_exp/models/FloydWarshallDataset_tropical_0.0001_20000_20260220_112048_relu_best.pth...20260220_132435
At epoch 10620, test loss = 0.9176
...model saved to 15_exp/models/FloydWarshallDataset_tropical_0.0001_20000_20260220_112048_relu_best.pth...20260220_132444
At epoch 10746, test loss = 0.9165
...model saved to 15_exp/models/FloydWarshallDataset_tropical_0.0001_20000_20260220_112048_relu_best.pth...20260220_132609
At epoch 10766, test loss = 0.9152
...model saved to 15_exp/models/FloydWarshallDataset_tropical_0.0001_20000_20260220_112048_relu_best.pth...20260220_132622
At epoch 10818, test loss = 0.9149
...model saved to 15_exp/models/FloydWarshallDataset_tropical_0.0001_20000_20260220_112048_relu_best.pth...20260220_132657
At epoch 10832, test loss = 0.9121
...model saved to 15_exp/models/FloydWarshallDataset_tropical_0.0001_20000_20260220_112048_relu_best.pth...20260220_132707
At epoch 10854, test loss = 0.9098
...model saved to 15_exp/models/FloydWarshallDataset_tropical_0.0001_20000_20260220_112048_relu_best.pth...20260220_132721
At epoch 10895, test loss = 0.9079
...model saved to 15_exp/models/FloydWarshallDataset_tropical_0.0001_20000_20260220_112048_relu_best.pth...20260220_132749
At epoch 10914, test loss = 0.9042
...model saved to 15_exp/models/FloydWarshallDataset_tropical_0.0001_20000_20260220_112048_relu_best.pth...20260220_132801
At epoch 10954, test loss = 0.9027
...model saved to 15_exp/models/FloydWarshallDataset_tropical_0.0001_20000_20260220_112048_relu_best.pth...20260220_132828
At epoch 11064, test loss = 0.9018
...model saved to 15_exp/models/FloydWarshallDataset_tropical_0.0001_20000_20260220_112048_relu_best.pth...20260220_132941
At epoch 11090, test loss = 0.8990
...model saved to 15_exp/models/FloydWarshallDataset_tropical_0.0001_20000_20260220_112048_relu_best.pth...20260220_132959
At epoch 11143, test loss = 0.8981
...model saved to 15_exp/models/FloydWarshallDataset_tropical_0.0001_20000_20260220_112048_relu_best.pth...20260220_133034
At epoch 11153, test loss = 0.8974
...model saved to 15_exp/models/FloydWarshallDataset_tropical_0.0001_20000_20260220_112048_relu_best.pth...20260220_133040
At epoch 11189, test loss = 0.8946
...model saved to 15_exp/models/FloydWarshallDataset_tropical_0.0001_20000_20260220_112048_relu_best.pth...20260220_133104
At epoch 11258, test loss = 0.8945
...model saved to 15_exp/models/FloydWarshallDataset_tropical_0.0001_20000_20260220_112048_relu_best.pth...20260220_133150
At epoch 11305, test loss = 0.8935
...model saved to 15_exp/models/FloydWarshallDataset_tropical_0.0001_20000_20260220_112048_relu_best.pth...20260220_133222
At epoch 11341, test loss = 0.8905
...model saved to 15_exp/models/FloydWarshallDataset_tropical_0.0001_20000_20260220_112048_relu_best.pth...20260220_133246
At epoch 11389, test loss = 0.8882
...model saved to 15_exp/models/FloydWarshallDataset_tropical_0.0001_20000_20260220_112048_relu_best.pth...20260220_133318
At epoch 11429, test loss = 0.8858
...model saved to 15_exp/models/FloydWarshallDataset_tropical_0.0001_20000_20260220_112048_relu_best.pth...20260220_133345
At epoch 11525, test loss = 0.8853
...model saved to 15_exp/models/FloydWarshallDataset_tropical_0.0001_20000_20260220_112048_relu_best.pth...20260220_133450
At epoch 11562, test loss = 0.8817
...model saved to 15_exp/models/FloydWarshallDataset_tropical_0.0001_20000_20260220_112048_relu_best.pth...20260220_133515
At epoch 11638, test loss = 0.8808
...model saved to 15_exp/models/FloydWarshallDataset_tropical_0.0001_20000_20260220_112048_relu_best.pth...20260220_133606
At epoch 11674, test loss = 0.8804
...model saved to 15_exp/models/FloydWarshallDataset_tropical_0.0001_20000_20260220_112048_relu_best.pth...20260220_133631
At epoch 11679, test loss = 0.8779
...model saved to 15_exp/models/FloydWarshallDataset_tropical_0.0001_20000_20260220_112048_relu_best.pth...20260220_133635
At epoch 11705, test loss = 0.8758
...model saved to 15_exp/models/FloydWarshallDataset_tropical_0.0001_20000_20260220_112048_relu_best.pth...20260220_133653
At epoch 11714, test loss = 0.8756
...model saved to 15_exp/models/FloydWarshallDataset_tropical_0.0001_20000_20260220_112048_relu_best.pth...20260220_133659
At epoch 11726, test loss = 0.8751
...model saved to 15_exp/models/FloydWarshallDataset_tropical_0.0001_20000_20260220_112048_relu_best.pth...20260220_133707
At epoch 11752, test loss = 0.8736
...model saved to 15_exp/models/FloydWarshallDataset_tropical_0.0001_20000_20260220_112048_relu_best.pth...20260220_133725
At epoch 11754, test loss = 0.8730
...model saved to 15_exp/models/FloydWarshallDataset_tropical_0.0001_20000_20260220_112048_relu_best.pth...20260220_133726
At epoch 11779, test loss = 0.8725
...model saved to 15_exp/models/FloydWarshallDataset_tropical_0.0001_20000_20260220_112048_relu_best.pth...20260220_133743
At epoch 11811, test loss = 0.8700
...model saved to 15_exp/models/FloydWarshallDataset_tropical_0.0001_20000_20260220_112048_relu_best.pth...20260220_133804
At epoch 11822, test loss = 0.8676
...model saved to 15_exp/models/FloydWarshallDataset_tropical_0.0001_20000_20260220_112048_relu_best.pth...20260220_133812
At epoch 11934, test loss = 0.8675
...model saved to 15_exp/models/FloydWarshallDataset_tropical_0.0001_20000_20260220_112048_relu_best.pth...20260220_133928
At epoch 12013, test loss = 0.8671
...model saved to 15_exp/models/FloydWarshallDataset_tropical_0.0001_20000_20260220_112048_relu_best.pth...20260220_134020
At epoch 12019, test loss = 0.8628
...model saved to 15_exp/models/FloydWarshallDataset_tropical_0.0001_20000_20260220_112048_relu_best.pth...20260220_134024
At epoch 12070, test loss = 0.8613
...model saved to 15_exp/models/FloydWarshallDataset_tropical_0.0001_20000_20260220_112048_relu_best.pth...20260220_134058
At epoch 12144, test loss = 0.8608
...model saved to 15_exp/models/FloydWarshallDataset_tropical_0.0001_20000_20260220_112048_relu_best.pth...20260220_134148
At epoch 12157, test loss = 0.8607
...model saved to 15_exp/models/FloydWarshallDataset_tropical_0.0001_20000_20260220_112048_relu_best.pth...20260220_134157
At epoch 12175, test loss = 0.8581
...model saved to 15_exp/models/FloydWarshallDataset_tropical_0.0001_20000_20260220_112048_relu_best.pth...20260220_134209
At epoch 12216, test loss = 0.8570
...model saved to 15_exp/models/FloydWarshallDataset_tropical_0.0001_20000_20260220_112048_relu_best.pth...20260220_134236
At epoch 12226, test loss = 0.8563
...model saved to 15_exp/models/FloydWarshallDataset_tropical_0.0001_20000_20260220_112048_relu_best.pth...20260220_134243
At epoch 12299, test loss = 0.8549
...model saved to 15_exp/models/FloydWarshallDataset_tropical_0.0001_20000_20260220_112048_relu_best.pth...20260220_134331
At epoch 12312, test loss = 0.8547
...model saved to 15_exp/models/FloydWarshallDataset_tropical_0.0001_20000_20260220_112048_relu_best.pth...20260220_134339
At epoch 12354, test loss = 0.8526
...model saved to 15_exp/models/FloydWarshallDataset_tropical_0.0001_20000_20260220_112048_relu_best.pth...20260220_134406
At epoch 12372, test loss = 0.8493
...model saved to 15_exp/models/FloydWarshallDataset_tropical_0.0001_20000_20260220_112048_relu_best.pth...20260220_134418
At epoch 12499, test loss = 0.8456
...model saved to 15_exp/models/FloydWarshallDataset_tropical_0.0001_20000_20260220_112048_relu_best.pth...20260220_134541
At epoch 12592, test loss = 0.8454
...model saved to 15_exp/models/FloydWarshallDataset_tropical_0.0001_20000_20260220_112048_relu_best.pth...20260220_134641
At epoch 12619, test loss = 0.8433
...model saved to 15_exp/models/FloydWarshallDataset_tropical_0.0001_20000_20260220_112048_relu_best.pth...20260220_134700
At epoch 12666, test loss = 0.8409
...model saved to 15_exp/models/FloydWarshallDataset_tropical_0.0001_20000_20260220_112048_relu_best.pth...20260220_134730
At epoch 12719, test loss = 0.8391
...model saved to 15_exp/models/FloydWarshallDataset_tropical_0.0001_20000_20260220_112048_relu_best.pth...20260220_134804
At epoch 12735, test loss = 0.8386
...model saved to 15_exp/models/FloydWarshallDataset_tropical_0.0001_20000_20260220_112048_relu_best.pth...20260220_134815
At epoch 12825, test loss = 0.8342
...model saved to 15_exp/models/FloydWarshallDataset_tropical_0.0001_20000_20260220_112048_relu_best.pth...20260220_134913
At epoch 12866, test loss = 0.8332
...model saved to 15_exp/models/FloydWarshallDataset_tropical_0.0001_20000_20260220_112048_relu_best.pth...20260220_134940
At epoch 12915, test loss = 0.8309
...model saved to 15_exp/models/FloydWarshallDataset_tropical_0.0001_20000_20260220_112048_relu_best.pth...20260220_135013
At epoch 12951, test loss = 0.8286
...model saved to 15_exp/models/FloydWarshallDataset_tropical_0.0001_20000_20260220_112048_relu_best.pth...20260220_135036
At epoch 13027, test loss = 0.8269
...model saved to 15_exp/models/FloydWarshallDataset_tropical_0.0001_20000_20260220_112048_relu_best.pth...20260220_135125
At epoch 13125, test loss = 0.8249
...model saved to 15_exp/models/FloydWarshallDataset_tropical_0.0001_20000_20260220_112048_relu_best.pth...20260220_135228
At epoch 13152, test loss = 0.8241
...model saved to 15_exp/models/FloydWarshallDataset_tropical_0.0001_20000_20260220_112048_relu_best.pth...20260220_135246
At epoch 13209, test loss = 0.8237
...model saved to 15_exp/models/FloydWarshallDataset_tropical_0.0001_20000_20260220_112048_relu_best.pth...20260220_135324
At epoch 13229, test loss = 0.8206
...model saved to 15_exp/models/FloydWarshallDataset_tropical_0.0001_20000_20260220_112048_relu_best.pth...20260220_135338
At epoch 13240, test loss = 0.8187
...model saved to 15_exp/models/FloydWarshallDataset_tropical_0.0001_20000_20260220_112048_relu_best.pth...20260220_135346
At epoch 13306, test loss = 0.8186
...model saved to 15_exp/models/FloydWarshallDataset_tropical_0.0001_20000_20260220_112048_relu_best.pth...20260220_135431
At epoch 13335, test loss = 0.8178
...model saved to 15_exp/models/FloydWarshallDataset_tropical_0.0001_20000_20260220_112048_relu_best.pth...20260220_135451
At epoch 13345, test loss = 0.8154
...model saved to 15_exp/models/FloydWarshallDataset_tropical_0.0001_20000_20260220_112048_relu_best.pth...20260220_135458
At epoch 13434, test loss = 0.8131
...model saved to 15_exp/models/FloydWarshallDataset_tropical_0.0001_20000_20260220_112048_relu_best.pth...20260220_135559
At epoch 13437, test loss = 0.8127
...model saved to 15_exp/models/FloydWarshallDataset_tropical_0.0001_20000_20260220_112048_relu_best.pth...20260220_135601
At epoch 13484, test loss = 0.8107
...model saved to 15_exp/models/FloydWarshallDataset_tropical_0.0001_20000_20260220_112048_relu_best.pth...20260220_135633
At epoch 13514, test loss = 0.8079
...model saved to 15_exp/models/FloydWarshallDataset_tropical_0.0001_20000_20260220_112048_relu_best.pth...20260220_135654
At epoch 13625, test loss = 0.8072
...model saved to 15_exp/models/FloydWarshallDataset_tropical_0.0001_20000_20260220_112048_relu_best.pth...20260220_135810
At epoch 13660, test loss = 0.8070
...model saved to 15_exp/models/FloydWarshallDataset_tropical_0.0001_20000_20260220_112048_relu_best.pth...20260220_135835
At epoch 13664, test loss = 0.8065
...model saved to 15_exp/models/FloydWarshallDataset_tropical_0.0001_20000_20260220_112048_relu_best.pth...20260220_135837
At epoch 13671, test loss = 0.8063
...model saved to 15_exp/models/FloydWarshallDataset_tropical_0.0001_20000_20260220_112048_relu_best.pth...20260220_135842
At epoch 13680, test loss = 0.8052
...model saved to 15_exp/models/FloydWarshallDataset_tropical_0.0001_20000_20260220_112048_relu_best.pth...20260220_135848
At epoch 13749, test loss = 0.8052
...model saved to 15_exp/models/FloydWarshallDataset_tropical_0.0001_20000_20260220_112048_relu_best.pth...20260220_135936
At epoch 13751, test loss = 0.8049
...model saved to 15_exp/models/FloydWarshallDataset_tropical_0.0001_20000_20260220_112048_relu_best.pth...20260220_135937
At epoch 13754, test loss = 0.8044
...model saved to 15_exp/models/FloydWarshallDataset_tropical_0.0001_20000_20260220_112048_relu_best.pth...20260220_135940
At epoch 13761, test loss = 0.8025
...model saved to 15_exp/models/FloydWarshallDataset_tropical_0.0001_20000_20260220_112048_relu_best.pth...20260220_135944
At epoch 13794, test loss = 0.8022
...model saved to 15_exp/models/FloydWarshallDataset_tropical_0.0001_20000_20260220_112048_relu_best.pth...20260220_140007
At epoch 13803, test loss = 0.8018
...model saved to 15_exp/models/FloydWarshallDataset_tropical_0.0001_20000_20260220_112048_relu_best.pth...20260220_140014
At epoch 13814, test loss = 0.8005
...model saved to 15_exp/models/FloydWarshallDataset_tropical_0.0001_20000_20260220_112048_relu_best.pth...20260220_140021
At epoch 13832, test loss = 0.7969
...model saved to 15_exp/models/FloydWarshallDataset_tropical_0.0001_20000_20260220_112048_relu_best.pth...20260220_140034
At epoch 13876, test loss = 0.7913
...model saved to 15_exp/models/FloydWarshallDataset_tropical_0.0001_20000_20260220_112048_relu_best.pth...20260220_140104
At epoch 13977, test loss = 0.7892
...model saved to 15_exp/models/FloydWarshallDataset_tropical_0.0001_20000_20260220_112048_relu_best.pth...20260220_140214
At epoch 14168, test loss = 0.7867
...model saved to 15_exp/models/FloydWarshallDataset_tropical_0.0001_20000_20260220_112048_relu_best.pth...20260220_140426
At epoch 14183, test loss = 0.7860
...model saved to 15_exp/models/FloydWarshallDataset_tropical_0.0001_20000_20260220_112048_relu_best.pth...20260220_140436
At epoch 14203, test loss = 0.7857
...model saved to 15_exp/models/FloydWarshallDataset_tropical_0.0001_20000_20260220_112048_relu_best.pth...20260220_140450
At epoch 14240, test loss = 0.7856
...model saved to 15_exp/models/FloydWarshallDataset_tropical_0.0001_20000_20260220_112048_relu_best.pth...20260220_140515
At epoch 14277, test loss = 0.7837
...model saved to 15_exp/models/FloydWarshallDataset_tropical_0.0001_20000_20260220_112048_relu_best.pth...20260220_140541
At epoch 14310, test loss = 0.7830
...model saved to 15_exp/models/FloydWarshallDataset_tropical_0.0001_20000_20260220_112048_relu_best.pth...20260220_140604
At epoch 14345, test loss = 0.7821
...model saved to 15_exp/models/FloydWarshallDataset_tropical_0.0001_20000_20260220_112048_relu_best.pth...20260220_140628
At epoch 14438, test loss = 0.7799
...model saved to 15_exp/models/FloydWarshallDataset_tropical_0.0001_20000_20260220_112048_relu_best.pth...20260220_140733
At epoch 14530, test loss = 0.7795
...model saved to 15_exp/models/FloydWarshallDataset_tropical_0.0001_20000_20260220_112048_relu_best.pth...20260220_140837
At epoch 14549, test loss = 0.7728
...model saved to 15_exp/models/FloydWarshallDataset_tropical_0.0001_20000_20260220_112048_relu_best.pth...20260220_140850
At epoch 14760, test loss = 0.7721
...model saved to 15_exp/models/FloydWarshallDataset_tropical_0.0001_20000_20260220_112048_relu_best.pth...20260220_141117
At epoch 14820, test loss = 0.7717
...model saved to 15_exp/models/FloydWarshallDataset_tropical_0.0001_20000_20260220_112048_relu_best.pth...20260220_141159
At epoch 14861, test loss = 0.7711
...model saved to 15_exp/models/FloydWarshallDataset_tropical_0.0001_20000_20260220_112048_relu_best.pth...20260220_141227
At epoch 14879, test loss = 0.7646
...model saved to 15_exp/models/FloydWarshallDataset_tropical_0.0001_20000_20260220_112048_relu_best.pth...20260220_141240
At epoch 14958, test loss = 0.7646
...model saved to 15_exp/models/FloydWarshallDataset_tropical_0.0001_20000_20260220_112048_relu_best.pth...20260220_141334
At epoch 15159, test loss = 0.7603
...model saved to 15_exp/models/FloydWarshallDataset_tropical_0.0001_20000_20260220_112048_relu_best.pth...20260220_141553
At epoch 15267, test loss = 0.7579
...model saved to 15_exp/models/FloydWarshallDataset_tropical_0.0001_20000_20260220_112048_relu_best.pth...20260220_141708
At epoch 15283, test loss = 0.7575
...model saved to 15_exp/models/FloydWarshallDataset_tropical_0.0001_20000_20260220_112048_relu_best.pth...20260220_141719
At epoch 15290, test loss = 0.7567
...model saved to 15_exp/models/FloydWarshallDataset_tropical_0.0001_20000_20260220_112048_relu_best.pth...20260220_141724
At epoch 15413, test loss = 0.7566
...model saved to 15_exp/models/FloydWarshallDataset_tropical_0.0001_20000_20260220_112048_relu_best.pth...20260220_141846
At epoch 15418, test loss = 0.7565
...model saved to 15_exp/models/FloydWarshallDataset_tropical_0.0001_20000_20260220_112048_relu_best.pth...20260220_141849
At epoch 15424, test loss = 0.7560
...model saved to 15_exp/models/FloydWarshallDataset_tropical_0.0001_20000_20260220_112048_relu_best.pth...20260220_141853
At epoch 15428, test loss = 0.7557
...model saved to 15_exp/models/FloydWarshallDataset_tropical_0.0001_20000_20260220_112048_relu_best.pth...20260220_141856
At epoch 15523, test loss = 0.7550
...model saved to 15_exp/models/FloydWarshallDataset_tropical_0.0001_20000_20260220_112048_relu_best.pth...20260220_141957
At epoch 15548, test loss = 0.7541
...model saved to 15_exp/models/FloydWarshallDataset_tropical_0.0001_20000_20260220_112048_relu_best.pth...20260220_142014
At epoch 15593, test loss = 0.7516
...model saved to 15_exp/models/FloydWarshallDataset_tropical_0.0001_20000_20260220_112048_relu_best.pth...20260220_142045
At epoch 15643, test loss = 0.7498
...model saved to 15_exp/models/FloydWarshallDataset_tropical_0.0001_20000_20260220_112048_relu_best.pth...20260220_142120
At epoch 15751, test loss = 0.7465
...model saved to 15_exp/models/FloydWarshallDataset_tropical_0.0001_20000_20260220_112048_relu_best.pth...20260220_142234
At epoch 15758, test loss = 0.7449
...model saved to 15_exp/models/FloydWarshallDataset_tropical_0.0001_20000_20260220_112048_relu_best.pth...20260220_142239
At epoch 15967, test loss = 0.7441
...model saved to 15_exp/models/FloydWarshallDataset_tropical_0.0001_20000_20260220_112048_relu_best.pth...20260220_142504
At epoch 15989, test loss = 0.7401
...model saved to 15_exp/models/FloydWarshallDataset_tropical_0.0001_20000_20260220_112048_relu_best.pth...20260220_142519
At epoch 16154, test loss = 0.7372
...model saved to 15_exp/models/FloydWarshallDataset_tropical_0.0001_20000_20260220_112048_relu_best.pth...20260220_142713
At epoch 16217, test loss = 0.7366
...model saved to 15_exp/models/FloydWarshallDataset_tropical_0.0001_20000_20260220_112048_relu_best.pth...20260220_142756
At epoch 16352, test loss = 0.7337
...model saved to 15_exp/models/FloydWarshallDataset_tropical_0.0001_20000_20260220_112048_relu_best.pth...20260220_142929
At epoch 16358, test loss = 0.7331
...model saved to 15_exp/models/FloydWarshallDataset_tropical_0.0001_20000_20260220_112048_relu_best.pth...20260220_142933
At epoch 16368, test loss = 0.7315
...model saved to 15_exp/models/FloydWarshallDataset_tropical_0.0001_20000_20260220_112048_relu_best.pth...20260220_142940
At epoch 16536, test loss = 0.7294
...model saved to 15_exp/models/FloydWarshallDataset_tropical_0.0001_20000_20260220_112048_relu_best.pth...20260220_143137
At epoch 16737, test loss = 0.7291
...model saved to 15_exp/models/FloydWarshallDataset_tropical_0.0001_20000_20260220_112048_relu_best.pth...20260220_143357
At epoch 16758, test loss = 0.7275
...model saved to 15_exp/models/FloydWarshallDataset_tropical_0.0001_20000_20260220_112048_relu_best.pth...20260220_143412
At epoch 16810, test loss = 0.7263
...model saved to 15_exp/models/FloydWarshallDataset_tropical_0.0001_20000_20260220_112048_relu_best.pth...20260220_143448
At epoch 16836, test loss = 0.7251
...model saved to 15_exp/models/FloydWarshallDataset_tropical_0.0001_20000_20260220_112048_relu_best.pth...20260220_143506
At epoch 16965, test loss = 0.7203
...model saved to 15_exp/models/FloydWarshallDataset_tropical_0.0001_20000_20260220_112048_relu_best.pth...20260220_143636
At epoch 17152, test loss = 0.7197
...model saved to 15_exp/models/FloydWarshallDataset_tropical_0.0001_20000_20260220_112048_relu_best.pth...20260220_143847
At epoch 17203, test loss = 0.7183
...model saved to 15_exp/models/FloydWarshallDataset_tropical_0.0001_20000_20260220_112048_relu_best.pth...20260220_143920
At epoch 17209, test loss = 0.7166
...model saved to 15_exp/models/FloydWarshallDataset_tropical_0.0001_20000_20260220_112048_relu_best.pth...20260220_143924
At epoch 17361, test loss = 0.7151
...model saved to 15_exp/models/FloydWarshallDataset_tropical_0.0001_20000_20260220_112048_relu_best.pth...20260220_144102
At epoch 17416, test loss = 0.7143
...model saved to 15_exp/models/FloydWarshallDataset_tropical_0.0001_20000_20260220_112048_relu_best.pth...20260220_144138
At epoch 17498, test loss = 0.7103
...model saved to 15_exp/models/FloydWarshallDataset_tropical_0.0001_20000_20260220_112048_relu_best.pth...20260220_144231
At epoch 17698, test loss = 0.7098
...model saved to 15_exp/models/FloydWarshallDataset_tropical_0.0001_20000_20260220_112048_relu_best.pth...20260220_144440
At epoch 17821, test loss = 0.7090
...model saved to 15_exp/models/FloydWarshallDataset_tropical_0.0001_20000_20260220_112048_relu_best.pth...20260220_144601
At epoch 17882, test loss = 0.7086
...model saved to 15_exp/models/FloydWarshallDataset_tropical_0.0001_20000_20260220_112048_relu_best.pth...20260220_144641
At epoch 17923, test loss = 0.7055
...model saved to 15_exp/models/FloydWarshallDataset_tropical_0.0001_20000_20260220_112048_relu_best.pth...20260220_144707
At epoch 18138, test loss = 0.7034
...model saved to 15_exp/models/FloydWarshallDataset_tropical_0.0001_20000_20260220_112048_relu_best.pth...20260220_144928
At epoch 18187, test loss = 0.6997
...model saved to 15_exp/models/FloydWarshallDataset_tropical_0.0001_20000_20260220_112048_relu_best.pth...20260220_144959
At epoch 18294, test loss = 0.6991
...model saved to 15_exp/models/FloydWarshallDataset_tropical_0.0001_20000_20260220_112048_relu_best.pth...20260220_145109
At epoch 18394, test loss = 0.6981
...model saved to 15_exp/models/FloydWarshallDataset_tropical_0.0001_20000_20260220_112048_relu_best.pth...20260220_145214
At epoch 18443, test loss = 0.6969
...model saved to 15_exp/models/FloydWarshallDataset_tropical_0.0001_20000_20260220_112048_relu_best.pth...20260220_145245
At epoch 18445, test loss = 0.6951
...model saved to 15_exp/models/FloydWarshallDataset_tropical_0.0001_20000_20260220_112048_relu_best.pth...20260220_145247
At epoch 18647, test loss = 0.6939
...model saved to 15_exp/models/FloydWarshallDataset_tropical_0.0001_20000_20260220_112048_relu_best.pth...20260220_145500
At epoch 18682, test loss = 0.6933
...model saved to 15_exp/models/FloydWarshallDataset_tropical_0.0001_20000_20260220_112048_relu_best.pth...20260220_145523
At epoch 18798, test loss = 0.6926
...model saved to 15_exp/models/FloydWarshallDataset_tropical_0.0001_20000_20260220_112048_relu_best.pth...20260220_145639
At epoch 18828, test loss = 0.6917
...model saved to 15_exp/models/FloydWarshallDataset_tropical_0.0001_20000_20260220_112048_relu_best.pth...20260220_145659
At epoch 18905, test loss = 0.6915
...model saved to 15_exp/models/FloydWarshallDataset_tropical_0.0001_20000_20260220_112048_relu_best.pth...20260220_145749
At epoch 18943, test loss = 0.6910
...model saved to 15_exp/models/FloydWarshallDataset_tropical_0.0001_20000_20260220_112048_relu_best.pth...20260220_145814
At epoch 18952, test loss = 0.6900
...model saved to 15_exp/models/FloydWarshallDataset_tropical_0.0001_20000_20260220_112048_relu_best.pth...20260220_145820
At epoch 18968, test loss = 0.6891
...model saved to 15_exp/models/FloydWarshallDataset_tropical_0.0001_20000_20260220_112048_relu_best.pth...20260220_145830
At epoch 18997, test loss = 0.6890
...model saved to 15_exp/models/FloydWarshallDataset_tropical_0.0001_20000_20260220_112048_relu_best.pth...20260220_145849
At epoch 19012, test loss = 0.6881
...model saved to 15_exp/models/FloydWarshallDataset_tropical_0.0001_20000_20260220_112048_relu_best.pth...20260220_145859
At epoch 19043, test loss = 0.6881
...model saved to 15_exp/models/FloydWarshallDataset_tropical_0.0001_20000_20260220_112048_relu_best.pth...20260220_145920
At epoch 19128, test loss = 0.6878
...model saved to 15_exp/models/FloydWarshallDataset_tropical_0.0001_20000_20260220_112048_relu_best.pth...20260220_150016
At epoch 19142, test loss = 0.6869
...model saved to 15_exp/models/FloydWarshallDataset_tropical_0.0001_20000_20260220_112048_relu_best.pth...20260220_150025
At epoch 19213, test loss = 0.6868
...model saved to 15_exp/models/FloydWarshallDataset_tropical_0.0001_20000_20260220_112048_relu_best.pth...20260220_150111
At epoch 19262, test loss = 0.6856
...model saved to 15_exp/models/FloydWarshallDataset_tropical_0.0001_20000_20260220_112048_relu_best.pth...20260220_150143
At epoch 19294, test loss = 0.6851
...model saved to 15_exp/models/FloydWarshallDataset_tropical_0.0001_20000_20260220_112048_relu_best.pth...20260220_150204
At epoch 19300, test loss = 0.6846
...model saved to 15_exp/models/FloydWarshallDataset_tropical_0.0001_20000_20260220_112048_relu_best.pth...20260220_150209
At epoch 19412, test loss = 0.6836
...model saved to 15_exp/models/FloydWarshallDataset_tropical_0.0001_20000_20260220_112048_relu_best.pth...20260220_150328
At epoch 19435, test loss = 0.6818
...model saved to 15_exp/models/FloydWarshallDataset_tropical_0.0001_20000_20260220_112048_relu_best.pth...20260220_150344
At epoch 19496, test loss = 0.6811
...model saved to 15_exp/models/FloydWarshallDataset_tropical_0.0001_20000_20260220_112048_relu_best.pth...20260220_150426
At epoch 19529, test loss = 0.6799
...model saved to 15_exp/models/FloydWarshallDataset_tropical_0.0001_20000_20260220_112048_relu_best.pth...20260220_150447
At epoch 19661, test loss = 0.6763
...model saved to 15_exp/models/FloydWarshallDataset_tropical_0.0001_20000_20260220_112048_relu_best.pth...20260220_150613
At epoch 19743, test loss = 0.6760
...model saved to 15_exp/models/FloydWarshallDataset_tropical_0.0001_20000_20260220_112048_relu_best.pth...20260220_150706
At epoch 19779, test loss = 0.6751
...model saved to 15_exp/models/FloydWarshallDataset_tropical_0.0001_20000_20260220_112048_relu_best.pth...20260220_150730
At epoch 19928, test loss = 0.6731
...model saved to 15_exp/models/FloydWarshallDataset_tropical_0.0001_20000_20260220_112048_relu_best.pth...20260220_150907
...plot saved to 15_exp/plots/plots_FloydWarshallDataset_tropical_0.0001_20000_20260220_112048_relu.png...
