CUDA available? True
GPU device: NVIDIA A100-SXM4-80GB
CUDA_VISIBLE_DEVICES=0,1,2,3
SLURM_JOB_GPUS=0,1,2,3

 Running config: {'task': 'train', 'model_type': 'vanilla', 'dataset_name': 'FloydWarshallDataset', 'input_dim': 3, 'd_model': 32, 'n_heads': 4, 'num_layers': 4, 'num_epochs': 20000, 'dropout': 0.05, 'lr': 0.0001, 'seed': 999, 'n_samples': 50000, 'batch_size': 1000, 'target_range': 'na', 'weight_range': 'na', 'adversarial_range': '(10,20)', 'length_range': '(8,8)', 'noise_prob': 0, 'value_range': '(1,15)'}
FloydWarshallDataset_vanilla_0.0001_20000_20260225_024650_relu
...setting dataloader...20260225_024650
...setting model object...20260225_024705
...training model...20260225_024705
At epoch 0, test loss = 408.1817
...model saved to 15_exp/models/FloydWarshallDataset_vanilla_0.0001_20000_20260225_024650_relu_best.pth...20260225_024721
At epoch 1, test loss = 388.3473
...model saved to 15_exp/models/FloydWarshallDataset_vanilla_0.0001_20000_20260225_024650_relu_best.pth...20260225_024721
At epoch 2, test loss = 354.1679
...model saved to 15_exp/models/FloydWarshallDataset_vanilla_0.0001_20000_20260225_024650_relu_best.pth...20260225_024722
At epoch 3, test loss = 302.0638
...model saved to 15_exp/models/FloydWarshallDataset_vanilla_0.0001_20000_20260225_024650_relu_best.pth...20260225_024723
At epoch 4, test loss = 239.3411
...model saved to 15_exp/models/FloydWarshallDataset_vanilla_0.0001_20000_20260225_024650_relu_best.pth...20260225_024723
At epoch 5, test loss = 183.9107
...model saved to 15_exp/models/FloydWarshallDataset_vanilla_0.0001_20000_20260225_024650_relu_best.pth...20260225_024724
At epoch 6, test loss = 148.3456
...model saved to 15_exp/models/FloydWarshallDataset_vanilla_0.0001_20000_20260225_024650_relu_best.pth...20260225_024725
At epoch 7, test loss = 128.5259
...model saved to 15_exp/models/FloydWarshallDataset_vanilla_0.0001_20000_20260225_024650_relu_best.pth...20260225_024725
At epoch 8, test loss = 117.0748
...model saved to 15_exp/models/FloydWarshallDataset_vanilla_0.0001_20000_20260225_024650_relu_best.pth...20260225_024726
At epoch 9, test loss = 110.1285
...model saved to 15_exp/models/FloydWarshallDataset_vanilla_0.0001_20000_20260225_024650_relu_best.pth...20260225_024726
At epoch 10, test loss = 105.7784
...model saved to 15_exp/models/FloydWarshallDataset_vanilla_0.0001_20000_20260225_024650_relu_best.pth...20260225_024727
At epoch 11, test loss = 102.9929
...model saved to 15_exp/models/FloydWarshallDataset_vanilla_0.0001_20000_20260225_024650_relu_best.pth...20260225_024728
At epoch 12, test loss = 101.1558
...model saved to 15_exp/models/FloydWarshallDataset_vanilla_0.0001_20000_20260225_024650_relu_best.pth...20260225_024728
At epoch 13, test loss = 99.9192
...model saved to 15_exp/models/FloydWarshallDataset_vanilla_0.0001_20000_20260225_024650_relu_best.pth...20260225_024729
At epoch 14, test loss = 99.0605
...model saved to 15_exp/models/FloydWarshallDataset_vanilla_0.0001_20000_20260225_024650_relu_best.pth...20260225_024729
At epoch 15, test loss = 98.4325
...model saved to 15_exp/models/FloydWarshallDataset_vanilla_0.0001_20000_20260225_024650_relu_best.pth...20260225_024730
At epoch 16, test loss = 97.9044
...model saved to 15_exp/models/FloydWarshallDataset_vanilla_0.0001_20000_20260225_024650_relu_best.pth...20260225_024730
At epoch 17, test loss = 96.9946
...model saved to 15_exp/models/FloydWarshallDataset_vanilla_0.0001_20000_20260225_024650_relu_best.pth...20260225_024731
At epoch 18, test loss = 96.1191
...model saved to 15_exp/models/FloydWarshallDataset_vanilla_0.0001_20000_20260225_024650_relu_best.pth...20260225_024732
At epoch 19, test loss = 95.7144
...model saved to 15_exp/models/FloydWarshallDataset_vanilla_0.0001_20000_20260225_024650_relu_best.pth...20260225_024732
At epoch 20, test loss = 95.4237
...model saved to 15_exp/models/FloydWarshallDataset_vanilla_0.0001_20000_20260225_024650_relu_best.pth...20260225_024733
At epoch 21, test loss = 95.1630
...model saved to 15_exp/models/FloydWarshallDataset_vanilla_0.0001_20000_20260225_024650_relu_best.pth...20260225_024733
At epoch 22, test loss = 94.9141
...model saved to 15_exp/models/FloydWarshallDataset_vanilla_0.0001_20000_20260225_024650_relu_best.pth...20260225_024734
At epoch 23, test loss = 94.6384
...model saved to 15_exp/models/FloydWarshallDataset_vanilla_0.0001_20000_20260225_024650_relu_best.pth...20260225_024734
At epoch 24, test loss = 94.3273
...model saved to 15_exp/models/FloydWarshallDataset_vanilla_0.0001_20000_20260225_024650_relu_best.pth...20260225_024735
At epoch 25, test loss = 93.9796
...model saved to 15_exp/models/FloydWarshallDataset_vanilla_0.0001_20000_20260225_024650_relu_best.pth...20260225_024736
At epoch 26, test loss = 93.6076
...model saved to 15_exp/models/FloydWarshallDataset_vanilla_0.0001_20000_20260225_024650_relu_best.pth...20260225_024736
At epoch 27, test loss = 93.3058
...model saved to 15_exp/models/FloydWarshallDataset_vanilla_0.0001_20000_20260225_024650_relu_best.pth...20260225_024737
At epoch 28, test loss = 93.0769
...model saved to 15_exp/models/FloydWarshallDataset_vanilla_0.0001_20000_20260225_024650_relu_best.pth...20260225_024737
At epoch 29, test loss = 92.8768
...model saved to 15_exp/models/FloydWarshallDataset_vanilla_0.0001_20000_20260225_024650_relu_best.pth...20260225_024738
At epoch 30, test loss = 92.6813
...model saved to 15_exp/models/FloydWarshallDataset_vanilla_0.0001_20000_20260225_024650_relu_best.pth...20260225_024739
At epoch 31, test loss = 92.5086
...model saved to 15_exp/models/FloydWarshallDataset_vanilla_0.0001_20000_20260225_024650_relu_best.pth...20260225_024739
At epoch 32, test loss = 92.3808
...model saved to 15_exp/models/FloydWarshallDataset_vanilla_0.0001_20000_20260225_024650_relu_best.pth...20260225_024740
At epoch 33, test loss = 92.1888
...model saved to 15_exp/models/FloydWarshallDataset_vanilla_0.0001_20000_20260225_024650_relu_best.pth...20260225_024740
At epoch 34, test loss = 92.0543
...model saved to 15_exp/models/FloydWarshallDataset_vanilla_0.0001_20000_20260225_024650_relu_best.pth...20260225_024741
At epoch 35, test loss = 91.8891
...model saved to 15_exp/models/FloydWarshallDataset_vanilla_0.0001_20000_20260225_024650_relu_best.pth...20260225_024741
At epoch 36, test loss = 91.7476
...model saved to 15_exp/models/FloydWarshallDataset_vanilla_0.0001_20000_20260225_024650_relu_best.pth...20260225_024742
At epoch 37, test loss = 91.6270
...model saved to 15_exp/models/FloydWarshallDataset_vanilla_0.0001_20000_20260225_024650_relu_best.pth...20260225_024743
At epoch 38, test loss = 91.4391
...model saved to 15_exp/models/FloydWarshallDataset_vanilla_0.0001_20000_20260225_024650_relu_best.pth...20260225_024743
At epoch 39, test loss = 91.2937
...model saved to 15_exp/models/FloydWarshallDataset_vanilla_0.0001_20000_20260225_024650_relu_best.pth...20260225_024744
At epoch 40, test loss = 91.0511
...model saved to 15_exp/models/FloydWarshallDataset_vanilla_0.0001_20000_20260225_024650_relu_best.pth...20260225_024744
At epoch 41, test loss = 90.8699
...model saved to 15_exp/models/FloydWarshallDataset_vanilla_0.0001_20000_20260225_024650_relu_best.pth...20260225_024745
At epoch 42, test loss = 90.6783
...model saved to 15_exp/models/FloydWarshallDataset_vanilla_0.0001_20000_20260225_024650_relu_best.pth...20260225_024745
At epoch 43, test loss = 90.4724
...model saved to 15_exp/models/FloydWarshallDataset_vanilla_0.0001_20000_20260225_024650_relu_best.pth...20260225_024746
At epoch 44, test loss = 90.2419
...model saved to 15_exp/models/FloydWarshallDataset_vanilla_0.0001_20000_20260225_024650_relu_best.pth...20260225_024747
At epoch 45, test loss = 90.0229
...model saved to 15_exp/models/FloydWarshallDataset_vanilla_0.0001_20000_20260225_024650_relu_best.pth...20260225_024747
At epoch 46, test loss = 89.7506
...model saved to 15_exp/models/FloydWarshallDataset_vanilla_0.0001_20000_20260225_024650_relu_best.pth...20260225_024748
At epoch 47, test loss = 89.4436
...model saved to 15_exp/models/FloydWarshallDataset_vanilla_0.0001_20000_20260225_024650_relu_best.pth...20260225_024748
At epoch 48, test loss = 89.1490
...model saved to 15_exp/models/FloydWarshallDataset_vanilla_0.0001_20000_20260225_024650_relu_best.pth...20260225_024749
At epoch 49, test loss = 88.8389
...model saved to 15_exp/models/FloydWarshallDataset_vanilla_0.0001_20000_20260225_024650_relu_best.pth...20260225_024749
At epoch 50, test loss = 88.5106
...model saved to 15_exp/models/FloydWarshallDataset_vanilla_0.0001_20000_20260225_024650_relu_best.pth...20260225_024750
At epoch 51, test loss = 88.1645
...model saved to 15_exp/models/FloydWarshallDataset_vanilla_0.0001_20000_20260225_024650_relu_best.pth...20260225_024751
At epoch 52, test loss = 87.8248
...model saved to 15_exp/models/FloydWarshallDataset_vanilla_0.0001_20000_20260225_024650_relu_best.pth...20260225_024751
At epoch 53, test loss = 87.4928
...model saved to 15_exp/models/FloydWarshallDataset_vanilla_0.0001_20000_20260225_024650_relu_best.pth...20260225_024752
At epoch 54, test loss = 87.1619
...model saved to 15_exp/models/FloydWarshallDataset_vanilla_0.0001_20000_20260225_024650_relu_best.pth...20260225_024752
At epoch 55, test loss = 86.8373
...model saved to 15_exp/models/FloydWarshallDataset_vanilla_0.0001_20000_20260225_024650_relu_best.pth...20260225_024753
At epoch 56, test loss = 86.5207
...model saved to 15_exp/models/FloydWarshallDataset_vanilla_0.0001_20000_20260225_024650_relu_best.pth...20260225_024753
At epoch 57, test loss = 86.1949
...model saved to 15_exp/models/FloydWarshallDataset_vanilla_0.0001_20000_20260225_024650_relu_best.pth...20260225_024754
At epoch 58, test loss = 85.8661
...model saved to 15_exp/models/FloydWarshallDataset_vanilla_0.0001_20000_20260225_024650_relu_best.pth...20260225_024755
At epoch 59, test loss = 85.5242
...model saved to 15_exp/models/FloydWarshallDataset_vanilla_0.0001_20000_20260225_024650_relu_best.pth...20260225_024755
At epoch 60, test loss = 85.1876
...model saved to 15_exp/models/FloydWarshallDataset_vanilla_0.0001_20000_20260225_024650_relu_best.pth...20260225_024756
At epoch 61, test loss = 84.8278
...model saved to 15_exp/models/FloydWarshallDataset_vanilla_0.0001_20000_20260225_024650_relu_best.pth...20260225_024756
At epoch 62, test loss = 84.4598
...model saved to 15_exp/models/FloydWarshallDataset_vanilla_0.0001_20000_20260225_024650_relu_best.pth...20260225_024757
At epoch 63, test loss = 84.0852
...model saved to 15_exp/models/FloydWarshallDataset_vanilla_0.0001_20000_20260225_024650_relu_best.pth...20260225_024758
At epoch 64, test loss = 83.7209
...model saved to 15_exp/models/FloydWarshallDataset_vanilla_0.0001_20000_20260225_024650_relu_best.pth...20260225_024758
At epoch 65, test loss = 83.3514
...model saved to 15_exp/models/FloydWarshallDataset_vanilla_0.0001_20000_20260225_024650_relu_best.pth...20260225_024759
At epoch 66, test loss = 82.9837
...model saved to 15_exp/models/FloydWarshallDataset_vanilla_0.0001_20000_20260225_024650_relu_best.pth...20260225_024759
At epoch 67, test loss = 82.6249
...model saved to 15_exp/models/FloydWarshallDataset_vanilla_0.0001_20000_20260225_024650_relu_best.pth...20260225_024800
At epoch 68, test loss = 82.2717
...model saved to 15_exp/models/FloydWarshallDataset_vanilla_0.0001_20000_20260225_024650_relu_best.pth...20260225_024800
At epoch 69, test loss = 81.9025
...model saved to 15_exp/models/FloydWarshallDataset_vanilla_0.0001_20000_20260225_024650_relu_best.pth...20260225_024801
At epoch 70, test loss = 81.5648
...model saved to 15_exp/models/FloydWarshallDataset_vanilla_0.0001_20000_20260225_024650_relu_best.pth...20260225_024802
At epoch 71, test loss = 81.2518
...model saved to 15_exp/models/FloydWarshallDataset_vanilla_0.0001_20000_20260225_024650_relu_best.pth...20260225_024802
At epoch 72, test loss = 80.8790
...model saved to 15_exp/models/FloydWarshallDataset_vanilla_0.0001_20000_20260225_024650_relu_best.pth...20260225_024803
At epoch 73, test loss = 80.5503
...model saved to 15_exp/models/FloydWarshallDataset_vanilla_0.0001_20000_20260225_024650_relu_best.pth...20260225_024803
At epoch 74, test loss = 80.2297
...model saved to 15_exp/models/FloydWarshallDataset_vanilla_0.0001_20000_20260225_024650_relu_best.pth...20260225_024804
At epoch 75, test loss = 79.8799
...model saved to 15_exp/models/FloydWarshallDataset_vanilla_0.0001_20000_20260225_024650_relu_best.pth...20260225_024805
At epoch 76, test loss = 79.5444
...model saved to 15_exp/models/FloydWarshallDataset_vanilla_0.0001_20000_20260225_024650_relu_best.pth...20260225_024805
At epoch 77, test loss = 79.2159
...model saved to 15_exp/models/FloydWarshallDataset_vanilla_0.0001_20000_20260225_024650_relu_best.pth...20260225_024806
At epoch 78, test loss = 78.8523
...model saved to 15_exp/models/FloydWarshallDataset_vanilla_0.0001_20000_20260225_024650_relu_best.pth...20260225_024806
At epoch 79, test loss = 78.4771
...model saved to 15_exp/models/FloydWarshallDataset_vanilla_0.0001_20000_20260225_024650_relu_best.pth...20260225_024807
At epoch 80, test loss = 78.1127
...model saved to 15_exp/models/FloydWarshallDataset_vanilla_0.0001_20000_20260225_024650_relu_best.pth...20260225_024807
At epoch 81, test loss = 77.7329
...model saved to 15_exp/models/FloydWarshallDataset_vanilla_0.0001_20000_20260225_024650_relu_best.pth...20260225_024808
At epoch 82, test loss = 77.3638
...model saved to 15_exp/models/FloydWarshallDataset_vanilla_0.0001_20000_20260225_024650_relu_best.pth...20260225_024809
At epoch 83, test loss = 76.9881
...model saved to 15_exp/models/FloydWarshallDataset_vanilla_0.0001_20000_20260225_024650_relu_best.pth...20260225_024809
At epoch 84, test loss = 76.5880
...model saved to 15_exp/models/FloydWarshallDataset_vanilla_0.0001_20000_20260225_024650_relu_best.pth...20260225_024810
At epoch 85, test loss = 76.1905
...model saved to 15_exp/models/FloydWarshallDataset_vanilla_0.0001_20000_20260225_024650_relu_best.pth...20260225_024810
At epoch 86, test loss = 75.8101
...model saved to 15_exp/models/FloydWarshallDataset_vanilla_0.0001_20000_20260225_024650_relu_best.pth...20260225_024811
At epoch 87, test loss = 75.4079
...model saved to 15_exp/models/FloydWarshallDataset_vanilla_0.0001_20000_20260225_024650_relu_best.pth...20260225_024812
At epoch 88, test loss = 74.9681
...model saved to 15_exp/models/FloydWarshallDataset_vanilla_0.0001_20000_20260225_024650_relu_best.pth...20260225_024812
At epoch 89, test loss = 74.4356
...model saved to 15_exp/models/FloydWarshallDataset_vanilla_0.0001_20000_20260225_024650_relu_best.pth...20260225_024813
At epoch 90, test loss = 73.9471
...model saved to 15_exp/models/FloydWarshallDataset_vanilla_0.0001_20000_20260225_024650_relu_best.pth...20260225_024813
At epoch 91, test loss = 73.4679
...model saved to 15_exp/models/FloydWarshallDataset_vanilla_0.0001_20000_20260225_024650_relu_best.pth...20260225_024814
At epoch 92, test loss = 72.9983
...model saved to 15_exp/models/FloydWarshallDataset_vanilla_0.0001_20000_20260225_024650_relu_best.pth...20260225_024814
At epoch 93, test loss = 72.5047
...model saved to 15_exp/models/FloydWarshallDataset_vanilla_0.0001_20000_20260225_024650_relu_best.pth...20260225_024815
At epoch 94, test loss = 72.0058
...model saved to 15_exp/models/FloydWarshallDataset_vanilla_0.0001_20000_20260225_024650_relu_best.pth...20260225_024816
At epoch 95, test loss = 71.5427
...model saved to 15_exp/models/FloydWarshallDataset_vanilla_0.0001_20000_20260225_024650_relu_best.pth...20260225_024816
At epoch 96, test loss = 71.0469
...model saved to 15_exp/models/FloydWarshallDataset_vanilla_0.0001_20000_20260225_024650_relu_best.pth...20260225_024817
At epoch 97, test loss = 70.5827
...model saved to 15_exp/models/FloydWarshallDataset_vanilla_0.0001_20000_20260225_024650_relu_best.pth...20260225_024817
At epoch 98, test loss = 70.1436
...model saved to 15_exp/models/FloydWarshallDataset_vanilla_0.0001_20000_20260225_024650_relu_best.pth...20260225_024818
At epoch 99, test loss = 69.6694
...model saved to 15_exp/models/FloydWarshallDataset_vanilla_0.0001_20000_20260225_024650_relu_best.pth...20260225_024818
At epoch 100, test loss = 69.2496
...model saved to 15_exp/models/FloydWarshallDataset_vanilla_0.0001_20000_20260225_024650_relu_best.pth...20260225_024819
At epoch 101, test loss = 68.7864
...model saved to 15_exp/models/FloydWarshallDataset_vanilla_0.0001_20000_20260225_024650_relu_best.pth...20260225_024820
At epoch 102, test loss = 68.3679
...model saved to 15_exp/models/FloydWarshallDataset_vanilla_0.0001_20000_20260225_024650_relu_best.pth...20260225_024820
At epoch 103, test loss = 67.9251
...model saved to 15_exp/models/FloydWarshallDataset_vanilla_0.0001_20000_20260225_024650_relu_best.pth...20260225_024821
At epoch 104, test loss = 67.5126
...model saved to 15_exp/models/FloydWarshallDataset_vanilla_0.0001_20000_20260225_024650_relu_best.pth...20260225_024821
At epoch 105, test loss = 67.0977
...model saved to 15_exp/models/FloydWarshallDataset_vanilla_0.0001_20000_20260225_024650_relu_best.pth...20260225_024822
At epoch 106, test loss = 66.6987
...model saved to 15_exp/models/FloydWarshallDataset_vanilla_0.0001_20000_20260225_024650_relu_best.pth...20260225_024823
At epoch 107, test loss = 66.2676
...model saved to 15_exp/models/FloydWarshallDataset_vanilla_0.0001_20000_20260225_024650_relu_best.pth...20260225_024823
At epoch 108, test loss = 65.8379
...model saved to 15_exp/models/FloydWarshallDataset_vanilla_0.0001_20000_20260225_024650_relu_best.pth...20260225_024824
At epoch 109, test loss = 65.4465
...model saved to 15_exp/models/FloydWarshallDataset_vanilla_0.0001_20000_20260225_024650_relu_best.pth...20260225_024824
At epoch 110, test loss = 64.9986
...model saved to 15_exp/models/FloydWarshallDataset_vanilla_0.0001_20000_20260225_024650_relu_best.pth...20260225_024825
At epoch 111, test loss = 64.6038
...model saved to 15_exp/models/FloydWarshallDataset_vanilla_0.0001_20000_20260225_024650_relu_best.pth...20260225_024825
At epoch 112, test loss = 64.1831
...model saved to 15_exp/models/FloydWarshallDataset_vanilla_0.0001_20000_20260225_024650_relu_best.pth...20260225_024826
At epoch 113, test loss = 63.7689
...model saved to 15_exp/models/FloydWarshallDataset_vanilla_0.0001_20000_20260225_024650_relu_best.pth...20260225_024827
At epoch 114, test loss = 63.3541
...model saved to 15_exp/models/FloydWarshallDataset_vanilla_0.0001_20000_20260225_024650_relu_best.pth...20260225_024827
At epoch 115, test loss = 63.0255
...model saved to 15_exp/models/FloydWarshallDataset_vanilla_0.0001_20000_20260225_024650_relu_best.pth...20260225_024828
At epoch 116, test loss = 62.5626
...model saved to 15_exp/models/FloydWarshallDataset_vanilla_0.0001_20000_20260225_024650_relu_best.pth...20260225_024828
At epoch 117, test loss = 62.1883
...model saved to 15_exp/models/FloydWarshallDataset_vanilla_0.0001_20000_20260225_024650_relu_best.pth...20260225_024829
At epoch 118, test loss = 61.7629
...model saved to 15_exp/models/FloydWarshallDataset_vanilla_0.0001_20000_20260225_024650_relu_best.pth...20260225_024830
At epoch 119, test loss = 61.3729
...model saved to 15_exp/models/FloydWarshallDataset_vanilla_0.0001_20000_20260225_024650_relu_best.pth...20260225_024830
At epoch 120, test loss = 61.0204
...model saved to 15_exp/models/FloydWarshallDataset_vanilla_0.0001_20000_20260225_024650_relu_best.pth...20260225_024831
At epoch 121, test loss = 60.5839
...model saved to 15_exp/models/FloydWarshallDataset_vanilla_0.0001_20000_20260225_024650_relu_best.pth...20260225_024831
At epoch 122, test loss = 60.2271
...model saved to 15_exp/models/FloydWarshallDataset_vanilla_0.0001_20000_20260225_024650_relu_best.pth...20260225_024832
At epoch 123, test loss = 59.7938
...model saved to 15_exp/models/FloydWarshallDataset_vanilla_0.0001_20000_20260225_024650_relu_best.pth...20260225_024832
At epoch 124, test loss = 59.4090
...model saved to 15_exp/models/FloydWarshallDataset_vanilla_0.0001_20000_20260225_024650_relu_best.pth...20260225_024833
At epoch 125, test loss = 58.9874
...model saved to 15_exp/models/FloydWarshallDataset_vanilla_0.0001_20000_20260225_024650_relu_best.pth...20260225_024834
At epoch 126, test loss = 58.5947
...model saved to 15_exp/models/FloydWarshallDataset_vanilla_0.0001_20000_20260225_024650_relu_best.pth...20260225_024834
At epoch 127, test loss = 58.1832
...model saved to 15_exp/models/FloydWarshallDataset_vanilla_0.0001_20000_20260225_024650_relu_best.pth...20260225_024835
At epoch 128, test loss = 57.7967
...model saved to 15_exp/models/FloydWarshallDataset_vanilla_0.0001_20000_20260225_024650_relu_best.pth...20260225_024835
At epoch 129, test loss = 57.3301
...model saved to 15_exp/models/FloydWarshallDataset_vanilla_0.0001_20000_20260225_024650_relu_best.pth...20260225_024836
At epoch 130, test loss = 56.9610
...model saved to 15_exp/models/FloydWarshallDataset_vanilla_0.0001_20000_20260225_024650_relu_best.pth...20260225_024837
At epoch 131, test loss = 56.5207
...model saved to 15_exp/models/FloydWarshallDataset_vanilla_0.0001_20000_20260225_024650_relu_best.pth...20260225_024837
At epoch 132, test loss = 56.1195
...model saved to 15_exp/models/FloydWarshallDataset_vanilla_0.0001_20000_20260225_024650_relu_best.pth...20260225_024838
At epoch 133, test loss = 55.6809
...model saved to 15_exp/models/FloydWarshallDataset_vanilla_0.0001_20000_20260225_024650_relu_best.pth...20260225_024838
At epoch 134, test loss = 55.2584
...model saved to 15_exp/models/FloydWarshallDataset_vanilla_0.0001_20000_20260225_024650_relu_best.pth...20260225_024839
At epoch 135, test loss = 54.8269
...model saved to 15_exp/models/FloydWarshallDataset_vanilla_0.0001_20000_20260225_024650_relu_best.pth...20260225_024840
At epoch 136, test loss = 54.4116
...model saved to 15_exp/models/FloydWarshallDataset_vanilla_0.0001_20000_20260225_024650_relu_best.pth...20260225_024840
At epoch 137, test loss = 53.9823
...model saved to 15_exp/models/FloydWarshallDataset_vanilla_0.0001_20000_20260225_024650_relu_best.pth...20260225_024841
At epoch 138, test loss = 53.5634
...model saved to 15_exp/models/FloydWarshallDataset_vanilla_0.0001_20000_20260225_024650_relu_best.pth...20260225_024842
At epoch 139, test loss = 53.1585
...model saved to 15_exp/models/FloydWarshallDataset_vanilla_0.0001_20000_20260225_024650_relu_best.pth...20260225_024842
At epoch 140, test loss = 52.7645
...model saved to 15_exp/models/FloydWarshallDataset_vanilla_0.0001_20000_20260225_024650_relu_best.pth...20260225_024843
At epoch 141, test loss = 52.3876
...model saved to 15_exp/models/FloydWarshallDataset_vanilla_0.0001_20000_20260225_024650_relu_best.pth...20260225_024843
At epoch 142, test loss = 52.0326
...model saved to 15_exp/models/FloydWarshallDataset_vanilla_0.0001_20000_20260225_024650_relu_best.pth...20260225_024844
At epoch 143, test loss = 51.6295
...model saved to 15_exp/models/FloydWarshallDataset_vanilla_0.0001_20000_20260225_024650_relu_best.pth...20260225_024845
At epoch 144, test loss = 51.2655
...model saved to 15_exp/models/FloydWarshallDataset_vanilla_0.0001_20000_20260225_024650_relu_best.pth...20260225_024845
At epoch 145, test loss = 50.9356
...model saved to 15_exp/models/FloydWarshallDataset_vanilla_0.0001_20000_20260225_024650_relu_best.pth...20260225_024846
At epoch 146, test loss = 50.5776
...model saved to 15_exp/models/FloydWarshallDataset_vanilla_0.0001_20000_20260225_024650_relu_best.pth...20260225_024846
At epoch 147, test loss = 50.2545
...model saved to 15_exp/models/FloydWarshallDataset_vanilla_0.0001_20000_20260225_024650_relu_best.pth...20260225_024847
At epoch 148, test loss = 49.9461
...model saved to 15_exp/models/FloydWarshallDataset_vanilla_0.0001_20000_20260225_024650_relu_best.pth...20260225_024847
At epoch 149, test loss = 49.6754
...model saved to 15_exp/models/FloydWarshallDataset_vanilla_0.0001_20000_20260225_024650_relu_best.pth...20260225_024848
At epoch 150, test loss = 49.3053
...model saved to 15_exp/models/FloydWarshallDataset_vanilla_0.0001_20000_20260225_024650_relu_best.pth...20260225_024849
At epoch 151, test loss = 49.0222
...model saved to 15_exp/models/FloydWarshallDataset_vanilla_0.0001_20000_20260225_024650_relu_best.pth...20260225_024849
At epoch 152, test loss = 48.7392
...model saved to 15_exp/models/FloydWarshallDataset_vanilla_0.0001_20000_20260225_024650_relu_best.pth...20260225_024850
At epoch 153, test loss = 48.4751
...model saved to 15_exp/models/FloydWarshallDataset_vanilla_0.0001_20000_20260225_024650_relu_best.pth...20260225_024850
At epoch 154, test loss = 48.2044
...model saved to 15_exp/models/FloydWarshallDataset_vanilla_0.0001_20000_20260225_024650_relu_best.pth...20260225_024851
At epoch 155, test loss = 47.9296
...model saved to 15_exp/models/FloydWarshallDataset_vanilla_0.0001_20000_20260225_024650_relu_best.pth...20260225_024852
At epoch 156, test loss = 47.6711
...model saved to 15_exp/models/FloydWarshallDataset_vanilla_0.0001_20000_20260225_024650_relu_best.pth...20260225_024852
At epoch 157, test loss = 47.4557
...model saved to 15_exp/models/FloydWarshallDataset_vanilla_0.0001_20000_20260225_024650_relu_best.pth...20260225_024853
At epoch 158, test loss = 47.1974
...model saved to 15_exp/models/FloydWarshallDataset_vanilla_0.0001_20000_20260225_024650_relu_best.pth...20260225_024853
At epoch 159, test loss = 46.9595
...model saved to 15_exp/models/FloydWarshallDataset_vanilla_0.0001_20000_20260225_024650_relu_best.pth...20260225_024854
At epoch 160, test loss = 46.7254
...model saved to 15_exp/models/FloydWarshallDataset_vanilla_0.0001_20000_20260225_024650_relu_best.pth...20260225_024854
At epoch 161, test loss = 46.4387
...model saved to 15_exp/models/FloydWarshallDataset_vanilla_0.0001_20000_20260225_024650_relu_best.pth...20260225_024855
At epoch 162, test loss = 46.2018
...model saved to 15_exp/models/FloydWarshallDataset_vanilla_0.0001_20000_20260225_024650_relu_best.pth...20260225_024856
At epoch 163, test loss = 45.9503
...model saved to 15_exp/models/FloydWarshallDataset_vanilla_0.0001_20000_20260225_024650_relu_best.pth...20260225_024856
At epoch 164, test loss = 45.7231
...model saved to 15_exp/models/FloydWarshallDataset_vanilla_0.0001_20000_20260225_024650_relu_best.pth...20260225_024857
At epoch 165, test loss = 45.4736
...model saved to 15_exp/models/FloydWarshallDataset_vanilla_0.0001_20000_20260225_024650_relu_best.pth...20260225_024857
At epoch 166, test loss = 45.2673
...model saved to 15_exp/models/FloydWarshallDataset_vanilla_0.0001_20000_20260225_024650_relu_best.pth...20260225_024858
At epoch 167, test loss = 45.0474
...model saved to 15_exp/models/FloydWarshallDataset_vanilla_0.0001_20000_20260225_024650_relu_best.pth...20260225_024858
At epoch 168, test loss = 44.8262
...model saved to 15_exp/models/FloydWarshallDataset_vanilla_0.0001_20000_20260225_024650_relu_best.pth...20260225_024859
At epoch 169, test loss = 44.6234
...model saved to 15_exp/models/FloydWarshallDataset_vanilla_0.0001_20000_20260225_024650_relu_best.pth...20260225_024900
At epoch 170, test loss = 44.4299
...model saved to 15_exp/models/FloydWarshallDataset_vanilla_0.0001_20000_20260225_024650_relu_best.pth...20260225_024900
At epoch 171, test loss = 44.2384
...model saved to 15_exp/models/FloydWarshallDataset_vanilla_0.0001_20000_20260225_024650_relu_best.pth...20260225_024901
At epoch 172, test loss = 44.0458
...model saved to 15_exp/models/FloydWarshallDataset_vanilla_0.0001_20000_20260225_024650_relu_best.pth...20260225_024901
At epoch 173, test loss = 43.8531
...model saved to 15_exp/models/FloydWarshallDataset_vanilla_0.0001_20000_20260225_024650_relu_best.pth...20260225_024902
At epoch 174, test loss = 43.6503
...model saved to 15_exp/models/FloydWarshallDataset_vanilla_0.0001_20000_20260225_024650_relu_best.pth...20260225_024903
At epoch 175, test loss = 43.4884
...model saved to 15_exp/models/FloydWarshallDataset_vanilla_0.0001_20000_20260225_024650_relu_best.pth...20260225_024903
At epoch 176, test loss = 43.3049
...model saved to 15_exp/models/FloydWarshallDataset_vanilla_0.0001_20000_20260225_024650_relu_best.pth...20260225_024904
At epoch 177, test loss = 43.1421
...model saved to 15_exp/models/FloydWarshallDataset_vanilla_0.0001_20000_20260225_024650_relu_best.pth...20260225_024904
At epoch 178, test loss = 42.9823
...model saved to 15_exp/models/FloydWarshallDataset_vanilla_0.0001_20000_20260225_024650_relu_best.pth...20260225_024905
At epoch 179, test loss = 42.7917
...model saved to 15_exp/models/FloydWarshallDataset_vanilla_0.0001_20000_20260225_024650_relu_best.pth...20260225_024905
At epoch 180, test loss = 42.6752
...model saved to 15_exp/models/FloydWarshallDataset_vanilla_0.0001_20000_20260225_024650_relu_best.pth...20260225_024906
At epoch 181, test loss = 42.4685
...model saved to 15_exp/models/FloydWarshallDataset_vanilla_0.0001_20000_20260225_024650_relu_best.pth...20260225_024907
At epoch 182, test loss = 42.3383
...model saved to 15_exp/models/FloydWarshallDataset_vanilla_0.0001_20000_20260225_024650_relu_best.pth...20260225_024907
At epoch 183, test loss = 42.1568
...model saved to 15_exp/models/FloydWarshallDataset_vanilla_0.0001_20000_20260225_024650_relu_best.pth...20260225_024908
At epoch 184, test loss = 42.0083
...model saved to 15_exp/models/FloydWarshallDataset_vanilla_0.0001_20000_20260225_024650_relu_best.pth...20260225_024908
At epoch 185, test loss = 41.8417
...model saved to 15_exp/models/FloydWarshallDataset_vanilla_0.0001_20000_20260225_024650_relu_best.pth...20260225_024909
At epoch 186, test loss = 41.6749
...model saved to 15_exp/models/FloydWarshallDataset_vanilla_0.0001_20000_20260225_024650_relu_best.pth...20260225_024910
At epoch 187, test loss = 41.5259
...model saved to 15_exp/models/FloydWarshallDataset_vanilla_0.0001_20000_20260225_024650_relu_best.pth...20260225_024910
At epoch 188, test loss = 41.3914
...model saved to 15_exp/models/FloydWarshallDataset_vanilla_0.0001_20000_20260225_024650_relu_best.pth...20260225_024911
At epoch 189, test loss = 41.2167
...model saved to 15_exp/models/FloydWarshallDataset_vanilla_0.0001_20000_20260225_024650_relu_best.pth...20260225_024911
At epoch 190, test loss = 41.0660
...model saved to 15_exp/models/FloydWarshallDataset_vanilla_0.0001_20000_20260225_024650_relu_best.pth...20260225_024912
At epoch 191, test loss = 40.9141
...model saved to 15_exp/models/FloydWarshallDataset_vanilla_0.0001_20000_20260225_024650_relu_best.pth...20260225_024912
At epoch 192, test loss = 40.7648
...model saved to 15_exp/models/FloydWarshallDataset_vanilla_0.0001_20000_20260225_024650_relu_best.pth...20260225_024913
At epoch 193, test loss = 40.6183
...model saved to 15_exp/models/FloydWarshallDataset_vanilla_0.0001_20000_20260225_024650_relu_best.pth...20260225_024914
At epoch 194, test loss = 40.4652
...model saved to 15_exp/models/FloydWarshallDataset_vanilla_0.0001_20000_20260225_024650_relu_best.pth...20260225_024914
At epoch 195, test loss = 40.3268
...model saved to 15_exp/models/FloydWarshallDataset_vanilla_0.0001_20000_20260225_024650_relu_best.pth...20260225_024915
At epoch 196, test loss = 40.1907
...model saved to 15_exp/models/FloydWarshallDataset_vanilla_0.0001_20000_20260225_024650_relu_best.pth...20260225_024915
At epoch 197, test loss = 40.0500
...model saved to 15_exp/models/FloydWarshallDataset_vanilla_0.0001_20000_20260225_024650_relu_best.pth...20260225_024916
At epoch 198, test loss = 39.9241
...model saved to 15_exp/models/FloydWarshallDataset_vanilla_0.0001_20000_20260225_024650_relu_best.pth...20260225_024917
At epoch 199, test loss = 39.7791
...model saved to 15_exp/models/FloydWarshallDataset_vanilla_0.0001_20000_20260225_024650_relu_best.pth...20260225_024917
At epoch 200, test loss = 39.6288
...model saved to 15_exp/models/FloydWarshallDataset_vanilla_0.0001_20000_20260225_024650_relu_best.pth...20260225_024918
At epoch 201, test loss = 39.5125
...model saved to 15_exp/models/FloydWarshallDataset_vanilla_0.0001_20000_20260225_024650_relu_best.pth...20260225_024918
At epoch 202, test loss = 39.3982
...model saved to 15_exp/models/FloydWarshallDataset_vanilla_0.0001_20000_20260225_024650_relu_best.pth...20260225_024919
At epoch 203, test loss = 39.2434
...model saved to 15_exp/models/FloydWarshallDataset_vanilla_0.0001_20000_20260225_024650_relu_best.pth...20260225_024920
At epoch 204, test loss = 39.1329
...model saved to 15_exp/models/FloydWarshallDataset_vanilla_0.0001_20000_20260225_024650_relu_best.pth...20260225_024920
At epoch 205, test loss = 39.0159
...model saved to 15_exp/models/FloydWarshallDataset_vanilla_0.0001_20000_20260225_024650_relu_best.pth...20260225_024921
At epoch 206, test loss = 38.8936
...model saved to 15_exp/models/FloydWarshallDataset_vanilla_0.0001_20000_20260225_024650_relu_best.pth...20260225_024921
At epoch 207, test loss = 38.7976
...model saved to 15_exp/models/FloydWarshallDataset_vanilla_0.0001_20000_20260225_024650_relu_best.pth...20260225_024922
At epoch 208, test loss = 38.7304
...model saved to 15_exp/models/FloydWarshallDataset_vanilla_0.0001_20000_20260225_024650_relu_best.pth...20260225_024922
At epoch 209, test loss = 38.5479
...model saved to 15_exp/models/FloydWarshallDataset_vanilla_0.0001_20000_20260225_024650_relu_best.pth...20260225_024923
At epoch 210, test loss = 38.4577
...model saved to 15_exp/models/FloydWarshallDataset_vanilla_0.0001_20000_20260225_024650_relu_best.pth...20260225_024924
At epoch 211, test loss = 38.3521
...model saved to 15_exp/models/FloydWarshallDataset_vanilla_0.0001_20000_20260225_024650_relu_best.pth...20260225_024924
At epoch 212, test loss = 38.2291
...model saved to 15_exp/models/FloydWarshallDataset_vanilla_0.0001_20000_20260225_024650_relu_best.pth...20260225_024925
At epoch 213, test loss = 38.1107
...model saved to 15_exp/models/FloydWarshallDataset_vanilla_0.0001_20000_20260225_024650_relu_best.pth...20260225_024925
At epoch 214, test loss = 38.0191
...model saved to 15_exp/models/FloydWarshallDataset_vanilla_0.0001_20000_20260225_024650_relu_best.pth...20260225_024926
At epoch 215, test loss = 37.9188
...model saved to 15_exp/models/FloydWarshallDataset_vanilla_0.0001_20000_20260225_024650_relu_best.pth...20260225_024926
At epoch 216, test loss = 37.8201
...model saved to 15_exp/models/FloydWarshallDataset_vanilla_0.0001_20000_20260225_024650_relu_best.pth...20260225_024927
At epoch 217, test loss = 37.7090
...model saved to 15_exp/models/FloydWarshallDataset_vanilla_0.0001_20000_20260225_024650_relu_best.pth...20260225_024928
At epoch 218, test loss = 37.6556
...model saved to 15_exp/models/FloydWarshallDataset_vanilla_0.0001_20000_20260225_024650_relu_best.pth...20260225_024928
At epoch 219, test loss = 37.5197
...model saved to 15_exp/models/FloydWarshallDataset_vanilla_0.0001_20000_20260225_024650_relu_best.pth...20260225_024929
At epoch 220, test loss = 37.3926
...model saved to 15_exp/models/FloydWarshallDataset_vanilla_0.0001_20000_20260225_024650_relu_best.pth...20260225_024929
At epoch 221, test loss = 37.3045
...model saved to 15_exp/models/FloydWarshallDataset_vanilla_0.0001_20000_20260225_024650_relu_best.pth...20260225_024930
At epoch 222, test loss = 37.2173
...model saved to 15_exp/models/FloydWarshallDataset_vanilla_0.0001_20000_20260225_024650_relu_best.pth...20260225_024931
At epoch 223, test loss = 37.0943
...model saved to 15_exp/models/FloydWarshallDataset_vanilla_0.0001_20000_20260225_024650_relu_best.pth...20260225_024931
At epoch 224, test loss = 37.0120
...model saved to 15_exp/models/FloydWarshallDataset_vanilla_0.0001_20000_20260225_024650_relu_best.pth...20260225_024932
At epoch 225, test loss = 36.9407
...model saved to 15_exp/models/FloydWarshallDataset_vanilla_0.0001_20000_20260225_024650_relu_best.pth...20260225_024932
At epoch 226, test loss = 36.8369
...model saved to 15_exp/models/FloydWarshallDataset_vanilla_0.0001_20000_20260225_024650_relu_best.pth...20260225_024933
At epoch 227, test loss = 36.7358
...model saved to 15_exp/models/FloydWarshallDataset_vanilla_0.0001_20000_20260225_024650_relu_best.pth...20260225_024934
At epoch 228, test loss = 36.6385
...model saved to 15_exp/models/FloydWarshallDataset_vanilla_0.0001_20000_20260225_024650_relu_best.pth...20260225_024934
At epoch 229, test loss = 36.5660
...model saved to 15_exp/models/FloydWarshallDataset_vanilla_0.0001_20000_20260225_024650_relu_best.pth...20260225_024935
At epoch 230, test loss = 36.4919
...model saved to 15_exp/models/FloydWarshallDataset_vanilla_0.0001_20000_20260225_024650_relu_best.pth...20260225_024935
At epoch 231, test loss = 36.3919
...model saved to 15_exp/models/FloydWarshallDataset_vanilla_0.0001_20000_20260225_024650_relu_best.pth...20260225_024936
At epoch 232, test loss = 36.2817
...model saved to 15_exp/models/FloydWarshallDataset_vanilla_0.0001_20000_20260225_024650_relu_best.pth...20260225_024936
At epoch 233, test loss = 36.2002
...model saved to 15_exp/models/FloydWarshallDataset_vanilla_0.0001_20000_20260225_024650_relu_best.pth...20260225_024937
At epoch 234, test loss = 36.1150
...model saved to 15_exp/models/FloydWarshallDataset_vanilla_0.0001_20000_20260225_024650_relu_best.pth...20260225_024938
At epoch 235, test loss = 36.0230
...model saved to 15_exp/models/FloydWarshallDataset_vanilla_0.0001_20000_20260225_024650_relu_best.pth...20260225_024938
At epoch 236, test loss = 35.9166
...model saved to 15_exp/models/FloydWarshallDataset_vanilla_0.0001_20000_20260225_024650_relu_best.pth...20260225_024939
At epoch 237, test loss = 35.8278
...model saved to 15_exp/models/FloydWarshallDataset_vanilla_0.0001_20000_20260225_024650_relu_best.pth...20260225_024939
At epoch 238, test loss = 35.7474
...model saved to 15_exp/models/FloydWarshallDataset_vanilla_0.0001_20000_20260225_024650_relu_best.pth...20260225_024940
At epoch 239, test loss = 35.6737
...model saved to 15_exp/models/FloydWarshallDataset_vanilla_0.0001_20000_20260225_024650_relu_best.pth...20260225_024940
At epoch 240, test loss = 35.5687
...model saved to 15_exp/models/FloydWarshallDataset_vanilla_0.0001_20000_20260225_024650_relu_best.pth...20260225_024941
At epoch 241, test loss = 35.4573
...model saved to 15_exp/models/FloydWarshallDataset_vanilla_0.0001_20000_20260225_024650_relu_best.pth...20260225_024942
At epoch 242, test loss = 35.4036
...model saved to 15_exp/models/FloydWarshallDataset_vanilla_0.0001_20000_20260225_024650_relu_best.pth...20260225_024942
At epoch 243, test loss = 35.3309
...model saved to 15_exp/models/FloydWarshallDataset_vanilla_0.0001_20000_20260225_024650_relu_best.pth...20260225_024943
At epoch 244, test loss = 35.2000
...model saved to 15_exp/models/FloydWarshallDataset_vanilla_0.0001_20000_20260225_024650_relu_best.pth...20260225_024943
At epoch 245, test loss = 35.1090
...model saved to 15_exp/models/FloydWarshallDataset_vanilla_0.0001_20000_20260225_024650_relu_best.pth...20260225_024944
At epoch 246, test loss = 35.0067
...model saved to 15_exp/models/FloydWarshallDataset_vanilla_0.0001_20000_20260225_024650_relu_best.pth...20260225_024944
At epoch 247, test loss = 34.9152
...model saved to 15_exp/models/FloydWarshallDataset_vanilla_0.0001_20000_20260225_024650_relu_best.pth...20260225_024945
At epoch 248, test loss = 34.8150
...model saved to 15_exp/models/FloydWarshallDataset_vanilla_0.0001_20000_20260225_024650_relu_best.pth...20260225_024946
At epoch 249, test loss = 34.7222
...model saved to 15_exp/models/FloydWarshallDataset_vanilla_0.0001_20000_20260225_024650_relu_best.pth...20260225_024946
At epoch 250, test loss = 34.6014
...model saved to 15_exp/models/FloydWarshallDataset_vanilla_0.0001_20000_20260225_024650_relu_best.pth...20260225_024947
At epoch 251, test loss = 34.5219
...model saved to 15_exp/models/FloydWarshallDataset_vanilla_0.0001_20000_20260225_024650_relu_best.pth...20260225_024948
At epoch 252, test loss = 34.3805
...model saved to 15_exp/models/FloydWarshallDataset_vanilla_0.0001_20000_20260225_024650_relu_best.pth...20260225_024948
At epoch 253, test loss = 34.2846
...model saved to 15_exp/models/FloydWarshallDataset_vanilla_0.0001_20000_20260225_024650_relu_best.pth...20260225_024949
At epoch 254, test loss = 34.1731
...model saved to 15_exp/models/FloydWarshallDataset_vanilla_0.0001_20000_20260225_024650_relu_best.pth...20260225_024949
At epoch 255, test loss = 34.0611
...model saved to 15_exp/models/FloydWarshallDataset_vanilla_0.0001_20000_20260225_024650_relu_best.pth...20260225_024950
At epoch 256, test loss = 33.9537
...model saved to 15_exp/models/FloydWarshallDataset_vanilla_0.0001_20000_20260225_024650_relu_best.pth...20260225_024951
At epoch 257, test loss = 33.8227
...model saved to 15_exp/models/FloydWarshallDataset_vanilla_0.0001_20000_20260225_024650_relu_best.pth...20260225_024952
At epoch 258, test loss = 33.7528
...model saved to 15_exp/models/FloydWarshallDataset_vanilla_0.0001_20000_20260225_024650_relu_best.pth...20260225_024952
At epoch 259, test loss = 33.6151
...model saved to 15_exp/models/FloydWarshallDataset_vanilla_0.0001_20000_20260225_024650_relu_best.pth...20260225_024953
At epoch 260, test loss = 33.4878
...model saved to 15_exp/models/FloydWarshallDataset_vanilla_0.0001_20000_20260225_024650_relu_best.pth...20260225_024953
At epoch 261, test loss = 33.3620
...model saved to 15_exp/models/FloydWarshallDataset_vanilla_0.0001_20000_20260225_024650_relu_best.pth...20260225_024954
At epoch 262, test loss = 33.2593
...model saved to 15_exp/models/FloydWarshallDataset_vanilla_0.0001_20000_20260225_024650_relu_best.pth...20260225_024955
At epoch 263, test loss = 33.1377
...model saved to 15_exp/models/FloydWarshallDataset_vanilla_0.0001_20000_20260225_024650_relu_best.pth...20260225_024955
At epoch 264, test loss = 33.0116
...model saved to 15_exp/models/FloydWarshallDataset_vanilla_0.0001_20000_20260225_024650_relu_best.pth...20260225_024956
At epoch 265, test loss = 32.9225
...model saved to 15_exp/models/FloydWarshallDataset_vanilla_0.0001_20000_20260225_024650_relu_best.pth...20260225_024957
At epoch 266, test loss = 32.8059
...model saved to 15_exp/models/FloydWarshallDataset_vanilla_0.0001_20000_20260225_024650_relu_best.pth...20260225_024957
At epoch 267, test loss = 32.6896
...model saved to 15_exp/models/FloydWarshallDataset_vanilla_0.0001_20000_20260225_024650_relu_best.pth...20260225_024958
At epoch 268, test loss = 32.5742
...model saved to 15_exp/models/FloydWarshallDataset_vanilla_0.0001_20000_20260225_024650_relu_best.pth...20260225_024959
At epoch 269, test loss = 32.4316
...model saved to 15_exp/models/FloydWarshallDataset_vanilla_0.0001_20000_20260225_024650_relu_best.pth...20260225_024959
At epoch 270, test loss = 32.3213
...model saved to 15_exp/models/FloydWarshallDataset_vanilla_0.0001_20000_20260225_024650_relu_best.pth...20260225_025000
At epoch 271, test loss = 32.2183
...model saved to 15_exp/models/FloydWarshallDataset_vanilla_0.0001_20000_20260225_024650_relu_best.pth...20260225_025001
At epoch 272, test loss = 32.1487
...model saved to 15_exp/models/FloydWarshallDataset_vanilla_0.0001_20000_20260225_024650_relu_best.pth...20260225_025001
At epoch 273, test loss = 32.0018
...model saved to 15_exp/models/FloydWarshallDataset_vanilla_0.0001_20000_20260225_024650_relu_best.pth...20260225_025002
At epoch 274, test loss = 31.8909
...model saved to 15_exp/models/FloydWarshallDataset_vanilla_0.0001_20000_20260225_024650_relu_best.pth...20260225_025002
At epoch 275, test loss = 31.7630
...model saved to 15_exp/models/FloydWarshallDataset_vanilla_0.0001_20000_20260225_024650_relu_best.pth...20260225_025003
At epoch 276, test loss = 31.6660
...model saved to 15_exp/models/FloydWarshallDataset_vanilla_0.0001_20000_20260225_024650_relu_best.pth...20260225_025004
At epoch 277, test loss = 31.5823
...model saved to 15_exp/models/FloydWarshallDataset_vanilla_0.0001_20000_20260225_024650_relu_best.pth...20260225_025004
At epoch 278, test loss = 31.4610
...model saved to 15_exp/models/FloydWarshallDataset_vanilla_0.0001_20000_20260225_024650_relu_best.pth...20260225_025005
At epoch 279, test loss = 31.3362
...model saved to 15_exp/models/FloydWarshallDataset_vanilla_0.0001_20000_20260225_024650_relu_best.pth...20260225_025006
At epoch 280, test loss = 31.2556
...model saved to 15_exp/models/FloydWarshallDataset_vanilla_0.0001_20000_20260225_024650_relu_best.pth...20260225_025006
At epoch 281, test loss = 31.1610
...model saved to 15_exp/models/FloydWarshallDataset_vanilla_0.0001_20000_20260225_024650_relu_best.pth...20260225_025007
At epoch 282, test loss = 31.0337
...model saved to 15_exp/models/FloydWarshallDataset_vanilla_0.0001_20000_20260225_024650_relu_best.pth...20260225_025007
At epoch 283, test loss = 30.9176
...model saved to 15_exp/models/FloydWarshallDataset_vanilla_0.0001_20000_20260225_024650_relu_best.pth...20260225_025008
At epoch 284, test loss = 30.8125
...model saved to 15_exp/models/FloydWarshallDataset_vanilla_0.0001_20000_20260225_024650_relu_best.pth...20260225_025009
At epoch 285, test loss = 30.7209
...model saved to 15_exp/models/FloydWarshallDataset_vanilla_0.0001_20000_20260225_024650_relu_best.pth...20260225_025009
At epoch 286, test loss = 30.6342
...model saved to 15_exp/models/FloydWarshallDataset_vanilla_0.0001_20000_20260225_024650_relu_best.pth...20260225_025010
At epoch 287, test loss = 30.5010
...model saved to 15_exp/models/FloydWarshallDataset_vanilla_0.0001_20000_20260225_024650_relu_best.pth...20260225_025011
At epoch 288, test loss = 30.4350
...model saved to 15_exp/models/FloydWarshallDataset_vanilla_0.0001_20000_20260225_024650_relu_best.pth...20260225_025011
At epoch 289, test loss = 30.3073
...model saved to 15_exp/models/FloydWarshallDataset_vanilla_0.0001_20000_20260225_024650_relu_best.pth...20260225_025012
At epoch 290, test loss = 30.1872
...model saved to 15_exp/models/FloydWarshallDataset_vanilla_0.0001_20000_20260225_024650_relu_best.pth...20260225_025013
At epoch 291, test loss = 30.0951
...model saved to 15_exp/models/FloydWarshallDataset_vanilla_0.0001_20000_20260225_024650_relu_best.pth...20260225_025013
At epoch 292, test loss = 29.9841
...model saved to 15_exp/models/FloydWarshallDataset_vanilla_0.0001_20000_20260225_024650_relu_best.pth...20260225_025014
At epoch 293, test loss = 29.8716
...model saved to 15_exp/models/FloydWarshallDataset_vanilla_0.0001_20000_20260225_024650_relu_best.pth...20260225_025014
At epoch 294, test loss = 29.7694
...model saved to 15_exp/models/FloydWarshallDataset_vanilla_0.0001_20000_20260225_024650_relu_best.pth...20260225_025015
At epoch 295, test loss = 29.6635
...model saved to 15_exp/models/FloydWarshallDataset_vanilla_0.0001_20000_20260225_024650_relu_best.pth...20260225_025016
At epoch 296, test loss = 29.5555
...model saved to 15_exp/models/FloydWarshallDataset_vanilla_0.0001_20000_20260225_024650_relu_best.pth...20260225_025016
At epoch 297, test loss = 29.4445
...model saved to 15_exp/models/FloydWarshallDataset_vanilla_0.0001_20000_20260225_024650_relu_best.pth...20260225_025017
At epoch 298, test loss = 29.3538
...model saved to 15_exp/models/FloydWarshallDataset_vanilla_0.0001_20000_20260225_024650_relu_best.pth...20260225_025018
At epoch 299, test loss = 29.2488
...model saved to 15_exp/models/FloydWarshallDataset_vanilla_0.0001_20000_20260225_024650_relu_best.pth...20260225_025018
At epoch 300, test loss = 29.1264
...model saved to 15_exp/models/FloydWarshallDataset_vanilla_0.0001_20000_20260225_024650_relu_best.pth...20260225_025019
At epoch 301, test loss = 29.0219
...model saved to 15_exp/models/FloydWarshallDataset_vanilla_0.0001_20000_20260225_024650_relu_best.pth...20260225_025019
At epoch 302, test loss = 28.9398
...model saved to 15_exp/models/FloydWarshallDataset_vanilla_0.0001_20000_20260225_024650_relu_best.pth...20260225_025020
At epoch 303, test loss = 28.8376
...model saved to 15_exp/models/FloydWarshallDataset_vanilla_0.0001_20000_20260225_024650_relu_best.pth...20260225_025021
At epoch 304, test loss = 28.7099
...model saved to 15_exp/models/FloydWarshallDataset_vanilla_0.0001_20000_20260225_024650_relu_best.pth...20260225_025021
At epoch 305, test loss = 28.6114
...model saved to 15_exp/models/FloydWarshallDataset_vanilla_0.0001_20000_20260225_024650_relu_best.pth...20260225_025022
At epoch 306, test loss = 28.5436
...model saved to 15_exp/models/FloydWarshallDataset_vanilla_0.0001_20000_20260225_024650_relu_best.pth...20260225_025023
At epoch 307, test loss = 28.3857
...model saved to 15_exp/models/FloydWarshallDataset_vanilla_0.0001_20000_20260225_024650_relu_best.pth...20260225_025023
At epoch 308, test loss = 28.3108
...model saved to 15_exp/models/FloydWarshallDataset_vanilla_0.0001_20000_20260225_024650_relu_best.pth...20260225_025024
At epoch 309, test loss = 28.2031
...model saved to 15_exp/models/FloydWarshallDataset_vanilla_0.0001_20000_20260225_024650_relu_best.pth...20260225_025025
At epoch 310, test loss = 28.1205
...model saved to 15_exp/models/FloydWarshallDataset_vanilla_0.0001_20000_20260225_024650_relu_best.pth...20260225_025025
At epoch 311, test loss = 27.9904
...model saved to 15_exp/models/FloydWarshallDataset_vanilla_0.0001_20000_20260225_024650_relu_best.pth...20260225_025026
At epoch 312, test loss = 27.9081
...model saved to 15_exp/models/FloydWarshallDataset_vanilla_0.0001_20000_20260225_024650_relu_best.pth...20260225_025027
At epoch 313, test loss = 27.7903
...model saved to 15_exp/models/FloydWarshallDataset_vanilla_0.0001_20000_20260225_024650_relu_best.pth...20260225_025027
At epoch 314, test loss = 27.7103
...model saved to 15_exp/models/FloydWarshallDataset_vanilla_0.0001_20000_20260225_024650_relu_best.pth...20260225_025028
At epoch 315, test loss = 27.5936
...model saved to 15_exp/models/FloydWarshallDataset_vanilla_0.0001_20000_20260225_024650_relu_best.pth...20260225_025028
At epoch 316, test loss = 27.5128
...model saved to 15_exp/models/FloydWarshallDataset_vanilla_0.0001_20000_20260225_024650_relu_best.pth...20260225_025029
At epoch 317, test loss = 27.4025
...model saved to 15_exp/models/FloydWarshallDataset_vanilla_0.0001_20000_20260225_024650_relu_best.pth...20260225_025030
At epoch 318, test loss = 27.3081
...model saved to 15_exp/models/FloydWarshallDataset_vanilla_0.0001_20000_20260225_024650_relu_best.pth...20260225_025030
At epoch 319, test loss = 27.2033
...model saved to 15_exp/models/FloydWarshallDataset_vanilla_0.0001_20000_20260225_024650_relu_best.pth...20260225_025031
At epoch 320, test loss = 27.1149
...model saved to 15_exp/models/FloydWarshallDataset_vanilla_0.0001_20000_20260225_024650_relu_best.pth...20260225_025032
At epoch 321, test loss = 27.0195
...model saved to 15_exp/models/FloydWarshallDataset_vanilla_0.0001_20000_20260225_024650_relu_best.pth...20260225_025032
At epoch 322, test loss = 26.8913
...model saved to 15_exp/models/FloydWarshallDataset_vanilla_0.0001_20000_20260225_024650_relu_best.pth...20260225_025033
At epoch 323, test loss = 26.7766
...model saved to 15_exp/models/FloydWarshallDataset_vanilla_0.0001_20000_20260225_024650_relu_best.pth...20260225_025033
At epoch 324, test loss = 26.6836
...model saved to 15_exp/models/FloydWarshallDataset_vanilla_0.0001_20000_20260225_024650_relu_best.pth...20260225_025034
At epoch 325, test loss = 26.5891
...model saved to 15_exp/models/FloydWarshallDataset_vanilla_0.0001_20000_20260225_024650_relu_best.pth...20260225_025035
At epoch 326, test loss = 26.4862
...model saved to 15_exp/models/FloydWarshallDataset_vanilla_0.0001_20000_20260225_024650_relu_best.pth...20260225_025035
At epoch 327, test loss = 26.3810
...model saved to 15_exp/models/FloydWarshallDataset_vanilla_0.0001_20000_20260225_024650_relu_best.pth...20260225_025036
At epoch 328, test loss = 26.2508
...model saved to 15_exp/models/FloydWarshallDataset_vanilla_0.0001_20000_20260225_024650_relu_best.pth...20260225_025037
At epoch 329, test loss = 26.1522
...model saved to 15_exp/models/FloydWarshallDataset_vanilla_0.0001_20000_20260225_024650_relu_best.pth...20260225_025037
At epoch 330, test loss = 26.0446
...model saved to 15_exp/models/FloydWarshallDataset_vanilla_0.0001_20000_20260225_024650_relu_best.pth...20260225_025038
At epoch 331, test loss = 25.9497
...model saved to 15_exp/models/FloydWarshallDataset_vanilla_0.0001_20000_20260225_024650_relu_best.pth...20260225_025038
At epoch 332, test loss = 25.8511
...model saved to 15_exp/models/FloydWarshallDataset_vanilla_0.0001_20000_20260225_024650_relu_best.pth...20260225_025039
At epoch 333, test loss = 25.7155
...model saved to 15_exp/models/FloydWarshallDataset_vanilla_0.0001_20000_20260225_024650_relu_best.pth...20260225_025040
At epoch 334, test loss = 25.6269
...model saved to 15_exp/models/FloydWarshallDataset_vanilla_0.0001_20000_20260225_024650_relu_best.pth...20260225_025040
At epoch 335, test loss = 25.5195
...model saved to 15_exp/models/FloydWarshallDataset_vanilla_0.0001_20000_20260225_024650_relu_best.pth...20260225_025041
At epoch 336, test loss = 25.3941
...model saved to 15_exp/models/FloydWarshallDataset_vanilla_0.0001_20000_20260225_024650_relu_best.pth...20260225_025042
At epoch 337, test loss = 25.2757
...model saved to 15_exp/models/FloydWarshallDataset_vanilla_0.0001_20000_20260225_024650_relu_best.pth...20260225_025042
At epoch 338, test loss = 25.1789
...model saved to 15_exp/models/FloydWarshallDataset_vanilla_0.0001_20000_20260225_024650_relu_best.pth...20260225_025043
At epoch 339, test loss = 25.0521
...model saved to 15_exp/models/FloydWarshallDataset_vanilla_0.0001_20000_20260225_024650_relu_best.pth...20260225_025043
At epoch 340, test loss = 24.9379
...model saved to 15_exp/models/FloydWarshallDataset_vanilla_0.0001_20000_20260225_024650_relu_best.pth...20260225_025044
At epoch 341, test loss = 24.7974
...model saved to 15_exp/models/FloydWarshallDataset_vanilla_0.0001_20000_20260225_024650_relu_best.pth...20260225_025045
At epoch 342, test loss = 24.6798
...model saved to 15_exp/models/FloydWarshallDataset_vanilla_0.0001_20000_20260225_024650_relu_best.pth...20260225_025045
At epoch 343, test loss = 24.5616
...model saved to 15_exp/models/FloydWarshallDataset_vanilla_0.0001_20000_20260225_024650_relu_best.pth...20260225_025046
At epoch 344, test loss = 24.4396
...model saved to 15_exp/models/FloydWarshallDataset_vanilla_0.0001_20000_20260225_024650_relu_best.pth...20260225_025047
At epoch 345, test loss = 24.3583
...model saved to 15_exp/models/FloydWarshallDataset_vanilla_0.0001_20000_20260225_024650_relu_best.pth...20260225_025047
At epoch 346, test loss = 24.2048
...model saved to 15_exp/models/FloydWarshallDataset_vanilla_0.0001_20000_20260225_024650_relu_best.pth...20260225_025048
At epoch 347, test loss = 24.0984
...model saved to 15_exp/models/FloydWarshallDataset_vanilla_0.0001_20000_20260225_024650_relu_best.pth...20260225_025049
At epoch 348, test loss = 23.9649
...model saved to 15_exp/models/FloydWarshallDataset_vanilla_0.0001_20000_20260225_024650_relu_best.pth...20260225_025049
At epoch 349, test loss = 23.8476
...model saved to 15_exp/models/FloydWarshallDataset_vanilla_0.0001_20000_20260225_024650_relu_best.pth...20260225_025050
At epoch 350, test loss = 23.7334
...model saved to 15_exp/models/FloydWarshallDataset_vanilla_0.0001_20000_20260225_024650_relu_best.pth...20260225_025050
At epoch 351, test loss = 23.5829
...model saved to 15_exp/models/FloydWarshallDataset_vanilla_0.0001_20000_20260225_024650_relu_best.pth...20260225_025051
At epoch 352, test loss = 23.4828
...model saved to 15_exp/models/FloydWarshallDataset_vanilla_0.0001_20000_20260225_024650_relu_best.pth...20260225_025052
At epoch 353, test loss = 23.3586
...model saved to 15_exp/models/FloydWarshallDataset_vanilla_0.0001_20000_20260225_024650_relu_best.pth...20260225_025052
At epoch 354, test loss = 23.2203
...model saved to 15_exp/models/FloydWarshallDataset_vanilla_0.0001_20000_20260225_024650_relu_best.pth...20260225_025053
At epoch 355, test loss = 23.1128
...model saved to 15_exp/models/FloydWarshallDataset_vanilla_0.0001_20000_20260225_024650_relu_best.pth...20260225_025054
At epoch 356, test loss = 22.9998
...model saved to 15_exp/models/FloydWarshallDataset_vanilla_0.0001_20000_20260225_024650_relu_best.pth...20260225_025054
At epoch 357, test loss = 22.8722
...model saved to 15_exp/models/FloydWarshallDataset_vanilla_0.0001_20000_20260225_024650_relu_best.pth...20260225_025055
At epoch 358, test loss = 22.7394
...model saved to 15_exp/models/FloydWarshallDataset_vanilla_0.0001_20000_20260225_024650_relu_best.pth...20260225_025055
At epoch 359, test loss = 22.6208
...model saved to 15_exp/models/FloydWarshallDataset_vanilla_0.0001_20000_20260225_024650_relu_best.pth...20260225_025056
At epoch 360, test loss = 22.4897
...model saved to 15_exp/models/FloydWarshallDataset_vanilla_0.0001_20000_20260225_024650_relu_best.pth...20260225_025057
At epoch 361, test loss = 22.3773
...model saved to 15_exp/models/FloydWarshallDataset_vanilla_0.0001_20000_20260225_024650_relu_best.pth...20260225_025057
At epoch 362, test loss = 22.2597
...model saved to 15_exp/models/FloydWarshallDataset_vanilla_0.0001_20000_20260225_024650_relu_best.pth...20260225_025058
At epoch 363, test loss = 22.1358
...model saved to 15_exp/models/FloydWarshallDataset_vanilla_0.0001_20000_20260225_024650_relu_best.pth...20260225_025059
At epoch 364, test loss = 22.0149
...model saved to 15_exp/models/FloydWarshallDataset_vanilla_0.0001_20000_20260225_024650_relu_best.pth...20260225_025059
At epoch 365, test loss = 21.8791
...model saved to 15_exp/models/FloydWarshallDataset_vanilla_0.0001_20000_20260225_024650_relu_best.pth...20260225_025100
At epoch 366, test loss = 21.7706
...model saved to 15_exp/models/FloydWarshallDataset_vanilla_0.0001_20000_20260225_024650_relu_best.pth...20260225_025100
At epoch 367, test loss = 21.6598
...model saved to 15_exp/models/FloydWarshallDataset_vanilla_0.0001_20000_20260225_024650_relu_best.pth...20260225_025101
At epoch 368, test loss = 21.5407
...model saved to 15_exp/models/FloydWarshallDataset_vanilla_0.0001_20000_20260225_024650_relu_best.pth...20260225_025102
At epoch 369, test loss = 21.3990
...model saved to 15_exp/models/FloydWarshallDataset_vanilla_0.0001_20000_20260225_024650_relu_best.pth...20260225_025102
At epoch 370, test loss = 21.2783
...model saved to 15_exp/models/FloydWarshallDataset_vanilla_0.0001_20000_20260225_024650_relu_best.pth...20260225_025103
At epoch 371, test loss = 21.1539
...model saved to 15_exp/models/FloydWarshallDataset_vanilla_0.0001_20000_20260225_024650_relu_best.pth...20260225_025104
At epoch 372, test loss = 21.0336
...model saved to 15_exp/models/FloydWarshallDataset_vanilla_0.0001_20000_20260225_024650_relu_best.pth...20260225_025104
At epoch 373, test loss = 20.9127
...model saved to 15_exp/models/FloydWarshallDataset_vanilla_0.0001_20000_20260225_024650_relu_best.pth...20260225_025105
At epoch 374, test loss = 20.7968
...model saved to 15_exp/models/FloydWarshallDataset_vanilla_0.0001_20000_20260225_024650_relu_best.pth...20260225_025106
At epoch 375, test loss = 20.6779
...model saved to 15_exp/models/FloydWarshallDataset_vanilla_0.0001_20000_20260225_024650_relu_best.pth...20260225_025106
At epoch 376, test loss = 20.5517
...model saved to 15_exp/models/FloydWarshallDataset_vanilla_0.0001_20000_20260225_024650_relu_best.pth...20260225_025107
At epoch 377, test loss = 20.4146
...model saved to 15_exp/models/FloydWarshallDataset_vanilla_0.0001_20000_20260225_024650_relu_best.pth...20260225_025107
At epoch 378, test loss = 20.3047
...model saved to 15_exp/models/FloydWarshallDataset_vanilla_0.0001_20000_20260225_024650_relu_best.pth...20260225_025108
At epoch 379, test loss = 20.1781
...model saved to 15_exp/models/FloydWarshallDataset_vanilla_0.0001_20000_20260225_024650_relu_best.pth...20260225_025109
At epoch 380, test loss = 20.0970
...model saved to 15_exp/models/FloydWarshallDataset_vanilla_0.0001_20000_20260225_024650_relu_best.pth...20260225_025109
At epoch 381, test loss = 19.9631
...model saved to 15_exp/models/FloydWarshallDataset_vanilla_0.0001_20000_20260225_024650_relu_best.pth...20260225_025110
At epoch 382, test loss = 19.8200
...model saved to 15_exp/models/FloydWarshallDataset_vanilla_0.0001_20000_20260225_024650_relu_best.pth...20260225_025111
At epoch 383, test loss = 19.6831
...model saved to 15_exp/models/FloydWarshallDataset_vanilla_0.0001_20000_20260225_024650_relu_best.pth...20260225_025111
At epoch 384, test loss = 19.6247
...model saved to 15_exp/models/FloydWarshallDataset_vanilla_0.0001_20000_20260225_024650_relu_best.pth...20260225_025112
At epoch 385, test loss = 19.4473
...model saved to 15_exp/models/FloydWarshallDataset_vanilla_0.0001_20000_20260225_024650_relu_best.pth...20260225_025112
At epoch 386, test loss = 19.3425
...model saved to 15_exp/models/FloydWarshallDataset_vanilla_0.0001_20000_20260225_024650_relu_best.pth...20260225_025113
At epoch 387, test loss = 19.2138
...model saved to 15_exp/models/FloydWarshallDataset_vanilla_0.0001_20000_20260225_024650_relu_best.pth...20260225_025114
At epoch 388, test loss = 19.1047
...model saved to 15_exp/models/FloydWarshallDataset_vanilla_0.0001_20000_20260225_024650_relu_best.pth...20260225_025114
At epoch 389, test loss = 18.9635
...model saved to 15_exp/models/FloydWarshallDataset_vanilla_0.0001_20000_20260225_024650_relu_best.pth...20260225_025115
At epoch 390, test loss = 18.8727
...model saved to 15_exp/models/FloydWarshallDataset_vanilla_0.0001_20000_20260225_024650_relu_best.pth...20260225_025116
At epoch 391, test loss = 18.7168
...model saved to 15_exp/models/FloydWarshallDataset_vanilla_0.0001_20000_20260225_024650_relu_best.pth...20260225_025116
At epoch 392, test loss = 18.6103
...model saved to 15_exp/models/FloydWarshallDataset_vanilla_0.0001_20000_20260225_024650_relu_best.pth...20260225_025117
At epoch 393, test loss = 18.4842
...model saved to 15_exp/models/FloydWarshallDataset_vanilla_0.0001_20000_20260225_024650_relu_best.pth...20260225_025118
At epoch 394, test loss = 18.3522
...model saved to 15_exp/models/FloydWarshallDataset_vanilla_0.0001_20000_20260225_024650_relu_best.pth...20260225_025118
At epoch 395, test loss = 18.2580
...model saved to 15_exp/models/FloydWarshallDataset_vanilla_0.0001_20000_20260225_024650_relu_best.pth...20260225_025119
At epoch 396, test loss = 18.1332
...model saved to 15_exp/models/FloydWarshallDataset_vanilla_0.0001_20000_20260225_024650_relu_best.pth...20260225_025120
At epoch 397, test loss = 17.9967
...model saved to 15_exp/models/FloydWarshallDataset_vanilla_0.0001_20000_20260225_024650_relu_best.pth...20260225_025120
At epoch 398, test loss = 17.8769
...model saved to 15_exp/models/FloydWarshallDataset_vanilla_0.0001_20000_20260225_024650_relu_best.pth...20260225_025121
At epoch 399, test loss = 17.7493
...model saved to 15_exp/models/FloydWarshallDataset_vanilla_0.0001_20000_20260225_024650_relu_best.pth...20260225_025122
At epoch 400, test loss = 17.6636
...model saved to 15_exp/models/FloydWarshallDataset_vanilla_0.0001_20000_20260225_024650_relu_best.pth...20260225_025122
At epoch 401, test loss = 17.5171
...model saved to 15_exp/models/FloydWarshallDataset_vanilla_0.0001_20000_20260225_024650_relu_best.pth...20260225_025123
At epoch 402, test loss = 17.3887
...model saved to 15_exp/models/FloydWarshallDataset_vanilla_0.0001_20000_20260225_024650_relu_best.pth...20260225_025123
At epoch 403, test loss = 17.2554
...model saved to 15_exp/models/FloydWarshallDataset_vanilla_0.0001_20000_20260225_024650_relu_best.pth...20260225_025124
At epoch 404, test loss = 17.1433
...model saved to 15_exp/models/FloydWarshallDataset_vanilla_0.0001_20000_20260225_024650_relu_best.pth...20260225_025125
At epoch 405, test loss = 17.0393
...model saved to 15_exp/models/FloydWarshallDataset_vanilla_0.0001_20000_20260225_024650_relu_best.pth...20260225_025125
At epoch 406, test loss = 16.8915
...model saved to 15_exp/models/FloydWarshallDataset_vanilla_0.0001_20000_20260225_024650_relu_best.pth...20260225_025126
At epoch 407, test loss = 16.7827
...model saved to 15_exp/models/FloydWarshallDataset_vanilla_0.0001_20000_20260225_024650_relu_best.pth...20260225_025126
At epoch 408, test loss = 16.6477
...model saved to 15_exp/models/FloydWarshallDataset_vanilla_0.0001_20000_20260225_024650_relu_best.pth...20260225_025127
At epoch 409, test loss = 16.5262
...model saved to 15_exp/models/FloydWarshallDataset_vanilla_0.0001_20000_20260225_024650_relu_best.pth...20260225_025128
At epoch 410, test loss = 16.4144
...model saved to 15_exp/models/FloydWarshallDataset_vanilla_0.0001_20000_20260225_024650_relu_best.pth...20260225_025128
At epoch 411, test loss = 16.2860
...model saved to 15_exp/models/FloydWarshallDataset_vanilla_0.0001_20000_20260225_024650_relu_best.pth...20260225_025129
At epoch 412, test loss = 16.1408
...model saved to 15_exp/models/FloydWarshallDataset_vanilla_0.0001_20000_20260225_024650_relu_best.pth...20260225_025129
At epoch 413, test loss = 16.0288
...model saved to 15_exp/models/FloydWarshallDataset_vanilla_0.0001_20000_20260225_024650_relu_best.pth...20260225_025130
At epoch 414, test loss = 15.8933
...model saved to 15_exp/models/FloydWarshallDataset_vanilla_0.0001_20000_20260225_024650_relu_best.pth...20260225_025131
At epoch 415, test loss = 15.7838
...model saved to 15_exp/models/FloydWarshallDataset_vanilla_0.0001_20000_20260225_024650_relu_best.pth...20260225_025131
At epoch 416, test loss = 15.6416
...model saved to 15_exp/models/FloydWarshallDataset_vanilla_0.0001_20000_20260225_024650_relu_best.pth...20260225_025132
At epoch 417, test loss = 15.5207
...model saved to 15_exp/models/FloydWarshallDataset_vanilla_0.0001_20000_20260225_024650_relu_best.pth...20260225_025132
At epoch 418, test loss = 15.3918
...model saved to 15_exp/models/FloydWarshallDataset_vanilla_0.0001_20000_20260225_024650_relu_best.pth...20260225_025133
At epoch 419, test loss = 15.2617
...model saved to 15_exp/models/FloydWarshallDataset_vanilla_0.0001_20000_20260225_024650_relu_best.pth...20260225_025133
At epoch 420, test loss = 15.1386
...model saved to 15_exp/models/FloydWarshallDataset_vanilla_0.0001_20000_20260225_024650_relu_best.pth...20260225_025134
At epoch 421, test loss = 15.0015
...model saved to 15_exp/models/FloydWarshallDataset_vanilla_0.0001_20000_20260225_024650_relu_best.pth...20260225_025135
At epoch 422, test loss = 14.8869
...model saved to 15_exp/models/FloydWarshallDataset_vanilla_0.0001_20000_20260225_024650_relu_best.pth...20260225_025135
At epoch 423, test loss = 14.7648
...model saved to 15_exp/models/FloydWarshallDataset_vanilla_0.0001_20000_20260225_024650_relu_best.pth...20260225_025136
At epoch 424, test loss = 14.6564
...model saved to 15_exp/models/FloydWarshallDataset_vanilla_0.0001_20000_20260225_024650_relu_best.pth...20260225_025136
At epoch 425, test loss = 14.4837
...model saved to 15_exp/models/FloydWarshallDataset_vanilla_0.0001_20000_20260225_024650_relu_best.pth...20260225_025137
At epoch 426, test loss = 14.3793
...model saved to 15_exp/models/FloydWarshallDataset_vanilla_0.0001_20000_20260225_024650_relu_best.pth...20260225_025138
At epoch 427, test loss = 14.2242
...model saved to 15_exp/models/FloydWarshallDataset_vanilla_0.0001_20000_20260225_024650_relu_best.pth...20260225_025138
At epoch 428, test loss = 14.1286
...model saved to 15_exp/models/FloydWarshallDataset_vanilla_0.0001_20000_20260225_024650_relu_best.pth...20260225_025139
At epoch 429, test loss = 13.9729
...model saved to 15_exp/models/FloydWarshallDataset_vanilla_0.0001_20000_20260225_024650_relu_best.pth...20260225_025139
At epoch 430, test loss = 13.8362
...model saved to 15_exp/models/FloydWarshallDataset_vanilla_0.0001_20000_20260225_024650_relu_best.pth...20260225_025140
At epoch 431, test loss = 13.7279
...model saved to 15_exp/models/FloydWarshallDataset_vanilla_0.0001_20000_20260225_024650_relu_best.pth...20260225_025140
At epoch 432, test loss = 13.6333
...model saved to 15_exp/models/FloydWarshallDataset_vanilla_0.0001_20000_20260225_024650_relu_best.pth...20260225_025141
At epoch 433, test loss = 13.4783
...model saved to 15_exp/models/FloydWarshallDataset_vanilla_0.0001_20000_20260225_024650_relu_best.pth...20260225_025142
At epoch 434, test loss = 13.3292
...model saved to 15_exp/models/FloydWarshallDataset_vanilla_0.0001_20000_20260225_024650_relu_best.pth...20260225_025142
At epoch 435, test loss = 13.2354
...model saved to 15_exp/models/FloydWarshallDataset_vanilla_0.0001_20000_20260225_024650_relu_best.pth...20260225_025143
At epoch 436, test loss = 13.0820
...model saved to 15_exp/models/FloydWarshallDataset_vanilla_0.0001_20000_20260225_024650_relu_best.pth...20260225_025143
At epoch 437, test loss = 12.9808
...model saved to 15_exp/models/FloydWarshallDataset_vanilla_0.0001_20000_20260225_024650_relu_best.pth...20260225_025144
At epoch 438, test loss = 12.8623
...model saved to 15_exp/models/FloydWarshallDataset_vanilla_0.0001_20000_20260225_024650_relu_best.pth...20260225_025145
At epoch 439, test loss = 12.6931
...model saved to 15_exp/models/FloydWarshallDataset_vanilla_0.0001_20000_20260225_024650_relu_best.pth...20260225_025145
At epoch 440, test loss = 12.5687
...model saved to 15_exp/models/FloydWarshallDataset_vanilla_0.0001_20000_20260225_024650_relu_best.pth...20260225_025146
At epoch 441, test loss = 12.4438
...model saved to 15_exp/models/FloydWarshallDataset_vanilla_0.0001_20000_20260225_024650_relu_best.pth...20260225_025146
At epoch 442, test loss = 12.3222
...model saved to 15_exp/models/FloydWarshallDataset_vanilla_0.0001_20000_20260225_024650_relu_best.pth...20260225_025147
At epoch 443, test loss = 12.1898
...model saved to 15_exp/models/FloydWarshallDataset_vanilla_0.0001_20000_20260225_024650_relu_best.pth...20260225_025148
At epoch 444, test loss = 12.0612
...model saved to 15_exp/models/FloydWarshallDataset_vanilla_0.0001_20000_20260225_024650_relu_best.pth...20260225_025148
At epoch 445, test loss = 11.9365
...model saved to 15_exp/models/FloydWarshallDataset_vanilla_0.0001_20000_20260225_024650_relu_best.pth...20260225_025149
At epoch 446, test loss = 11.8148
...model saved to 15_exp/models/FloydWarshallDataset_vanilla_0.0001_20000_20260225_024650_relu_best.pth...20260225_025150
At epoch 447, test loss = 11.7001
...model saved to 15_exp/models/FloydWarshallDataset_vanilla_0.0001_20000_20260225_024650_relu_best.pth...20260225_025150
At epoch 448, test loss = 11.5825
...model saved to 15_exp/models/FloydWarshallDataset_vanilla_0.0001_20000_20260225_024650_relu_best.pth...20260225_025151
At epoch 449, test loss = 11.4386
...model saved to 15_exp/models/FloydWarshallDataset_vanilla_0.0001_20000_20260225_024650_relu_best.pth...20260225_025152
At epoch 450, test loss = 11.3357
...model saved to 15_exp/models/FloydWarshallDataset_vanilla_0.0001_20000_20260225_024650_relu_best.pth...20260225_025152
At epoch 451, test loss = 11.1864
...model saved to 15_exp/models/FloydWarshallDataset_vanilla_0.0001_20000_20260225_024650_relu_best.pth...20260225_025153
At epoch 452, test loss = 11.0785
...model saved to 15_exp/models/FloydWarshallDataset_vanilla_0.0001_20000_20260225_024650_relu_best.pth...20260225_025154
At epoch 453, test loss = 10.9486
...model saved to 15_exp/models/FloydWarshallDataset_vanilla_0.0001_20000_20260225_024650_relu_best.pth...20260225_025154
At epoch 454, test loss = 10.8176
...model saved to 15_exp/models/FloydWarshallDataset_vanilla_0.0001_20000_20260225_024650_relu_best.pth...20260225_025155
At epoch 455, test loss = 10.6884
...model saved to 15_exp/models/FloydWarshallDataset_vanilla_0.0001_20000_20260225_024650_relu_best.pth...20260225_025156
At epoch 456, test loss = 10.5657
...model saved to 15_exp/models/FloydWarshallDataset_vanilla_0.0001_20000_20260225_024650_relu_best.pth...20260225_025156
At epoch 457, test loss = 10.5361
...model saved to 15_exp/models/FloydWarshallDataset_vanilla_0.0001_20000_20260225_024650_relu_best.pth...20260225_025157
At epoch 458, test loss = 10.3395
...model saved to 15_exp/models/FloydWarshallDataset_vanilla_0.0001_20000_20260225_024650_relu_best.pth...20260225_025158
At epoch 459, test loss = 10.2262
...model saved to 15_exp/models/FloydWarshallDataset_vanilla_0.0001_20000_20260225_024650_relu_best.pth...20260225_025158
At epoch 460, test loss = 10.0868
...model saved to 15_exp/models/FloydWarshallDataset_vanilla_0.0001_20000_20260225_024650_relu_best.pth...20260225_025159
At epoch 461, test loss = 9.9887
...model saved to 15_exp/models/FloydWarshallDataset_vanilla_0.0001_20000_20260225_024650_relu_best.pth...20260225_025200
At epoch 462, test loss = 9.9247
...model saved to 15_exp/models/FloydWarshallDataset_vanilla_0.0001_20000_20260225_024650_relu_best.pth...20260225_025200
At epoch 463, test loss = 9.7588
...model saved to 15_exp/models/FloydWarshallDataset_vanilla_0.0001_20000_20260225_024650_relu_best.pth...20260225_025201
At epoch 464, test loss = 9.6428
...model saved to 15_exp/models/FloydWarshallDataset_vanilla_0.0001_20000_20260225_024650_relu_best.pth...20260225_025201
At epoch 465, test loss = 9.5338
...model saved to 15_exp/models/FloydWarshallDataset_vanilla_0.0001_20000_20260225_024650_relu_best.pth...20260225_025202
At epoch 466, test loss = 9.3977
...model saved to 15_exp/models/FloydWarshallDataset_vanilla_0.0001_20000_20260225_024650_relu_best.pth...20260225_025203
At epoch 467, test loss = 9.3024
...model saved to 15_exp/models/FloydWarshallDataset_vanilla_0.0001_20000_20260225_024650_relu_best.pth...20260225_025203
At epoch 468, test loss = 9.1949
...model saved to 15_exp/models/FloydWarshallDataset_vanilla_0.0001_20000_20260225_024650_relu_best.pth...20260225_025204
At epoch 469, test loss = 9.0907
...model saved to 15_exp/models/FloydWarshallDataset_vanilla_0.0001_20000_20260225_024650_relu_best.pth...20260225_025205
At epoch 470, test loss = 8.9612
...model saved to 15_exp/models/FloydWarshallDataset_vanilla_0.0001_20000_20260225_024650_relu_best.pth...20260225_025205
At epoch 471, test loss = 8.8515
...model saved to 15_exp/models/FloydWarshallDataset_vanilla_0.0001_20000_20260225_024650_relu_best.pth...20260225_025206
At epoch 472, test loss = 8.7573
...model saved to 15_exp/models/FloydWarshallDataset_vanilla_0.0001_20000_20260225_024650_relu_best.pth...20260225_025206
At epoch 473, test loss = 8.6698
...model saved to 15_exp/models/FloydWarshallDataset_vanilla_0.0001_20000_20260225_024650_relu_best.pth...20260225_025207
At epoch 474, test loss = 8.5417
...model saved to 15_exp/models/FloydWarshallDataset_vanilla_0.0001_20000_20260225_024650_relu_best.pth...20260225_025208
At epoch 475, test loss = 8.4177
...model saved to 15_exp/models/FloydWarshallDataset_vanilla_0.0001_20000_20260225_024650_relu_best.pth...20260225_025208
At epoch 476, test loss = 8.3597
...model saved to 15_exp/models/FloydWarshallDataset_vanilla_0.0001_20000_20260225_024650_relu_best.pth...20260225_025209
At epoch 477, test loss = 8.2229
...model saved to 15_exp/models/FloydWarshallDataset_vanilla_0.0001_20000_20260225_024650_relu_best.pth...20260225_025210
At epoch 478, test loss = 8.1316
...model saved to 15_exp/models/FloydWarshallDataset_vanilla_0.0001_20000_20260225_024650_relu_best.pth...20260225_025210
At epoch 479, test loss = 8.0123
...model saved to 15_exp/models/FloydWarshallDataset_vanilla_0.0001_20000_20260225_024650_relu_best.pth...20260225_025211
At epoch 480, test loss = 7.9292
...model saved to 15_exp/models/FloydWarshallDataset_vanilla_0.0001_20000_20260225_024650_relu_best.pth...20260225_025211
At epoch 481, test loss = 7.8142
...model saved to 15_exp/models/FloydWarshallDataset_vanilla_0.0001_20000_20260225_024650_relu_best.pth...20260225_025212
At epoch 482, test loss = 7.7228
...model saved to 15_exp/models/FloydWarshallDataset_vanilla_0.0001_20000_20260225_024650_relu_best.pth...20260225_025213
At epoch 483, test loss = 7.6237
...model saved to 15_exp/models/FloydWarshallDataset_vanilla_0.0001_20000_20260225_024650_relu_best.pth...20260225_025213
At epoch 484, test loss = 7.5954
...model saved to 15_exp/models/FloydWarshallDataset_vanilla_0.0001_20000_20260225_024650_relu_best.pth...20260225_025214
At epoch 485, test loss = 7.4319
...model saved to 15_exp/models/FloydWarshallDataset_vanilla_0.0001_20000_20260225_024650_relu_best.pth...20260225_025215
At epoch 486, test loss = 7.3589
...model saved to 15_exp/models/FloydWarshallDataset_vanilla_0.0001_20000_20260225_024650_relu_best.pth...20260225_025215
At epoch 487, test loss = 7.2835
...model saved to 15_exp/models/FloydWarshallDataset_vanilla_0.0001_20000_20260225_024650_relu_best.pth...20260225_025216
At epoch 488, test loss = 7.1699
...model saved to 15_exp/models/FloydWarshallDataset_vanilla_0.0001_20000_20260225_024650_relu_best.pth...20260225_025217
At epoch 489, test loss = 7.1225
...model saved to 15_exp/models/FloydWarshallDataset_vanilla_0.0001_20000_20260225_024650_relu_best.pth...20260225_025217
At epoch 490, test loss = 6.9825
...model saved to 15_exp/models/FloydWarshallDataset_vanilla_0.0001_20000_20260225_024650_relu_best.pth...20260225_025218
At epoch 491, test loss = 6.9069
...model saved to 15_exp/models/FloydWarshallDataset_vanilla_0.0001_20000_20260225_024650_relu_best.pth...20260225_025219
At epoch 492, test loss = 6.8034
...model saved to 15_exp/models/FloydWarshallDataset_vanilla_0.0001_20000_20260225_024650_relu_best.pth...20260225_025219
At epoch 493, test loss = 6.7030
...model saved to 15_exp/models/FloydWarshallDataset_vanilla_0.0001_20000_20260225_024650_relu_best.pth...20260225_025220
At epoch 494, test loss = 6.6305
...model saved to 15_exp/models/FloydWarshallDataset_vanilla_0.0001_20000_20260225_024650_relu_best.pth...20260225_025220
At epoch 495, test loss = 6.5437
...model saved to 15_exp/models/FloydWarshallDataset_vanilla_0.0001_20000_20260225_024650_relu_best.pth...20260225_025221
At epoch 496, test loss = 6.4851
...model saved to 15_exp/models/FloydWarshallDataset_vanilla_0.0001_20000_20260225_024650_relu_best.pth...20260225_025222
At epoch 497, test loss = 6.3725
...model saved to 15_exp/models/FloydWarshallDataset_vanilla_0.0001_20000_20260225_024650_relu_best.pth...20260225_025222
At epoch 498, test loss = 6.3067
...model saved to 15_exp/models/FloydWarshallDataset_vanilla_0.0001_20000_20260225_024650_relu_best.pth...20260225_025223
At epoch 499, test loss = 6.2032
...model saved to 15_exp/models/FloydWarshallDataset_vanilla_0.0001_20000_20260225_024650_relu_best.pth...20260225_025224
At epoch 500, test loss = 6.1357
...model saved to 15_exp/models/FloydWarshallDataset_vanilla_0.0001_20000_20260225_024650_relu_best.pth...20260225_025224
At epoch 501, test loss = 6.0675
...model saved to 15_exp/models/FloydWarshallDataset_vanilla_0.0001_20000_20260225_024650_relu_best.pth...20260225_025225
At epoch 502, test loss = 5.9794
...model saved to 15_exp/models/FloydWarshallDataset_vanilla_0.0001_20000_20260225_024650_relu_best.pth...20260225_025225
At epoch 503, test loss = 5.9077
...model saved to 15_exp/models/FloydWarshallDataset_vanilla_0.0001_20000_20260225_024650_relu_best.pth...20260225_025226
At epoch 504, test loss = 5.8100
...model saved to 15_exp/models/FloydWarshallDataset_vanilla_0.0001_20000_20260225_024650_relu_best.pth...20260225_025227
At epoch 505, test loss = 5.7492
...model saved to 15_exp/models/FloydWarshallDataset_vanilla_0.0001_20000_20260225_024650_relu_best.pth...20260225_025227
At epoch 506, test loss = 5.6607
...model saved to 15_exp/models/FloydWarshallDataset_vanilla_0.0001_20000_20260225_024650_relu_best.pth...20260225_025228
At epoch 507, test loss = 5.6120
...model saved to 15_exp/models/FloydWarshallDataset_vanilla_0.0001_20000_20260225_024650_relu_best.pth...20260225_025229
At epoch 508, test loss = 5.5377
...model saved to 15_exp/models/FloydWarshallDataset_vanilla_0.0001_20000_20260225_024650_relu_best.pth...20260225_025229
At epoch 509, test loss = 5.4744
...model saved to 15_exp/models/FloydWarshallDataset_vanilla_0.0001_20000_20260225_024650_relu_best.pth...20260225_025230
At epoch 510, test loss = 5.3791
...model saved to 15_exp/models/FloydWarshallDataset_vanilla_0.0001_20000_20260225_024650_relu_best.pth...20260225_025231
At epoch 511, test loss = 5.3055
...model saved to 15_exp/models/FloydWarshallDataset_vanilla_0.0001_20000_20260225_024650_relu_best.pth...20260225_025231
At epoch 512, test loss = 5.2654
...model saved to 15_exp/models/FloydWarshallDataset_vanilla_0.0001_20000_20260225_024650_relu_best.pth...20260225_025232
At epoch 513, test loss = 5.1809
...model saved to 15_exp/models/FloydWarshallDataset_vanilla_0.0001_20000_20260225_024650_relu_best.pth...20260225_025232
At epoch 514, test loss = 5.1256
...model saved to 15_exp/models/FloydWarshallDataset_vanilla_0.0001_20000_20260225_024650_relu_best.pth...20260225_025233
At epoch 515, test loss = 5.0727
...model saved to 15_exp/models/FloydWarshallDataset_vanilla_0.0001_20000_20260225_024650_relu_best.pth...20260225_025234
At epoch 516, test loss = 4.9893
...model saved to 15_exp/models/FloydWarshallDataset_vanilla_0.0001_20000_20260225_024650_relu_best.pth...20260225_025234
At epoch 517, test loss = 4.9262
...model saved to 15_exp/models/FloydWarshallDataset_vanilla_0.0001_20000_20260225_024650_relu_best.pth...20260225_025235
At epoch 518, test loss = 4.8815
...model saved to 15_exp/models/FloydWarshallDataset_vanilla_0.0001_20000_20260225_024650_relu_best.pth...20260225_025236
At epoch 519, test loss = 4.8133
...model saved to 15_exp/models/FloydWarshallDataset_vanilla_0.0001_20000_20260225_024650_relu_best.pth...20260225_025236
At epoch 520, test loss = 4.7357
...model saved to 15_exp/models/FloydWarshallDataset_vanilla_0.0001_20000_20260225_024650_relu_best.pth...20260225_025237
At epoch 521, test loss = 4.6999
...model saved to 15_exp/models/FloydWarshallDataset_vanilla_0.0001_20000_20260225_024650_relu_best.pth...20260225_025238
At epoch 522, test loss = 4.6390
...model saved to 15_exp/models/FloydWarshallDataset_vanilla_0.0001_20000_20260225_024650_relu_best.pth...20260225_025238
At epoch 523, test loss = 4.6022
...model saved to 15_exp/models/FloydWarshallDataset_vanilla_0.0001_20000_20260225_024650_relu_best.pth...20260225_025239
At epoch 524, test loss = 4.5205
...model saved to 15_exp/models/FloydWarshallDataset_vanilla_0.0001_20000_20260225_024650_relu_best.pth...20260225_025239
At epoch 525, test loss = 4.4689
...model saved to 15_exp/models/FloydWarshallDataset_vanilla_0.0001_20000_20260225_024650_relu_best.pth...20260225_025240
At epoch 526, test loss = 4.4153
...model saved to 15_exp/models/FloydWarshallDataset_vanilla_0.0001_20000_20260225_024650_relu_best.pth...20260225_025241
At epoch 527, test loss = 4.3849
...model saved to 15_exp/models/FloydWarshallDataset_vanilla_0.0001_20000_20260225_024650_relu_best.pth...20260225_025241
At epoch 528, test loss = 4.3318
...model saved to 15_exp/models/FloydWarshallDataset_vanilla_0.0001_20000_20260225_024650_relu_best.pth...20260225_025242
At epoch 529, test loss = 4.2899
...model saved to 15_exp/models/FloydWarshallDataset_vanilla_0.0001_20000_20260225_024650_relu_best.pth...20260225_025243
At epoch 530, test loss = 4.2375
...model saved to 15_exp/models/FloydWarshallDataset_vanilla_0.0001_20000_20260225_024650_relu_best.pth...20260225_025243
At epoch 531, test loss = 4.2007
...model saved to 15_exp/models/FloydWarshallDataset_vanilla_0.0001_20000_20260225_024650_relu_best.pth...20260225_025244
At epoch 532, test loss = 4.1803
...model saved to 15_exp/models/FloydWarshallDataset_vanilla_0.0001_20000_20260225_024650_relu_best.pth...20260225_025244
At epoch 533, test loss = 4.1162
...model saved to 15_exp/models/FloydWarshallDataset_vanilla_0.0001_20000_20260225_024650_relu_best.pth...20260225_025245
At epoch 534, test loss = 4.0659
...model saved to 15_exp/models/FloydWarshallDataset_vanilla_0.0001_20000_20260225_024650_relu_best.pth...20260225_025246
At epoch 536, test loss = 3.9999
...model saved to 15_exp/models/FloydWarshallDataset_vanilla_0.0001_20000_20260225_024650_relu_best.pth...20260225_025247
At epoch 537, test loss = 3.9729
...model saved to 15_exp/models/FloydWarshallDataset_vanilla_0.0001_20000_20260225_024650_relu_best.pth...20260225_025248
At epoch 539, test loss = 3.8742
...model saved to 15_exp/models/FloydWarshallDataset_vanilla_0.0001_20000_20260225_024650_relu_best.pth...20260225_025249
At epoch 540, test loss = 3.8408
...model saved to 15_exp/models/FloydWarshallDataset_vanilla_0.0001_20000_20260225_024650_relu_best.pth...20260225_025250
At epoch 541, test loss = 3.8079
...model saved to 15_exp/models/FloydWarshallDataset_vanilla_0.0001_20000_20260225_024650_relu_best.pth...20260225_025250
At epoch 542, test loss = 3.7801
...model saved to 15_exp/models/FloydWarshallDataset_vanilla_0.0001_20000_20260225_024650_relu_best.pth...20260225_025251
At epoch 543, test loss = 3.7699
...model saved to 15_exp/models/FloydWarshallDataset_vanilla_0.0001_20000_20260225_024650_relu_best.pth...20260225_025251
At epoch 544, test loss = 3.7226
...model saved to 15_exp/models/FloydWarshallDataset_vanilla_0.0001_20000_20260225_024650_relu_best.pth...20260225_025252
At epoch 545, test loss = 3.6938
...model saved to 15_exp/models/FloydWarshallDataset_vanilla_0.0001_20000_20260225_024650_relu_best.pth...20260225_025253
At epoch 546, test loss = 3.6706
...model saved to 15_exp/models/FloydWarshallDataset_vanilla_0.0001_20000_20260225_024650_relu_best.pth...20260225_025253
At epoch 547, test loss = 3.6435
...model saved to 15_exp/models/FloydWarshallDataset_vanilla_0.0001_20000_20260225_024650_relu_best.pth...20260225_025254
At epoch 548, test loss = 3.6123
...model saved to 15_exp/models/FloydWarshallDataset_vanilla_0.0001_20000_20260225_024650_relu_best.pth...20260225_025255
At epoch 549, test loss = 3.5889
...model saved to 15_exp/models/FloydWarshallDataset_vanilla_0.0001_20000_20260225_024650_relu_best.pth...20260225_025255
At epoch 550, test loss = 3.5463
...model saved to 15_exp/models/FloydWarshallDataset_vanilla_0.0001_20000_20260225_024650_relu_best.pth...20260225_025256
At epoch 552, test loss = 3.5274
...model saved to 15_exp/models/FloydWarshallDataset_vanilla_0.0001_20000_20260225_024650_relu_best.pth...20260225_025257
At epoch 553, test loss = 3.4787
...model saved to 15_exp/models/FloydWarshallDataset_vanilla_0.0001_20000_20260225_024650_relu_best.pth...20260225_025258
At epoch 554, test loss = 3.4579
...model saved to 15_exp/models/FloydWarshallDataset_vanilla_0.0001_20000_20260225_024650_relu_best.pth...20260225_025258
At epoch 556, test loss = 3.4300
...model saved to 15_exp/models/FloydWarshallDataset_vanilla_0.0001_20000_20260225_024650_relu_best.pth...20260225_025300
At epoch 557, test loss = 3.3940
...model saved to 15_exp/models/FloydWarshallDataset_vanilla_0.0001_20000_20260225_024650_relu_best.pth...20260225_025300
At epoch 559, test loss = 3.3614
...model saved to 15_exp/models/FloydWarshallDataset_vanilla_0.0001_20000_20260225_024650_relu_best.pth...20260225_025301
At epoch 560, test loss = 3.3247
...model saved to 15_exp/models/FloydWarshallDataset_vanilla_0.0001_20000_20260225_024650_relu_best.pth...20260225_025302
At epoch 561, test loss = 3.3062
...model saved to 15_exp/models/FloydWarshallDataset_vanilla_0.0001_20000_20260225_024650_relu_best.pth...20260225_025303
At epoch 562, test loss = 3.2975
...model saved to 15_exp/models/FloydWarshallDataset_vanilla_0.0001_20000_20260225_024650_relu_best.pth...20260225_025303
At epoch 563, test loss = 3.2953
...model saved to 15_exp/models/FloydWarshallDataset_vanilla_0.0001_20000_20260225_024650_relu_best.pth...20260225_025304
At epoch 565, test loss = 3.2111
...model saved to 15_exp/models/FloydWarshallDataset_vanilla_0.0001_20000_20260225_024650_relu_best.pth...20260225_025305
At epoch 567, test loss = 3.1877
...model saved to 15_exp/models/FloydWarshallDataset_vanilla_0.0001_20000_20260225_024650_relu_best.pth...20260225_025307
At epoch 569, test loss = 3.1680
...model saved to 15_exp/models/FloydWarshallDataset_vanilla_0.0001_20000_20260225_024650_relu_best.pth...20260225_025308
At epoch 570, test loss = 3.1311
...model saved to 15_exp/models/FloydWarshallDataset_vanilla_0.0001_20000_20260225_024650_relu_best.pth...20260225_025308
At epoch 572, test loss = 3.1253
...model saved to 15_exp/models/FloydWarshallDataset_vanilla_0.0001_20000_20260225_024650_relu_best.pth...20260225_025310
At epoch 573, test loss = 3.0740
...model saved to 15_exp/models/FloydWarshallDataset_vanilla_0.0001_20000_20260225_024650_relu_best.pth...20260225_025310
At epoch 574, test loss = 3.0563
...model saved to 15_exp/models/FloydWarshallDataset_vanilla_0.0001_20000_20260225_024650_relu_best.pth...20260225_025311
At epoch 575, test loss = 3.0477
...model saved to 15_exp/models/FloydWarshallDataset_vanilla_0.0001_20000_20260225_024650_relu_best.pth...20260225_025312
At epoch 576, test loss = 3.0298
...model saved to 15_exp/models/FloydWarshallDataset_vanilla_0.0001_20000_20260225_024650_relu_best.pth...20260225_025312
At epoch 577, test loss = 3.0186
...model saved to 15_exp/models/FloydWarshallDataset_vanilla_0.0001_20000_20260225_024650_relu_best.pth...20260225_025313
At epoch 580, test loss = 2.9732
...model saved to 15_exp/models/FloydWarshallDataset_vanilla_0.0001_20000_20260225_024650_relu_best.pth...20260225_025315
At epoch 581, test loss = 2.9415
...model saved to 15_exp/models/FloydWarshallDataset_vanilla_0.0001_20000_20260225_024650_relu_best.pth...20260225_025315
At epoch 582, test loss = 2.9274
...model saved to 15_exp/models/FloydWarshallDataset_vanilla_0.0001_20000_20260225_024650_relu_best.pth...20260225_025316
At epoch 584, test loss = 2.9128
...model saved to 15_exp/models/FloydWarshallDataset_vanilla_0.0001_20000_20260225_024650_relu_best.pth...20260225_025317
At epoch 585, test loss = 2.8996
...model saved to 15_exp/models/FloydWarshallDataset_vanilla_0.0001_20000_20260225_024650_relu_best.pth...20260225_025318
At epoch 586, test loss = 2.8951
...model saved to 15_exp/models/FloydWarshallDataset_vanilla_0.0001_20000_20260225_024650_relu_best.pth...20260225_025318
At epoch 587, test loss = 2.8675
...model saved to 15_exp/models/FloydWarshallDataset_vanilla_0.0001_20000_20260225_024650_relu_best.pth...20260225_025319
At epoch 588, test loss = 2.8574
...model saved to 15_exp/models/FloydWarshallDataset_vanilla_0.0001_20000_20260225_024650_relu_best.pth...20260225_025320
At epoch 590, test loss = 2.8529
...model saved to 15_exp/models/FloydWarshallDataset_vanilla_0.0001_20000_20260225_024650_relu_best.pth...20260225_025321
At epoch 591, test loss = 2.8379
...model saved to 15_exp/models/FloydWarshallDataset_vanilla_0.0001_20000_20260225_024650_relu_best.pth...20260225_025321
At epoch 592, test loss = 2.8310
...model saved to 15_exp/models/FloydWarshallDataset_vanilla_0.0001_20000_20260225_024650_relu_best.pth...20260225_025322
At epoch 594, test loss = 2.7862
...model saved to 15_exp/models/FloydWarshallDataset_vanilla_0.0001_20000_20260225_024650_relu_best.pth...20260225_025323
At epoch 595, test loss = 2.7563
...model saved to 15_exp/models/FloydWarshallDataset_vanilla_0.0001_20000_20260225_024650_relu_best.pth...20260225_025324
At epoch 597, test loss = 2.7554
...model saved to 15_exp/models/FloydWarshallDataset_vanilla_0.0001_20000_20260225_024650_relu_best.pth...20260225_025325
At epoch 598, test loss = 2.7173
...model saved to 15_exp/models/FloydWarshallDataset_vanilla_0.0001_20000_20260225_024650_relu_best.pth...20260225_025326
At epoch 600, test loss = 2.7130
...model saved to 15_exp/models/FloydWarshallDataset_vanilla_0.0001_20000_20260225_024650_relu_best.pth...20260225_025327
At epoch 601, test loss = 2.6787
...model saved to 15_exp/models/FloydWarshallDataset_vanilla_0.0001_20000_20260225_024650_relu_best.pth...20260225_025328
At epoch 603, test loss = 2.6607
...model saved to 15_exp/models/FloydWarshallDataset_vanilla_0.0001_20000_20260225_024650_relu_best.pth...20260225_025329
At epoch 606, test loss = 2.6388
...model saved to 15_exp/models/FloydWarshallDataset_vanilla_0.0001_20000_20260225_024650_relu_best.pth...20260225_025331
At epoch 607, test loss = 2.6294
...model saved to 15_exp/models/FloydWarshallDataset_vanilla_0.0001_20000_20260225_024650_relu_best.pth...20260225_025331
At epoch 609, test loss = 2.6034
...model saved to 15_exp/models/FloydWarshallDataset_vanilla_0.0001_20000_20260225_024650_relu_best.pth...20260225_025333
At epoch 611, test loss = 2.5773
...model saved to 15_exp/models/FloydWarshallDataset_vanilla_0.0001_20000_20260225_024650_relu_best.pth...20260225_025334
At epoch 614, test loss = 2.5542
...model saved to 15_exp/models/FloydWarshallDataset_vanilla_0.0001_20000_20260225_024650_relu_best.pth...20260225_025336
At epoch 615, test loss = 2.5446
...model saved to 15_exp/models/FloydWarshallDataset_vanilla_0.0001_20000_20260225_024650_relu_best.pth...20260225_025336
At epoch 616, test loss = 2.5372
...model saved to 15_exp/models/FloydWarshallDataset_vanilla_0.0001_20000_20260225_024650_relu_best.pth...20260225_025337
At epoch 617, test loss = 2.5266
...model saved to 15_exp/models/FloydWarshallDataset_vanilla_0.0001_20000_20260225_024650_relu_best.pth...20260225_025337
At epoch 618, test loss = 2.5258
...model saved to 15_exp/models/FloydWarshallDataset_vanilla_0.0001_20000_20260225_024650_relu_best.pth...20260225_025338
At epoch 619, test loss = 2.5132
...model saved to 15_exp/models/FloydWarshallDataset_vanilla_0.0001_20000_20260225_024650_relu_best.pth...20260225_025339
At epoch 620, test loss = 2.4950
...model saved to 15_exp/models/FloydWarshallDataset_vanilla_0.0001_20000_20260225_024650_relu_best.pth...20260225_025339
At epoch 621, test loss = 2.4752
...model saved to 15_exp/models/FloydWarshallDataset_vanilla_0.0001_20000_20260225_024650_relu_best.pth...20260225_025340
At epoch 624, test loss = 2.4498
...model saved to 15_exp/models/FloydWarshallDataset_vanilla_0.0001_20000_20260225_024650_relu_best.pth...20260225_025342
At epoch 626, test loss = 2.4398
...model saved to 15_exp/models/FloydWarshallDataset_vanilla_0.0001_20000_20260225_024650_relu_best.pth...20260225_025343
At epoch 627, test loss = 2.4222
...model saved to 15_exp/models/FloydWarshallDataset_vanilla_0.0001_20000_20260225_024650_relu_best.pth...20260225_025344
At epoch 629, test loss = 2.4078
...model saved to 15_exp/models/FloydWarshallDataset_vanilla_0.0001_20000_20260225_024650_relu_best.pth...20260225_025345
At epoch 631, test loss = 2.3998
...model saved to 15_exp/models/FloydWarshallDataset_vanilla_0.0001_20000_20260225_024650_relu_best.pth...20260225_025346
At epoch 632, test loss = 2.3850
...model saved to 15_exp/models/FloydWarshallDataset_vanilla_0.0001_20000_20260225_024650_relu_best.pth...20260225_025347
At epoch 633, test loss = 2.3716
...model saved to 15_exp/models/FloydWarshallDataset_vanilla_0.0001_20000_20260225_024650_relu_best.pth...20260225_025347
At epoch 634, test loss = 2.3715
...model saved to 15_exp/models/FloydWarshallDataset_vanilla_0.0001_20000_20260225_024650_relu_best.pth...20260225_025348
At epoch 635, test loss = 2.3610
...model saved to 15_exp/models/FloydWarshallDataset_vanilla_0.0001_20000_20260225_024650_relu_best.pth...20260225_025349
At epoch 636, test loss = 2.3398
...model saved to 15_exp/models/FloydWarshallDataset_vanilla_0.0001_20000_20260225_024650_relu_best.pth...20260225_025349
At epoch 638, test loss = 2.3269
...model saved to 15_exp/models/FloydWarshallDataset_vanilla_0.0001_20000_20260225_024650_relu_best.pth...20260225_025351
At epoch 639, test loss = 2.3222
...model saved to 15_exp/models/FloydWarshallDataset_vanilla_0.0001_20000_20260225_024650_relu_best.pth...20260225_025351
At epoch 640, test loss = 2.3162
...model saved to 15_exp/models/FloydWarshallDataset_vanilla_0.0001_20000_20260225_024650_relu_best.pth...20260225_025352
At epoch 642, test loss = 2.3072
...model saved to 15_exp/models/FloydWarshallDataset_vanilla_0.0001_20000_20260225_024650_relu_best.pth...20260225_025353
At epoch 643, test loss = 2.3003
...model saved to 15_exp/models/FloydWarshallDataset_vanilla_0.0001_20000_20260225_024650_relu_best.pth...20260225_025354
At epoch 645, test loss = 2.2836
...model saved to 15_exp/models/FloydWarshallDataset_vanilla_0.0001_20000_20260225_024650_relu_best.pth...20260225_025355
At epoch 646, test loss = 2.2783
...model saved to 15_exp/models/FloydWarshallDataset_vanilla_0.0001_20000_20260225_024650_relu_best.pth...20260225_025355
At epoch 648, test loss = 2.2528
...model saved to 15_exp/models/FloydWarshallDataset_vanilla_0.0001_20000_20260225_024650_relu_best.pth...20260225_025357
At epoch 649, test loss = 2.2484
...model saved to 15_exp/models/FloydWarshallDataset_vanilla_0.0001_20000_20260225_024650_relu_best.pth...20260225_025357
At epoch 651, test loss = 2.2263
...model saved to 15_exp/models/FloydWarshallDataset_vanilla_0.0001_20000_20260225_024650_relu_best.pth...20260225_025359
At epoch 652, test loss = 2.2169
...model saved to 15_exp/models/FloydWarshallDataset_vanilla_0.0001_20000_20260225_024650_relu_best.pth...20260225_025359
At epoch 655, test loss = 2.2114
...model saved to 15_exp/models/FloydWarshallDataset_vanilla_0.0001_20000_20260225_024650_relu_best.pth...20260225_025401
At epoch 657, test loss = 2.1839
...model saved to 15_exp/models/FloydWarshallDataset_vanilla_0.0001_20000_20260225_024650_relu_best.pth...20260225_025402
At epoch 660, test loss = 2.1730
...model saved to 15_exp/models/FloydWarshallDataset_vanilla_0.0001_20000_20260225_024650_relu_best.pth...20260225_025404
At epoch 661, test loss = 2.1559
...model saved to 15_exp/models/FloydWarshallDataset_vanilla_0.0001_20000_20260225_024650_relu_best.pth...20260225_025405
At epoch 662, test loss = 2.1519
...model saved to 15_exp/models/FloydWarshallDataset_vanilla_0.0001_20000_20260225_024650_relu_best.pth...20260225_025405
At epoch 663, test loss = 2.1466
...model saved to 15_exp/models/FloydWarshallDataset_vanilla_0.0001_20000_20260225_024650_relu_best.pth...20260225_025406
At epoch 665, test loss = 2.1377
...model saved to 15_exp/models/FloydWarshallDataset_vanilla_0.0001_20000_20260225_024650_relu_best.pth...20260225_025407
At epoch 667, test loss = 2.1258
...model saved to 15_exp/models/FloydWarshallDataset_vanilla_0.0001_20000_20260225_024650_relu_best.pth...20260225_025409
At epoch 668, test loss = 2.1239
...model saved to 15_exp/models/FloydWarshallDataset_vanilla_0.0001_20000_20260225_024650_relu_best.pth...20260225_025409
At epoch 670, test loss = 2.1160
...model saved to 15_exp/models/FloydWarshallDataset_vanilla_0.0001_20000_20260225_024650_relu_best.pth...20260225_025410
At epoch 671, test loss = 2.1140
...model saved to 15_exp/models/FloydWarshallDataset_vanilla_0.0001_20000_20260225_024650_relu_best.pth...20260225_025411
At epoch 672, test loss = 2.0954
...model saved to 15_exp/models/FloydWarshallDataset_vanilla_0.0001_20000_20260225_024650_relu_best.pth...20260225_025412
At epoch 674, test loss = 2.0935
...model saved to 15_exp/models/FloydWarshallDataset_vanilla_0.0001_20000_20260225_024650_relu_best.pth...20260225_025413
At epoch 675, test loss = 2.0929
...model saved to 15_exp/models/FloydWarshallDataset_vanilla_0.0001_20000_20260225_024650_relu_best.pth...20260225_025414
At epoch 676, test loss = 2.0688
...model saved to 15_exp/models/FloydWarshallDataset_vanilla_0.0001_20000_20260225_024650_relu_best.pth...20260225_025414
At epoch 678, test loss = 2.0675
...model saved to 15_exp/models/FloydWarshallDataset_vanilla_0.0001_20000_20260225_024650_relu_best.pth...20260225_025415
At epoch 679, test loss = 2.0412
...model saved to 15_exp/models/FloydWarshallDataset_vanilla_0.0001_20000_20260225_024650_relu_best.pth...20260225_025416
At epoch 681, test loss = 2.0391
...model saved to 15_exp/models/FloydWarshallDataset_vanilla_0.0001_20000_20260225_024650_relu_best.pth...20260225_025417
At epoch 683, test loss = 2.0223
...model saved to 15_exp/models/FloydWarshallDataset_vanilla_0.0001_20000_20260225_024650_relu_best.pth...20260225_025419
At epoch 686, test loss = 2.0078
...model saved to 15_exp/models/FloydWarshallDataset_vanilla_0.0001_20000_20260225_024650_relu_best.pth...20260225_025420
At epoch 691, test loss = 1.9914
...model saved to 15_exp/models/FloydWarshallDataset_vanilla_0.0001_20000_20260225_024650_relu_best.pth...20260225_025423
At epoch 692, test loss = 1.9868
...model saved to 15_exp/models/FloydWarshallDataset_vanilla_0.0001_20000_20260225_024650_relu_best.pth...20260225_025424
At epoch 693, test loss = 1.9758
...model saved to 15_exp/models/FloydWarshallDataset_vanilla_0.0001_20000_20260225_024650_relu_best.pth...20260225_025425
At epoch 695, test loss = 1.9706
...model saved to 15_exp/models/FloydWarshallDataset_vanilla_0.0001_20000_20260225_024650_relu_best.pth...20260225_025426
At epoch 698, test loss = 1.9579
...model saved to 15_exp/models/FloydWarshallDataset_vanilla_0.0001_20000_20260225_024650_relu_best.pth...20260225_025428
At epoch 699, test loss = 1.9412
...model saved to 15_exp/models/FloydWarshallDataset_vanilla_0.0001_20000_20260225_024650_relu_best.pth...20260225_025428
At epoch 700, test loss = 1.9380
...model saved to 15_exp/models/FloydWarshallDataset_vanilla_0.0001_20000_20260225_024650_relu_best.pth...20260225_025429
At epoch 702, test loss = 1.9323
...model saved to 15_exp/models/FloydWarshallDataset_vanilla_0.0001_20000_20260225_024650_relu_best.pth...20260225_025430
At epoch 703, test loss = 1.9284
...model saved to 15_exp/models/FloydWarshallDataset_vanilla_0.0001_20000_20260225_024650_relu_best.pth...20260225_025431
At epoch 704, test loss = 1.9136
...model saved to 15_exp/models/FloydWarshallDataset_vanilla_0.0001_20000_20260225_024650_relu_best.pth...20260225_025431
At epoch 705, test loss = 1.9108
...model saved to 15_exp/models/FloydWarshallDataset_vanilla_0.0001_20000_20260225_024650_relu_best.pth...20260225_025432
At epoch 708, test loss = 1.9013
...model saved to 15_exp/models/FloydWarshallDataset_vanilla_0.0001_20000_20260225_024650_relu_best.pth...20260225_025434
At epoch 711, test loss = 1.8847
...model saved to 15_exp/models/FloydWarshallDataset_vanilla_0.0001_20000_20260225_024650_relu_best.pth...20260225_025436
At epoch 714, test loss = 1.8743
...model saved to 15_exp/models/FloydWarshallDataset_vanilla_0.0001_20000_20260225_024650_relu_best.pth...20260225_025438
At epoch 715, test loss = 1.8705
...model saved to 15_exp/models/FloydWarshallDataset_vanilla_0.0001_20000_20260225_024650_relu_best.pth...20260225_025438
At epoch 716, test loss = 1.8703
...model saved to 15_exp/models/FloydWarshallDataset_vanilla_0.0001_20000_20260225_024650_relu_best.pth...20260225_025439
At epoch 717, test loss = 1.8565
...model saved to 15_exp/models/FloydWarshallDataset_vanilla_0.0001_20000_20260225_024650_relu_best.pth...20260225_025439
At epoch 718, test loss = 1.8408
...model saved to 15_exp/models/FloydWarshallDataset_vanilla_0.0001_20000_20260225_024650_relu_best.pth...20260225_025440
At epoch 719, test loss = 1.8406
...model saved to 15_exp/models/FloydWarshallDataset_vanilla_0.0001_20000_20260225_024650_relu_best.pth...20260225_025441
At epoch 722, test loss = 1.8356
...model saved to 15_exp/models/FloydWarshallDataset_vanilla_0.0001_20000_20260225_024650_relu_best.pth...20260225_025443
At epoch 724, test loss = 1.8078
...model saved to 15_exp/models/FloydWarshallDataset_vanilla_0.0001_20000_20260225_024650_relu_best.pth...20260225_025444
At epoch 728, test loss = 1.7998
...model saved to 15_exp/models/FloydWarshallDataset_vanilla_0.0001_20000_20260225_024650_relu_best.pth...20260225_025446
At epoch 729, test loss = 1.7966
...model saved to 15_exp/models/FloydWarshallDataset_vanilla_0.0001_20000_20260225_024650_relu_best.pth...20260225_025447
At epoch 731, test loss = 1.7957
...model saved to 15_exp/models/FloydWarshallDataset_vanilla_0.0001_20000_20260225_024650_relu_best.pth...20260225_025448
At epoch 733, test loss = 1.7947
...model saved to 15_exp/models/FloydWarshallDataset_vanilla_0.0001_20000_20260225_024650_relu_best.pth...20260225_025449
At epoch 734, test loss = 1.7720
...model saved to 15_exp/models/FloydWarshallDataset_vanilla_0.0001_20000_20260225_024650_relu_best.pth...20260225_025450
At epoch 737, test loss = 1.7685
...model saved to 15_exp/models/FloydWarshallDataset_vanilla_0.0001_20000_20260225_024650_relu_best.pth...20260225_025452
At epoch 738, test loss = 1.7520
...model saved to 15_exp/models/FloydWarshallDataset_vanilla_0.0001_20000_20260225_024650_relu_best.pth...20260225_025453
At epoch 741, test loss = 1.7464
...model saved to 15_exp/models/FloydWarshallDataset_vanilla_0.0001_20000_20260225_024650_relu_best.pth...20260225_025454
At epoch 745, test loss = 1.7425
...model saved to 15_exp/models/FloydWarshallDataset_vanilla_0.0001_20000_20260225_024650_relu_best.pth...20260225_025457
At epoch 746, test loss = 1.7318
...model saved to 15_exp/models/FloydWarshallDataset_vanilla_0.0001_20000_20260225_024650_relu_best.pth...20260225_025457
At epoch 748, test loss = 1.7285
...model saved to 15_exp/models/FloydWarshallDataset_vanilla_0.0001_20000_20260225_024650_relu_best.pth...20260225_025459
At epoch 750, test loss = 1.7054
...model saved to 15_exp/models/FloydWarshallDataset_vanilla_0.0001_20000_20260225_024650_relu_best.pth...20260225_025500
At epoch 752, test loss = 1.6984
...model saved to 15_exp/models/FloydWarshallDataset_vanilla_0.0001_20000_20260225_024650_relu_best.pth...20260225_025501
At epoch 753, test loss = 1.6971
...model saved to 15_exp/models/FloydWarshallDataset_vanilla_0.0001_20000_20260225_024650_relu_best.pth...20260225_025502
At epoch 754, test loss = 1.6895
...model saved to 15_exp/models/FloydWarshallDataset_vanilla_0.0001_20000_20260225_024650_relu_best.pth...20260225_025502
At epoch 757, test loss = 1.6808
...model saved to 15_exp/models/FloydWarshallDataset_vanilla_0.0001_20000_20260225_024650_relu_best.pth...20260225_025504
At epoch 758, test loss = 1.6672
...model saved to 15_exp/models/FloydWarshallDataset_vanilla_0.0001_20000_20260225_024650_relu_best.pth...20260225_025504
At epoch 759, test loss = 1.6665
...model saved to 15_exp/models/FloydWarshallDataset_vanilla_0.0001_20000_20260225_024650_relu_best.pth...20260225_025505
At epoch 761, test loss = 1.6631
...model saved to 15_exp/models/FloydWarshallDataset_vanilla_0.0001_20000_20260225_024650_relu_best.pth...20260225_025506
At epoch 762, test loss = 1.6587
...model saved to 15_exp/models/FloydWarshallDataset_vanilla_0.0001_20000_20260225_024650_relu_best.pth...20260225_025507
At epoch 763, test loss = 1.6537
...model saved to 15_exp/models/FloydWarshallDataset_vanilla_0.0001_20000_20260225_024650_relu_best.pth...20260225_025507
At epoch 766, test loss = 1.6518
...model saved to 15_exp/models/FloydWarshallDataset_vanilla_0.0001_20000_20260225_024650_relu_best.pth...20260225_025509
At epoch 768, test loss = 1.6454
...model saved to 15_exp/models/FloydWarshallDataset_vanilla_0.0001_20000_20260225_024650_relu_best.pth...20260225_025510
At epoch 769, test loss = 1.6376
...model saved to 15_exp/models/FloydWarshallDataset_vanilla_0.0001_20000_20260225_024650_relu_best.pth...20260225_025511
At epoch 772, test loss = 1.6228
...model saved to 15_exp/models/FloydWarshallDataset_vanilla_0.0001_20000_20260225_024650_relu_best.pth...20260225_025513
At epoch 773, test loss = 1.6125
...model saved to 15_exp/models/FloydWarshallDataset_vanilla_0.0001_20000_20260225_024650_relu_best.pth...20260225_025513
At epoch 777, test loss = 1.5984
...model saved to 15_exp/models/FloydWarshallDataset_vanilla_0.0001_20000_20260225_024650_relu_best.pth...20260225_025515
At epoch 778, test loss = 1.5940
...model saved to 15_exp/models/FloydWarshallDataset_vanilla_0.0001_20000_20260225_024650_relu_best.pth...20260225_025516
At epoch 781, test loss = 1.5854
...model saved to 15_exp/models/FloydWarshallDataset_vanilla_0.0001_20000_20260225_024650_relu_best.pth...20260225_025518
At epoch 782, test loss = 1.5840
...model saved to 15_exp/models/FloydWarshallDataset_vanilla_0.0001_20000_20260225_024650_relu_best.pth...20260225_025518
At epoch 787, test loss = 1.5782
...model saved to 15_exp/models/FloydWarshallDataset_vanilla_0.0001_20000_20260225_024650_relu_best.pth...20260225_025521
At epoch 788, test loss = 1.5726
...model saved to 15_exp/models/FloydWarshallDataset_vanilla_0.0001_20000_20260225_024650_relu_best.pth...20260225_025522
At epoch 790, test loss = 1.5614
...model saved to 15_exp/models/FloydWarshallDataset_vanilla_0.0001_20000_20260225_024650_relu_best.pth...20260225_025523
At epoch 792, test loss = 1.5441
...model saved to 15_exp/models/FloydWarshallDataset_vanilla_0.0001_20000_20260225_024650_relu_best.pth...20260225_025524
At epoch 794, test loss = 1.5383
...model saved to 15_exp/models/FloydWarshallDataset_vanilla_0.0001_20000_20260225_024650_relu_best.pth...20260225_025525
At epoch 796, test loss = 1.5323
...model saved to 15_exp/models/FloydWarshallDataset_vanilla_0.0001_20000_20260225_024650_relu_best.pth...20260225_025526
At epoch 798, test loss = 1.5296
...model saved to 15_exp/models/FloydWarshallDataset_vanilla_0.0001_20000_20260225_024650_relu_best.pth...20260225_025527
At epoch 799, test loss = 1.5258
...model saved to 15_exp/models/FloydWarshallDataset_vanilla_0.0001_20000_20260225_024650_relu_best.pth...20260225_025528
At epoch 802, test loss = 1.5224
...model saved to 15_exp/models/FloydWarshallDataset_vanilla_0.0001_20000_20260225_024650_relu_best.pth...20260225_025530
At epoch 803, test loss = 1.5161
...model saved to 15_exp/models/FloydWarshallDataset_vanilla_0.0001_20000_20260225_024650_relu_best.pth...20260225_025530
At epoch 806, test loss = 1.5161
...model saved to 15_exp/models/FloydWarshallDataset_vanilla_0.0001_20000_20260225_024650_relu_best.pth...20260225_025532
At epoch 807, test loss = 1.5160
...model saved to 15_exp/models/FloydWarshallDataset_vanilla_0.0001_20000_20260225_024650_relu_best.pth...20260225_025532
At epoch 809, test loss = 1.4890
...model saved to 15_exp/models/FloydWarshallDataset_vanilla_0.0001_20000_20260225_024650_relu_best.pth...20260225_025534
At epoch 811, test loss = 1.4843
...model saved to 15_exp/models/FloydWarshallDataset_vanilla_0.0001_20000_20260225_024650_relu_best.pth...20260225_025535
At epoch 815, test loss = 1.4754
...model saved to 15_exp/models/FloydWarshallDataset_vanilla_0.0001_20000_20260225_024650_relu_best.pth...20260225_025537
At epoch 819, test loss = 1.4630
...model saved to 15_exp/models/FloydWarshallDataset_vanilla_0.0001_20000_20260225_024650_relu_best.pth...20260225_025539
At epoch 823, test loss = 1.4484
...model saved to 15_exp/models/FloydWarshallDataset_vanilla_0.0001_20000_20260225_024650_relu_best.pth...20260225_025542
At epoch 831, test loss = 1.4479
...model saved to 15_exp/models/FloydWarshallDataset_vanilla_0.0001_20000_20260225_024650_relu_best.pth...20260225_025546
At epoch 832, test loss = 1.4452
...model saved to 15_exp/models/FloydWarshallDataset_vanilla_0.0001_20000_20260225_024650_relu_best.pth...20260225_025547
At epoch 833, test loss = 1.4252
...model saved to 15_exp/models/FloydWarshallDataset_vanilla_0.0001_20000_20260225_024650_relu_best.pth...20260225_025547
At epoch 838, test loss = 1.4139
...model saved to 15_exp/models/FloydWarshallDataset_vanilla_0.0001_20000_20260225_024650_relu_best.pth...20260225_025550
At epoch 842, test loss = 1.4069
...model saved to 15_exp/models/FloydWarshallDataset_vanilla_0.0001_20000_20260225_024650_relu_best.pth...20260225_025552
At epoch 843, test loss = 1.3971
...model saved to 15_exp/models/FloydWarshallDataset_vanilla_0.0001_20000_20260225_024650_relu_best.pth...20260225_025553
At epoch 846, test loss = 1.3943
...model saved to 15_exp/models/FloydWarshallDataset_vanilla_0.0001_20000_20260225_024650_relu_best.pth...20260225_025554
At epoch 848, test loss = 1.3934
...model saved to 15_exp/models/FloydWarshallDataset_vanilla_0.0001_20000_20260225_024650_relu_best.pth...20260225_025556
At epoch 852, test loss = 1.3850
...model saved to 15_exp/models/FloydWarshallDataset_vanilla_0.0001_20000_20260225_024650_relu_best.pth...20260225_025558
At epoch 854, test loss = 1.3748
...model saved to 15_exp/models/FloydWarshallDataset_vanilla_0.0001_20000_20260225_024650_relu_best.pth...20260225_025559
At epoch 857, test loss = 1.3716
...model saved to 15_exp/models/FloydWarshallDataset_vanilla_0.0001_20000_20260225_024650_relu_best.pth...20260225_025601
At epoch 861, test loss = 1.3564
...model saved to 15_exp/models/FloydWarshallDataset_vanilla_0.0001_20000_20260225_024650_relu_best.pth...20260225_025603
At epoch 862, test loss = 1.3498
...model saved to 15_exp/models/FloydWarshallDataset_vanilla_0.0001_20000_20260225_024650_relu_best.pth...20260225_025603
At epoch 868, test loss = 1.3491
...model saved to 15_exp/models/FloydWarshallDataset_vanilla_0.0001_20000_20260225_024650_relu_best.pth...20260225_025607
At epoch 869, test loss = 1.3407
...model saved to 15_exp/models/FloydWarshallDataset_vanilla_0.0001_20000_20260225_024650_relu_best.pth...20260225_025607
At epoch 870, test loss = 1.3391
...model saved to 15_exp/models/FloydWarshallDataset_vanilla_0.0001_20000_20260225_024650_relu_best.pth...20260225_025608
At epoch 871, test loss = 1.3372
...model saved to 15_exp/models/FloydWarshallDataset_vanilla_0.0001_20000_20260225_024650_relu_best.pth...20260225_025609
At epoch 872, test loss = 1.3356
...model saved to 15_exp/models/FloydWarshallDataset_vanilla_0.0001_20000_20260225_024650_relu_best.pth...20260225_025609
At epoch 875, test loss = 1.3212
...model saved to 15_exp/models/FloydWarshallDataset_vanilla_0.0001_20000_20260225_024650_relu_best.pth...20260225_025611
At epoch 880, test loss = 1.3186
...model saved to 15_exp/models/FloydWarshallDataset_vanilla_0.0001_20000_20260225_024650_relu_best.pth...20260225_025614
At epoch 881, test loss = 1.3116
...model saved to 15_exp/models/FloydWarshallDataset_vanilla_0.0001_20000_20260225_024650_relu_best.pth...20260225_025614
At epoch 886, test loss = 1.3068
...model saved to 15_exp/models/FloydWarshallDataset_vanilla_0.0001_20000_20260225_024650_relu_best.pth...20260225_025617
At epoch 887, test loss = 1.3015
...model saved to 15_exp/models/FloydWarshallDataset_vanilla_0.0001_20000_20260225_024650_relu_best.pth...20260225_025618
At epoch 888, test loss = 1.2997
...model saved to 15_exp/models/FloydWarshallDataset_vanilla_0.0001_20000_20260225_024650_relu_best.pth...20260225_025618
At epoch 890, test loss = 1.2967
...model saved to 15_exp/models/FloydWarshallDataset_vanilla_0.0001_20000_20260225_024650_relu_best.pth...20260225_025619
At epoch 892, test loss = 1.2945
...model saved to 15_exp/models/FloydWarshallDataset_vanilla_0.0001_20000_20260225_024650_relu_best.pth...20260225_025620
At epoch 893, test loss = 1.2918
...model saved to 15_exp/models/FloydWarshallDataset_vanilla_0.0001_20000_20260225_024650_relu_best.pth...20260225_025621
At epoch 894, test loss = 1.2853
...model saved to 15_exp/models/FloydWarshallDataset_vanilla_0.0001_20000_20260225_024650_relu_best.pth...20260225_025622
At epoch 898, test loss = 1.2773
...model saved to 15_exp/models/FloydWarshallDataset_vanilla_0.0001_20000_20260225_024650_relu_best.pth...20260225_025624
At epoch 900, test loss = 1.2694
...model saved to 15_exp/models/FloydWarshallDataset_vanilla_0.0001_20000_20260225_024650_relu_best.pth...20260225_025625
At epoch 903, test loss = 1.2682
...model saved to 15_exp/models/FloydWarshallDataset_vanilla_0.0001_20000_20260225_024650_relu_best.pth...20260225_025627
At epoch 905, test loss = 1.2604
...model saved to 15_exp/models/FloydWarshallDataset_vanilla_0.0001_20000_20260225_024650_relu_best.pth...20260225_025628
At epoch 908, test loss = 1.2572
...model saved to 15_exp/models/FloydWarshallDataset_vanilla_0.0001_20000_20260225_024650_relu_best.pth...20260225_025630
At epoch 914, test loss = 1.2512
...model saved to 15_exp/models/FloydWarshallDataset_vanilla_0.0001_20000_20260225_024650_relu_best.pth...20260225_025633
At epoch 916, test loss = 1.2472
...model saved to 15_exp/models/FloydWarshallDataset_vanilla_0.0001_20000_20260225_024650_relu_best.pth...20260225_025634
At epoch 917, test loss = 1.2442
...model saved to 15_exp/models/FloydWarshallDataset_vanilla_0.0001_20000_20260225_024650_relu_best.pth...20260225_025635
At epoch 920, test loss = 1.2382
...model saved to 15_exp/models/FloydWarshallDataset_vanilla_0.0001_20000_20260225_024650_relu_best.pth...20260225_025636
At epoch 923, test loss = 1.2311
...model saved to 15_exp/models/FloydWarshallDataset_vanilla_0.0001_20000_20260225_024650_relu_best.pth...20260225_025638
At epoch 925, test loss = 1.2189
...model saved to 15_exp/models/FloydWarshallDataset_vanilla_0.0001_20000_20260225_024650_relu_best.pth...20260225_025639
At epoch 932, test loss = 1.2177
...model saved to 15_exp/models/FloydWarshallDataset_vanilla_0.0001_20000_20260225_024650_relu_best.pth...20260225_025643
At epoch 935, test loss = 1.2088
...model saved to 15_exp/models/FloydWarshallDataset_vanilla_0.0001_20000_20260225_024650_relu_best.pth...20260225_025645
At epoch 939, test loss = 1.1967
...model saved to 15_exp/models/FloydWarshallDataset_vanilla_0.0001_20000_20260225_024650_relu_best.pth...20260225_025647
At epoch 945, test loss = 1.1915
...model saved to 15_exp/models/FloydWarshallDataset_vanilla_0.0001_20000_20260225_024650_relu_best.pth...20260225_025650
At epoch 947, test loss = 1.1887
...model saved to 15_exp/models/FloydWarshallDataset_vanilla_0.0001_20000_20260225_024650_relu_best.pth...20260225_025652
At epoch 949, test loss = 1.1819
...model saved to 15_exp/models/FloydWarshallDataset_vanilla_0.0001_20000_20260225_024650_relu_best.pth...20260225_025653
At epoch 950, test loss = 1.1807
...model saved to 15_exp/models/FloydWarshallDataset_vanilla_0.0001_20000_20260225_024650_relu_best.pth...20260225_025653
At epoch 951, test loss = 1.1800
...model saved to 15_exp/models/FloydWarshallDataset_vanilla_0.0001_20000_20260225_024650_relu_best.pth...20260225_025654
At epoch 953, test loss = 1.1790
...model saved to 15_exp/models/FloydWarshallDataset_vanilla_0.0001_20000_20260225_024650_relu_best.pth...20260225_025655
At epoch 954, test loss = 1.1758
...model saved to 15_exp/models/FloydWarshallDataset_vanilla_0.0001_20000_20260225_024650_relu_best.pth...20260225_025656
At epoch 955, test loss = 1.1724
...model saved to 15_exp/models/FloydWarshallDataset_vanilla_0.0001_20000_20260225_024650_relu_best.pth...20260225_025656
At epoch 961, test loss = 1.1619
...model saved to 15_exp/models/FloydWarshallDataset_vanilla_0.0001_20000_20260225_024650_relu_best.pth...20260225_025700
At epoch 965, test loss = 1.1599
...model saved to 15_exp/models/FloydWarshallDataset_vanilla_0.0001_20000_20260225_024650_relu_best.pth...20260225_025702
At epoch 967, test loss = 1.1565
...model saved to 15_exp/models/FloydWarshallDataset_vanilla_0.0001_20000_20260225_024650_relu_best.pth...20260225_025703
At epoch 971, test loss = 1.1472
...model saved to 15_exp/models/FloydWarshallDataset_vanilla_0.0001_20000_20260225_024650_relu_best.pth...20260225_025705
At epoch 975, test loss = 1.1413
...model saved to 15_exp/models/FloydWarshallDataset_vanilla_0.0001_20000_20260225_024650_relu_best.pth...20260225_025708
At epoch 979, test loss = 1.1399
...model saved to 15_exp/models/FloydWarshallDataset_vanilla_0.0001_20000_20260225_024650_relu_best.pth...20260225_025710
At epoch 980, test loss = 1.1370
...model saved to 15_exp/models/FloydWarshallDataset_vanilla_0.0001_20000_20260225_024650_relu_best.pth...20260225_025710
At epoch 983, test loss = 1.1366
...model saved to 15_exp/models/FloydWarshallDataset_vanilla_0.0001_20000_20260225_024650_relu_best.pth...20260225_025712
At epoch 984, test loss = 1.1356
...model saved to 15_exp/models/FloydWarshallDataset_vanilla_0.0001_20000_20260225_024650_relu_best.pth...20260225_025713
At epoch 985, test loss = 1.1246
...model saved to 15_exp/models/FloydWarshallDataset_vanilla_0.0001_20000_20260225_024650_relu_best.pth...20260225_025713
At epoch 987, test loss = 1.1218
...model saved to 15_exp/models/FloydWarshallDataset_vanilla_0.0001_20000_20260225_024650_relu_best.pth...20260225_025714
At epoch 990, test loss = 1.1209
...model saved to 15_exp/models/FloydWarshallDataset_vanilla_0.0001_20000_20260225_024650_relu_best.pth...20260225_025716
At epoch 991, test loss = 1.1145
...model saved to 15_exp/models/FloydWarshallDataset_vanilla_0.0001_20000_20260225_024650_relu_best.pth...20260225_025717
At epoch 996, test loss = 1.1145
...model saved to 15_exp/models/FloydWarshallDataset_vanilla_0.0001_20000_20260225_024650_relu_best.pth...20260225_025719
At epoch 999, test loss = 1.1093
...model saved to 15_exp/models/FloydWarshallDataset_vanilla_0.0001_20000_20260225_024650_relu_best.pth...20260225_025721
At epoch 1001, test loss = 1.1083
...model saved to 15_exp/models/FloydWarshallDataset_vanilla_0.0001_20000_20260225_024650_relu_best.pth...20260225_025722
At epoch 1005, test loss = 1.1001
...model saved to 15_exp/models/FloydWarshallDataset_vanilla_0.0001_20000_20260225_024650_relu_best.pth...20260225_025724
At epoch 1007, test loss = 1.0966
...model saved to 15_exp/models/FloydWarshallDataset_vanilla_0.0001_20000_20260225_024650_relu_best.pth...20260225_025726
At epoch 1008, test loss = 1.0950
...model saved to 15_exp/models/FloydWarshallDataset_vanilla_0.0001_20000_20260225_024650_relu_best.pth...20260225_025726
At epoch 1010, test loss = 1.0849
...model saved to 15_exp/models/FloydWarshallDataset_vanilla_0.0001_20000_20260225_024650_relu_best.pth...20260225_025727
At epoch 1015, test loss = 1.0848
...model saved to 15_exp/models/FloydWarshallDataset_vanilla_0.0001_20000_20260225_024650_relu_best.pth...20260225_025730
At epoch 1018, test loss = 1.0785
...model saved to 15_exp/models/FloydWarshallDataset_vanilla_0.0001_20000_20260225_024650_relu_best.pth...20260225_025732
At epoch 1028, test loss = 1.0660
...model saved to 15_exp/models/FloydWarshallDataset_vanilla_0.0001_20000_20260225_024650_relu_best.pth...20260225_025737
At epoch 1029, test loss = 1.0647
...model saved to 15_exp/models/FloydWarshallDataset_vanilla_0.0001_20000_20260225_024650_relu_best.pth...20260225_025738
At epoch 1036, test loss = 1.0538
...model saved to 15_exp/models/FloydWarshallDataset_vanilla_0.0001_20000_20260225_024650_relu_best.pth...20260225_025742
At epoch 1038, test loss = 1.0510
...model saved to 15_exp/models/FloydWarshallDataset_vanilla_0.0001_20000_20260225_024650_relu_best.pth...20260225_025743
At epoch 1043, test loss = 1.0483
...model saved to 15_exp/models/FloydWarshallDataset_vanilla_0.0001_20000_20260225_024650_relu_best.pth...20260225_025746
At epoch 1051, test loss = 1.0386
...model saved to 15_exp/models/FloydWarshallDataset_vanilla_0.0001_20000_20260225_024650_relu_best.pth...20260225_025750
At epoch 1056, test loss = 1.0375
...model saved to 15_exp/models/FloydWarshallDataset_vanilla_0.0001_20000_20260225_024650_relu_best.pth...20260225_025753
At epoch 1057, test loss = 1.0299
...model saved to 15_exp/models/FloydWarshallDataset_vanilla_0.0001_20000_20260225_024650_relu_best.pth...20260225_025754
At epoch 1062, test loss = 1.0255
...model saved to 15_exp/models/FloydWarshallDataset_vanilla_0.0001_20000_20260225_024650_relu_best.pth...20260225_025757
At epoch 1068, test loss = 1.0215
...model saved to 15_exp/models/FloydWarshallDataset_vanilla_0.0001_20000_20260225_024650_relu_best.pth...20260225_025800
At epoch 1070, test loss = 1.0194
...model saved to 15_exp/models/FloydWarshallDataset_vanilla_0.0001_20000_20260225_024650_relu_best.pth...20260225_025801
At epoch 1075, test loss = 1.0144
...model saved to 15_exp/models/FloydWarshallDataset_vanilla_0.0001_20000_20260225_024650_relu_best.pth...20260225_025804
At epoch 1079, test loss = 1.0074
...model saved to 15_exp/models/FloydWarshallDataset_vanilla_0.0001_20000_20260225_024650_relu_best.pth...20260225_025806
At epoch 1082, test loss = 1.0063
...model saved to 15_exp/models/FloydWarshallDataset_vanilla_0.0001_20000_20260225_024650_relu_best.pth...20260225_025808
At epoch 1090, test loss = 0.9951
...model saved to 15_exp/models/FloydWarshallDataset_vanilla_0.0001_20000_20260225_024650_relu_best.pth...20260225_025812
At epoch 1098, test loss = 0.9901
...model saved to 15_exp/models/FloydWarshallDataset_vanilla_0.0001_20000_20260225_024650_relu_best.pth...20260225_025817
At epoch 1105, test loss = 0.9846
...model saved to 15_exp/models/FloydWarshallDataset_vanilla_0.0001_20000_20260225_024650_relu_best.pth...20260225_025821
At epoch 1111, test loss = 0.9744
...model saved to 15_exp/models/FloydWarshallDataset_vanilla_0.0001_20000_20260225_024650_relu_best.pth...20260225_025824
At epoch 1113, test loss = 0.9724
...model saved to 15_exp/models/FloydWarshallDataset_vanilla_0.0001_20000_20260225_024650_relu_best.pth...20260225_025825
At epoch 1120, test loss = 0.9701
...model saved to 15_exp/models/FloydWarshallDataset_vanilla_0.0001_20000_20260225_024650_relu_best.pth...20260225_025829
At epoch 1121, test loss = 0.9658
...model saved to 15_exp/models/FloydWarshallDataset_vanilla_0.0001_20000_20260225_024650_relu_best.pth...20260225_025830
At epoch 1122, test loss = 0.9617
...model saved to 15_exp/models/FloydWarshallDataset_vanilla_0.0001_20000_20260225_024650_relu_best.pth...20260225_025830
At epoch 1127, test loss = 0.9580
...model saved to 15_exp/models/FloydWarshallDataset_vanilla_0.0001_20000_20260225_024650_relu_best.pth...20260225_025833
At epoch 1128, test loss = 0.9572
...model saved to 15_exp/models/FloydWarshallDataset_vanilla_0.0001_20000_20260225_024650_relu_best.pth...20260225_025834
At epoch 1130, test loss = 0.9522
...model saved to 15_exp/models/FloydWarshallDataset_vanilla_0.0001_20000_20260225_024650_relu_best.pth...20260225_025835
At epoch 1137, test loss = 0.9511
...model saved to 15_exp/models/FloydWarshallDataset_vanilla_0.0001_20000_20260225_024650_relu_best.pth...20260225_025839
At epoch 1138, test loss = 0.9499
...model saved to 15_exp/models/FloydWarshallDataset_vanilla_0.0001_20000_20260225_024650_relu_best.pth...20260225_025839
At epoch 1139, test loss = 0.9441
...model saved to 15_exp/models/FloydWarshallDataset_vanilla_0.0001_20000_20260225_024650_relu_best.pth...20260225_025840
At epoch 1147, test loss = 0.9353
...model saved to 15_exp/models/FloydWarshallDataset_vanilla_0.0001_20000_20260225_024650_relu_best.pth...20260225_025845
At epoch 1153, test loss = 0.9346
...model saved to 15_exp/models/FloydWarshallDataset_vanilla_0.0001_20000_20260225_024650_relu_best.pth...20260225_025848
At epoch 1154, test loss = 0.9313
...model saved to 15_exp/models/FloydWarshallDataset_vanilla_0.0001_20000_20260225_024650_relu_best.pth...20260225_025848
At epoch 1156, test loss = 0.9306
...model saved to 15_exp/models/FloydWarshallDataset_vanilla_0.0001_20000_20260225_024650_relu_best.pth...20260225_025850
At epoch 1161, test loss = 0.9299
...model saved to 15_exp/models/FloydWarshallDataset_vanilla_0.0001_20000_20260225_024650_relu_best.pth...20260225_025852
At epoch 1164, test loss = 0.9284
...model saved to 15_exp/models/FloydWarshallDataset_vanilla_0.0001_20000_20260225_024650_relu_best.pth...20260225_025854
At epoch 1165, test loss = 0.9254
...model saved to 15_exp/models/FloydWarshallDataset_vanilla_0.0001_20000_20260225_024650_relu_best.pth...20260225_025855
At epoch 1176, test loss = 0.9210
...model saved to 15_exp/models/FloydWarshallDataset_vanilla_0.0001_20000_20260225_024650_relu_best.pth...20260225_025901
At epoch 1177, test loss = 0.9132
...model saved to 15_exp/models/FloydWarshallDataset_vanilla_0.0001_20000_20260225_024650_relu_best.pth...20260225_025901
At epoch 1179, test loss = 0.9119
...model saved to 15_exp/models/FloydWarshallDataset_vanilla_0.0001_20000_20260225_024650_relu_best.pth...20260225_025903
At epoch 1181, test loss = 0.9105
...model saved to 15_exp/models/FloydWarshallDataset_vanilla_0.0001_20000_20260225_024650_relu_best.pth...20260225_025904
At epoch 1184, test loss = 0.9030
...model saved to 15_exp/models/FloydWarshallDataset_vanilla_0.0001_20000_20260225_024650_relu_best.pth...20260225_025905
At epoch 1192, test loss = 0.9011
...model saved to 15_exp/models/FloydWarshallDataset_vanilla_0.0001_20000_20260225_024650_relu_best.pth...20260225_025910
At epoch 1194, test loss = 0.8965
...model saved to 15_exp/models/FloydWarshallDataset_vanilla_0.0001_20000_20260225_024650_relu_best.pth...20260225_025911
At epoch 1202, test loss = 0.8916
...model saved to 15_exp/models/FloydWarshallDataset_vanilla_0.0001_20000_20260225_024650_relu_best.pth...20260225_025916
At epoch 1209, test loss = 0.8853
...model saved to 15_exp/models/FloydWarshallDataset_vanilla_0.0001_20000_20260225_024650_relu_best.pth...20260225_025919
At epoch 1211, test loss = 0.8818
...model saved to 15_exp/models/FloydWarshallDataset_vanilla_0.0001_20000_20260225_024650_relu_best.pth...20260225_025921
At epoch 1214, test loss = 0.8792
...model saved to 15_exp/models/FloydWarshallDataset_vanilla_0.0001_20000_20260225_024650_relu_best.pth...20260225_025922
At epoch 1227, test loss = 0.8746
...model saved to 15_exp/models/FloydWarshallDataset_vanilla_0.0001_20000_20260225_024650_relu_best.pth...20260225_025930
At epoch 1231, test loss = 0.8692
...model saved to 15_exp/models/FloydWarshallDataset_vanilla_0.0001_20000_20260225_024650_relu_best.pth...20260225_025932
At epoch 1240, test loss = 0.8669
...model saved to 15_exp/models/FloydWarshallDataset_vanilla_0.0001_20000_20260225_024650_relu_best.pth...20260225_025937
At epoch 1244, test loss = 0.8652
...model saved to 15_exp/models/FloydWarshallDataset_vanilla_0.0001_20000_20260225_024650_relu_best.pth...20260225_025939
At epoch 1245, test loss = 0.8620
...model saved to 15_exp/models/FloydWarshallDataset_vanilla_0.0001_20000_20260225_024650_relu_best.pth...20260225_025940
At epoch 1247, test loss = 0.8588
...model saved to 15_exp/models/FloydWarshallDataset_vanilla_0.0001_20000_20260225_024650_relu_best.pth...20260225_025941
At epoch 1254, test loss = 0.8514
...model saved to 15_exp/models/FloydWarshallDataset_vanilla_0.0001_20000_20260225_024650_relu_best.pth...20260225_025945
At epoch 1259, test loss = 0.8466
...model saved to 15_exp/models/FloydWarshallDataset_vanilla_0.0001_20000_20260225_024650_relu_best.pth...20260225_025948
At epoch 1261, test loss = 0.8426
...model saved to 15_exp/models/FloydWarshallDataset_vanilla_0.0001_20000_20260225_024650_relu_best.pth...20260225_025949
At epoch 1271, test loss = 0.8357
...model saved to 15_exp/models/FloydWarshallDataset_vanilla_0.0001_20000_20260225_024650_relu_best.pth...20260225_025954
At epoch 1278, test loss = 0.8329
...model saved to 15_exp/models/FloydWarshallDataset_vanilla_0.0001_20000_20260225_024650_relu_best.pth...20260225_025958
At epoch 1281, test loss = 0.8308
...model saved to 15_exp/models/FloydWarshallDataset_vanilla_0.0001_20000_20260225_024650_relu_best.pth...20260225_030000
At epoch 1289, test loss = 0.8289
...model saved to 15_exp/models/FloydWarshallDataset_vanilla_0.0001_20000_20260225_024650_relu_best.pth...20260225_030004
At epoch 1295, test loss = 0.8246
...model saved to 15_exp/models/FloydWarshallDataset_vanilla_0.0001_20000_20260225_024650_relu_best.pth...20260225_030008
At epoch 1296, test loss = 0.8229
...model saved to 15_exp/models/FloydWarshallDataset_vanilla_0.0001_20000_20260225_024650_relu_best.pth...20260225_030008
At epoch 1299, test loss = 0.8200
...model saved to 15_exp/models/FloydWarshallDataset_vanilla_0.0001_20000_20260225_024650_relu_best.pth...20260225_030010
At epoch 1304, test loss = 0.8187
...model saved to 15_exp/models/FloydWarshallDataset_vanilla_0.0001_20000_20260225_024650_relu_best.pth...20260225_030013
At epoch 1306, test loss = 0.8139
...model saved to 15_exp/models/FloydWarshallDataset_vanilla_0.0001_20000_20260225_024650_relu_best.pth...20260225_030014
At epoch 1313, test loss = 0.8099
...model saved to 15_exp/models/FloydWarshallDataset_vanilla_0.0001_20000_20260225_024650_relu_best.pth...20260225_030018
At epoch 1317, test loss = 0.8057
...model saved to 15_exp/models/FloydWarshallDataset_vanilla_0.0001_20000_20260225_024650_relu_best.pth...20260225_030020
At epoch 1320, test loss = 0.7991
...model saved to 15_exp/models/FloydWarshallDataset_vanilla_0.0001_20000_20260225_024650_relu_best.pth...20260225_030022
At epoch 1335, test loss = 0.7953
...model saved to 15_exp/models/FloydWarshallDataset_vanilla_0.0001_20000_20260225_024650_relu_best.pth...20260225_030030
At epoch 1338, test loss = 0.7898
...model saved to 15_exp/models/FloydWarshallDataset_vanilla_0.0001_20000_20260225_024650_relu_best.pth...20260225_030032
At epoch 1352, test loss = 0.7891
...model saved to 15_exp/models/FloydWarshallDataset_vanilla_0.0001_20000_20260225_024650_relu_best.pth...20260225_030040
At epoch 1356, test loss = 0.7830
...model saved to 15_exp/models/FloydWarshallDataset_vanilla_0.0001_20000_20260225_024650_relu_best.pth...20260225_030042
At epoch 1362, test loss = 0.7762
...model saved to 15_exp/models/FloydWarshallDataset_vanilla_0.0001_20000_20260225_024650_relu_best.pth...20260225_030046
At epoch 1370, test loss = 0.7760
...model saved to 15_exp/models/FloydWarshallDataset_vanilla_0.0001_20000_20260225_024650_relu_best.pth...20260225_030050
At epoch 1378, test loss = 0.7732
...model saved to 15_exp/models/FloydWarshallDataset_vanilla_0.0001_20000_20260225_024650_relu_best.pth...20260225_030054
At epoch 1383, test loss = 0.7714
...model saved to 15_exp/models/FloydWarshallDataset_vanilla_0.0001_20000_20260225_024650_relu_best.pth...20260225_030057
At epoch 1384, test loss = 0.7638
...model saved to 15_exp/models/FloydWarshallDataset_vanilla_0.0001_20000_20260225_024650_relu_best.pth...20260225_030058
At epoch 1389, test loss = 0.7630
...model saved to 15_exp/models/FloydWarshallDataset_vanilla_0.0001_20000_20260225_024650_relu_best.pth...20260225_030101
At epoch 1393, test loss = 0.7592
...model saved to 15_exp/models/FloydWarshallDataset_vanilla_0.0001_20000_20260225_024650_relu_best.pth...20260225_030103
At epoch 1397, test loss = 0.7583
...model saved to 15_exp/models/FloydWarshallDataset_vanilla_0.0001_20000_20260225_024650_relu_best.pth...20260225_030105
At epoch 1406, test loss = 0.7520
...model saved to 15_exp/models/FloydWarshallDataset_vanilla_0.0001_20000_20260225_024650_relu_best.pth...20260225_030110
At epoch 1417, test loss = 0.7486
...model saved to 15_exp/models/FloydWarshallDataset_vanilla_0.0001_20000_20260225_024650_relu_best.pth...20260225_030117
At epoch 1423, test loss = 0.7463
...model saved to 15_exp/models/FloydWarshallDataset_vanilla_0.0001_20000_20260225_024650_relu_best.pth...20260225_030120
At epoch 1427, test loss = 0.7462
...model saved to 15_exp/models/FloydWarshallDataset_vanilla_0.0001_20000_20260225_024650_relu_best.pth...20260225_030122
At epoch 1432, test loss = 0.7396
...model saved to 15_exp/models/FloydWarshallDataset_vanilla_0.0001_20000_20260225_024650_relu_best.pth...20260225_030125
At epoch 1435, test loss = 0.7364
...model saved to 15_exp/models/FloydWarshallDataset_vanilla_0.0001_20000_20260225_024650_relu_best.pth...20260225_030127
At epoch 1443, test loss = 0.7362
...model saved to 15_exp/models/FloydWarshallDataset_vanilla_0.0001_20000_20260225_024650_relu_best.pth...20260225_030131
At epoch 1446, test loss = 0.7339
...model saved to 15_exp/models/FloydWarshallDataset_vanilla_0.0001_20000_20260225_024650_relu_best.pth...20260225_030133
At epoch 1447, test loss = 0.7308
...model saved to 15_exp/models/FloydWarshallDataset_vanilla_0.0001_20000_20260225_024650_relu_best.pth...20260225_030134
At epoch 1449, test loss = 0.7304
...model saved to 15_exp/models/FloydWarshallDataset_vanilla_0.0001_20000_20260225_024650_relu_best.pth...20260225_030135
At epoch 1452, test loss = 0.7300
...model saved to 15_exp/models/FloydWarshallDataset_vanilla_0.0001_20000_20260225_024650_relu_best.pth...20260225_030137
At epoch 1454, test loss = 0.7293
...model saved to 15_exp/models/FloydWarshallDataset_vanilla_0.0001_20000_20260225_024650_relu_best.pth...20260225_030138
At epoch 1458, test loss = 0.7293
...model saved to 15_exp/models/FloydWarshallDataset_vanilla_0.0001_20000_20260225_024650_relu_best.pth...20260225_030141
At epoch 1461, test loss = 0.7286
...model saved to 15_exp/models/FloydWarshallDataset_vanilla_0.0001_20000_20260225_024650_relu_best.pth...20260225_030143
At epoch 1462, test loss = 0.7271
...model saved to 15_exp/models/FloydWarshallDataset_vanilla_0.0001_20000_20260225_024650_relu_best.pth...20260225_030143
At epoch 1466, test loss = 0.7213
...model saved to 15_exp/models/FloydWarshallDataset_vanilla_0.0001_20000_20260225_024650_relu_best.pth...20260225_030146
At epoch 1467, test loss = 0.7184
...model saved to 15_exp/models/FloydWarshallDataset_vanilla_0.0001_20000_20260225_024650_relu_best.pth...20260225_030146
At epoch 1476, test loss = 0.7176
...model saved to 15_exp/models/FloydWarshallDataset_vanilla_0.0001_20000_20260225_024650_relu_best.pth...20260225_030152
At epoch 1485, test loss = 0.7152
...model saved to 15_exp/models/FloydWarshallDataset_vanilla_0.0001_20000_20260225_024650_relu_best.pth...20260225_030157
At epoch 1492, test loss = 0.7111
...model saved to 15_exp/models/FloydWarshallDataset_vanilla_0.0001_20000_20260225_024650_relu_best.pth...20260225_030201
At epoch 1493, test loss = 0.7075
...model saved to 15_exp/models/FloydWarshallDataset_vanilla_0.0001_20000_20260225_024650_relu_best.pth...20260225_030202
At epoch 1496, test loss = 0.7046
...model saved to 15_exp/models/FloydWarshallDataset_vanilla_0.0001_20000_20260225_024650_relu_best.pth...20260225_030204
At epoch 1506, test loss = 0.7019
...model saved to 15_exp/models/FloydWarshallDataset_vanilla_0.0001_20000_20260225_024650_relu_best.pth...20260225_030210
At epoch 1511, test loss = 0.7011
...model saved to 15_exp/models/FloydWarshallDataset_vanilla_0.0001_20000_20260225_024650_relu_best.pth...20260225_030213
At epoch 1523, test loss = 0.7002
...model saved to 15_exp/models/FloydWarshallDataset_vanilla_0.0001_20000_20260225_024650_relu_best.pth...20260225_030220
At epoch 1524, test loss = 0.6944
...model saved to 15_exp/models/FloydWarshallDataset_vanilla_0.0001_20000_20260225_024650_relu_best.pth...20260225_030221
At epoch 1529, test loss = 0.6867
...model saved to 15_exp/models/FloydWarshallDataset_vanilla_0.0001_20000_20260225_024650_relu_best.pth...20260225_030224
At epoch 1536, test loss = 0.6864
...model saved to 15_exp/models/FloydWarshallDataset_vanilla_0.0001_20000_20260225_024650_relu_best.pth...20260225_030229
At epoch 1542, test loss = 0.6859
...model saved to 15_exp/models/FloydWarshallDataset_vanilla_0.0001_20000_20260225_024650_relu_best.pth...20260225_030232
At epoch 1548, test loss = 0.6796
...model saved to 15_exp/models/FloydWarshallDataset_vanilla_0.0001_20000_20260225_024650_relu_best.pth...20260225_030236
At epoch 1563, test loss = 0.6765
...model saved to 15_exp/models/FloydWarshallDataset_vanilla_0.0001_20000_20260225_024650_relu_best.pth...20260225_030245
At epoch 1564, test loss = 0.6741
...model saved to 15_exp/models/FloydWarshallDataset_vanilla_0.0001_20000_20260225_024650_relu_best.pth...20260225_030246
At epoch 1565, test loss = 0.6691
...model saved to 15_exp/models/FloydWarshallDataset_vanilla_0.0001_20000_20260225_024650_relu_best.pth...20260225_030247
At epoch 1585, test loss = 0.6687
...model saved to 15_exp/models/FloydWarshallDataset_vanilla_0.0001_20000_20260225_024650_relu_best.pth...20260225_030259
At epoch 1588, test loss = 0.6662
...model saved to 15_exp/models/FloydWarshallDataset_vanilla_0.0001_20000_20260225_024650_relu_best.pth...20260225_030301
At epoch 1589, test loss = 0.6633
...model saved to 15_exp/models/FloydWarshallDataset_vanilla_0.0001_20000_20260225_024650_relu_best.pth...20260225_030302
At epoch 1591, test loss = 0.6623
...model saved to 15_exp/models/FloydWarshallDataset_vanilla_0.0001_20000_20260225_024650_relu_best.pth...20260225_030303
At epoch 1603, test loss = 0.6610
...model saved to 15_exp/models/FloydWarshallDataset_vanilla_0.0001_20000_20260225_024650_relu_best.pth...20260225_030310
At epoch 1606, test loss = 0.6604
...model saved to 15_exp/models/FloydWarshallDataset_vanilla_0.0001_20000_20260225_024650_relu_best.pth...20260225_030312
At epoch 1613, test loss = 0.6528
...model saved to 15_exp/models/FloydWarshallDataset_vanilla_0.0001_20000_20260225_024650_relu_best.pth...20260225_030316
At epoch 1624, test loss = 0.6497
...model saved to 15_exp/models/FloydWarshallDataset_vanilla_0.0001_20000_20260225_024650_relu_best.pth...20260225_030323
At epoch 1627, test loss = 0.6497
...model saved to 15_exp/models/FloydWarshallDataset_vanilla_0.0001_20000_20260225_024650_relu_best.pth...20260225_030325
At epoch 1629, test loss = 0.6459
...model saved to 15_exp/models/FloydWarshallDataset_vanilla_0.0001_20000_20260225_024650_relu_best.pth...20260225_030326
At epoch 1632, test loss = 0.6442
...model saved to 15_exp/models/FloydWarshallDataset_vanilla_0.0001_20000_20260225_024650_relu_best.pth...20260225_030328
At epoch 1634, test loss = 0.6436
...model saved to 15_exp/models/FloydWarshallDataset_vanilla_0.0001_20000_20260225_024650_relu_best.pth...20260225_030329
At epoch 1642, test loss = 0.6382
...model saved to 15_exp/models/FloydWarshallDataset_vanilla_0.0001_20000_20260225_024650_relu_best.pth...20260225_030334
At epoch 1658, test loss = 0.6342
...model saved to 15_exp/models/FloydWarshallDataset_vanilla_0.0001_20000_20260225_024650_relu_best.pth...20260225_030344
At epoch 1665, test loss = 0.6334
...model saved to 15_exp/models/FloydWarshallDataset_vanilla_0.0001_20000_20260225_024650_relu_best.pth...20260225_030348
At epoch 1675, test loss = 0.6276
...model saved to 15_exp/models/FloydWarshallDataset_vanilla_0.0001_20000_20260225_024650_relu_best.pth...20260225_030355
At epoch 1689, test loss = 0.6273
...model saved to 15_exp/models/FloydWarshallDataset_vanilla_0.0001_20000_20260225_024650_relu_best.pth...20260225_030403
At epoch 1699, test loss = 0.6261
...model saved to 15_exp/models/FloydWarshallDataset_vanilla_0.0001_20000_20260225_024650_relu_best.pth...20260225_030409
At epoch 1700, test loss = 0.6254
...model saved to 15_exp/models/FloydWarshallDataset_vanilla_0.0001_20000_20260225_024650_relu_best.pth...20260225_030410
At epoch 1702, test loss = 0.6205
...model saved to 15_exp/models/FloydWarshallDataset_vanilla_0.0001_20000_20260225_024650_relu_best.pth...20260225_030411
At epoch 1703, test loss = 0.6193
...model saved to 15_exp/models/FloydWarshallDataset_vanilla_0.0001_20000_20260225_024650_relu_best.pth...20260225_030412
At epoch 1709, test loss = 0.6174
...model saved to 15_exp/models/FloydWarshallDataset_vanilla_0.0001_20000_20260225_024650_relu_best.pth...20260225_030416
At epoch 1721, test loss = 0.6147
...model saved to 15_exp/models/FloydWarshallDataset_vanilla_0.0001_20000_20260225_024650_relu_best.pth...20260225_030423
At epoch 1727, test loss = 0.6081
...model saved to 15_exp/models/FloydWarshallDataset_vanilla_0.0001_20000_20260225_024650_relu_best.pth...20260225_030427
At epoch 1745, test loss = 0.6047
...model saved to 15_exp/models/FloydWarshallDataset_vanilla_0.0001_20000_20260225_024650_relu_best.pth...20260225_030438
At epoch 1748, test loss = 0.6034
...model saved to 15_exp/models/FloydWarshallDataset_vanilla_0.0001_20000_20260225_024650_relu_best.pth...20260225_030440
At epoch 1755, test loss = 0.5975
...model saved to 15_exp/models/FloydWarshallDataset_vanilla_0.0001_20000_20260225_024650_relu_best.pth...20260225_030444
At epoch 1767, test loss = 0.5968
...model saved to 15_exp/models/FloydWarshallDataset_vanilla_0.0001_20000_20260225_024650_relu_best.pth...20260225_030452
At epoch 1779, test loss = 0.5962
...model saved to 15_exp/models/FloydWarshallDataset_vanilla_0.0001_20000_20260225_024650_relu_best.pth...20260225_030459
At epoch 1782, test loss = 0.5929
...model saved to 15_exp/models/FloydWarshallDataset_vanilla_0.0001_20000_20260225_024650_relu_best.pth...20260225_030501
At epoch 1789, test loss = 0.5891
...model saved to 15_exp/models/FloydWarshallDataset_vanilla_0.0001_20000_20260225_024650_relu_best.pth...20260225_030505
At epoch 1798, test loss = 0.5870
...model saved to 15_exp/models/FloydWarshallDataset_vanilla_0.0001_20000_20260225_024650_relu_best.pth...20260225_030511
At epoch 1808, test loss = 0.5832
...model saved to 15_exp/models/FloydWarshallDataset_vanilla_0.0001_20000_20260225_024650_relu_best.pth...20260225_030517
At epoch 1809, test loss = 0.5825
...model saved to 15_exp/models/FloydWarshallDataset_vanilla_0.0001_20000_20260225_024650_relu_best.pth...20260225_030518
At epoch 1817, test loss = 0.5775
...model saved to 15_exp/models/FloydWarshallDataset_vanilla_0.0001_20000_20260225_024650_relu_best.pth...20260225_030523
At epoch 1831, test loss = 0.5724
...model saved to 15_exp/models/FloydWarshallDataset_vanilla_0.0001_20000_20260225_024650_relu_best.pth...20260225_030531
At epoch 1850, test loss = 0.5704
...model saved to 15_exp/models/FloydWarshallDataset_vanilla_0.0001_20000_20260225_024650_relu_best.pth...20260225_030543
At epoch 1866, test loss = 0.5671
...model saved to 15_exp/models/FloydWarshallDataset_vanilla_0.0001_20000_20260225_024650_relu_best.pth...20260225_030553
At epoch 1869, test loss = 0.5649
...model saved to 15_exp/models/FloydWarshallDataset_vanilla_0.0001_20000_20260225_024650_relu_best.pth...20260225_030555
At epoch 1873, test loss = 0.5641
...model saved to 15_exp/models/FloydWarshallDataset_vanilla_0.0001_20000_20260225_024650_relu_best.pth...20260225_030557
At epoch 1875, test loss = 0.5632
...model saved to 15_exp/models/FloydWarshallDataset_vanilla_0.0001_20000_20260225_024650_relu_best.pth...20260225_030559
At epoch 1879, test loss = 0.5625
...model saved to 15_exp/models/FloydWarshallDataset_vanilla_0.0001_20000_20260225_024650_relu_best.pth...20260225_030601
At epoch 1882, test loss = 0.5588
...model saved to 15_exp/models/FloydWarshallDataset_vanilla_0.0001_20000_20260225_024650_relu_best.pth...20260225_030603
At epoch 1884, test loss = 0.5574
...model saved to 15_exp/models/FloydWarshallDataset_vanilla_0.0001_20000_20260225_024650_relu_best.pth...20260225_030604
At epoch 1899, test loss = 0.5516
...model saved to 15_exp/models/FloydWarshallDataset_vanilla_0.0001_20000_20260225_024650_relu_best.pth...20260225_030614
At epoch 1923, test loss = 0.5489
...model saved to 15_exp/models/FloydWarshallDataset_vanilla_0.0001_20000_20260225_024650_relu_best.pth...20260225_030629
At epoch 1927, test loss = 0.5475
...model saved to 15_exp/models/FloydWarshallDataset_vanilla_0.0001_20000_20260225_024650_relu_best.pth...20260225_030631
At epoch 1941, test loss = 0.5407
...model saved to 15_exp/models/FloydWarshallDataset_vanilla_0.0001_20000_20260225_024650_relu_best.pth...20260225_030640
At epoch 1962, test loss = 0.5371
...model saved to 15_exp/models/FloydWarshallDataset_vanilla_0.0001_20000_20260225_024650_relu_best.pth...20260225_030653
At epoch 1974, test loss = 0.5360
...model saved to 15_exp/models/FloydWarshallDataset_vanilla_0.0001_20000_20260225_024650_relu_best.pth...20260225_030700
At epoch 1983, test loss = 0.5356
...model saved to 15_exp/models/FloydWarshallDataset_vanilla_0.0001_20000_20260225_024650_relu_best.pth...20260225_030706
At epoch 1986, test loss = 0.5330
...model saved to 15_exp/models/FloydWarshallDataset_vanilla_0.0001_20000_20260225_024650_relu_best.pth...20260225_030708
At epoch 1990, test loss = 0.5299
...model saved to 15_exp/models/FloydWarshallDataset_vanilla_0.0001_20000_20260225_024650_relu_best.pth...20260225_030710
At epoch 2003, test loss = 0.5295
...model saved to 15_exp/models/FloydWarshallDataset_vanilla_0.0001_20000_20260225_024650_relu_best.pth...20260225_030718
At epoch 2006, test loss = 0.5290
...model saved to 15_exp/models/FloydWarshallDataset_vanilla_0.0001_20000_20260225_024650_relu_best.pth...20260225_030720
At epoch 2008, test loss = 0.5274
...model saved to 15_exp/models/FloydWarshallDataset_vanilla_0.0001_20000_20260225_024650_relu_best.pth...20260225_030721
At epoch 2017, test loss = 0.5236
...model saved to 15_exp/models/FloydWarshallDataset_vanilla_0.0001_20000_20260225_024650_relu_best.pth...20260225_030727
At epoch 2024, test loss = 0.5236
...model saved to 15_exp/models/FloydWarshallDataset_vanilla_0.0001_20000_20260225_024650_relu_best.pth...20260225_030731
At epoch 2027, test loss = 0.5216
...model saved to 15_exp/models/FloydWarshallDataset_vanilla_0.0001_20000_20260225_024650_relu_best.pth...20260225_030733
At epoch 2034, test loss = 0.5203
...model saved to 15_exp/models/FloydWarshallDataset_vanilla_0.0001_20000_20260225_024650_relu_best.pth...20260225_030737
At epoch 2036, test loss = 0.5190
...model saved to 15_exp/models/FloydWarshallDataset_vanilla_0.0001_20000_20260225_024650_relu_best.pth...20260225_030738
At epoch 2039, test loss = 0.5172
...model saved to 15_exp/models/FloydWarshallDataset_vanilla_0.0001_20000_20260225_024650_relu_best.pth...20260225_030740
At epoch 2046, test loss = 0.5163
...model saved to 15_exp/models/FloydWarshallDataset_vanilla_0.0001_20000_20260225_024650_relu_best.pth...20260225_030744
At epoch 2051, test loss = 0.5147
...model saved to 15_exp/models/FloydWarshallDataset_vanilla_0.0001_20000_20260225_024650_relu_best.pth...20260225_030746
At epoch 2053, test loss = 0.5144
...model saved to 15_exp/models/FloydWarshallDataset_vanilla_0.0001_20000_20260225_024650_relu_best.pth...20260225_030748
At epoch 2057, test loss = 0.5116
...model saved to 15_exp/models/FloydWarshallDataset_vanilla_0.0001_20000_20260225_024650_relu_best.pth...20260225_030750
At epoch 2064, test loss = 0.5110
...model saved to 15_exp/models/FloydWarshallDataset_vanilla_0.0001_20000_20260225_024650_relu_best.pth...20260225_030754
At epoch 2079, test loss = 0.5082
...model saved to 15_exp/models/FloydWarshallDataset_vanilla_0.0001_20000_20260225_024650_relu_best.pth...20260225_030802
At epoch 2093, test loss = 0.5031
...model saved to 15_exp/models/FloydWarshallDataset_vanilla_0.0001_20000_20260225_024650_relu_best.pth...20260225_030810
At epoch 2110, test loss = 0.5023
...model saved to 15_exp/models/FloydWarshallDataset_vanilla_0.0001_20000_20260225_024650_relu_best.pth...20260225_030819
At epoch 2113, test loss = 0.5014
...model saved to 15_exp/models/FloydWarshallDataset_vanilla_0.0001_20000_20260225_024650_relu_best.pth...20260225_030821
At epoch 2125, test loss = 0.4953
...model saved to 15_exp/models/FloydWarshallDataset_vanilla_0.0001_20000_20260225_024650_relu_best.pth...20260225_030828
At epoch 2145, test loss = 0.4948
...model saved to 15_exp/models/FloydWarshallDataset_vanilla_0.0001_20000_20260225_024650_relu_best.pth...20260225_030839
At epoch 2156, test loss = 0.4904
...model saved to 15_exp/models/FloydWarshallDataset_vanilla_0.0001_20000_20260225_024650_relu_best.pth...20260225_030845
At epoch 2163, test loss = 0.4894
...model saved to 15_exp/models/FloydWarshallDataset_vanilla_0.0001_20000_20260225_024650_relu_best.pth...20260225_030849
At epoch 2187, test loss = 0.4867
...model saved to 15_exp/models/FloydWarshallDataset_vanilla_0.0001_20000_20260225_024650_relu_best.pth...20260225_030902
At epoch 2197, test loss = 0.4857
...model saved to 15_exp/models/FloydWarshallDataset_vanilla_0.0001_20000_20260225_024650_relu_best.pth...20260225_030908
At epoch 2198, test loss = 0.4844
...model saved to 15_exp/models/FloydWarshallDataset_vanilla_0.0001_20000_20260225_024650_relu_best.pth...20260225_030908
At epoch 2204, test loss = 0.4822
...model saved to 15_exp/models/FloydWarshallDataset_vanilla_0.0001_20000_20260225_024650_relu_best.pth...20260225_030912
At epoch 2210, test loss = 0.4806
...model saved to 15_exp/models/FloydWarshallDataset_vanilla_0.0001_20000_20260225_024650_relu_best.pth...20260225_030915
At epoch 2228, test loss = 0.4797
...model saved to 15_exp/models/FloydWarshallDataset_vanilla_0.0001_20000_20260225_024650_relu_best.pth...20260225_030925
At epoch 2232, test loss = 0.4797
...model saved to 15_exp/models/FloydWarshallDataset_vanilla_0.0001_20000_20260225_024650_relu_best.pth...20260225_030927
At epoch 2233, test loss = 0.4796
...model saved to 15_exp/models/FloydWarshallDataset_vanilla_0.0001_20000_20260225_024650_relu_best.pth...20260225_030928
At epoch 2236, test loss = 0.4762
...model saved to 15_exp/models/FloydWarshallDataset_vanilla_0.0001_20000_20260225_024650_relu_best.pth...20260225_030930
At epoch 2247, test loss = 0.4758
...model saved to 15_exp/models/FloydWarshallDataset_vanilla_0.0001_20000_20260225_024650_relu_best.pth...20260225_030936
At epoch 2258, test loss = 0.4740
...model saved to 15_exp/models/FloydWarshallDataset_vanilla_0.0001_20000_20260225_024650_relu_best.pth...20260225_030942
At epoch 2263, test loss = 0.4707
...model saved to 15_exp/models/FloydWarshallDataset_vanilla_0.0001_20000_20260225_024650_relu_best.pth...20260225_030945
At epoch 2279, test loss = 0.4677
...model saved to 15_exp/models/FloydWarshallDataset_vanilla_0.0001_20000_20260225_024650_relu_best.pth...20260225_030953
At epoch 2295, test loss = 0.4674
...model saved to 15_exp/models/FloydWarshallDataset_vanilla_0.0001_20000_20260225_024650_relu_best.pth...20260225_031002
At epoch 2299, test loss = 0.4668
...model saved to 15_exp/models/FloydWarshallDataset_vanilla_0.0001_20000_20260225_024650_relu_best.pth...20260225_031004
At epoch 2305, test loss = 0.4656
...model saved to 15_exp/models/FloydWarshallDataset_vanilla_0.0001_20000_20260225_024650_relu_best.pth...20260225_031008
At epoch 2309, test loss = 0.4623
...model saved to 15_exp/models/FloydWarshallDataset_vanilla_0.0001_20000_20260225_024650_relu_best.pth...20260225_031010
At epoch 2314, test loss = 0.4606
...model saved to 15_exp/models/FloydWarshallDataset_vanilla_0.0001_20000_20260225_024650_relu_best.pth...20260225_031013
At epoch 2328, test loss = 0.4605
...model saved to 15_exp/models/FloydWarshallDataset_vanilla_0.0001_20000_20260225_024650_relu_best.pth...20260225_031021
At epoch 2331, test loss = 0.4589
...model saved to 15_exp/models/FloydWarshallDataset_vanilla_0.0001_20000_20260225_024650_relu_best.pth...20260225_031022
At epoch 2337, test loss = 0.4576
...model saved to 15_exp/models/FloydWarshallDataset_vanilla_0.0001_20000_20260225_024650_relu_best.pth...20260225_031026
At epoch 2355, test loss = 0.4571
...model saved to 15_exp/models/FloydWarshallDataset_vanilla_0.0001_20000_20260225_024650_relu_best.pth...20260225_031035
At epoch 2356, test loss = 0.4565
...model saved to 15_exp/models/FloydWarshallDataset_vanilla_0.0001_20000_20260225_024650_relu_best.pth...20260225_031036
At epoch 2362, test loss = 0.4564
...model saved to 15_exp/models/FloydWarshallDataset_vanilla_0.0001_20000_20260225_024650_relu_best.pth...20260225_031039
At epoch 2367, test loss = 0.4546
...model saved to 15_exp/models/FloydWarshallDataset_vanilla_0.0001_20000_20260225_024650_relu_best.pth...20260225_031042
At epoch 2380, test loss = 0.4518
...model saved to 15_exp/models/FloydWarshallDataset_vanilla_0.0001_20000_20260225_024650_relu_best.pth...20260225_031049
At epoch 2385, test loss = 0.4508
...model saved to 15_exp/models/FloydWarshallDataset_vanilla_0.0001_20000_20260225_024650_relu_best.pth...20260225_031052
At epoch 2391, test loss = 0.4482
...model saved to 15_exp/models/FloydWarshallDataset_vanilla_0.0001_20000_20260225_024650_relu_best.pth...20260225_031055
At epoch 2402, test loss = 0.4474
...model saved to 15_exp/models/FloydWarshallDataset_vanilla_0.0001_20000_20260225_024650_relu_best.pth...20260225_031102
At epoch 2410, test loss = 0.4472
...model saved to 15_exp/models/FloydWarshallDataset_vanilla_0.0001_20000_20260225_024650_relu_best.pth...20260225_031106
At epoch 2417, test loss = 0.4464
...model saved to 15_exp/models/FloydWarshallDataset_vanilla_0.0001_20000_20260225_024650_relu_best.pth...20260225_031110
At epoch 2419, test loss = 0.4458
...model saved to 15_exp/models/FloydWarshallDataset_vanilla_0.0001_20000_20260225_024650_relu_best.pth...20260225_031111
At epoch 2420, test loss = 0.4453
...model saved to 15_exp/models/FloydWarshallDataset_vanilla_0.0001_20000_20260225_024650_relu_best.pth...20260225_031111
At epoch 2430, test loss = 0.4446
...model saved to 15_exp/models/FloydWarshallDataset_vanilla_0.0001_20000_20260225_024650_relu_best.pth...20260225_031117
At epoch 2431, test loss = 0.4430
...model saved to 15_exp/models/FloydWarshallDataset_vanilla_0.0001_20000_20260225_024650_relu_best.pth...20260225_031118
At epoch 2446, test loss = 0.4405
...model saved to 15_exp/models/FloydWarshallDataset_vanilla_0.0001_20000_20260225_024650_relu_best.pth...20260225_031126
At epoch 2455, test loss = 0.4399
...model saved to 15_exp/models/FloydWarshallDataset_vanilla_0.0001_20000_20260225_024650_relu_best.pth...20260225_031131
At epoch 2469, test loss = 0.4382
...model saved to 15_exp/models/FloydWarshallDataset_vanilla_0.0001_20000_20260225_024650_relu_best.pth...20260225_031139
At epoch 2473, test loss = 0.4360
...model saved to 15_exp/models/FloydWarshallDataset_vanilla_0.0001_20000_20260225_024650_relu_best.pth...20260225_031141
At epoch 2489, test loss = 0.4317
...model saved to 15_exp/models/FloydWarshallDataset_vanilla_0.0001_20000_20260225_024650_relu_best.pth...20260225_031150
At epoch 2521, test loss = 0.4310
...model saved to 15_exp/models/FloydWarshallDataset_vanilla_0.0001_20000_20260225_024650_relu_best.pth...20260225_031207
At epoch 2526, test loss = 0.4300
...model saved to 15_exp/models/FloydWarshallDataset_vanilla_0.0001_20000_20260225_024650_relu_best.pth...20260225_031210
At epoch 2527, test loss = 0.4295
...model saved to 15_exp/models/FloydWarshallDataset_vanilla_0.0001_20000_20260225_024650_relu_best.pth...20260225_031211
At epoch 2533, test loss = 0.4284
...model saved to 15_exp/models/FloydWarshallDataset_vanilla_0.0001_20000_20260225_024650_relu_best.pth...20260225_031214
At epoch 2540, test loss = 0.4273
...model saved to 15_exp/models/FloydWarshallDataset_vanilla_0.0001_20000_20260225_024650_relu_best.pth...20260225_031218
At epoch 2547, test loss = 0.4266
...model saved to 15_exp/models/FloydWarshallDataset_vanilla_0.0001_20000_20260225_024650_relu_best.pth...20260225_031222
At epoch 2552, test loss = 0.4256
...model saved to 15_exp/models/FloydWarshallDataset_vanilla_0.0001_20000_20260225_024650_relu_best.pth...20260225_031225
At epoch 2568, test loss = 0.4254
...model saved to 15_exp/models/FloydWarshallDataset_vanilla_0.0001_20000_20260225_024650_relu_best.pth...20260225_031233
At epoch 2569, test loss = 0.4249
...model saved to 15_exp/models/FloydWarshallDataset_vanilla_0.0001_20000_20260225_024650_relu_best.pth...20260225_031234
At epoch 2579, test loss = 0.4229
...model saved to 15_exp/models/FloydWarshallDataset_vanilla_0.0001_20000_20260225_024650_relu_best.pth...20260225_031240
At epoch 2597, test loss = 0.4227
...model saved to 15_exp/models/FloydWarshallDataset_vanilla_0.0001_20000_20260225_024650_relu_best.pth...20260225_031250
At epoch 2598, test loss = 0.4222
...model saved to 15_exp/models/FloydWarshallDataset_vanilla_0.0001_20000_20260225_024650_relu_best.pth...20260225_031250
At epoch 2601, test loss = 0.4191
...model saved to 15_exp/models/FloydWarshallDataset_vanilla_0.0001_20000_20260225_024650_relu_best.pth...20260225_031252
At epoch 2605, test loss = 0.4177
...model saved to 15_exp/models/FloydWarshallDataset_vanilla_0.0001_20000_20260225_024650_relu_best.pth...20260225_031254
At epoch 2612, test loss = 0.4172
...model saved to 15_exp/models/FloydWarshallDataset_vanilla_0.0001_20000_20260225_024650_relu_best.pth...20260225_031258
At epoch 2622, test loss = 0.4167
...model saved to 15_exp/models/FloydWarshallDataset_vanilla_0.0001_20000_20260225_024650_relu_best.pth...20260225_031303
At epoch 2624, test loss = 0.4139
...model saved to 15_exp/models/FloydWarshallDataset_vanilla_0.0001_20000_20260225_024650_relu_best.pth...20260225_031304
At epoch 2642, test loss = 0.4135
...model saved to 15_exp/models/FloydWarshallDataset_vanilla_0.0001_20000_20260225_024650_relu_best.pth...20260225_031314
At epoch 2647, test loss = 0.4124
...model saved to 15_exp/models/FloydWarshallDataset_vanilla_0.0001_20000_20260225_024650_relu_best.pth...20260225_031317
At epoch 2673, test loss = 0.4096
...model saved to 15_exp/models/FloydWarshallDataset_vanilla_0.0001_20000_20260225_024650_relu_best.pth...20260225_031332
At epoch 2674, test loss = 0.4095
...model saved to 15_exp/models/FloydWarshallDataset_vanilla_0.0001_20000_20260225_024650_relu_best.pth...20260225_031332
At epoch 2675, test loss = 0.4093
...model saved to 15_exp/models/FloydWarshallDataset_vanilla_0.0001_20000_20260225_024650_relu_best.pth...20260225_031333
At epoch 2682, test loss = 0.4082
...model saved to 15_exp/models/FloydWarshallDataset_vanilla_0.0001_20000_20260225_024650_relu_best.pth...20260225_031337
At epoch 2689, test loss = 0.4072
...model saved to 15_exp/models/FloydWarshallDataset_vanilla_0.0001_20000_20260225_024650_relu_best.pth...20260225_031340
At epoch 2692, test loss = 0.4054
...model saved to 15_exp/models/FloydWarshallDataset_vanilla_0.0001_20000_20260225_024650_relu_best.pth...20260225_031342
At epoch 2719, test loss = 0.4017
...model saved to 15_exp/models/FloydWarshallDataset_vanilla_0.0001_20000_20260225_024650_relu_best.pth...20260225_031357
At epoch 2758, test loss = 0.4004
...model saved to 15_exp/models/FloydWarshallDataset_vanilla_0.0001_20000_20260225_024650_relu_best.pth...20260225_031419
At epoch 2759, test loss = 0.3991
...model saved to 15_exp/models/FloydWarshallDataset_vanilla_0.0001_20000_20260225_024650_relu_best.pth...20260225_031419
At epoch 2764, test loss = 0.3976
...model saved to 15_exp/models/FloydWarshallDataset_vanilla_0.0001_20000_20260225_024650_relu_best.pth...20260225_031422
At epoch 2783, test loss = 0.3941
...model saved to 15_exp/models/FloydWarshallDataset_vanilla_0.0001_20000_20260225_024650_relu_best.pth...20260225_031432
At epoch 2819, test loss = 0.3903
...model saved to 15_exp/models/FloydWarshallDataset_vanilla_0.0001_20000_20260225_024650_relu_best.pth...20260225_031452
At epoch 2841, test loss = 0.3887
...model saved to 15_exp/models/FloydWarshallDataset_vanilla_0.0001_20000_20260225_024650_relu_best.pth...20260225_031504
At epoch 2844, test loss = 0.3887
...model saved to 15_exp/models/FloydWarshallDataset_vanilla_0.0001_20000_20260225_024650_relu_best.pth...20260225_031506
At epoch 2857, test loss = 0.3884
...model saved to 15_exp/models/FloydWarshallDataset_vanilla_0.0001_20000_20260225_024650_relu_best.pth...20260225_031513
At epoch 2861, test loss = 0.3847
...model saved to 15_exp/models/FloydWarshallDataset_vanilla_0.0001_20000_20260225_024650_relu_best.pth...20260225_031515
At epoch 2891, test loss = 0.3817
...model saved to 15_exp/models/FloydWarshallDataset_vanilla_0.0001_20000_20260225_024650_relu_best.pth...20260225_031532
At epoch 2911, test loss = 0.3805
...model saved to 15_exp/models/FloydWarshallDataset_vanilla_0.0001_20000_20260225_024650_relu_best.pth...20260225_031543
At epoch 2942, test loss = 0.3800
...model saved to 15_exp/models/FloydWarshallDataset_vanilla_0.0001_20000_20260225_024650_relu_best.pth...20260225_031600
At epoch 2952, test loss = 0.3788
...model saved to 15_exp/models/FloydWarshallDataset_vanilla_0.0001_20000_20260225_024650_relu_best.pth...20260225_031605
At epoch 2967, test loss = 0.3746
...model saved to 15_exp/models/FloydWarshallDataset_vanilla_0.0001_20000_20260225_024650_relu_best.pth...20260225_031614
At epoch 2976, test loss = 0.3736
...model saved to 15_exp/models/FloydWarshallDataset_vanilla_0.0001_20000_20260225_024650_relu_best.pth...20260225_031619
At epoch 3001, test loss = 0.3733
...model saved to 15_exp/models/FloydWarshallDataset_vanilla_0.0001_20000_20260225_024650_relu_best.pth...20260225_031632
At epoch 3020, test loss = 0.3717
...model saved to 15_exp/models/FloydWarshallDataset_vanilla_0.0001_20000_20260225_024650_relu_best.pth...20260225_031643
At epoch 3029, test loss = 0.3713
...model saved to 15_exp/models/FloydWarshallDataset_vanilla_0.0001_20000_20260225_024650_relu_best.pth...20260225_031648
At epoch 3039, test loss = 0.3690
...model saved to 15_exp/models/FloydWarshallDataset_vanilla_0.0001_20000_20260225_024650_relu_best.pth...20260225_031653
At epoch 3068, test loss = 0.3666
...model saved to 15_exp/models/FloydWarshallDataset_vanilla_0.0001_20000_20260225_024650_relu_best.pth...20260225_031710
At epoch 3091, test loss = 0.3651
...model saved to 15_exp/models/FloydWarshallDataset_vanilla_0.0001_20000_20260225_024650_relu_best.pth...20260225_031722
At epoch 3101, test loss = 0.3628
...model saved to 15_exp/models/FloydWarshallDataset_vanilla_0.0001_20000_20260225_024650_relu_best.pth...20260225_031728
At epoch 3127, test loss = 0.3626
...model saved to 15_exp/models/FloydWarshallDataset_vanilla_0.0001_20000_20260225_024650_relu_best.pth...20260225_031742
At epoch 3132, test loss = 0.3622
...model saved to 15_exp/models/FloydWarshallDataset_vanilla_0.0001_20000_20260225_024650_relu_best.pth...20260225_031745
At epoch 3135, test loss = 0.3609
...model saved to 15_exp/models/FloydWarshallDataset_vanilla_0.0001_20000_20260225_024650_relu_best.pth...20260225_031747
At epoch 3143, test loss = 0.3592
...model saved to 15_exp/models/FloydWarshallDataset_vanilla_0.0001_20000_20260225_024650_relu_best.pth...20260225_031751
At epoch 3158, test loss = 0.3589
...model saved to 15_exp/models/FloydWarshallDataset_vanilla_0.0001_20000_20260225_024650_relu_best.pth...20260225_031759
At epoch 3184, test loss = 0.3550
...model saved to 15_exp/models/FloydWarshallDataset_vanilla_0.0001_20000_20260225_024650_relu_best.pth...20260225_031813
At epoch 3199, test loss = 0.3544
...model saved to 15_exp/models/FloydWarshallDataset_vanilla_0.0001_20000_20260225_024650_relu_best.pth...20260225_031822
At epoch 3216, test loss = 0.3530
...model saved to 15_exp/models/FloydWarshallDataset_vanilla_0.0001_20000_20260225_024650_relu_best.pth...20260225_031831
At epoch 3222, test loss = 0.3521
...model saved to 15_exp/models/FloydWarshallDataset_vanilla_0.0001_20000_20260225_024650_relu_best.pth...20260225_031834
At epoch 3226, test loss = 0.3514
...model saved to 15_exp/models/FloydWarshallDataset_vanilla_0.0001_20000_20260225_024650_relu_best.pth...20260225_031837
At epoch 3254, test loss = 0.3506
...model saved to 15_exp/models/FloydWarshallDataset_vanilla_0.0001_20000_20260225_024650_relu_best.pth...20260225_031852
At epoch 3255, test loss = 0.3464
...model saved to 15_exp/models/FloydWarshallDataset_vanilla_0.0001_20000_20260225_024650_relu_best.pth...20260225_031853
At epoch 3293, test loss = 0.3455
...model saved to 15_exp/models/FloydWarshallDataset_vanilla_0.0001_20000_20260225_024650_relu_best.pth...20260225_031913
At epoch 3294, test loss = 0.3451
...model saved to 15_exp/models/FloydWarshallDataset_vanilla_0.0001_20000_20260225_024650_relu_best.pth...20260225_031914
At epoch 3305, test loss = 0.3447
...model saved to 15_exp/models/FloydWarshallDataset_vanilla_0.0001_20000_20260225_024650_relu_best.pth...20260225_031920
At epoch 3313, test loss = 0.3439
...model saved to 15_exp/models/FloydWarshallDataset_vanilla_0.0001_20000_20260225_024650_relu_best.pth...20260225_031924
At epoch 3314, test loss = 0.3431
...model saved to 15_exp/models/FloydWarshallDataset_vanilla_0.0001_20000_20260225_024650_relu_best.pth...20260225_031925
At epoch 3347, test loss = 0.3406
...model saved to 15_exp/models/FloydWarshallDataset_vanilla_0.0001_20000_20260225_024650_relu_best.pth...20260225_031943
At epoch 3366, test loss = 0.3403
...model saved to 15_exp/models/FloydWarshallDataset_vanilla_0.0001_20000_20260225_024650_relu_best.pth...20260225_031954
At epoch 3378, test loss = 0.3375
...model saved to 15_exp/models/FloydWarshallDataset_vanilla_0.0001_20000_20260225_024650_relu_best.pth...20260225_032000
At epoch 3386, test loss = 0.3372
...model saved to 15_exp/models/FloydWarshallDataset_vanilla_0.0001_20000_20260225_024650_relu_best.pth...20260225_032005
At epoch 3400, test loss = 0.3335
...model saved to 15_exp/models/FloydWarshallDataset_vanilla_0.0001_20000_20260225_024650_relu_best.pth...20260225_032012
At epoch 3441, test loss = 0.3333
...model saved to 15_exp/models/FloydWarshallDataset_vanilla_0.0001_20000_20260225_024650_relu_best.pth...20260225_032035
At epoch 3449, test loss = 0.3325
...model saved to 15_exp/models/FloydWarshallDataset_vanilla_0.0001_20000_20260225_024650_relu_best.pth...20260225_032039
At epoch 3486, test loss = 0.3318
...model saved to 15_exp/models/FloydWarshallDataset_vanilla_0.0001_20000_20260225_024650_relu_best.pth...20260225_032059
At epoch 3491, test loss = 0.3303
...model saved to 15_exp/models/FloydWarshallDataset_vanilla_0.0001_20000_20260225_024650_relu_best.pth...20260225_032102
At epoch 3507, test loss = 0.3287
...model saved to 15_exp/models/FloydWarshallDataset_vanilla_0.0001_20000_20260225_024650_relu_best.pth...20260225_032111
At epoch 3516, test loss = 0.3272
...model saved to 15_exp/models/FloydWarshallDataset_vanilla_0.0001_20000_20260225_024650_relu_best.pth...20260225_032116
At epoch 3533, test loss = 0.3265
...model saved to 15_exp/models/FloydWarshallDataset_vanilla_0.0001_20000_20260225_024650_relu_best.pth...20260225_032125
At epoch 3548, test loss = 0.3247
...model saved to 15_exp/models/FloydWarshallDataset_vanilla_0.0001_20000_20260225_024650_relu_best.pth...20260225_032133
At epoch 3550, test loss = 0.3226
...model saved to 15_exp/models/FloydWarshallDataset_vanilla_0.0001_20000_20260225_024650_relu_best.pth...20260225_032135
At epoch 3600, test loss = 0.3214
...model saved to 15_exp/models/FloydWarshallDataset_vanilla_0.0001_20000_20260225_024650_relu_best.pth...20260225_032202
At epoch 3608, test loss = 0.3194
...model saved to 15_exp/models/FloydWarshallDataset_vanilla_0.0001_20000_20260225_024650_relu_best.pth...20260225_032207
At epoch 3649, test loss = 0.3171
...model saved to 15_exp/models/FloydWarshallDataset_vanilla_0.0001_20000_20260225_024650_relu_best.pth...20260225_032229
At epoch 3665, test loss = 0.3158
...model saved to 15_exp/models/FloydWarshallDataset_vanilla_0.0001_20000_20260225_024650_relu_best.pth...20260225_032238
At epoch 3710, test loss = 0.3137
...model saved to 15_exp/models/FloydWarshallDataset_vanilla_0.0001_20000_20260225_024650_relu_best.pth...20260225_032303
At epoch 3713, test loss = 0.3130
...model saved to 15_exp/models/FloydWarshallDataset_vanilla_0.0001_20000_20260225_024650_relu_best.pth...20260225_032305
At epoch 3738, test loss = 0.3126
...model saved to 15_exp/models/FloydWarshallDataset_vanilla_0.0001_20000_20260225_024650_relu_best.pth...20260225_032318
At epoch 3745, test loss = 0.3101
...model saved to 15_exp/models/FloydWarshallDataset_vanilla_0.0001_20000_20260225_024650_relu_best.pth...20260225_032322
At epoch 3787, test loss = 0.3078
...model saved to 15_exp/models/FloydWarshallDataset_vanilla_0.0001_20000_20260225_024650_relu_best.pth...20260225_032346
At epoch 3789, test loss = 0.3074
...model saved to 15_exp/models/FloydWarshallDataset_vanilla_0.0001_20000_20260225_024650_relu_best.pth...20260225_032347
At epoch 3798, test loss = 0.3069
...model saved to 15_exp/models/FloydWarshallDataset_vanilla_0.0001_20000_20260225_024650_relu_best.pth...20260225_032352
At epoch 3843, test loss = 0.3060
...model saved to 15_exp/models/FloydWarshallDataset_vanilla_0.0001_20000_20260225_024650_relu_best.pth...20260225_032417
At epoch 3849, test loss = 0.3028
...model saved to 15_exp/models/FloydWarshallDataset_vanilla_0.0001_20000_20260225_024650_relu_best.pth...20260225_032421
At epoch 3868, test loss = 0.3013
...model saved to 15_exp/models/FloydWarshallDataset_vanilla_0.0001_20000_20260225_024650_relu_best.pth...20260225_032431
At epoch 3923, test loss = 0.2999
...model saved to 15_exp/models/FloydWarshallDataset_vanilla_0.0001_20000_20260225_024650_relu_best.pth...20260225_032501
At epoch 3926, test loss = 0.2997
...model saved to 15_exp/models/FloydWarshallDataset_vanilla_0.0001_20000_20260225_024650_relu_best.pth...20260225_032503
At epoch 3937, test loss = 0.2975
...model saved to 15_exp/models/FloydWarshallDataset_vanilla_0.0001_20000_20260225_024650_relu_best.pth...20260225_032509
At epoch 3944, test loss = 0.2966
...model saved to 15_exp/models/FloydWarshallDataset_vanilla_0.0001_20000_20260225_024650_relu_best.pth...20260225_032513
At epoch 3969, test loss = 0.2958
...model saved to 15_exp/models/FloydWarshallDataset_vanilla_0.0001_20000_20260225_024650_relu_best.pth...20260225_032527
At epoch 4006, test loss = 0.2950
...model saved to 15_exp/models/FloydWarshallDataset_vanilla_0.0001_20000_20260225_024650_relu_best.pth...20260225_032547
At epoch 4024, test loss = 0.2945
...model saved to 15_exp/models/FloydWarshallDataset_vanilla_0.0001_20000_20260225_024650_relu_best.pth...20260225_032557
At epoch 4028, test loss = 0.2940
...model saved to 15_exp/models/FloydWarshallDataset_vanilla_0.0001_20000_20260225_024650_relu_best.pth...20260225_032559
At epoch 4031, test loss = 0.2933
...model saved to 15_exp/models/FloydWarshallDataset_vanilla_0.0001_20000_20260225_024650_relu_best.pth...20260225_032601
At epoch 4041, test loss = 0.2929
...model saved to 15_exp/models/FloydWarshallDataset_vanilla_0.0001_20000_20260225_024650_relu_best.pth...20260225_032606
At epoch 4043, test loss = 0.2913
...model saved to 15_exp/models/FloydWarshallDataset_vanilla_0.0001_20000_20260225_024650_relu_best.pth...20260225_032608
At epoch 4070, test loss = 0.2895
...model saved to 15_exp/models/FloydWarshallDataset_vanilla_0.0001_20000_20260225_024650_relu_best.pth...20260225_032622
At epoch 4090, test loss = 0.2891
...model saved to 15_exp/models/FloydWarshallDataset_vanilla_0.0001_20000_20260225_024650_relu_best.pth...20260225_032633
At epoch 4102, test loss = 0.2886
...model saved to 15_exp/models/FloydWarshallDataset_vanilla_0.0001_20000_20260225_024650_relu_best.pth...20260225_032640
At epoch 4130, test loss = 0.2884
...model saved to 15_exp/models/FloydWarshallDataset_vanilla_0.0001_20000_20260225_024650_relu_best.pth...20260225_032655
At epoch 4140, test loss = 0.2874
...model saved to 15_exp/models/FloydWarshallDataset_vanilla_0.0001_20000_20260225_024650_relu_best.pth...20260225_032701
At epoch 4162, test loss = 0.2843
...model saved to 15_exp/models/FloydWarshallDataset_vanilla_0.0001_20000_20260225_024650_relu_best.pth...20260225_032713
At epoch 4208, test loss = 0.2837
...model saved to 15_exp/models/FloydWarshallDataset_vanilla_0.0001_20000_20260225_024650_relu_best.pth...20260225_032738
At epoch 4215, test loss = 0.2834
...model saved to 15_exp/models/FloydWarshallDataset_vanilla_0.0001_20000_20260225_024650_relu_best.pth...20260225_032742
At epoch 4217, test loss = 0.2829
...model saved to 15_exp/models/FloydWarshallDataset_vanilla_0.0001_20000_20260225_024650_relu_best.pth...20260225_032743
At epoch 4222, test loss = 0.2819
...model saved to 15_exp/models/FloydWarshallDataset_vanilla_0.0001_20000_20260225_024650_relu_best.pth...20260225_032746
At epoch 4233, test loss = 0.2816
...model saved to 15_exp/models/FloydWarshallDataset_vanilla_0.0001_20000_20260225_024650_relu_best.pth...20260225_032752
At epoch 4245, test loss = 0.2804
...model saved to 15_exp/models/FloydWarshallDataset_vanilla_0.0001_20000_20260225_024650_relu_best.pth...20260225_032759
At epoch 4291, test loss = 0.2786
...model saved to 15_exp/models/FloydWarshallDataset_vanilla_0.0001_20000_20260225_024650_relu_best.pth...20260225_032824
At epoch 4304, test loss = 0.2776
...model saved to 15_exp/models/FloydWarshallDataset_vanilla_0.0001_20000_20260225_024650_relu_best.pth...20260225_032831
At epoch 4341, test loss = 0.2759
...model saved to 15_exp/models/FloydWarshallDataset_vanilla_0.0001_20000_20260225_024650_relu_best.pth...20260225_032851
At epoch 4360, test loss = 0.2751
...model saved to 15_exp/models/FloydWarshallDataset_vanilla_0.0001_20000_20260225_024650_relu_best.pth...20260225_032902
At epoch 4386, test loss = 0.2744
...model saved to 15_exp/models/FloydWarshallDataset_vanilla_0.0001_20000_20260225_024650_relu_best.pth...20260225_032916
At epoch 4388, test loss = 0.2738
...model saved to 15_exp/models/FloydWarshallDataset_vanilla_0.0001_20000_20260225_024650_relu_best.pth...20260225_032917
At epoch 4449, test loss = 0.2736
...model saved to 15_exp/models/FloydWarshallDataset_vanilla_0.0001_20000_20260225_024650_relu_best.pth...20260225_032951
At epoch 4452, test loss = 0.2718
...model saved to 15_exp/models/FloydWarshallDataset_vanilla_0.0001_20000_20260225_024650_relu_best.pth...20260225_032952
At epoch 4487, test loss = 0.2707
...model saved to 15_exp/models/FloydWarshallDataset_vanilla_0.0001_20000_20260225_024650_relu_best.pth...20260225_033011
At epoch 4516, test loss = 0.2688
...model saved to 15_exp/models/FloydWarshallDataset_vanilla_0.0001_20000_20260225_024650_relu_best.pth...20260225_033027
At epoch 4543, test loss = 0.2676
...model saved to 15_exp/models/FloydWarshallDataset_vanilla_0.0001_20000_20260225_024650_relu_best.pth...20260225_033042
At epoch 4597, test loss = 0.2659
...model saved to 15_exp/models/FloydWarshallDataset_vanilla_0.0001_20000_20260225_024650_relu_best.pth...20260225_033112
At epoch 4625, test loss = 0.2655
...model saved to 15_exp/models/FloydWarshallDataset_vanilla_0.0001_20000_20260225_024650_relu_best.pth...20260225_033127
At epoch 4640, test loss = 0.2632
...model saved to 15_exp/models/FloydWarshallDataset_vanilla_0.0001_20000_20260225_024650_relu_best.pth...20260225_033135
At epoch 4662, test loss = 0.2617
...model saved to 15_exp/models/FloydWarshallDataset_vanilla_0.0001_20000_20260225_024650_relu_best.pth...20260225_033148
At epoch 4674, test loss = 0.2604
...model saved to 15_exp/models/FloydWarshallDataset_vanilla_0.0001_20000_20260225_024650_relu_best.pth...20260225_033154
At epoch 4730, test loss = 0.2597
...model saved to 15_exp/models/FloydWarshallDataset_vanilla_0.0001_20000_20260225_024650_relu_best.pth...20260225_033225
At epoch 4741, test loss = 0.2588
...model saved to 15_exp/models/FloydWarshallDataset_vanilla_0.0001_20000_20260225_024650_relu_best.pth...20260225_033231
At epoch 4788, test loss = 0.2587
...model saved to 15_exp/models/FloydWarshallDataset_vanilla_0.0001_20000_20260225_024650_relu_best.pth...20260225_033256
At epoch 4798, test loss = 0.2584
...model saved to 15_exp/models/FloydWarshallDataset_vanilla_0.0001_20000_20260225_024650_relu_best.pth...20260225_033302
At epoch 4819, test loss = 0.2561
...model saved to 15_exp/models/FloydWarshallDataset_vanilla_0.0001_20000_20260225_024650_relu_best.pth...20260225_033314
At epoch 4839, test loss = 0.2558
...model saved to 15_exp/models/FloydWarshallDataset_vanilla_0.0001_20000_20260225_024650_relu_best.pth...20260225_033325
At epoch 4856, test loss = 0.2548
...model saved to 15_exp/models/FloydWarshallDataset_vanilla_0.0001_20000_20260225_024650_relu_best.pth...20260225_033334
At epoch 4916, test loss = 0.2536
...model saved to 15_exp/models/FloydWarshallDataset_vanilla_0.0001_20000_20260225_024650_relu_best.pth...20260225_033407
At epoch 4958, test loss = 0.2526
...model saved to 15_exp/models/FloydWarshallDataset_vanilla_0.0001_20000_20260225_024650_relu_best.pth...20260225_033430
At epoch 4971, test loss = 0.2522
...model saved to 15_exp/models/FloydWarshallDataset_vanilla_0.0001_20000_20260225_024650_relu_best.pth...20260225_033438
At epoch 4986, test loss = 0.2522
...model saved to 15_exp/models/FloydWarshallDataset_vanilla_0.0001_20000_20260225_024650_relu_best.pth...20260225_033446
At epoch 4997, test loss = 0.2516
...model saved to 15_exp/models/FloydWarshallDataset_vanilla_0.0001_20000_20260225_024650_relu_best.pth...20260225_033452
At epoch 5001, test loss = 0.2494
...model saved to 15_exp/models/FloydWarshallDataset_vanilla_0.0001_20000_20260225_024650_relu_best.pth...20260225_033454
At epoch 5003, test loss = 0.2485
...model saved to 15_exp/models/FloydWarshallDataset_vanilla_0.0001_20000_20260225_024650_relu_best.pth...20260225_033456
At epoch 5055, test loss = 0.2477
...model saved to 15_exp/models/FloydWarshallDataset_vanilla_0.0001_20000_20260225_024650_relu_best.pth...20260225_033527
At epoch 5065, test loss = 0.2473
...model saved to 15_exp/models/FloydWarshallDataset_vanilla_0.0001_20000_20260225_024650_relu_best.pth...20260225_033533
At epoch 5076, test loss = 0.2472
...model saved to 15_exp/models/FloydWarshallDataset_vanilla_0.0001_20000_20260225_024650_relu_best.pth...20260225_033539
At epoch 5111, test loss = 0.2471
...model saved to 15_exp/models/FloydWarshallDataset_vanilla_0.0001_20000_20260225_024650_relu_best.pth...20260225_033601
At epoch 5139, test loss = 0.2464
...model saved to 15_exp/models/FloydWarshallDataset_vanilla_0.0001_20000_20260225_024650_relu_best.pth...20260225_033617
At epoch 5142, test loss = 0.2438
...model saved to 15_exp/models/FloydWarshallDataset_vanilla_0.0001_20000_20260225_024650_relu_best.pth...20260225_033619
At epoch 5194, test loss = 0.2438
...model saved to 15_exp/models/FloydWarshallDataset_vanilla_0.0001_20000_20260225_024650_relu_best.pth...20260225_033651
At epoch 5211, test loss = 0.2436
...model saved to 15_exp/models/FloydWarshallDataset_vanilla_0.0001_20000_20260225_024650_relu_best.pth...20260225_033702
At epoch 5232, test loss = 0.2435
...model saved to 15_exp/models/FloydWarshallDataset_vanilla_0.0001_20000_20260225_024650_relu_best.pth...20260225_033714
At epoch 5253, test loss = 0.2431
...model saved to 15_exp/models/FloydWarshallDataset_vanilla_0.0001_20000_20260225_024650_relu_best.pth...20260225_033727
At epoch 5282, test loss = 0.2424
...model saved to 15_exp/models/FloydWarshallDataset_vanilla_0.0001_20000_20260225_024650_relu_best.pth...20260225_033743
At epoch 5292, test loss = 0.2423
...model saved to 15_exp/models/FloydWarshallDataset_vanilla_0.0001_20000_20260225_024650_relu_best.pth...20260225_033748
At epoch 5298, test loss = 0.2404
...model saved to 15_exp/models/FloydWarshallDataset_vanilla_0.0001_20000_20260225_024650_relu_best.pth...20260225_033752
At epoch 5351, test loss = 0.2401
...model saved to 15_exp/models/FloydWarshallDataset_vanilla_0.0001_20000_20260225_024650_relu_best.pth...20260225_033821
At epoch 5359, test loss = 0.2398
...model saved to 15_exp/models/FloydWarshallDataset_vanilla_0.0001_20000_20260225_024650_relu_best.pth...20260225_033825
At epoch 5366, test loss = 0.2397
...model saved to 15_exp/models/FloydWarshallDataset_vanilla_0.0001_20000_20260225_024650_relu_best.pth...20260225_033829
At epoch 5367, test loss = 0.2380
...model saved to 15_exp/models/FloydWarshallDataset_vanilla_0.0001_20000_20260225_024650_relu_best.pth...20260225_033830
At epoch 5445, test loss = 0.2360
...model saved to 15_exp/models/FloydWarshallDataset_vanilla_0.0001_20000_20260225_024650_relu_best.pth...20260225_033915
At epoch 5514, test loss = 0.2354
...model saved to 15_exp/models/FloydWarshallDataset_vanilla_0.0001_20000_20260225_024650_relu_best.pth...20260225_033955
At epoch 5527, test loss = 0.2347
...model saved to 15_exp/models/FloydWarshallDataset_vanilla_0.0001_20000_20260225_024650_relu_best.pth...20260225_034003
At epoch 5558, test loss = 0.2329
...model saved to 15_exp/models/FloydWarshallDataset_vanilla_0.0001_20000_20260225_024650_relu_best.pth...20260225_034020
At epoch 5614, test loss = 0.2327
...model saved to 15_exp/models/FloydWarshallDataset_vanilla_0.0001_20000_20260225_024650_relu_best.pth...20260225_034050
At epoch 5635, test loss = 0.2327
...model saved to 15_exp/models/FloydWarshallDataset_vanilla_0.0001_20000_20260225_024650_relu_best.pth...20260225_034102
At epoch 5659, test loss = 0.2325
...model saved to 15_exp/models/FloydWarshallDataset_vanilla_0.0001_20000_20260225_024650_relu_best.pth...20260225_034115
At epoch 5672, test loss = 0.2316
...model saved to 15_exp/models/FloydWarshallDataset_vanilla_0.0001_20000_20260225_024650_relu_best.pth...20260225_034122
At epoch 5699, test loss = 0.2313
...model saved to 15_exp/models/FloydWarshallDataset_vanilla_0.0001_20000_20260225_024650_relu_best.pth...20260225_034137
At epoch 5719, test loss = 0.2301
...model saved to 15_exp/models/FloydWarshallDataset_vanilla_0.0001_20000_20260225_024650_relu_best.pth...20260225_034148
At epoch 5757, test loss = 0.2295
...model saved to 15_exp/models/FloydWarshallDataset_vanilla_0.0001_20000_20260225_024650_relu_best.pth...20260225_034209
At epoch 5785, test loss = 0.2293
...model saved to 15_exp/models/FloydWarshallDataset_vanilla_0.0001_20000_20260225_024650_relu_best.pth...20260225_034224
At epoch 5804, test loss = 0.2271
...model saved to 15_exp/models/FloydWarshallDataset_vanilla_0.0001_20000_20260225_024650_relu_best.pth...20260225_034235
At epoch 5831, test loss = 0.2271
...model saved to 15_exp/models/FloydWarshallDataset_vanilla_0.0001_20000_20260225_024650_relu_best.pth...20260225_034250
At epoch 5881, test loss = 0.2258
...model saved to 15_exp/models/FloydWarshallDataset_vanilla_0.0001_20000_20260225_024650_relu_best.pth...20260225_034317
At epoch 5929, test loss = 0.2256
...model saved to 15_exp/models/FloydWarshallDataset_vanilla_0.0001_20000_20260225_024650_relu_best.pth...20260225_034344
At epoch 5982, test loss = 0.2247
...model saved to 15_exp/models/FloydWarshallDataset_vanilla_0.0001_20000_20260225_024650_relu_best.pth...20260225_034413
At epoch 5986, test loss = 0.2232
...model saved to 15_exp/models/FloydWarshallDataset_vanilla_0.0001_20000_20260225_024650_relu_best.pth...20260225_034415
At epoch 6038, test loss = 0.2229
...model saved to 15_exp/models/FloydWarshallDataset_vanilla_0.0001_20000_20260225_024650_relu_best.pth...20260225_034444
At epoch 6078, test loss = 0.2224
...model saved to 15_exp/models/FloydWarshallDataset_vanilla_0.0001_20000_20260225_024650_relu_best.pth...20260225_034506
At epoch 6113, test loss = 0.2219
...model saved to 15_exp/models/FloydWarshallDataset_vanilla_0.0001_20000_20260225_024650_relu_best.pth...20260225_034525
At epoch 6150, test loss = 0.2207
...model saved to 15_exp/models/FloydWarshallDataset_vanilla_0.0001_20000_20260225_024650_relu_best.pth...20260225_034545
At epoch 6165, test loss = 0.2201
...model saved to 15_exp/models/FloydWarshallDataset_vanilla_0.0001_20000_20260225_024650_relu_best.pth...20260225_034553
At epoch 6213, test loss = 0.2191
...model saved to 15_exp/models/FloydWarshallDataset_vanilla_0.0001_20000_20260225_024650_relu_best.pth...20260225_034620
At epoch 6235, test loss = 0.2184
...model saved to 15_exp/models/FloydWarshallDataset_vanilla_0.0001_20000_20260225_024650_relu_best.pth...20260225_034632
At epoch 6241, test loss = 0.2180
...model saved to 15_exp/models/FloydWarshallDataset_vanilla_0.0001_20000_20260225_024650_relu_best.pth...20260225_034635
At epoch 6290, test loss = 0.2175
...model saved to 15_exp/models/FloydWarshallDataset_vanilla_0.0001_20000_20260225_024650_relu_best.pth...20260225_034702
At epoch 6340, test loss = 0.2173
...model saved to 15_exp/models/FloydWarshallDataset_vanilla_0.0001_20000_20260225_024650_relu_best.pth...20260225_034730
At epoch 6365, test loss = 0.2169
...model saved to 15_exp/models/FloydWarshallDataset_vanilla_0.0001_20000_20260225_024650_relu_best.pth...20260225_034743
At epoch 6392, test loss = 0.2166
...model saved to 15_exp/models/FloydWarshallDataset_vanilla_0.0001_20000_20260225_024650_relu_best.pth...20260225_034758
At epoch 6398, test loss = 0.2165
...model saved to 15_exp/models/FloydWarshallDataset_vanilla_0.0001_20000_20260225_024650_relu_best.pth...20260225_034801
At epoch 6407, test loss = 0.2161
...model saved to 15_exp/models/FloydWarshallDataset_vanilla_0.0001_20000_20260225_024650_relu_best.pth...20260225_034806
At epoch 6419, test loss = 0.2140
...model saved to 15_exp/models/FloydWarshallDataset_vanilla_0.0001_20000_20260225_024650_relu_best.pth...20260225_034813
At epoch 6464, test loss = 0.2133
...model saved to 15_exp/models/FloydWarshallDataset_vanilla_0.0001_20000_20260225_024650_relu_best.pth...20260225_034838
At epoch 6599, test loss = 0.2130
...model saved to 15_exp/models/FloydWarshallDataset_vanilla_0.0001_20000_20260225_024650_relu_best.pth...20260225_034952
At epoch 6601, test loss = 0.2123
...model saved to 15_exp/models/FloydWarshallDataset_vanilla_0.0001_20000_20260225_024650_relu_best.pth...20260225_034953
At epoch 6658, test loss = 0.2112
...model saved to 15_exp/models/FloydWarshallDataset_vanilla_0.0001_20000_20260225_024650_relu_best.pth...20260225_035024
At epoch 6677, test loss = 0.2110
...model saved to 15_exp/models/FloydWarshallDataset_vanilla_0.0001_20000_20260225_024650_relu_best.pth...20260225_035035
At epoch 6695, test loss = 0.2103
...model saved to 15_exp/models/FloydWarshallDataset_vanilla_0.0001_20000_20260225_024650_relu_best.pth...20260225_035044
At epoch 6717, test loss = 0.2100
...model saved to 15_exp/models/FloydWarshallDataset_vanilla_0.0001_20000_20260225_024650_relu_best.pth...20260225_035057
At epoch 6733, test loss = 0.2099
...model saved to 15_exp/models/FloydWarshallDataset_vanilla_0.0001_20000_20260225_024650_relu_best.pth...20260225_035105
At epoch 6785, test loss = 0.2094
...model saved to 15_exp/models/FloydWarshallDataset_vanilla_0.0001_20000_20260225_024650_relu_best.pth...20260225_035135
At epoch 6803, test loss = 0.2082
...model saved to 15_exp/models/FloydWarshallDataset_vanilla_0.0001_20000_20260225_024650_relu_best.pth...20260225_035145
At epoch 6904, test loss = 0.2067
...model saved to 15_exp/models/FloydWarshallDataset_vanilla_0.0001_20000_20260225_024650_relu_best.pth...20260225_035246
At epoch 6955, test loss = 0.2063
...model saved to 15_exp/models/FloydWarshallDataset_vanilla_0.0001_20000_20260225_024650_relu_best.pth...20260225_035316
At epoch 6976, test loss = 0.2061
...model saved to 15_exp/models/FloydWarshallDataset_vanilla_0.0001_20000_20260225_024650_relu_best.pth...20260225_035329
At epoch 6985, test loss = 0.2060
...model saved to 15_exp/models/FloydWarshallDataset_vanilla_0.0001_20000_20260225_024650_relu_best.pth...20260225_035334
At epoch 7013, test loss = 0.2060
...model saved to 15_exp/models/FloydWarshallDataset_vanilla_0.0001_20000_20260225_024650_relu_best.pth...20260225_035351
At epoch 7021, test loss = 0.2055
...model saved to 15_exp/models/FloydWarshallDataset_vanilla_0.0001_20000_20260225_024650_relu_best.pth...20260225_035356
At epoch 7024, test loss = 0.2050
...model saved to 15_exp/models/FloydWarshallDataset_vanilla_0.0001_20000_20260225_024650_relu_best.pth...20260225_035357
At epoch 7070, test loss = 0.2044
...model saved to 15_exp/models/FloydWarshallDataset_vanilla_0.0001_20000_20260225_024650_relu_best.pth...20260225_035425
At epoch 7126, test loss = 0.2040
...model saved to 15_exp/models/FloydWarshallDataset_vanilla_0.0001_20000_20260225_024650_relu_best.pth...20260225_035458
At epoch 7129, test loss = 0.2030
...model saved to 15_exp/models/FloydWarshallDataset_vanilla_0.0001_20000_20260225_024650_relu_best.pth...20260225_035500
At epoch 7148, test loss = 0.2024
...model saved to 15_exp/models/FloydWarshallDataset_vanilla_0.0001_20000_20260225_024650_relu_best.pth...20260225_035511
At epoch 7203, test loss = 0.2021
...model saved to 15_exp/models/FloydWarshallDataset_vanilla_0.0001_20000_20260225_024650_relu_best.pth...20260225_035544
At epoch 7239, test loss = 0.2021
...model saved to 15_exp/models/FloydWarshallDataset_vanilla_0.0001_20000_20260225_024650_relu_best.pth...20260225_035605
At epoch 7261, test loss = 0.2016
...model saved to 15_exp/models/FloydWarshallDataset_vanilla_0.0001_20000_20260225_024650_relu_best.pth...20260225_035619
At epoch 7288, test loss = 0.2012
...model saved to 15_exp/models/FloydWarshallDataset_vanilla_0.0001_20000_20260225_024650_relu_best.pth...20260225_035635
At epoch 7292, test loss = 0.2011
...model saved to 15_exp/models/FloydWarshallDataset_vanilla_0.0001_20000_20260225_024650_relu_best.pth...20260225_035637
At epoch 7322, test loss = 0.2004
...model saved to 15_exp/models/FloydWarshallDataset_vanilla_0.0001_20000_20260225_024650_relu_best.pth...20260225_035655
At epoch 7351, test loss = 0.2001
...model saved to 15_exp/models/FloydWarshallDataset_vanilla_0.0001_20000_20260225_024650_relu_best.pth...20260225_035712
At epoch 7362, test loss = 0.2000
...model saved to 15_exp/models/FloydWarshallDataset_vanilla_0.0001_20000_20260225_024650_relu_best.pth...20260225_035719
At epoch 7411, test loss = 0.1984
...model saved to 15_exp/models/FloydWarshallDataset_vanilla_0.0001_20000_20260225_024650_relu_best.pth...20260225_035747
At epoch 7513, test loss = 0.1979
...model saved to 15_exp/models/FloydWarshallDataset_vanilla_0.0001_20000_20260225_024650_relu_best.pth...20260225_035843
At epoch 7514, test loss = 0.1972
...model saved to 15_exp/models/FloydWarshallDataset_vanilla_0.0001_20000_20260225_024650_relu_best.pth...20260225_035844
At epoch 7590, test loss = 0.1966
...model saved to 15_exp/models/FloydWarshallDataset_vanilla_0.0001_20000_20260225_024650_relu_best.pth...20260225_035925
At epoch 7620, test loss = 0.1963
...model saved to 15_exp/models/FloydWarshallDataset_vanilla_0.0001_20000_20260225_024650_relu_best.pth...20260225_035942
At epoch 7647, test loss = 0.1956
...model saved to 15_exp/models/FloydWarshallDataset_vanilla_0.0001_20000_20260225_024650_relu_best.pth...20260225_035956
At epoch 7667, test loss = 0.1954
...model saved to 15_exp/models/FloydWarshallDataset_vanilla_0.0001_20000_20260225_024650_relu_best.pth...20260225_040007
At epoch 7708, test loss = 0.1942
...model saved to 15_exp/models/FloydWarshallDataset_vanilla_0.0001_20000_20260225_024650_relu_best.pth...20260225_040030
At epoch 7761, test loss = 0.1922
...model saved to 15_exp/models/FloydWarshallDataset_vanilla_0.0001_20000_20260225_024650_relu_best.pth...20260225_040059
At epoch 7912, test loss = 0.1919
...model saved to 15_exp/models/FloydWarshallDataset_vanilla_0.0001_20000_20260225_024650_relu_best.pth...20260225_040223
At epoch 8002, test loss = 0.1918
...model saved to 15_exp/models/FloydWarshallDataset_vanilla_0.0001_20000_20260225_024650_relu_best.pth...20260225_040312
At epoch 8010, test loss = 0.1915
...model saved to 15_exp/models/FloydWarshallDataset_vanilla_0.0001_20000_20260225_024650_relu_best.pth...20260225_040316
At epoch 8041, test loss = 0.1913
...model saved to 15_exp/models/FloydWarshallDataset_vanilla_0.0001_20000_20260225_024650_relu_best.pth...20260225_040333
At epoch 8042, test loss = 0.1898
...model saved to 15_exp/models/FloydWarshallDataset_vanilla_0.0001_20000_20260225_024650_relu_best.pth...20260225_040334
At epoch 8140, test loss = 0.1895
...model saved to 15_exp/models/FloydWarshallDataset_vanilla_0.0001_20000_20260225_024650_relu_best.pth...20260225_040428
At epoch 8211, test loss = 0.1878
...model saved to 15_exp/models/FloydWarshallDataset_vanilla_0.0001_20000_20260225_024650_relu_best.pth...20260225_040507
At epoch 8310, test loss = 0.1875
...model saved to 15_exp/models/FloydWarshallDataset_vanilla_0.0001_20000_20260225_024650_relu_best.pth...20260225_040601
At epoch 8353, test loss = 0.1873
...model saved to 15_exp/models/FloydWarshallDataset_vanilla_0.0001_20000_20260225_024650_relu_best.pth...20260225_040625
At epoch 8358, test loss = 0.1872
...model saved to 15_exp/models/FloydWarshallDataset_vanilla_0.0001_20000_20260225_024650_relu_best.pth...20260225_040628
At epoch 8378, test loss = 0.1867
...model saved to 15_exp/models/FloydWarshallDataset_vanilla_0.0001_20000_20260225_024650_relu_best.pth...20260225_040639
At epoch 8433, test loss = 0.1862
...model saved to 15_exp/models/FloydWarshallDataset_vanilla_0.0001_20000_20260225_024650_relu_best.pth...20260225_040709
At epoch 8471, test loss = 0.1859
...model saved to 15_exp/models/FloydWarshallDataset_vanilla_0.0001_20000_20260225_024650_relu_best.pth...20260225_040730
At epoch 8512, test loss = 0.1856
...model saved to 15_exp/models/FloydWarshallDataset_vanilla_0.0001_20000_20260225_024650_relu_best.pth...20260225_040752
At epoch 8518, test loss = 0.1852
...model saved to 15_exp/models/FloydWarshallDataset_vanilla_0.0001_20000_20260225_024650_relu_best.pth...20260225_040756
At epoch 8522, test loss = 0.1842
...model saved to 15_exp/models/FloydWarshallDataset_vanilla_0.0001_20000_20260225_024650_relu_best.pth...20260225_040758
At epoch 8651, test loss = 0.1840
...model saved to 15_exp/models/FloydWarshallDataset_vanilla_0.0001_20000_20260225_024650_relu_best.pth...20260225_040917
At epoch 8665, test loss = 0.1823
...model saved to 15_exp/models/FloydWarshallDataset_vanilla_0.0001_20000_20260225_024650_relu_best.pth...20260225_040925
At epoch 8804, test loss = 0.1809
...model saved to 15_exp/models/FloydWarshallDataset_vanilla_0.0001_20000_20260225_024650_relu_best.pth...20260225_041050
At epoch 8859, test loss = 0.1807
...model saved to 15_exp/models/FloydWarshallDataset_vanilla_0.0001_20000_20260225_024650_relu_best.pth...20260225_041124
At epoch 8919, test loss = 0.1800
...model saved to 15_exp/models/FloydWarshallDataset_vanilla_0.0001_20000_20260225_024650_relu_best.pth...20260225_041201
At epoch 8964, test loss = 0.1789
...model saved to 15_exp/models/FloydWarshallDataset_vanilla_0.0001_20000_20260225_024650_relu_best.pth...20260225_041228
At epoch 8967, test loss = 0.1788
...model saved to 15_exp/models/FloydWarshallDataset_vanilla_0.0001_20000_20260225_024650_relu_best.pth...20260225_041229
At epoch 9031, test loss = 0.1784
...model saved to 15_exp/models/FloydWarshallDataset_vanilla_0.0001_20000_20260225_024650_relu_best.pth...20260225_041305
At epoch 9080, test loss = 0.1784
...model saved to 15_exp/models/FloydWarshallDataset_vanilla_0.0001_20000_20260225_024650_relu_best.pth...20260225_041332
At epoch 9234, test loss = 0.1779
...model saved to 15_exp/models/FloydWarshallDataset_vanilla_0.0001_20000_20260225_024650_relu_best.pth...20260225_041502
At epoch 9253, test loss = 0.1777
...model saved to 15_exp/models/FloydWarshallDataset_vanilla_0.0001_20000_20260225_024650_relu_best.pth...20260225_041513
At epoch 9295, test loss = 0.1774
...model saved to 15_exp/models/FloydWarshallDataset_vanilla_0.0001_20000_20260225_024650_relu_best.pth...20260225_041538
At epoch 9353, test loss = 0.1768
...model saved to 15_exp/models/FloydWarshallDataset_vanilla_0.0001_20000_20260225_024650_relu_best.pth...20260225_041613
At epoch 9354, test loss = 0.1765
...model saved to 15_exp/models/FloydWarshallDataset_vanilla_0.0001_20000_20260225_024650_relu_best.pth...20260225_041614
At epoch 9356, test loss = 0.1763
...model saved to 15_exp/models/FloydWarshallDataset_vanilla_0.0001_20000_20260225_024650_relu_best.pth...20260225_041615
At epoch 9391, test loss = 0.1757
...model saved to 15_exp/models/FloydWarshallDataset_vanilla_0.0001_20000_20260225_024650_relu_best.pth...20260225_041636
At epoch 9470, test loss = 0.1746
...model saved to 15_exp/models/FloydWarshallDataset_vanilla_0.0001_20000_20260225_024650_relu_best.pth...20260225_041724
At epoch 9570, test loss = 0.1745
...model saved to 15_exp/models/FloydWarshallDataset_vanilla_0.0001_20000_20260225_024650_relu_best.pth...20260225_041821
At epoch 9585, test loss = 0.1745
...model saved to 15_exp/models/FloydWarshallDataset_vanilla_0.0001_20000_20260225_024650_relu_best.pth...20260225_041829
At epoch 9647, test loss = 0.1730
...model saved to 15_exp/models/FloydWarshallDataset_vanilla_0.0001_20000_20260225_024650_relu_best.pth...20260225_041904
At epoch 9756, test loss = 0.1723
...model saved to 15_exp/models/FloydWarshallDataset_vanilla_0.0001_20000_20260225_024650_relu_best.pth...20260225_042004
At epoch 9784, test loss = 0.1712
...model saved to 15_exp/models/FloydWarshallDataset_vanilla_0.0001_20000_20260225_024650_relu_best.pth...20260225_042019
At epoch 10017, test loss = 0.1706
...model saved to 15_exp/models/FloydWarshallDataset_vanilla_0.0001_20000_20260225_024650_relu_best.pth...20260225_042228
At epoch 10038, test loss = 0.1702
...model saved to 15_exp/models/FloydWarshallDataset_vanilla_0.0001_20000_20260225_024650_relu_best.pth...20260225_042239
At epoch 10138, test loss = 0.1700
...model saved to 15_exp/models/FloydWarshallDataset_vanilla_0.0001_20000_20260225_024650_relu_best.pth...20260225_042334
At epoch 10194, test loss = 0.1700
...model saved to 15_exp/models/FloydWarshallDataset_vanilla_0.0001_20000_20260225_024650_relu_best.pth...20260225_042405
At epoch 10238, test loss = 0.1695
...model saved to 15_exp/models/FloydWarshallDataset_vanilla_0.0001_20000_20260225_024650_relu_best.pth...20260225_042429
At epoch 10243, test loss = 0.1689
...model saved to 15_exp/models/FloydWarshallDataset_vanilla_0.0001_20000_20260225_024650_relu_best.pth...20260225_042432
At epoch 10265, test loss = 0.1684
...model saved to 15_exp/models/FloydWarshallDataset_vanilla_0.0001_20000_20260225_024650_relu_best.pth...20260225_042444
At epoch 10351, test loss = 0.1680
...model saved to 15_exp/models/FloydWarshallDataset_vanilla_0.0001_20000_20260225_024650_relu_best.pth...20260225_042531
At epoch 10413, test loss = 0.1670
...model saved to 15_exp/models/FloydWarshallDataset_vanilla_0.0001_20000_20260225_024650_relu_best.pth...20260225_042605
At epoch 10549, test loss = 0.1665
...model saved to 15_exp/models/FloydWarshallDataset_vanilla_0.0001_20000_20260225_024650_relu_best.pth...20260225_042721
At epoch 10674, test loss = 0.1654
...model saved to 15_exp/models/FloydWarshallDataset_vanilla_0.0001_20000_20260225_024650_relu_best.pth...20260225_042830
At epoch 10825, test loss = 0.1647
...model saved to 15_exp/models/FloydWarshallDataset_vanilla_0.0001_20000_20260225_024650_relu_best.pth...20260225_042953
At epoch 10976, test loss = 0.1644
...model saved to 15_exp/models/FloydWarshallDataset_vanilla_0.0001_20000_20260225_024650_relu_best.pth...20260225_043116
At epoch 11043, test loss = 0.1642
...model saved to 15_exp/models/FloydWarshallDataset_vanilla_0.0001_20000_20260225_024650_relu_best.pth...20260225_043153
At epoch 11047, test loss = 0.1634
...model saved to 15_exp/models/FloydWarshallDataset_vanilla_0.0001_20000_20260225_024650_relu_best.pth...20260225_043155
At epoch 11068, test loss = 0.1625
...model saved to 15_exp/models/FloydWarshallDataset_vanilla_0.0001_20000_20260225_024650_relu_best.pth...20260225_043207
At epoch 11285, test loss = 0.1625
...model saved to 15_exp/models/FloydWarshallDataset_vanilla_0.0001_20000_20260225_024650_relu_best.pth...20260225_043407
At epoch 11320, test loss = 0.1619
...model saved to 15_exp/models/FloydWarshallDataset_vanilla_0.0001_20000_20260225_024650_relu_best.pth...20260225_043426
At epoch 11429, test loss = 0.1614
...model saved to 15_exp/models/FloydWarshallDataset_vanilla_0.0001_20000_20260225_024650_relu_best.pth...20260225_043526
At epoch 11451, test loss = 0.1613
...model saved to 15_exp/models/FloydWarshallDataset_vanilla_0.0001_20000_20260225_024650_relu_best.pth...20260225_043538
At epoch 11584, test loss = 0.1609
...model saved to 15_exp/models/FloydWarshallDataset_vanilla_0.0001_20000_20260225_024650_relu_best.pth...20260225_043651
At epoch 11719, test loss = 0.1604
...model saved to 15_exp/models/FloydWarshallDataset_vanilla_0.0001_20000_20260225_024650_relu_best.pth...20260225_043806
At epoch 11720, test loss = 0.1599
...model saved to 15_exp/models/FloydWarshallDataset_vanilla_0.0001_20000_20260225_024650_relu_best.pth...20260225_043807
At epoch 11818, test loss = 0.1593
...model saved to 15_exp/models/FloydWarshallDataset_vanilla_0.0001_20000_20260225_024650_relu_best.pth...20260225_043901
At epoch 11850, test loss = 0.1590
...model saved to 15_exp/models/FloydWarshallDataset_vanilla_0.0001_20000_20260225_024650_relu_best.pth...20260225_043918
At epoch 11922, test loss = 0.1589
...model saved to 15_exp/models/FloydWarshallDataset_vanilla_0.0001_20000_20260225_024650_relu_best.pth...20260225_043958
At epoch 11968, test loss = 0.1588
...model saved to 15_exp/models/FloydWarshallDataset_vanilla_0.0001_20000_20260225_024650_relu_best.pth...20260225_044024
At epoch 11988, test loss = 0.1581
...model saved to 15_exp/models/FloydWarshallDataset_vanilla_0.0001_20000_20260225_024650_relu_best.pth...20260225_044035
At epoch 11994, test loss = 0.1560
...model saved to 15_exp/models/FloydWarshallDataset_vanilla_0.0001_20000_20260225_024650_relu_best.pth...20260225_044038
At epoch 12333, test loss = 0.1556
...model saved to 15_exp/models/FloydWarshallDataset_vanilla_0.0001_20000_20260225_024650_relu_best.pth...20260225_044344
At epoch 12428, test loss = 0.1554
...model saved to 15_exp/models/FloydWarshallDataset_vanilla_0.0001_20000_20260225_024650_relu_best.pth...20260225_044437
At epoch 12647, test loss = 0.1546
...model saved to 15_exp/models/FloydWarshallDataset_vanilla_0.0001_20000_20260225_024650_relu_best.pth...20260225_044650
At epoch 12817, test loss = 0.1545
...model saved to 15_exp/models/FloydWarshallDataset_vanilla_0.0001_20000_20260225_024650_relu_best.pth...20260225_044832
At epoch 12878, test loss = 0.1538
...model saved to 15_exp/models/FloydWarshallDataset_vanilla_0.0001_20000_20260225_024650_relu_best.pth...20260225_044908
At epoch 13032, test loss = 0.1531
...model saved to 15_exp/models/FloydWarshallDataset_vanilla_0.0001_20000_20260225_024650_relu_best.pth...20260225_045041
At epoch 13087, test loss = 0.1529
...model saved to 15_exp/models/FloydWarshallDataset_vanilla_0.0001_20000_20260225_024650_relu_best.pth...20260225_045114
At epoch 13288, test loss = 0.1528
...model saved to 15_exp/models/FloydWarshallDataset_vanilla_0.0001_20000_20260225_024650_relu_best.pth...20260225_045315
At epoch 13421, test loss = 0.1526
...model saved to 15_exp/models/FloydWarshallDataset_vanilla_0.0001_20000_20260225_024650_relu_best.pth...20260225_045435
At epoch 13422, test loss = 0.1523
...model saved to 15_exp/models/FloydWarshallDataset_vanilla_0.0001_20000_20260225_024650_relu_best.pth...20260225_045436
At epoch 13457, test loss = 0.1519
...model saved to 15_exp/models/FloydWarshallDataset_vanilla_0.0001_20000_20260225_024650_relu_best.pth...20260225_045457
At epoch 13469, test loss = 0.1515
...model saved to 15_exp/models/FloydWarshallDataset_vanilla_0.0001_20000_20260225_024650_relu_best.pth...20260225_045504
At epoch 13504, test loss = 0.1514
...model saved to 15_exp/models/FloydWarshallDataset_vanilla_0.0001_20000_20260225_024650_relu_best.pth...20260225_045525
At epoch 13600, test loss = 0.1505
...model saved to 15_exp/models/FloydWarshallDataset_vanilla_0.0001_20000_20260225_024650_relu_best.pth...20260225_045623
At epoch 13961, test loss = 0.1497
...model saved to 15_exp/models/FloydWarshallDataset_vanilla_0.0001_20000_20260225_024650_relu_best.pth...20260225_045948
At epoch 13966, test loss = 0.1496
...model saved to 15_exp/models/FloydWarshallDataset_vanilla_0.0001_20000_20260225_024650_relu_best.pth...20260225_045950
At epoch 14125, test loss = 0.1492
...model saved to 15_exp/models/FloydWarshallDataset_vanilla_0.0001_20000_20260225_024650_relu_best.pth...20260225_050118
At epoch 14165, test loss = 0.1491
...model saved to 15_exp/models/FloydWarshallDataset_vanilla_0.0001_20000_20260225_024650_relu_best.pth...20260225_050140
At epoch 14223, test loss = 0.1490
...model saved to 15_exp/models/FloydWarshallDataset_vanilla_0.0001_20000_20260225_024650_relu_best.pth...20260225_050212
At epoch 14226, test loss = 0.1485
...model saved to 15_exp/models/FloydWarshallDataset_vanilla_0.0001_20000_20260225_024650_relu_best.pth...20260225_050213
At epoch 14446, test loss = 0.1484
...model saved to 15_exp/models/FloydWarshallDataset_vanilla_0.0001_20000_20260225_024650_relu_best.pth...20260225_050414
At epoch 14473, test loss = 0.1484
...model saved to 15_exp/models/FloydWarshallDataset_vanilla_0.0001_20000_20260225_024650_relu_best.pth...20260225_050429
At epoch 14565, test loss = 0.1478
...model saved to 15_exp/models/FloydWarshallDataset_vanilla_0.0001_20000_20260225_024650_relu_best.pth...20260225_050519
At epoch 14607, test loss = 0.1475
...model saved to 15_exp/models/FloydWarshallDataset_vanilla_0.0001_20000_20260225_024650_relu_best.pth...20260225_050542
At epoch 14675, test loss = 0.1473
...model saved to 15_exp/models/FloydWarshallDataset_vanilla_0.0001_20000_20260225_024650_relu_best.pth...20260225_050619
At epoch 14704, test loss = 0.1467
...model saved to 15_exp/models/FloydWarshallDataset_vanilla_0.0001_20000_20260225_024650_relu_best.pth...20260225_050635
At epoch 15033, test loss = 0.1462
...model saved to 15_exp/models/FloydWarshallDataset_vanilla_0.0001_20000_20260225_024650_relu_best.pth...20260225_050945
At epoch 15155, test loss = 0.1460
...model saved to 15_exp/models/FloydWarshallDataset_vanilla_0.0001_20000_20260225_024650_relu_best.pth...20260225_051057
At epoch 15235, test loss = 0.1460
...model saved to 15_exp/models/FloydWarshallDataset_vanilla_0.0001_20000_20260225_024650_relu_best.pth...20260225_051145
At epoch 15271, test loss = 0.1448
...model saved to 15_exp/models/FloydWarshallDataset_vanilla_0.0001_20000_20260225_024650_relu_best.pth...20260225_051206
At epoch 15332, test loss = 0.1444
...model saved to 15_exp/models/FloydWarshallDataset_vanilla_0.0001_20000_20260225_024650_relu_best.pth...20260225_051242
At epoch 15676, test loss = 0.1439
...model saved to 15_exp/models/FloydWarshallDataset_vanilla_0.0001_20000_20260225_024650_relu_best.pth...20260225_051604
At epoch 15765, test loss = 0.1436
...model saved to 15_exp/models/FloydWarshallDataset_vanilla_0.0001_20000_20260225_024650_relu_best.pth...20260225_051657
At epoch 15945, test loss = 0.1435
...model saved to 15_exp/models/FloydWarshallDataset_vanilla_0.0001_20000_20260225_024650_relu_best.pth...20260225_051843
At epoch 16000, test loss = 0.1425
...model saved to 15_exp/models/FloydWarshallDataset_vanilla_0.0001_20000_20260225_024650_relu_best.pth...20260225_051914
At epoch 16047, test loss = 0.1422
...model saved to 15_exp/models/FloydWarshallDataset_vanilla_0.0001_20000_20260225_024650_relu_best.pth...20260225_051940
At epoch 16158, test loss = 0.1421
...model saved to 15_exp/models/FloydWarshallDataset_vanilla_0.0001_20000_20260225_024650_relu_best.pth...20260225_052041
At epoch 16279, test loss = 0.1418
...model saved to 15_exp/models/FloydWarshallDataset_vanilla_0.0001_20000_20260225_024650_relu_best.pth...20260225_052148
At epoch 16423, test loss = 0.1411
...model saved to 15_exp/models/FloydWarshallDataset_vanilla_0.0001_20000_20260225_024650_relu_best.pth...20260225_052307
At epoch 16495, test loss = 0.1410
...model saved to 15_exp/models/FloydWarshallDataset_vanilla_0.0001_20000_20260225_024650_relu_best.pth...20260225_052346
At epoch 16713, test loss = 0.1410
...model saved to 15_exp/models/FloydWarshallDataset_vanilla_0.0001_20000_20260225_024650_relu_best.pth...20260225_052546
At epoch 16731, test loss = 0.1403
...model saved to 15_exp/models/FloydWarshallDataset_vanilla_0.0001_20000_20260225_024650_relu_best.pth...20260225_052556
At epoch 16955, test loss = 0.1398
...model saved to 15_exp/models/FloydWarshallDataset_vanilla_0.0001_20000_20260225_024650_relu_best.pth...20260225_052759
At epoch 17023, test loss = 0.1396
...model saved to 15_exp/models/FloydWarshallDataset_vanilla_0.0001_20000_20260225_024650_relu_best.pth...20260225_052837
At epoch 17203, test loss = 0.1394
...model saved to 15_exp/models/FloydWarshallDataset_vanilla_0.0001_20000_20260225_024650_relu_best.pth...20260225_053015
At epoch 17211, test loss = 0.1393
...model saved to 15_exp/models/FloydWarshallDataset_vanilla_0.0001_20000_20260225_024650_relu_best.pth...20260225_053020
At epoch 17300, test loss = 0.1391
...model saved to 15_exp/models/FloydWarshallDataset_vanilla_0.0001_20000_20260225_024650_relu_best.pth...20260225_053108
At epoch 17390, test loss = 0.1388
...model saved to 15_exp/models/FloydWarshallDataset_vanilla_0.0001_20000_20260225_024650_relu_best.pth...20260225_053157
At epoch 17391, test loss = 0.1385
...model saved to 15_exp/models/FloydWarshallDataset_vanilla_0.0001_20000_20260225_024650_relu_best.pth...20260225_053158
At epoch 17518, test loss = 0.1385
...model saved to 15_exp/models/FloydWarshallDataset_vanilla_0.0001_20000_20260225_024650_relu_best.pth...20260225_053307
At epoch 17688, test loss = 0.1381
...model saved to 15_exp/models/FloydWarshallDataset_vanilla_0.0001_20000_20260225_024650_relu_best.pth...20260225_053440
At epoch 17689, test loss = 0.1380
...model saved to 15_exp/models/FloydWarshallDataset_vanilla_0.0001_20000_20260225_024650_relu_best.pth...20260225_053441
At epoch 17707, test loss = 0.1378
...model saved to 15_exp/models/FloydWarshallDataset_vanilla_0.0001_20000_20260225_024650_relu_best.pth...20260225_053451
At epoch 17878, test loss = 0.1376
...model saved to 15_exp/models/FloydWarshallDataset_vanilla_0.0001_20000_20260225_024650_relu_best.pth...20260225_053624
At epoch 17902, test loss = 0.1376
...model saved to 15_exp/models/FloydWarshallDataset_vanilla_0.0001_20000_20260225_024650_relu_best.pth...20260225_053637
At epoch 17983, test loss = 0.1373
...model saved to 15_exp/models/FloydWarshallDataset_vanilla_0.0001_20000_20260225_024650_relu_best.pth...20260225_053722
At epoch 18060, test loss = 0.1369
...model saved to 15_exp/models/FloydWarshallDataset_vanilla_0.0001_20000_20260225_024650_relu_best.pth...20260225_053804
At epoch 18112, test loss = 0.1363
...model saved to 15_exp/models/FloydWarshallDataset_vanilla_0.0001_20000_20260225_024650_relu_best.pth...20260225_053833
At epoch 18339, test loss = 0.1360
...model saved to 15_exp/models/FloydWarshallDataset_vanilla_0.0001_20000_20260225_024650_relu_best.pth...20260225_054037
At epoch 18572, test loss = 0.1359
...model saved to 15_exp/models/FloydWarshallDataset_vanilla_0.0001_20000_20260225_024650_relu_best.pth...20260225_054244
At epoch 18679, test loss = 0.1357
...model saved to 15_exp/models/FloydWarshallDataset_vanilla_0.0001_20000_20260225_024650_relu_best.pth...20260225_054343
At epoch 18704, test loss = 0.1356
...model saved to 15_exp/models/FloydWarshallDataset_vanilla_0.0001_20000_20260225_024650_relu_best.pth...20260225_054357
At epoch 18759, test loss = 0.1355
...model saved to 15_exp/models/FloydWarshallDataset_vanilla_0.0001_20000_20260225_024650_relu_best.pth...20260225_054427
At epoch 18771, test loss = 0.1350
...model saved to 15_exp/models/FloydWarshallDataset_vanilla_0.0001_20000_20260225_024650_relu_best.pth...20260225_054433
At epoch 18874, test loss = 0.1346
...model saved to 15_exp/models/FloydWarshallDataset_vanilla_0.0001_20000_20260225_024650_relu_best.pth...20260225_054530
At epoch 19213, test loss = 0.1342
...model saved to 15_exp/models/FloydWarshallDataset_vanilla_0.0001_20000_20260225_024650_relu_best.pth...20260225_054836
At epoch 19278, test loss = 0.1333
...model saved to 15_exp/models/FloydWarshallDataset_vanilla_0.0001_20000_20260225_024650_relu_best.pth...20260225_054912
At epoch 19545, test loss = 0.1331
...model saved to 15_exp/models/FloydWarshallDataset_vanilla_0.0001_20000_20260225_024650_relu_best.pth...20260225_055139
At epoch 19770, test loss = 0.1330
...model saved to 15_exp/models/FloydWarshallDataset_vanilla_0.0001_20000_20260225_024650_relu_best.pth...20260225_055344
At epoch 19776, test loss = 0.1329
...model saved to 15_exp/models/FloydWarshallDataset_vanilla_0.0001_20000_20260225_024650_relu_best.pth...20260225_055347
At epoch 19780, test loss = 0.1327
...model saved to 15_exp/models/FloydWarshallDataset_vanilla_0.0001_20000_20260225_024650_relu_best.pth...20260225_055349
At epoch 19892, test loss = 0.1320
...model saved to 15_exp/models/FloydWarshallDataset_vanilla_0.0001_20000_20260225_024650_relu_best.pth...20260225_055451
...plot saved to 15_exp/plots/plots_FloydWarshallDataset_vanilla_0.0001_20000_20260225_024650_relu.png...
