CUDA available? True
GPU device: NVIDIA A100-SXM4-80GB
CUDA_VISIBLE_DEVICES=0,1,2,3
SLURM_JOB_GPUS=0,1,2,3

 Running config: {'task': 'train', 'model_type': 'tropical', 'dataset_name': 'FloydWarshallDataset', 'input_dim': 3, 'd_model': 64, 'n_heads': 4, 'num_layers': 4, 'num_epochs': 20000, 'dropout': 0.05, 'lr': 0.0001, 'seed': 999, 'n_samples': 50000, 'batch_size': 1000, 'target_range': 'na', 'weight_range': 'na', 'adversarial_range': '(10,20)', 'length_range': '(8,8)', 'noise_prob': 0, 'value_range': '(1,15)'}
FloydWarshallDataset_tropical_0.0001_20000_20260319_221441_relu
...setting dataloader...20260319_221441
...setting model object...20260319_221455
...training model...20260319_221456
At epoch 0, test loss = 400.2296
...model saved to 15_exp/models/FloydWarshallDataset_tropical_0.0001_20000_20260319_221441_relu_best.pth...20260319_221520
At epoch 1, test loss = 368.5285
...model saved to 15_exp/models/FloydWarshallDataset_tropical_0.0001_20000_20260319_221441_relu_best.pth...20260319_221520
At epoch 2, test loss = 309.4481
...model saved to 15_exp/models/FloydWarshallDataset_tropical_0.0001_20000_20260319_221441_relu_best.pth...20260319_221521
At epoch 3, test loss = 219.0693
...model saved to 15_exp/models/FloydWarshallDataset_tropical_0.0001_20000_20260319_221441_relu_best.pth...20260319_221522
At epoch 4, test loss = 139.9344
...model saved to 15_exp/models/FloydWarshallDataset_tropical_0.0001_20000_20260319_221441_relu_best.pth...20260319_221523
At epoch 5, test loss = 113.0387
...model saved to 15_exp/models/FloydWarshallDataset_tropical_0.0001_20000_20260319_221441_relu_best.pth...20260319_221524
At epoch 6, test loss = 103.8058
...model saved to 15_exp/models/FloydWarshallDataset_tropical_0.0001_20000_20260319_221441_relu_best.pth...20260319_221524
At epoch 7, test loss = 100.2468
...model saved to 15_exp/models/FloydWarshallDataset_tropical_0.0001_20000_20260319_221441_relu_best.pth...20260319_221525
At epoch 8, test loss = 98.8045
...model saved to 15_exp/models/FloydWarshallDataset_tropical_0.0001_20000_20260319_221441_relu_best.pth...20260319_221526
At epoch 9, test loss = 98.1455
...model saved to 15_exp/models/FloydWarshallDataset_tropical_0.0001_20000_20260319_221441_relu_best.pth...20260319_221527
At epoch 10, test loss = 97.8027
...model saved to 15_exp/models/FloydWarshallDataset_tropical_0.0001_20000_20260319_221441_relu_best.pth...20260319_221527
At epoch 11, test loss = 97.5799
...model saved to 15_exp/models/FloydWarshallDataset_tropical_0.0001_20000_20260319_221441_relu_best.pth...20260319_221528
At epoch 12, test loss = 97.3581
...model saved to 15_exp/models/FloydWarshallDataset_tropical_0.0001_20000_20260319_221441_relu_best.pth...20260319_221529
At epoch 13, test loss = 96.7142
...model saved to 15_exp/models/FloydWarshallDataset_tropical_0.0001_20000_20260319_221441_relu_best.pth...20260319_221530
At epoch 14, test loss = 95.7000
...model saved to 15_exp/models/FloydWarshallDataset_tropical_0.0001_20000_20260319_221441_relu_best.pth...20260319_221530
At epoch 15, test loss = 95.2770
...model saved to 15_exp/models/FloydWarshallDataset_tropical_0.0001_20000_20260319_221441_relu_best.pth...20260319_221531
At epoch 16, test loss = 94.9339
...model saved to 15_exp/models/FloydWarshallDataset_tropical_0.0001_20000_20260319_221441_relu_best.pth...20260319_221532
At epoch 17, test loss = 94.7068
...model saved to 15_exp/models/FloydWarshallDataset_tropical_0.0001_20000_20260319_221441_relu_best.pth...20260319_221533
At epoch 18, test loss = 94.5438
...model saved to 15_exp/models/FloydWarshallDataset_tropical_0.0001_20000_20260319_221441_relu_best.pth...20260319_221533
At epoch 19, test loss = 94.4130
...model saved to 15_exp/models/FloydWarshallDataset_tropical_0.0001_20000_20260319_221441_relu_best.pth...20260319_221534
At epoch 20, test loss = 94.2631
...model saved to 15_exp/models/FloydWarshallDataset_tropical_0.0001_20000_20260319_221441_relu_best.pth...20260319_221535
At epoch 21, test loss = 94.0251
...model saved to 15_exp/models/FloydWarshallDataset_tropical_0.0001_20000_20260319_221441_relu_best.pth...20260319_221536
At epoch 22, test loss = 93.7645
...model saved to 15_exp/models/FloydWarshallDataset_tropical_0.0001_20000_20260319_221441_relu_best.pth...20260319_221536
At epoch 23, test loss = 93.4358
...model saved to 15_exp/models/FloydWarshallDataset_tropical_0.0001_20000_20260319_221441_relu_best.pth...20260319_221537
At epoch 24, test loss = 93.0154
...model saved to 15_exp/models/FloydWarshallDataset_tropical_0.0001_20000_20260319_221441_relu_best.pth...20260319_221538
At epoch 25, test loss = 92.7026
...model saved to 15_exp/models/FloydWarshallDataset_tropical_0.0001_20000_20260319_221441_relu_best.pth...20260319_221539
At epoch 26, test loss = 92.3635
...model saved to 15_exp/models/FloydWarshallDataset_tropical_0.0001_20000_20260319_221441_relu_best.pth...20260319_221540
At epoch 27, test loss = 92.0708
...model saved to 15_exp/models/FloydWarshallDataset_tropical_0.0001_20000_20260319_221441_relu_best.pth...20260319_221540
At epoch 28, test loss = 91.7928
...model saved to 15_exp/models/FloydWarshallDataset_tropical_0.0001_20000_20260319_221441_relu_best.pth...20260319_221541
At epoch 29, test loss = 91.6329
...model saved to 15_exp/models/FloydWarshallDataset_tropical_0.0001_20000_20260319_221441_relu_best.pth...20260319_221542
At epoch 30, test loss = 91.2798
...model saved to 15_exp/models/FloydWarshallDataset_tropical_0.0001_20000_20260319_221441_relu_best.pth...20260319_221543
At epoch 31, test loss = 91.0472
...model saved to 15_exp/models/FloydWarshallDataset_tropical_0.0001_20000_20260319_221441_relu_best.pth...20260319_221543
At epoch 32, test loss = 90.7974
...model saved to 15_exp/models/FloydWarshallDataset_tropical_0.0001_20000_20260319_221441_relu_best.pth...20260319_221544
At epoch 33, test loss = 90.5124
...model saved to 15_exp/models/FloydWarshallDataset_tropical_0.0001_20000_20260319_221441_relu_best.pth...20260319_221545
At epoch 34, test loss = 90.2430
...model saved to 15_exp/models/FloydWarshallDataset_tropical_0.0001_20000_20260319_221441_relu_best.pth...20260319_221546
At epoch 35, test loss = 89.9611
...model saved to 15_exp/models/FloydWarshallDataset_tropical_0.0001_20000_20260319_221441_relu_best.pth...20260319_221547
At epoch 36, test loss = 89.6585
...model saved to 15_exp/models/FloydWarshallDataset_tropical_0.0001_20000_20260319_221441_relu_best.pth...20260319_221547
At epoch 37, test loss = 89.3516
...model saved to 15_exp/models/FloydWarshallDataset_tropical_0.0001_20000_20260319_221441_relu_best.pth...20260319_221548
At epoch 38, test loss = 89.0102
...model saved to 15_exp/models/FloydWarshallDataset_tropical_0.0001_20000_20260319_221441_relu_best.pth...20260319_221549
At epoch 39, test loss = 88.6551
...model saved to 15_exp/models/FloydWarshallDataset_tropical_0.0001_20000_20260319_221441_relu_best.pth...20260319_221550
At epoch 40, test loss = 88.2683
...model saved to 15_exp/models/FloydWarshallDataset_tropical_0.0001_20000_20260319_221441_relu_best.pth...20260319_221550
At epoch 41, test loss = 87.8808
...model saved to 15_exp/models/FloydWarshallDataset_tropical_0.0001_20000_20260319_221441_relu_best.pth...20260319_221551
At epoch 42, test loss = 87.4280
...model saved to 15_exp/models/FloydWarshallDataset_tropical_0.0001_20000_20260319_221441_relu_best.pth...20260319_221552
At epoch 43, test loss = 86.8941
...model saved to 15_exp/models/FloydWarshallDataset_tropical_0.0001_20000_20260319_221441_relu_best.pth...20260319_221553
At epoch 44, test loss = 86.3764
...model saved to 15_exp/models/FloydWarshallDataset_tropical_0.0001_20000_20260319_221441_relu_best.pth...20260319_221553
At epoch 45, test loss = 85.8350
...model saved to 15_exp/models/FloydWarshallDataset_tropical_0.0001_20000_20260319_221441_relu_best.pth...20260319_221554
At epoch 46, test loss = 85.2803
...model saved to 15_exp/models/FloydWarshallDataset_tropical_0.0001_20000_20260319_221441_relu_best.pth...20260319_221555
At epoch 47, test loss = 84.7111
...model saved to 15_exp/models/FloydWarshallDataset_tropical_0.0001_20000_20260319_221441_relu_best.pth...20260319_221556
At epoch 48, test loss = 84.1777
...model saved to 15_exp/models/FloydWarshallDataset_tropical_0.0001_20000_20260319_221441_relu_best.pth...20260319_221556
At epoch 49, test loss = 83.5946
...model saved to 15_exp/models/FloydWarshallDataset_tropical_0.0001_20000_20260319_221441_relu_best.pth...20260319_221557
At epoch 50, test loss = 83.0050
...model saved to 15_exp/models/FloydWarshallDataset_tropical_0.0001_20000_20260319_221441_relu_best.pth...20260319_221558
At epoch 51, test loss = 82.4327
...model saved to 15_exp/models/FloydWarshallDataset_tropical_0.0001_20000_20260319_221441_relu_best.pth...20260319_221559
At epoch 52, test loss = 81.7483
...model saved to 15_exp/models/FloydWarshallDataset_tropical_0.0001_20000_20260319_221441_relu_best.pth...20260319_221559
At epoch 53, test loss = 81.0854
...model saved to 15_exp/models/FloydWarshallDataset_tropical_0.0001_20000_20260319_221441_relu_best.pth...20260319_221600
At epoch 54, test loss = 80.3663
...model saved to 15_exp/models/FloydWarshallDataset_tropical_0.0001_20000_20260319_221441_relu_best.pth...20260319_221601
At epoch 55, test loss = 79.6455
...model saved to 15_exp/models/FloydWarshallDataset_tropical_0.0001_20000_20260319_221441_relu_best.pth...20260319_221602
At epoch 56, test loss = 78.9236
...model saved to 15_exp/models/FloydWarshallDataset_tropical_0.0001_20000_20260319_221441_relu_best.pth...20260319_221602
At epoch 57, test loss = 78.0822
...model saved to 15_exp/models/FloydWarshallDataset_tropical_0.0001_20000_20260319_221441_relu_best.pth...20260319_221603
At epoch 58, test loss = 77.3139
...model saved to 15_exp/models/FloydWarshallDataset_tropical_0.0001_20000_20260319_221441_relu_best.pth...20260319_221604
At epoch 59, test loss = 76.3998
...model saved to 15_exp/models/FloydWarshallDataset_tropical_0.0001_20000_20260319_221441_relu_best.pth...20260319_221605
At epoch 60, test loss = 75.5088
...model saved to 15_exp/models/FloydWarshallDataset_tropical_0.0001_20000_20260319_221441_relu_best.pth...20260319_221606
At epoch 61, test loss = 74.5800
...model saved to 15_exp/models/FloydWarshallDataset_tropical_0.0001_20000_20260319_221441_relu_best.pth...20260319_221606
At epoch 62, test loss = 73.6491
...model saved to 15_exp/models/FloydWarshallDataset_tropical_0.0001_20000_20260319_221441_relu_best.pth...20260319_221607
At epoch 63, test loss = 72.7616
...model saved to 15_exp/models/FloydWarshallDataset_tropical_0.0001_20000_20260319_221441_relu_best.pth...20260319_221608
At epoch 64, test loss = 71.8614
...model saved to 15_exp/models/FloydWarshallDataset_tropical_0.0001_20000_20260319_221441_relu_best.pth...20260319_221609
At epoch 65, test loss = 70.8816
...model saved to 15_exp/models/FloydWarshallDataset_tropical_0.0001_20000_20260319_221441_relu_best.pth...20260319_221609
At epoch 66, test loss = 69.9410
...model saved to 15_exp/models/FloydWarshallDataset_tropical_0.0001_20000_20260319_221441_relu_best.pth...20260319_221610
At epoch 67, test loss = 69.0125
...model saved to 15_exp/models/FloydWarshallDataset_tropical_0.0001_20000_20260319_221441_relu_best.pth...20260319_221611
At epoch 68, test loss = 68.0568
...model saved to 15_exp/models/FloydWarshallDataset_tropical_0.0001_20000_20260319_221441_relu_best.pth...20260319_221612
At epoch 69, test loss = 67.0870
...model saved to 15_exp/models/FloydWarshallDataset_tropical_0.0001_20000_20260319_221441_relu_best.pth...20260319_221612
At epoch 70, test loss = 66.1944
...model saved to 15_exp/models/FloydWarshallDataset_tropical_0.0001_20000_20260319_221441_relu_best.pth...20260319_221613
At epoch 71, test loss = 65.3268
...model saved to 15_exp/models/FloydWarshallDataset_tropical_0.0001_20000_20260319_221441_relu_best.pth...20260319_221614
At epoch 72, test loss = 64.4335
...model saved to 15_exp/models/FloydWarshallDataset_tropical_0.0001_20000_20260319_221441_relu_best.pth...20260319_221615
At epoch 73, test loss = 63.5648
...model saved to 15_exp/models/FloydWarshallDataset_tropical_0.0001_20000_20260319_221441_relu_best.pth...20260319_221616
At epoch 74, test loss = 62.6606
...model saved to 15_exp/models/FloydWarshallDataset_tropical_0.0001_20000_20260319_221441_relu_best.pth...20260319_221616
At epoch 75, test loss = 61.8301
...model saved to 15_exp/models/FloydWarshallDataset_tropical_0.0001_20000_20260319_221441_relu_best.pth...20260319_221617
At epoch 76, test loss = 61.0040
...model saved to 15_exp/models/FloydWarshallDataset_tropical_0.0001_20000_20260319_221441_relu_best.pth...20260319_221618
At epoch 77, test loss = 60.2364
...model saved to 15_exp/models/FloydWarshallDataset_tropical_0.0001_20000_20260319_221441_relu_best.pth...20260319_221619
At epoch 78, test loss = 59.4381
...model saved to 15_exp/models/FloydWarshallDataset_tropical_0.0001_20000_20260319_221441_relu_best.pth...20260319_221619
At epoch 79, test loss = 58.6957
...model saved to 15_exp/models/FloydWarshallDataset_tropical_0.0001_20000_20260319_221441_relu_best.pth...20260319_221620
At epoch 80, test loss = 57.9465
...model saved to 15_exp/models/FloydWarshallDataset_tropical_0.0001_20000_20260319_221441_relu_best.pth...20260319_221621
At epoch 81, test loss = 57.1754
...model saved to 15_exp/models/FloydWarshallDataset_tropical_0.0001_20000_20260319_221441_relu_best.pth...20260319_221622
At epoch 82, test loss = 56.4343
...model saved to 15_exp/models/FloydWarshallDataset_tropical_0.0001_20000_20260319_221441_relu_best.pth...20260319_221622
At epoch 83, test loss = 55.7657
...model saved to 15_exp/models/FloydWarshallDataset_tropical_0.0001_20000_20260319_221441_relu_best.pth...20260319_221623
At epoch 84, test loss = 55.0173
...model saved to 15_exp/models/FloydWarshallDataset_tropical_0.0001_20000_20260319_221441_relu_best.pth...20260319_221624
At epoch 85, test loss = 54.2695
...model saved to 15_exp/models/FloydWarshallDataset_tropical_0.0001_20000_20260319_221441_relu_best.pth...20260319_221625
At epoch 86, test loss = 53.5775
...model saved to 15_exp/models/FloydWarshallDataset_tropical_0.0001_20000_20260319_221441_relu_best.pth...20260319_221625
At epoch 87, test loss = 52.9102
...model saved to 15_exp/models/FloydWarshallDataset_tropical_0.0001_20000_20260319_221441_relu_best.pth...20260319_221626
At epoch 88, test loss = 52.1667
...model saved to 15_exp/models/FloydWarshallDataset_tropical_0.0001_20000_20260319_221441_relu_best.pth...20260319_221627
At epoch 89, test loss = 51.5022
...model saved to 15_exp/models/FloydWarshallDataset_tropical_0.0001_20000_20260319_221441_relu_best.pth...20260319_221628
At epoch 90, test loss = 50.8089
...model saved to 15_exp/models/FloydWarshallDataset_tropical_0.0001_20000_20260319_221441_relu_best.pth...20260319_221628
At epoch 91, test loss = 50.1066
...model saved to 15_exp/models/FloydWarshallDataset_tropical_0.0001_20000_20260319_221441_relu_best.pth...20260319_221629
At epoch 92, test loss = 49.3718
...model saved to 15_exp/models/FloydWarshallDataset_tropical_0.0001_20000_20260319_221441_relu_best.pth...20260319_221630
At epoch 93, test loss = 48.7181
...model saved to 15_exp/models/FloydWarshallDataset_tropical_0.0001_20000_20260319_221441_relu_best.pth...20260319_221631
At epoch 94, test loss = 48.1409
...model saved to 15_exp/models/FloydWarshallDataset_tropical_0.0001_20000_20260319_221441_relu_best.pth...20260319_221632
At epoch 95, test loss = 47.4407
...model saved to 15_exp/models/FloydWarshallDataset_tropical_0.0001_20000_20260319_221441_relu_best.pth...20260319_221632
At epoch 96, test loss = 46.7830
...model saved to 15_exp/models/FloydWarshallDataset_tropical_0.0001_20000_20260319_221441_relu_best.pth...20260319_221633
At epoch 97, test loss = 46.1787
...model saved to 15_exp/models/FloydWarshallDataset_tropical_0.0001_20000_20260319_221441_relu_best.pth...20260319_221634
At epoch 98, test loss = 45.5854
...model saved to 15_exp/models/FloydWarshallDataset_tropical_0.0001_20000_20260319_221441_relu_best.pth...20260319_221635
At epoch 99, test loss = 45.0546
...model saved to 15_exp/models/FloydWarshallDataset_tropical_0.0001_20000_20260319_221441_relu_best.pth...20260319_221635
At epoch 100, test loss = 44.5469
...model saved to 15_exp/models/FloydWarshallDataset_tropical_0.0001_20000_20260319_221441_relu_best.pth...20260319_221636
At epoch 101, test loss = 44.0695
...model saved to 15_exp/models/FloydWarshallDataset_tropical_0.0001_20000_20260319_221441_relu_best.pth...20260319_221637
At epoch 102, test loss = 43.6148
...model saved to 15_exp/models/FloydWarshallDataset_tropical_0.0001_20000_20260319_221441_relu_best.pth...20260319_221638
At epoch 103, test loss = 43.2098
...model saved to 15_exp/models/FloydWarshallDataset_tropical_0.0001_20000_20260319_221441_relu_best.pth...20260319_221639
At epoch 104, test loss = 42.7822
...model saved to 15_exp/models/FloydWarshallDataset_tropical_0.0001_20000_20260319_221441_relu_best.pth...20260319_221639
At epoch 105, test loss = 42.4049
...model saved to 15_exp/models/FloydWarshallDataset_tropical_0.0001_20000_20260319_221441_relu_best.pth...20260319_221640
At epoch 106, test loss = 42.0263
...model saved to 15_exp/models/FloydWarshallDataset_tropical_0.0001_20000_20260319_221441_relu_best.pth...20260319_221641
At epoch 107, test loss = 41.6446
...model saved to 15_exp/models/FloydWarshallDataset_tropical_0.0001_20000_20260319_221441_relu_best.pth...20260319_221642
At epoch 108, test loss = 41.2986
...model saved to 15_exp/models/FloydWarshallDataset_tropical_0.0001_20000_20260319_221441_relu_best.pth...20260319_221642
At epoch 109, test loss = 40.9471
...model saved to 15_exp/models/FloydWarshallDataset_tropical_0.0001_20000_20260319_221441_relu_best.pth...20260319_221643
At epoch 110, test loss = 40.5873
...model saved to 15_exp/models/FloydWarshallDataset_tropical_0.0001_20000_20260319_221441_relu_best.pth...20260319_221644
At epoch 111, test loss = 40.2983
...model saved to 15_exp/models/FloydWarshallDataset_tropical_0.0001_20000_20260319_221441_relu_best.pth...20260319_221645
At epoch 112, test loss = 39.9716
...model saved to 15_exp/models/FloydWarshallDataset_tropical_0.0001_20000_20260319_221441_relu_best.pth...20260319_221645
At epoch 113, test loss = 39.6361
...model saved to 15_exp/models/FloydWarshallDataset_tropical_0.0001_20000_20260319_221441_relu_best.pth...20260319_221646
At epoch 114, test loss = 39.3307
...model saved to 15_exp/models/FloydWarshallDataset_tropical_0.0001_20000_20260319_221441_relu_best.pth...20260319_221647
At epoch 115, test loss = 39.0377
...model saved to 15_exp/models/FloydWarshallDataset_tropical_0.0001_20000_20260319_221441_relu_best.pth...20260319_221648
At epoch 116, test loss = 38.7288
...model saved to 15_exp/models/FloydWarshallDataset_tropical_0.0001_20000_20260319_221441_relu_best.pth...20260319_221649
At epoch 117, test loss = 38.4590
...model saved to 15_exp/models/FloydWarshallDataset_tropical_0.0001_20000_20260319_221441_relu_best.pth...20260319_221649
At epoch 118, test loss = 38.1814
...model saved to 15_exp/models/FloydWarshallDataset_tropical_0.0001_20000_20260319_221441_relu_best.pth...20260319_221650
At epoch 119, test loss = 37.8988
...model saved to 15_exp/models/FloydWarshallDataset_tropical_0.0001_20000_20260319_221441_relu_best.pth...20260319_221651
At epoch 120, test loss = 37.6510
...model saved to 15_exp/models/FloydWarshallDataset_tropical_0.0001_20000_20260319_221441_relu_best.pth...20260319_221652
At epoch 121, test loss = 37.4206
...model saved to 15_exp/models/FloydWarshallDataset_tropical_0.0001_20000_20260319_221441_relu_best.pth...20260319_221652
At epoch 122, test loss = 37.1749
...model saved to 15_exp/models/FloydWarshallDataset_tropical_0.0001_20000_20260319_221441_relu_best.pth...20260319_221653
At epoch 123, test loss = 36.9350
...model saved to 15_exp/models/FloydWarshallDataset_tropical_0.0001_20000_20260319_221441_relu_best.pth...20260319_221654
At epoch 124, test loss = 36.7374
...model saved to 15_exp/models/FloydWarshallDataset_tropical_0.0001_20000_20260319_221441_relu_best.pth...20260319_221655
At epoch 125, test loss = 36.4852
...model saved to 15_exp/models/FloydWarshallDataset_tropical_0.0001_20000_20260319_221441_relu_best.pth...20260319_221655
At epoch 126, test loss = 36.2935
...model saved to 15_exp/models/FloydWarshallDataset_tropical_0.0001_20000_20260319_221441_relu_best.pth...20260319_221656
At epoch 127, test loss = 36.0463
...model saved to 15_exp/models/FloydWarshallDataset_tropical_0.0001_20000_20260319_221441_relu_best.pth...20260319_221657
At epoch 128, test loss = 35.8846
...model saved to 15_exp/models/FloydWarshallDataset_tropical_0.0001_20000_20260319_221441_relu_best.pth...20260319_221658
At epoch 129, test loss = 35.6950
...model saved to 15_exp/models/FloydWarshallDataset_tropical_0.0001_20000_20260319_221441_relu_best.pth...20260319_221659
At epoch 130, test loss = 35.4773
...model saved to 15_exp/models/FloydWarshallDataset_tropical_0.0001_20000_20260319_221441_relu_best.pth...20260319_221659
At epoch 131, test loss = 35.3027
...model saved to 15_exp/models/FloydWarshallDataset_tropical_0.0001_20000_20260319_221441_relu_best.pth...20260319_221700
At epoch 132, test loss = 35.1100
...model saved to 15_exp/models/FloydWarshallDataset_tropical_0.0001_20000_20260319_221441_relu_best.pth...20260319_221701
At epoch 133, test loss = 34.9175
...model saved to 15_exp/models/FloydWarshallDataset_tropical_0.0001_20000_20260319_221441_relu_best.pth...20260319_221702
At epoch 134, test loss = 34.7305
...model saved to 15_exp/models/FloydWarshallDataset_tropical_0.0001_20000_20260319_221441_relu_best.pth...20260319_221702
At epoch 135, test loss = 34.5445
...model saved to 15_exp/models/FloydWarshallDataset_tropical_0.0001_20000_20260319_221441_relu_best.pth...20260319_221703
At epoch 136, test loss = 34.4196
...model saved to 15_exp/models/FloydWarshallDataset_tropical_0.0001_20000_20260319_221441_relu_best.pth...20260319_221704
At epoch 137, test loss = 34.1868
...model saved to 15_exp/models/FloydWarshallDataset_tropical_0.0001_20000_20260319_221441_relu_best.pth...20260319_221705
At epoch 138, test loss = 34.0266
...model saved to 15_exp/models/FloydWarshallDataset_tropical_0.0001_20000_20260319_221441_relu_best.pth...20260319_221705
At epoch 139, test loss = 33.8786
...model saved to 15_exp/models/FloydWarshallDataset_tropical_0.0001_20000_20260319_221441_relu_best.pth...20260319_221706
At epoch 140, test loss = 33.6813
...model saved to 15_exp/models/FloydWarshallDataset_tropical_0.0001_20000_20260319_221441_relu_best.pth...20260319_221707
At epoch 141, test loss = 33.5241
...model saved to 15_exp/models/FloydWarshallDataset_tropical_0.0001_20000_20260319_221441_relu_best.pth...20260319_221708
At epoch 142, test loss = 33.3286
...model saved to 15_exp/models/FloydWarshallDataset_tropical_0.0001_20000_20260319_221441_relu_best.pth...20260319_221708
At epoch 143, test loss = 33.1704
...model saved to 15_exp/models/FloydWarshallDataset_tropical_0.0001_20000_20260319_221441_relu_best.pth...20260319_221709
At epoch 144, test loss = 32.9758
...model saved to 15_exp/models/FloydWarshallDataset_tropical_0.0001_20000_20260319_221441_relu_best.pth...20260319_221710
At epoch 145, test loss = 32.8309
...model saved to 15_exp/models/FloydWarshallDataset_tropical_0.0001_20000_20260319_221441_relu_best.pth...20260319_221711
At epoch 146, test loss = 32.6311
...model saved to 15_exp/models/FloydWarshallDataset_tropical_0.0001_20000_20260319_221441_relu_best.pth...20260319_221712
At epoch 147, test loss = 32.4494
...model saved to 15_exp/models/FloydWarshallDataset_tropical_0.0001_20000_20260319_221441_relu_best.pth...20260319_221712
At epoch 148, test loss = 32.3013
...model saved to 15_exp/models/FloydWarshallDataset_tropical_0.0001_20000_20260319_221441_relu_best.pth...20260319_221713
At epoch 149, test loss = 32.1256
...model saved to 15_exp/models/FloydWarshallDataset_tropical_0.0001_20000_20260319_221441_relu_best.pth...20260319_221714
At epoch 150, test loss = 31.9396
...model saved to 15_exp/models/FloydWarshallDataset_tropical_0.0001_20000_20260319_221441_relu_best.pth...20260319_221715
At epoch 151, test loss = 31.7652
...model saved to 15_exp/models/FloydWarshallDataset_tropical_0.0001_20000_20260319_221441_relu_best.pth...20260319_221715
At epoch 152, test loss = 31.6124
...model saved to 15_exp/models/FloydWarshallDataset_tropical_0.0001_20000_20260319_221441_relu_best.pth...20260319_221716
At epoch 153, test loss = 31.4038
...model saved to 15_exp/models/FloydWarshallDataset_tropical_0.0001_20000_20260319_221441_relu_best.pth...20260319_221717
At epoch 154, test loss = 31.2273
...model saved to 15_exp/models/FloydWarshallDataset_tropical_0.0001_20000_20260319_221441_relu_best.pth...20260319_221718
At epoch 155, test loss = 31.0685
...model saved to 15_exp/models/FloydWarshallDataset_tropical_0.0001_20000_20260319_221441_relu_best.pth...20260319_221718
At epoch 156, test loss = 30.9073
...model saved to 15_exp/models/FloydWarshallDataset_tropical_0.0001_20000_20260319_221441_relu_best.pth...20260319_221719
At epoch 157, test loss = 30.7163
...model saved to 15_exp/models/FloydWarshallDataset_tropical_0.0001_20000_20260319_221441_relu_best.pth...20260319_221720
At epoch 158, test loss = 30.5435
...model saved to 15_exp/models/FloydWarshallDataset_tropical_0.0001_20000_20260319_221441_relu_best.pth...20260319_221721
At epoch 159, test loss = 30.3671
...model saved to 15_exp/models/FloydWarshallDataset_tropical_0.0001_20000_20260319_221441_relu_best.pth...20260319_221721
At epoch 160, test loss = 30.2242
...model saved to 15_exp/models/FloydWarshallDataset_tropical_0.0001_20000_20260319_221441_relu_best.pth...20260319_221722
At epoch 161, test loss = 30.0376
...model saved to 15_exp/models/FloydWarshallDataset_tropical_0.0001_20000_20260319_221441_relu_best.pth...20260319_221723
At epoch 162, test loss = 29.8289
...model saved to 15_exp/models/FloydWarshallDataset_tropical_0.0001_20000_20260319_221441_relu_best.pth...20260319_221724
At epoch 163, test loss = 29.6949
...model saved to 15_exp/models/FloydWarshallDataset_tropical_0.0001_20000_20260319_221441_relu_best.pth...20260319_221724
At epoch 164, test loss = 29.4853
...model saved to 15_exp/models/FloydWarshallDataset_tropical_0.0001_20000_20260319_221441_relu_best.pth...20260319_221725
At epoch 165, test loss = 29.3095
...model saved to 15_exp/models/FloydWarshallDataset_tropical_0.0001_20000_20260319_221441_relu_best.pth...20260319_221726
At epoch 166, test loss = 29.1395
...model saved to 15_exp/models/FloydWarshallDataset_tropical_0.0001_20000_20260319_221441_relu_best.pth...20260319_221727
At epoch 167, test loss = 28.9671
...model saved to 15_exp/models/FloydWarshallDataset_tropical_0.0001_20000_20260319_221441_relu_best.pth...20260319_221727
At epoch 168, test loss = 28.8226
...model saved to 15_exp/models/FloydWarshallDataset_tropical_0.0001_20000_20260319_221441_relu_best.pth...20260319_221728
At epoch 169, test loss = 28.6104
...model saved to 15_exp/models/FloydWarshallDataset_tropical_0.0001_20000_20260319_221441_relu_best.pth...20260319_221729
At epoch 170, test loss = 28.4429
...model saved to 15_exp/models/FloydWarshallDataset_tropical_0.0001_20000_20260319_221441_relu_best.pth...20260319_221730
At epoch 171, test loss = 28.3351
...model saved to 15_exp/models/FloydWarshallDataset_tropical_0.0001_20000_20260319_221441_relu_best.pth...20260319_221731
At epoch 172, test loss = 28.1386
...model saved to 15_exp/models/FloydWarshallDataset_tropical_0.0001_20000_20260319_221441_relu_best.pth...20260319_221731
At epoch 173, test loss = 27.9449
...model saved to 15_exp/models/FloydWarshallDataset_tropical_0.0001_20000_20260319_221441_relu_best.pth...20260319_221732
At epoch 174, test loss = 27.7966
...model saved to 15_exp/models/FloydWarshallDataset_tropical_0.0001_20000_20260319_221441_relu_best.pth...20260319_221733
At epoch 175, test loss = 27.5939
...model saved to 15_exp/models/FloydWarshallDataset_tropical_0.0001_20000_20260319_221441_relu_best.pth...20260319_221734
At epoch 176, test loss = 27.4835
...model saved to 15_exp/models/FloydWarshallDataset_tropical_0.0001_20000_20260319_221441_relu_best.pth...20260319_221734
At epoch 177, test loss = 27.2993
...model saved to 15_exp/models/FloydWarshallDataset_tropical_0.0001_20000_20260319_221441_relu_best.pth...20260319_221735
At epoch 178, test loss = 27.1179
...model saved to 15_exp/models/FloydWarshallDataset_tropical_0.0001_20000_20260319_221441_relu_best.pth...20260319_221736
At epoch 179, test loss = 26.9324
...model saved to 15_exp/models/FloydWarshallDataset_tropical_0.0001_20000_20260319_221441_relu_best.pth...20260319_221737
At epoch 180, test loss = 26.7807
...model saved to 15_exp/models/FloydWarshallDataset_tropical_0.0001_20000_20260319_221441_relu_best.pth...20260319_221738
At epoch 181, test loss = 26.6150
...model saved to 15_exp/models/FloydWarshallDataset_tropical_0.0001_20000_20260319_221441_relu_best.pth...20260319_221738
At epoch 182, test loss = 26.4620
...model saved to 15_exp/models/FloydWarshallDataset_tropical_0.0001_20000_20260319_221441_relu_best.pth...20260319_221739
At epoch 183, test loss = 26.2870
...model saved to 15_exp/models/FloydWarshallDataset_tropical_0.0001_20000_20260319_221441_relu_best.pth...20260319_221740
At epoch 184, test loss = 26.1127
...model saved to 15_exp/models/FloydWarshallDataset_tropical_0.0001_20000_20260319_221441_relu_best.pth...20260319_221741
At epoch 185, test loss = 25.9644
...model saved to 15_exp/models/FloydWarshallDataset_tropical_0.0001_20000_20260319_221441_relu_best.pth...20260319_221741
At epoch 186, test loss = 25.7475
...model saved to 15_exp/models/FloydWarshallDataset_tropical_0.0001_20000_20260319_221441_relu_best.pth...20260319_221742
At epoch 187, test loss = 25.6097
...model saved to 15_exp/models/FloydWarshallDataset_tropical_0.0001_20000_20260319_221441_relu_best.pth...20260319_221743
At epoch 188, test loss = 25.4517
...model saved to 15_exp/models/FloydWarshallDataset_tropical_0.0001_20000_20260319_221441_relu_best.pth...20260319_221744
At epoch 189, test loss = 25.2486
...model saved to 15_exp/models/FloydWarshallDataset_tropical_0.0001_20000_20260319_221441_relu_best.pth...20260319_221744
At epoch 190, test loss = 25.1205
...model saved to 15_exp/models/FloydWarshallDataset_tropical_0.0001_20000_20260319_221441_relu_best.pth...20260319_221745
At epoch 191, test loss = 24.9467
...model saved to 15_exp/models/FloydWarshallDataset_tropical_0.0001_20000_20260319_221441_relu_best.pth...20260319_221746
At epoch 192, test loss = 24.7562
...model saved to 15_exp/models/FloydWarshallDataset_tropical_0.0001_20000_20260319_221441_relu_best.pth...20260319_221747
At epoch 193, test loss = 24.6138
...model saved to 15_exp/models/FloydWarshallDataset_tropical_0.0001_20000_20260319_221441_relu_best.pth...20260319_221747
At epoch 194, test loss = 24.3974
...model saved to 15_exp/models/FloydWarshallDataset_tropical_0.0001_20000_20260319_221441_relu_best.pth...20260319_221748
At epoch 195, test loss = 24.2580
...model saved to 15_exp/models/FloydWarshallDataset_tropical_0.0001_20000_20260319_221441_relu_best.pth...20260319_221749
At epoch 196, test loss = 24.0992
...model saved to 15_exp/models/FloydWarshallDataset_tropical_0.0001_20000_20260319_221441_relu_best.pth...20260319_221750
At epoch 197, test loss = 23.8791
...model saved to 15_exp/models/FloydWarshallDataset_tropical_0.0001_20000_20260319_221441_relu_best.pth...20260319_221750
At epoch 198, test loss = 23.7137
...model saved to 15_exp/models/FloydWarshallDataset_tropical_0.0001_20000_20260319_221441_relu_best.pth...20260319_221751
At epoch 199, test loss = 23.5265
...model saved to 15_exp/models/FloydWarshallDataset_tropical_0.0001_20000_20260319_221441_relu_best.pth...20260319_221752
At epoch 200, test loss = 23.3640
...model saved to 15_exp/models/FloydWarshallDataset_tropical_0.0001_20000_20260319_221441_relu_best.pth...20260319_221753
At epoch 201, test loss = 23.1825
...model saved to 15_exp/models/FloydWarshallDataset_tropical_0.0001_20000_20260319_221441_relu_best.pth...20260319_221754
At epoch 202, test loss = 23.0300
...model saved to 15_exp/models/FloydWarshallDataset_tropical_0.0001_20000_20260319_221441_relu_best.pth...20260319_221754
At epoch 203, test loss = 22.8319
...model saved to 15_exp/models/FloydWarshallDataset_tropical_0.0001_20000_20260319_221441_relu_best.pth...20260319_221755
At epoch 204, test loss = 22.6515
...model saved to 15_exp/models/FloydWarshallDataset_tropical_0.0001_20000_20260319_221441_relu_best.pth...20260319_221756
At epoch 205, test loss = 22.4825
...model saved to 15_exp/models/FloydWarshallDataset_tropical_0.0001_20000_20260319_221441_relu_best.pth...20260319_221757
At epoch 206, test loss = 22.3299
...model saved to 15_exp/models/FloydWarshallDataset_tropical_0.0001_20000_20260319_221441_relu_best.pth...20260319_221757
At epoch 207, test loss = 22.1582
...model saved to 15_exp/models/FloydWarshallDataset_tropical_0.0001_20000_20260319_221441_relu_best.pth...20260319_221758
At epoch 208, test loss = 21.9909
...model saved to 15_exp/models/FloydWarshallDataset_tropical_0.0001_20000_20260319_221441_relu_best.pth...20260319_221759
At epoch 209, test loss = 21.8005
...model saved to 15_exp/models/FloydWarshallDataset_tropical_0.0001_20000_20260319_221441_relu_best.pth...20260319_221800
At epoch 210, test loss = 21.6196
...model saved to 15_exp/models/FloydWarshallDataset_tropical_0.0001_20000_20260319_221441_relu_best.pth...20260319_221800
At epoch 211, test loss = 21.4507
...model saved to 15_exp/models/FloydWarshallDataset_tropical_0.0001_20000_20260319_221441_relu_best.pth...20260319_221801
At epoch 212, test loss = 21.2719
...model saved to 15_exp/models/FloydWarshallDataset_tropical_0.0001_20000_20260319_221441_relu_best.pth...20260319_221802
At epoch 213, test loss = 21.1018
...model saved to 15_exp/models/FloydWarshallDataset_tropical_0.0001_20000_20260319_221441_relu_best.pth...20260319_221803
At epoch 214, test loss = 20.9215
...model saved to 15_exp/models/FloydWarshallDataset_tropical_0.0001_20000_20260319_221441_relu_best.pth...20260319_221804
At epoch 215, test loss = 20.7842
...model saved to 15_exp/models/FloydWarshallDataset_tropical_0.0001_20000_20260319_221441_relu_best.pth...20260319_221804
At epoch 216, test loss = 20.6271
...model saved to 15_exp/models/FloydWarshallDataset_tropical_0.0001_20000_20260319_221441_relu_best.pth...20260319_221805
At epoch 217, test loss = 20.4272
...model saved to 15_exp/models/FloydWarshallDataset_tropical_0.0001_20000_20260319_221441_relu_best.pth...20260319_221806
At epoch 218, test loss = 20.2699
...model saved to 15_exp/models/FloydWarshallDataset_tropical_0.0001_20000_20260319_221441_relu_best.pth...20260319_221807
At epoch 219, test loss = 20.1188
...model saved to 15_exp/models/FloydWarshallDataset_tropical_0.0001_20000_20260319_221441_relu_best.pth...20260319_221807
At epoch 220, test loss = 19.9257
...model saved to 15_exp/models/FloydWarshallDataset_tropical_0.0001_20000_20260319_221441_relu_best.pth...20260319_221808
At epoch 221, test loss = 19.7391
...model saved to 15_exp/models/FloydWarshallDataset_tropical_0.0001_20000_20260319_221441_relu_best.pth...20260319_221809
At epoch 222, test loss = 19.6154
...model saved to 15_exp/models/FloydWarshallDataset_tropical_0.0001_20000_20260319_221441_relu_best.pth...20260319_221810
At epoch 223, test loss = 19.4403
...model saved to 15_exp/models/FloydWarshallDataset_tropical_0.0001_20000_20260319_221441_relu_best.pth...20260319_221810
At epoch 224, test loss = 19.2683
...model saved to 15_exp/models/FloydWarshallDataset_tropical_0.0001_20000_20260319_221441_relu_best.pth...20260319_221811
At epoch 225, test loss = 19.1317
...model saved to 15_exp/models/FloydWarshallDataset_tropical_0.0001_20000_20260319_221441_relu_best.pth...20260319_221812
At epoch 226, test loss = 18.9014
...model saved to 15_exp/models/FloydWarshallDataset_tropical_0.0001_20000_20260319_221441_relu_best.pth...20260319_221813
At epoch 227, test loss = 18.7997
...model saved to 15_exp/models/FloydWarshallDataset_tropical_0.0001_20000_20260319_221441_relu_best.pth...20260319_221813
At epoch 228, test loss = 18.6262
...model saved to 15_exp/models/FloydWarshallDataset_tropical_0.0001_20000_20260319_221441_relu_best.pth...20260319_221814
At epoch 229, test loss = 18.4711
...model saved to 15_exp/models/FloydWarshallDataset_tropical_0.0001_20000_20260319_221441_relu_best.pth...20260319_221815
At epoch 230, test loss = 18.3125
...model saved to 15_exp/models/FloydWarshallDataset_tropical_0.0001_20000_20260319_221441_relu_best.pth...20260319_221816
At epoch 231, test loss = 18.1643
...model saved to 15_exp/models/FloydWarshallDataset_tropical_0.0001_20000_20260319_221441_relu_best.pth...20260319_221817
At epoch 232, test loss = 18.0142
...model saved to 15_exp/models/FloydWarshallDataset_tropical_0.0001_20000_20260319_221441_relu_best.pth...20260319_221817
At epoch 233, test loss = 17.8527
...model saved to 15_exp/models/FloydWarshallDataset_tropical_0.0001_20000_20260319_221441_relu_best.pth...20260319_221818
At epoch 234, test loss = 17.6935
...model saved to 15_exp/models/FloydWarshallDataset_tropical_0.0001_20000_20260319_221441_relu_best.pth...20260319_221819
At epoch 235, test loss = 17.5662
...model saved to 15_exp/models/FloydWarshallDataset_tropical_0.0001_20000_20260319_221441_relu_best.pth...20260319_221820
At epoch 236, test loss = 17.3985
...model saved to 15_exp/models/FloydWarshallDataset_tropical_0.0001_20000_20260319_221441_relu_best.pth...20260319_221821
At epoch 237, test loss = 17.2914
...model saved to 15_exp/models/FloydWarshallDataset_tropical_0.0001_20000_20260319_221441_relu_best.pth...20260319_221821
At epoch 238, test loss = 17.1234
...model saved to 15_exp/models/FloydWarshallDataset_tropical_0.0001_20000_20260319_221441_relu_best.pth...20260319_221822
At epoch 239, test loss = 16.9642
...model saved to 15_exp/models/FloydWarshallDataset_tropical_0.0001_20000_20260319_221441_relu_best.pth...20260319_221823
At epoch 240, test loss = 16.8348
...model saved to 15_exp/models/FloydWarshallDataset_tropical_0.0001_20000_20260319_221441_relu_best.pth...20260319_221824
At epoch 241, test loss = 16.6751
...model saved to 15_exp/models/FloydWarshallDataset_tropical_0.0001_20000_20260319_221441_relu_best.pth...20260319_221825
At epoch 242, test loss = 16.5390
...model saved to 15_exp/models/FloydWarshallDataset_tropical_0.0001_20000_20260319_221441_relu_best.pth...20260319_221825
At epoch 243, test loss = 16.3723
...model saved to 15_exp/models/FloydWarshallDataset_tropical_0.0001_20000_20260319_221441_relu_best.pth...20260319_221826
At epoch 244, test loss = 16.2301
...model saved to 15_exp/models/FloydWarshallDataset_tropical_0.0001_20000_20260319_221441_relu_best.pth...20260319_221827
At epoch 245, test loss = 16.0984
...model saved to 15_exp/models/FloydWarshallDataset_tropical_0.0001_20000_20260319_221441_relu_best.pth...20260319_221828
At epoch 246, test loss = 15.9586
...model saved to 15_exp/models/FloydWarshallDataset_tropical_0.0001_20000_20260319_221441_relu_best.pth...20260319_221828
At epoch 247, test loss = 15.8342
...model saved to 15_exp/models/FloydWarshallDataset_tropical_0.0001_20000_20260319_221441_relu_best.pth...20260319_221829
At epoch 248, test loss = 15.6423
...model saved to 15_exp/models/FloydWarshallDataset_tropical_0.0001_20000_20260319_221441_relu_best.pth...20260319_221830
At epoch 249, test loss = 15.5157
...model saved to 15_exp/models/FloydWarshallDataset_tropical_0.0001_20000_20260319_221441_relu_best.pth...20260319_221831
At epoch 250, test loss = 15.3637
...model saved to 15_exp/models/FloydWarshallDataset_tropical_0.0001_20000_20260319_221441_relu_best.pth...20260319_221832
At epoch 251, test loss = 15.2307
...model saved to 15_exp/models/FloydWarshallDataset_tropical_0.0001_20000_20260319_221441_relu_best.pth...20260319_221832
At epoch 252, test loss = 15.0851
...model saved to 15_exp/models/FloydWarshallDataset_tropical_0.0001_20000_20260319_221441_relu_best.pth...20260319_221833
At epoch 253, test loss = 14.9555
...model saved to 15_exp/models/FloydWarshallDataset_tropical_0.0001_20000_20260319_221441_relu_best.pth...20260319_221834
At epoch 254, test loss = 14.8379
...model saved to 15_exp/models/FloydWarshallDataset_tropical_0.0001_20000_20260319_221441_relu_best.pth...20260319_221835
At epoch 255, test loss = 14.6666
...model saved to 15_exp/models/FloydWarshallDataset_tropical_0.0001_20000_20260319_221441_relu_best.pth...20260319_221835
At epoch 256, test loss = 14.5714
...model saved to 15_exp/models/FloydWarshallDataset_tropical_0.0001_20000_20260319_221441_relu_best.pth...20260319_221836
At epoch 257, test loss = 14.4052
...model saved to 15_exp/models/FloydWarshallDataset_tropical_0.0001_20000_20260319_221441_relu_best.pth...20260319_221837
At epoch 258, test loss = 14.2258
...model saved to 15_exp/models/FloydWarshallDataset_tropical_0.0001_20000_20260319_221441_relu_best.pth...20260319_221838
At epoch 259, test loss = 14.1022
...model saved to 15_exp/models/FloydWarshallDataset_tropical_0.0001_20000_20260319_221441_relu_best.pth...20260319_221839
At epoch 260, test loss = 13.9616
...model saved to 15_exp/models/FloydWarshallDataset_tropical_0.0001_20000_20260319_221441_relu_best.pth...20260319_221839
At epoch 261, test loss = 13.8170
...model saved to 15_exp/models/FloydWarshallDataset_tropical_0.0001_20000_20260319_221441_relu_best.pth...20260319_221840
At epoch 262, test loss = 13.6971
...model saved to 15_exp/models/FloydWarshallDataset_tropical_0.0001_20000_20260319_221441_relu_best.pth...20260319_221841
At epoch 263, test loss = 13.5844
...model saved to 15_exp/models/FloydWarshallDataset_tropical_0.0001_20000_20260319_221441_relu_best.pth...20260319_221842
At epoch 264, test loss = 13.3921
...model saved to 15_exp/models/FloydWarshallDataset_tropical_0.0001_20000_20260319_221441_relu_best.pth...20260319_221842
At epoch 265, test loss = 13.2617
...model saved to 15_exp/models/FloydWarshallDataset_tropical_0.0001_20000_20260319_221441_relu_best.pth...20260319_221843
At epoch 266, test loss = 13.1325
...model saved to 15_exp/models/FloydWarshallDataset_tropical_0.0001_20000_20260319_221441_relu_best.pth...20260319_221844
At epoch 267, test loss = 12.9937
...model saved to 15_exp/models/FloydWarshallDataset_tropical_0.0001_20000_20260319_221441_relu_best.pth...20260319_221845
At epoch 268, test loss = 12.8822
...model saved to 15_exp/models/FloydWarshallDataset_tropical_0.0001_20000_20260319_221441_relu_best.pth...20260319_221845
At epoch 269, test loss = 12.7262
...model saved to 15_exp/models/FloydWarshallDataset_tropical_0.0001_20000_20260319_221441_relu_best.pth...20260319_221846
At epoch 270, test loss = 12.5681
...model saved to 15_exp/models/FloydWarshallDataset_tropical_0.0001_20000_20260319_221441_relu_best.pth...20260319_221847
At epoch 271, test loss = 12.4443
...model saved to 15_exp/models/FloydWarshallDataset_tropical_0.0001_20000_20260319_221441_relu_best.pth...20260319_221848
At epoch 272, test loss = 12.3109
...model saved to 15_exp/models/FloydWarshallDataset_tropical_0.0001_20000_20260319_221441_relu_best.pth...20260319_221848
At epoch 273, test loss = 12.1684
...model saved to 15_exp/models/FloydWarshallDataset_tropical_0.0001_20000_20260319_221441_relu_best.pth...20260319_221849
At epoch 274, test loss = 12.0277
...model saved to 15_exp/models/FloydWarshallDataset_tropical_0.0001_20000_20260319_221441_relu_best.pth...20260319_221850
At epoch 275, test loss = 11.8658
...model saved to 15_exp/models/FloydWarshallDataset_tropical_0.0001_20000_20260319_221441_relu_best.pth...20260319_221851
At epoch 276, test loss = 11.7476
...model saved to 15_exp/models/FloydWarshallDataset_tropical_0.0001_20000_20260319_221441_relu_best.pth...20260319_221851
At epoch 277, test loss = 11.6259
...model saved to 15_exp/models/FloydWarshallDataset_tropical_0.0001_20000_20260319_221441_relu_best.pth...20260319_221852
At epoch 278, test loss = 11.4790
...model saved to 15_exp/models/FloydWarshallDataset_tropical_0.0001_20000_20260319_221441_relu_best.pth...20260319_221853
At epoch 279, test loss = 11.3406
...model saved to 15_exp/models/FloydWarshallDataset_tropical_0.0001_20000_20260319_221441_relu_best.pth...20260319_221854
At epoch 280, test loss = 11.2065
...model saved to 15_exp/models/FloydWarshallDataset_tropical_0.0001_20000_20260319_221441_relu_best.pth...20260319_221854
At epoch 281, test loss = 11.0928
...model saved to 15_exp/models/FloydWarshallDataset_tropical_0.0001_20000_20260319_221441_relu_best.pth...20260319_221855
At epoch 282, test loss = 10.9802
...model saved to 15_exp/models/FloydWarshallDataset_tropical_0.0001_20000_20260319_221441_relu_best.pth...20260319_221856
At epoch 283, test loss = 10.8214
...model saved to 15_exp/models/FloydWarshallDataset_tropical_0.0001_20000_20260319_221441_relu_best.pth...20260319_221857
At epoch 284, test loss = 10.6826
...model saved to 15_exp/models/FloydWarshallDataset_tropical_0.0001_20000_20260319_221441_relu_best.pth...20260319_221858
At epoch 285, test loss = 10.5450
...model saved to 15_exp/models/FloydWarshallDataset_tropical_0.0001_20000_20260319_221441_relu_best.pth...20260319_221858
At epoch 286, test loss = 10.4134
...model saved to 15_exp/models/FloydWarshallDataset_tropical_0.0001_20000_20260319_221441_relu_best.pth...20260319_221859
At epoch 287, test loss = 10.2749
...model saved to 15_exp/models/FloydWarshallDataset_tropical_0.0001_20000_20260319_221441_relu_best.pth...20260319_221900
At epoch 288, test loss = 10.1543
...model saved to 15_exp/models/FloydWarshallDataset_tropical_0.0001_20000_20260319_221441_relu_best.pth...20260319_221901
At epoch 289, test loss = 10.0473
...model saved to 15_exp/models/FloydWarshallDataset_tropical_0.0001_20000_20260319_221441_relu_best.pth...20260319_221901
At epoch 290, test loss = 9.9167
...model saved to 15_exp/models/FloydWarshallDataset_tropical_0.0001_20000_20260319_221441_relu_best.pth...20260319_221902
At epoch 291, test loss = 9.8135
...model saved to 15_exp/models/FloydWarshallDataset_tropical_0.0001_20000_20260319_221441_relu_best.pth...20260319_221903
At epoch 292, test loss = 9.6569
...model saved to 15_exp/models/FloydWarshallDataset_tropical_0.0001_20000_20260319_221441_relu_best.pth...20260319_221904
At epoch 293, test loss = 9.5541
...model saved to 15_exp/models/FloydWarshallDataset_tropical_0.0001_20000_20260319_221441_relu_best.pth...20260319_221905
At epoch 294, test loss = 9.4411
...model saved to 15_exp/models/FloydWarshallDataset_tropical_0.0001_20000_20260319_221441_relu_best.pth...20260319_221905
At epoch 295, test loss = 9.3027
...model saved to 15_exp/models/FloydWarshallDataset_tropical_0.0001_20000_20260319_221441_relu_best.pth...20260319_221906
At epoch 296, test loss = 9.1847
...model saved to 15_exp/models/FloydWarshallDataset_tropical_0.0001_20000_20260319_221441_relu_best.pth...20260319_221907
At epoch 297, test loss = 9.0735
...model saved to 15_exp/models/FloydWarshallDataset_tropical_0.0001_20000_20260319_221441_relu_best.pth...20260319_221908
At epoch 298, test loss = 8.9656
...model saved to 15_exp/models/FloydWarshallDataset_tropical_0.0001_20000_20260319_221441_relu_best.pth...20260319_221908
At epoch 299, test loss = 8.8629
...model saved to 15_exp/models/FloydWarshallDataset_tropical_0.0001_20000_20260319_221441_relu_best.pth...20260319_221909
At epoch 300, test loss = 8.7200
...model saved to 15_exp/models/FloydWarshallDataset_tropical_0.0001_20000_20260319_221441_relu_best.pth...20260319_221910
At epoch 301, test loss = 8.6219
...model saved to 15_exp/models/FloydWarshallDataset_tropical_0.0001_20000_20260319_221441_relu_best.pth...20260319_221911
At epoch 302, test loss = 8.4928
...model saved to 15_exp/models/FloydWarshallDataset_tropical_0.0001_20000_20260319_221441_relu_best.pth...20260319_221911
At epoch 303, test loss = 8.4038
...model saved to 15_exp/models/FloydWarshallDataset_tropical_0.0001_20000_20260319_221441_relu_best.pth...20260319_221912
At epoch 304, test loss = 8.2809
...model saved to 15_exp/models/FloydWarshallDataset_tropical_0.0001_20000_20260319_221441_relu_best.pth...20260319_221913
At epoch 305, test loss = 8.1987
...model saved to 15_exp/models/FloydWarshallDataset_tropical_0.0001_20000_20260319_221441_relu_best.pth...20260319_221914
At epoch 306, test loss = 8.1147
...model saved to 15_exp/models/FloydWarshallDataset_tropical_0.0001_20000_20260319_221441_relu_best.pth...20260319_221914
At epoch 307, test loss = 7.9742
...model saved to 15_exp/models/FloydWarshallDataset_tropical_0.0001_20000_20260319_221441_relu_best.pth...20260319_221915
At epoch 308, test loss = 7.8890
...model saved to 15_exp/models/FloydWarshallDataset_tropical_0.0001_20000_20260319_221441_relu_best.pth...20260319_221916
At epoch 309, test loss = 7.7501
...model saved to 15_exp/models/FloydWarshallDataset_tropical_0.0001_20000_20260319_221441_relu_best.pth...20260319_221917
At epoch 310, test loss = 7.6809
...model saved to 15_exp/models/FloydWarshallDataset_tropical_0.0001_20000_20260319_221441_relu_best.pth...20260319_221917
At epoch 311, test loss = 7.5604
...model saved to 15_exp/models/FloydWarshallDataset_tropical_0.0001_20000_20260319_221441_relu_best.pth...20260319_221918
At epoch 312, test loss = 7.4624
...model saved to 15_exp/models/FloydWarshallDataset_tropical_0.0001_20000_20260319_221441_relu_best.pth...20260319_221919
At epoch 313, test loss = 7.3678
...model saved to 15_exp/models/FloydWarshallDataset_tropical_0.0001_20000_20260319_221441_relu_best.pth...20260319_221920
At epoch 314, test loss = 7.2909
...model saved to 15_exp/models/FloydWarshallDataset_tropical_0.0001_20000_20260319_221441_relu_best.pth...20260319_221921
At epoch 315, test loss = 7.1956
...model saved to 15_exp/models/FloydWarshallDataset_tropical_0.0001_20000_20260319_221441_relu_best.pth...20260319_221921
At epoch 316, test loss = 7.1021
...model saved to 15_exp/models/FloydWarshallDataset_tropical_0.0001_20000_20260319_221441_relu_best.pth...20260319_221922
At epoch 317, test loss = 7.0019
...model saved to 15_exp/models/FloydWarshallDataset_tropical_0.0001_20000_20260319_221441_relu_best.pth...20260319_221923
At epoch 318, test loss = 6.9350
...model saved to 15_exp/models/FloydWarshallDataset_tropical_0.0001_20000_20260319_221441_relu_best.pth...20260319_221924
At epoch 319, test loss = 6.8441
...model saved to 15_exp/models/FloydWarshallDataset_tropical_0.0001_20000_20260319_221441_relu_best.pth...20260319_221924
At epoch 320, test loss = 6.7458
...model saved to 15_exp/models/FloydWarshallDataset_tropical_0.0001_20000_20260319_221441_relu_best.pth...20260319_221925
At epoch 321, test loss = 6.6627
...model saved to 15_exp/models/FloydWarshallDataset_tropical_0.0001_20000_20260319_221441_relu_best.pth...20260319_221926
At epoch 322, test loss = 6.5961
...model saved to 15_exp/models/FloydWarshallDataset_tropical_0.0001_20000_20260319_221441_relu_best.pth...20260319_221927
At epoch 323, test loss = 6.5255
...model saved to 15_exp/models/FloydWarshallDataset_tropical_0.0001_20000_20260319_221441_relu_best.pth...20260319_221927
At epoch 324, test loss = 6.4290
...model saved to 15_exp/models/FloydWarshallDataset_tropical_0.0001_20000_20260319_221441_relu_best.pth...20260319_221928
At epoch 325, test loss = 6.3471
...model saved to 15_exp/models/FloydWarshallDataset_tropical_0.0001_20000_20260319_221441_relu_best.pth...20260319_221929
At epoch 326, test loss = 6.2993
...model saved to 15_exp/models/FloydWarshallDataset_tropical_0.0001_20000_20260319_221441_relu_best.pth...20260319_221930
At epoch 327, test loss = 6.1768
...model saved to 15_exp/models/FloydWarshallDataset_tropical_0.0001_20000_20260319_221441_relu_best.pth...20260319_221930
At epoch 328, test loss = 6.1180
...model saved to 15_exp/models/FloydWarshallDataset_tropical_0.0001_20000_20260319_221441_relu_best.pth...20260319_221931
At epoch 329, test loss = 6.0400
...model saved to 15_exp/models/FloydWarshallDataset_tropical_0.0001_20000_20260319_221441_relu_best.pth...20260319_221932
At epoch 330, test loss = 5.9590
...model saved to 15_exp/models/FloydWarshallDataset_tropical_0.0001_20000_20260319_221441_relu_best.pth...20260319_221933
At epoch 331, test loss = 5.9057
...model saved to 15_exp/models/FloydWarshallDataset_tropical_0.0001_20000_20260319_221441_relu_best.pth...20260319_221933
At epoch 332, test loss = 5.8491
...model saved to 15_exp/models/FloydWarshallDataset_tropical_0.0001_20000_20260319_221441_relu_best.pth...20260319_221934
At epoch 333, test loss = 5.7533
...model saved to 15_exp/models/FloydWarshallDataset_tropical_0.0001_20000_20260319_221441_relu_best.pth...20260319_221935
At epoch 334, test loss = 5.6950
...model saved to 15_exp/models/FloydWarshallDataset_tropical_0.0001_20000_20260319_221441_relu_best.pth...20260319_221936
At epoch 335, test loss = 5.6282
...model saved to 15_exp/models/FloydWarshallDataset_tropical_0.0001_20000_20260319_221441_relu_best.pth...20260319_221936
At epoch 336, test loss = 5.6086
...model saved to 15_exp/models/FloydWarshallDataset_tropical_0.0001_20000_20260319_221441_relu_best.pth...20260319_221937
At epoch 337, test loss = 5.4949
...model saved to 15_exp/models/FloydWarshallDataset_tropical_0.0001_20000_20260319_221441_relu_best.pth...20260319_221938
At epoch 338, test loss = 5.4464
...model saved to 15_exp/models/FloydWarshallDataset_tropical_0.0001_20000_20260319_221441_relu_best.pth...20260319_221939
At epoch 339, test loss = 5.3688
...model saved to 15_exp/models/FloydWarshallDataset_tropical_0.0001_20000_20260319_221441_relu_best.pth...20260319_221939
At epoch 340, test loss = 5.3203
...model saved to 15_exp/models/FloydWarshallDataset_tropical_0.0001_20000_20260319_221441_relu_best.pth...20260319_221940
At epoch 341, test loss = 5.2639
...model saved to 15_exp/models/FloydWarshallDataset_tropical_0.0001_20000_20260319_221441_relu_best.pth...20260319_221941
At epoch 342, test loss = 5.2337
...model saved to 15_exp/models/FloydWarshallDataset_tropical_0.0001_20000_20260319_221441_relu_best.pth...20260319_221942
At epoch 343, test loss = 5.1559
...model saved to 15_exp/models/FloydWarshallDataset_tropical_0.0001_20000_20260319_221441_relu_best.pth...20260319_221942
At epoch 344, test loss = 5.0778
...model saved to 15_exp/models/FloydWarshallDataset_tropical_0.0001_20000_20260319_221441_relu_best.pth...20260319_221943
At epoch 345, test loss = 5.0246
...model saved to 15_exp/models/FloydWarshallDataset_tropical_0.0001_20000_20260319_221441_relu_best.pth...20260319_221944
At epoch 346, test loss = 4.9618
...model saved to 15_exp/models/FloydWarshallDataset_tropical_0.0001_20000_20260319_221441_relu_best.pth...20260319_221945
At epoch 347, test loss = 4.9369
...model saved to 15_exp/models/FloydWarshallDataset_tropical_0.0001_20000_20260319_221441_relu_best.pth...20260319_221945
At epoch 348, test loss = 4.8760
...model saved to 15_exp/models/FloydWarshallDataset_tropical_0.0001_20000_20260319_221441_relu_best.pth...20260319_221946
At epoch 349, test loss = 4.8283
...model saved to 15_exp/models/FloydWarshallDataset_tropical_0.0001_20000_20260319_221441_relu_best.pth...20260319_221947
At epoch 350, test loss = 4.7686
...model saved to 15_exp/models/FloydWarshallDataset_tropical_0.0001_20000_20260319_221441_relu_best.pth...20260319_221948
At epoch 351, test loss = 4.7144
...model saved to 15_exp/models/FloydWarshallDataset_tropical_0.0001_20000_20260319_221441_relu_best.pth...20260319_221948
At epoch 352, test loss = 4.6792
...model saved to 15_exp/models/FloydWarshallDataset_tropical_0.0001_20000_20260319_221441_relu_best.pth...20260319_221949
At epoch 353, test loss = 4.6269
...model saved to 15_exp/models/FloydWarshallDataset_tropical_0.0001_20000_20260319_221441_relu_best.pth...20260319_221950
At epoch 354, test loss = 4.5839
...model saved to 15_exp/models/FloydWarshallDataset_tropical_0.0001_20000_20260319_221441_relu_best.pth...20260319_221951
At epoch 355, test loss = 4.5111
...model saved to 15_exp/models/FloydWarshallDataset_tropical_0.0001_20000_20260319_221441_relu_best.pth...20260319_221951
At epoch 356, test loss = 4.4885
...model saved to 15_exp/models/FloydWarshallDataset_tropical_0.0001_20000_20260319_221441_relu_best.pth...20260319_221952
At epoch 357, test loss = 4.4443
...model saved to 15_exp/models/FloydWarshallDataset_tropical_0.0001_20000_20260319_221441_relu_best.pth...20260319_221953
At epoch 358, test loss = 4.4024
...model saved to 15_exp/models/FloydWarshallDataset_tropical_0.0001_20000_20260319_221441_relu_best.pth...20260319_221954
At epoch 359, test loss = 4.3409
...model saved to 15_exp/models/FloydWarshallDataset_tropical_0.0001_20000_20260319_221441_relu_best.pth...20260319_221954
At epoch 360, test loss = 4.3162
...model saved to 15_exp/models/FloydWarshallDataset_tropical_0.0001_20000_20260319_221441_relu_best.pth...20260319_221955
At epoch 361, test loss = 4.2740
...model saved to 15_exp/models/FloydWarshallDataset_tropical_0.0001_20000_20260319_221441_relu_best.pth...20260319_221956
At epoch 362, test loss = 4.2384
...model saved to 15_exp/models/FloydWarshallDataset_tropical_0.0001_20000_20260319_221441_relu_best.pth...20260319_221957
At epoch 363, test loss = 4.1820
...model saved to 15_exp/models/FloydWarshallDataset_tropical_0.0001_20000_20260319_221441_relu_best.pth...20260319_221957
At epoch 364, test loss = 4.1541
...model saved to 15_exp/models/FloydWarshallDataset_tropical_0.0001_20000_20260319_221441_relu_best.pth...20260319_221958
At epoch 365, test loss = 4.1050
...model saved to 15_exp/models/FloydWarshallDataset_tropical_0.0001_20000_20260319_221441_relu_best.pth...20260319_221959
At epoch 366, test loss = 4.0871
...model saved to 15_exp/models/FloydWarshallDataset_tropical_0.0001_20000_20260319_221441_relu_best.pth...20260319_222000
At epoch 367, test loss = 4.0372
...model saved to 15_exp/models/FloydWarshallDataset_tropical_0.0001_20000_20260319_221441_relu_best.pth...20260319_222001
At epoch 368, test loss = 3.9994
...model saved to 15_exp/models/FloydWarshallDataset_tropical_0.0001_20000_20260319_221441_relu_best.pth...20260319_222001
At epoch 369, test loss = 3.9540
...model saved to 15_exp/models/FloydWarshallDataset_tropical_0.0001_20000_20260319_221441_relu_best.pth...20260319_222002
At epoch 370, test loss = 3.9211
...model saved to 15_exp/models/FloydWarshallDataset_tropical_0.0001_20000_20260319_221441_relu_best.pth...20260319_222003
At epoch 371, test loss = 3.9044
...model saved to 15_exp/models/FloydWarshallDataset_tropical_0.0001_20000_20260319_221441_relu_best.pth...20260319_222004
At epoch 372, test loss = 3.8530
...model saved to 15_exp/models/FloydWarshallDataset_tropical_0.0001_20000_20260319_221441_relu_best.pth...20260319_222004
At epoch 373, test loss = 3.8131
...model saved to 15_exp/models/FloydWarshallDataset_tropical_0.0001_20000_20260319_221441_relu_best.pth...20260319_222005
At epoch 374, test loss = 3.7796
...model saved to 15_exp/models/FloydWarshallDataset_tropical_0.0001_20000_20260319_221441_relu_best.pth...20260319_222006
At epoch 375, test loss = 3.7456
...model saved to 15_exp/models/FloydWarshallDataset_tropical_0.0001_20000_20260319_221441_relu_best.pth...20260319_222007
At epoch 376, test loss = 3.6999
...model saved to 15_exp/models/FloydWarshallDataset_tropical_0.0001_20000_20260319_221441_relu_best.pth...20260319_222007
At epoch 377, test loss = 3.6906
...model saved to 15_exp/models/FloydWarshallDataset_tropical_0.0001_20000_20260319_221441_relu_best.pth...20260319_222008
At epoch 378, test loss = 3.6554
...model saved to 15_exp/models/FloydWarshallDataset_tropical_0.0001_20000_20260319_221441_relu_best.pth...20260319_222009
At epoch 379, test loss = 3.6048
...model saved to 15_exp/models/FloydWarshallDataset_tropical_0.0001_20000_20260319_221441_relu_best.pth...20260319_222010
At epoch 381, test loss = 3.5561
...model saved to 15_exp/models/FloydWarshallDataset_tropical_0.0001_20000_20260319_221441_relu_best.pth...20260319_222011
At epoch 382, test loss = 3.5550
...model saved to 15_exp/models/FloydWarshallDataset_tropical_0.0001_20000_20260319_221441_relu_best.pth...20260319_222012
At epoch 383, test loss = 3.4907
...model saved to 15_exp/models/FloydWarshallDataset_tropical_0.0001_20000_20260319_221441_relu_best.pth...20260319_222013
At epoch 384, test loss = 3.4567
...model saved to 15_exp/models/FloydWarshallDataset_tropical_0.0001_20000_20260319_221441_relu_best.pth...20260319_222013
At epoch 385, test loss = 3.4439
...model saved to 15_exp/models/FloydWarshallDataset_tropical_0.0001_20000_20260319_221441_relu_best.pth...20260319_222014
At epoch 386, test loss = 3.3865
...model saved to 15_exp/models/FloydWarshallDataset_tropical_0.0001_20000_20260319_221441_relu_best.pth...20260319_222015
At epoch 388, test loss = 3.3574
...model saved to 15_exp/models/FloydWarshallDataset_tropical_0.0001_20000_20260319_221441_relu_best.pth...20260319_222016
At epoch 389, test loss = 3.3173
...model saved to 15_exp/models/FloydWarshallDataset_tropical_0.0001_20000_20260319_221441_relu_best.pth...20260319_222017
At epoch 390, test loss = 3.2942
...model saved to 15_exp/models/FloydWarshallDataset_tropical_0.0001_20000_20260319_221441_relu_best.pth...20260319_222018
At epoch 391, test loss = 3.2904
...model saved to 15_exp/models/FloydWarshallDataset_tropical_0.0001_20000_20260319_221441_relu_best.pth...20260319_222019
At epoch 392, test loss = 3.2657
...model saved to 15_exp/models/FloydWarshallDataset_tropical_0.0001_20000_20260319_221441_relu_best.pth...20260319_222019
At epoch 393, test loss = 3.2272
...model saved to 15_exp/models/FloydWarshallDataset_tropical_0.0001_20000_20260319_221441_relu_best.pth...20260319_222020
At epoch 394, test loss = 3.1987
...model saved to 15_exp/models/FloydWarshallDataset_tropical_0.0001_20000_20260319_221441_relu_best.pth...20260319_222021
At epoch 395, test loss = 3.1871
...model saved to 15_exp/models/FloydWarshallDataset_tropical_0.0001_20000_20260319_221441_relu_best.pth...20260319_222022
At epoch 396, test loss = 3.1387
...model saved to 15_exp/models/FloydWarshallDataset_tropical_0.0001_20000_20260319_221441_relu_best.pth...20260319_222022
At epoch 397, test loss = 3.1111
...model saved to 15_exp/models/FloydWarshallDataset_tropical_0.0001_20000_20260319_221441_relu_best.pth...20260319_222023
At epoch 398, test loss = 3.0942
...model saved to 15_exp/models/FloydWarshallDataset_tropical_0.0001_20000_20260319_221441_relu_best.pth...20260319_222024
At epoch 399, test loss = 3.0749
...model saved to 15_exp/models/FloydWarshallDataset_tropical_0.0001_20000_20260319_221441_relu_best.pth...20260319_222025
At epoch 400, test loss = 3.0561
...model saved to 15_exp/models/FloydWarshallDataset_tropical_0.0001_20000_20260319_221441_relu_best.pth...20260319_222026
At epoch 401, test loss = 3.0374
...model saved to 15_exp/models/FloydWarshallDataset_tropical_0.0001_20000_20260319_221441_relu_best.pth...20260319_222026
At epoch 402, test loss = 3.0280
...model saved to 15_exp/models/FloydWarshallDataset_tropical_0.0001_20000_20260319_221441_relu_best.pth...20260319_222027
At epoch 403, test loss = 3.0126
...model saved to 15_exp/models/FloydWarshallDataset_tropical_0.0001_20000_20260319_221441_relu_best.pth...20260319_222028
At epoch 404, test loss = 2.9838
...model saved to 15_exp/models/FloydWarshallDataset_tropical_0.0001_20000_20260319_221441_relu_best.pth...20260319_222029
At epoch 405, test loss = 2.9589
...model saved to 15_exp/models/FloydWarshallDataset_tropical_0.0001_20000_20260319_221441_relu_best.pth...20260319_222029
At epoch 406, test loss = 2.9413
...model saved to 15_exp/models/FloydWarshallDataset_tropical_0.0001_20000_20260319_221441_relu_best.pth...20260319_222030
At epoch 408, test loss = 2.8875
...model saved to 15_exp/models/FloydWarshallDataset_tropical_0.0001_20000_20260319_221441_relu_best.pth...20260319_222032
At epoch 410, test loss = 2.8315
...model saved to 15_exp/models/FloydWarshallDataset_tropical_0.0001_20000_20260319_221441_relu_best.pth...20260319_222033
At epoch 411, test loss = 2.8263
...model saved to 15_exp/models/FloydWarshallDataset_tropical_0.0001_20000_20260319_221441_relu_best.pth...20260319_222034
At epoch 412, test loss = 2.7938
...model saved to 15_exp/models/FloydWarshallDataset_tropical_0.0001_20000_20260319_221441_relu_best.pth...20260319_222035
At epoch 414, test loss = 2.7687
...model saved to 15_exp/models/FloydWarshallDataset_tropical_0.0001_20000_20260319_221441_relu_best.pth...20260319_222036
At epoch 415, test loss = 2.7309
...model saved to 15_exp/models/FloydWarshallDataset_tropical_0.0001_20000_20260319_221441_relu_best.pth...20260319_222037
At epoch 417, test loss = 2.6968
...model saved to 15_exp/models/FloydWarshallDataset_tropical_0.0001_20000_20260319_221441_relu_best.pth...20260319_222038
At epoch 418, test loss = 2.6927
...model saved to 15_exp/models/FloydWarshallDataset_tropical_0.0001_20000_20260319_221441_relu_best.pth...20260319_222039
At epoch 420, test loss = 2.6522
...model saved to 15_exp/models/FloydWarshallDataset_tropical_0.0001_20000_20260319_221441_relu_best.pth...20260319_222041
At epoch 421, test loss = 2.6281
...model saved to 15_exp/models/FloydWarshallDataset_tropical_0.0001_20000_20260319_221441_relu_best.pth...20260319_222041
At epoch 424, test loss = 2.5888
...model saved to 15_exp/models/FloydWarshallDataset_tropical_0.0001_20000_20260319_221441_relu_best.pth...20260319_222043
At epoch 425, test loss = 2.5875
...model saved to 15_exp/models/FloydWarshallDataset_tropical_0.0001_20000_20260319_221441_relu_best.pth...20260319_222044
At epoch 426, test loss = 2.5716
...model saved to 15_exp/models/FloydWarshallDataset_tropical_0.0001_20000_20260319_221441_relu_best.pth...20260319_222045
At epoch 427, test loss = 2.5541
...model saved to 15_exp/models/FloydWarshallDataset_tropical_0.0001_20000_20260319_221441_relu_best.pth...20260319_222046
At epoch 428, test loss = 2.5180
...model saved to 15_exp/models/FloydWarshallDataset_tropical_0.0001_20000_20260319_221441_relu_best.pth...20260319_222047
At epoch 429, test loss = 2.5091
...model saved to 15_exp/models/FloydWarshallDataset_tropical_0.0001_20000_20260319_221441_relu_best.pth...20260319_222047
At epoch 431, test loss = 2.4648
...model saved to 15_exp/models/FloydWarshallDataset_tropical_0.0001_20000_20260319_221441_relu_best.pth...20260319_222049
At epoch 433, test loss = 2.4442
...model saved to 15_exp/models/FloydWarshallDataset_tropical_0.0001_20000_20260319_221441_relu_best.pth...20260319_222050
At epoch 435, test loss = 2.4104
...model saved to 15_exp/models/FloydWarshallDataset_tropical_0.0001_20000_20260319_221441_relu_best.pth...20260319_222052
At epoch 437, test loss = 2.3876
...model saved to 15_exp/models/FloydWarshallDataset_tropical_0.0001_20000_20260319_221441_relu_best.pth...20260319_222053
At epoch 438, test loss = 2.3799
...model saved to 15_exp/models/FloydWarshallDataset_tropical_0.0001_20000_20260319_221441_relu_best.pth...20260319_222054
At epoch 439, test loss = 2.3764
...model saved to 15_exp/models/FloydWarshallDataset_tropical_0.0001_20000_20260319_221441_relu_best.pth...20260319_222055
At epoch 440, test loss = 2.3566
...model saved to 15_exp/models/FloydWarshallDataset_tropical_0.0001_20000_20260319_221441_relu_best.pth...20260319_222056
At epoch 441, test loss = 2.3307
...model saved to 15_exp/models/FloydWarshallDataset_tropical_0.0001_20000_20260319_221441_relu_best.pth...20260319_222056
At epoch 442, test loss = 2.3144
...model saved to 15_exp/models/FloydWarshallDataset_tropical_0.0001_20000_20260319_221441_relu_best.pth...20260319_222057
At epoch 444, test loss = 2.2877
...model saved to 15_exp/models/FloydWarshallDataset_tropical_0.0001_20000_20260319_221441_relu_best.pth...20260319_222058
At epoch 446, test loss = 2.2673
...model saved to 15_exp/models/FloydWarshallDataset_tropical_0.0001_20000_20260319_221441_relu_best.pth...20260319_222100
At epoch 447, test loss = 2.2523
...model saved to 15_exp/models/FloydWarshallDataset_tropical_0.0001_20000_20260319_221441_relu_best.pth...20260319_222101
At epoch 449, test loss = 2.2230
...model saved to 15_exp/models/FloydWarshallDataset_tropical_0.0001_20000_20260319_221441_relu_best.pth...20260319_222102
At epoch 451, test loss = 2.2028
...model saved to 15_exp/models/FloydWarshallDataset_tropical_0.0001_20000_20260319_221441_relu_best.pth...20260319_222104
At epoch 453, test loss = 2.1810
...model saved to 15_exp/models/FloydWarshallDataset_tropical_0.0001_20000_20260319_221441_relu_best.pth...20260319_222105
At epoch 454, test loss = 2.1644
...model saved to 15_exp/models/FloydWarshallDataset_tropical_0.0001_20000_20260319_221441_relu_best.pth...20260319_222106
At epoch 455, test loss = 2.1474
...model saved to 15_exp/models/FloydWarshallDataset_tropical_0.0001_20000_20260319_221441_relu_best.pth...20260319_222107
At epoch 459, test loss = 2.1227
...model saved to 15_exp/models/FloydWarshallDataset_tropical_0.0001_20000_20260319_221441_relu_best.pth...20260319_222110
At epoch 460, test loss = 2.1134
...model saved to 15_exp/models/FloydWarshallDataset_tropical_0.0001_20000_20260319_221441_relu_best.pth...20260319_222110
At epoch 461, test loss = 2.1064
...model saved to 15_exp/models/FloydWarshallDataset_tropical_0.0001_20000_20260319_221441_relu_best.pth...20260319_222111
At epoch 462, test loss = 2.0828
...model saved to 15_exp/models/FloydWarshallDataset_tropical_0.0001_20000_20260319_221441_relu_best.pth...20260319_222112
At epoch 463, test loss = 2.0799
...model saved to 15_exp/models/FloydWarshallDataset_tropical_0.0001_20000_20260319_221441_relu_best.pth...20260319_222113
At epoch 465, test loss = 2.0564
...model saved to 15_exp/models/FloydWarshallDataset_tropical_0.0001_20000_20260319_221441_relu_best.pth...20260319_222114
At epoch 466, test loss = 2.0423
...model saved to 15_exp/models/FloydWarshallDataset_tropical_0.0001_20000_20260319_221441_relu_best.pth...20260319_222115
At epoch 469, test loss = 2.0114
...model saved to 15_exp/models/FloydWarshallDataset_tropical_0.0001_20000_20260319_221441_relu_best.pth...20260319_222117
At epoch 470, test loss = 1.9998
...model saved to 15_exp/models/FloydWarshallDataset_tropical_0.0001_20000_20260319_221441_relu_best.pth...20260319_222118
At epoch 471, test loss = 1.9844
...model saved to 15_exp/models/FloydWarshallDataset_tropical_0.0001_20000_20260319_221441_relu_best.pth...20260319_222119
At epoch 472, test loss = 1.9765
...model saved to 15_exp/models/FloydWarshallDataset_tropical_0.0001_20000_20260319_221441_relu_best.pth...20260319_222119
At epoch 476, test loss = 1.9501
...model saved to 15_exp/models/FloydWarshallDataset_tropical_0.0001_20000_20260319_221441_relu_best.pth...20260319_222122
At epoch 477, test loss = 1.9297
...model saved to 15_exp/models/FloydWarshallDataset_tropical_0.0001_20000_20260319_221441_relu_best.pth...20260319_222123
At epoch 480, test loss = 1.9165
...model saved to 15_exp/models/FloydWarshallDataset_tropical_0.0001_20000_20260319_221441_relu_best.pth...20260319_222125
At epoch 481, test loss = 1.8877
...model saved to 15_exp/models/FloydWarshallDataset_tropical_0.0001_20000_20260319_221441_relu_best.pth...20260319_222126
At epoch 482, test loss = 1.8865
...model saved to 15_exp/models/FloydWarshallDataset_tropical_0.0001_20000_20260319_221441_relu_best.pth...20260319_222127
At epoch 485, test loss = 1.8632
...model saved to 15_exp/models/FloydWarshallDataset_tropical_0.0001_20000_20260319_221441_relu_best.pth...20260319_222129
At epoch 486, test loss = 1.8561
...model saved to 15_exp/models/FloydWarshallDataset_tropical_0.0001_20000_20260319_221441_relu_best.pth...20260319_222130
At epoch 489, test loss = 1.8454
...model saved to 15_exp/models/FloydWarshallDataset_tropical_0.0001_20000_20260319_221441_relu_best.pth...20260319_222132
At epoch 491, test loss = 1.8374
...model saved to 15_exp/models/FloydWarshallDataset_tropical_0.0001_20000_20260319_221441_relu_best.pth...20260319_222133
At epoch 492, test loss = 1.8094
...model saved to 15_exp/models/FloydWarshallDataset_tropical_0.0001_20000_20260319_221441_relu_best.pth...20260319_222134
At epoch 493, test loss = 1.7934
...model saved to 15_exp/models/FloydWarshallDataset_tropical_0.0001_20000_20260319_221441_relu_best.pth...20260319_222135
At epoch 495, test loss = 1.7860
...model saved to 15_exp/models/FloydWarshallDataset_tropical_0.0001_20000_20260319_221441_relu_best.pth...20260319_222136
At epoch 496, test loss = 1.7855
...model saved to 15_exp/models/FloydWarshallDataset_tropical_0.0001_20000_20260319_221441_relu_best.pth...20260319_222137
At epoch 497, test loss = 1.7662
...model saved to 15_exp/models/FloydWarshallDataset_tropical_0.0001_20000_20260319_221441_relu_best.pth...20260319_222138
At epoch 498, test loss = 1.7545
...model saved to 15_exp/models/FloydWarshallDataset_tropical_0.0001_20000_20260319_221441_relu_best.pth...20260319_222139
At epoch 500, test loss = 1.7481
...model saved to 15_exp/models/FloydWarshallDataset_tropical_0.0001_20000_20260319_221441_relu_best.pth...20260319_222140
At epoch 501, test loss = 1.7183
...model saved to 15_exp/models/FloydWarshallDataset_tropical_0.0001_20000_20260319_221441_relu_best.pth...20260319_222141
At epoch 502, test loss = 1.7163
...model saved to 15_exp/models/FloydWarshallDataset_tropical_0.0001_20000_20260319_221441_relu_best.pth...20260319_222142
At epoch 505, test loss = 1.7005
...model saved to 15_exp/models/FloydWarshallDataset_tropical_0.0001_20000_20260319_221441_relu_best.pth...20260319_222144
At epoch 507, test loss = 1.6983
...model saved to 15_exp/models/FloydWarshallDataset_tropical_0.0001_20000_20260319_221441_relu_best.pth...20260319_222145
At epoch 508, test loss = 1.6958
...model saved to 15_exp/models/FloydWarshallDataset_tropical_0.0001_20000_20260319_221441_relu_best.pth...20260319_222146
At epoch 509, test loss = 1.6792
...model saved to 15_exp/models/FloydWarshallDataset_tropical_0.0001_20000_20260319_221441_relu_best.pth...20260319_222147
At epoch 510, test loss = 1.6774
...model saved to 15_exp/models/FloydWarshallDataset_tropical_0.0001_20000_20260319_221441_relu_best.pth...20260319_222148
At epoch 512, test loss = 1.6506
...model saved to 15_exp/models/FloydWarshallDataset_tropical_0.0001_20000_20260319_221441_relu_best.pth...20260319_222149
At epoch 515, test loss = 1.6439
...model saved to 15_exp/models/FloydWarshallDataset_tropical_0.0001_20000_20260319_221441_relu_best.pth...20260319_222151
At epoch 517, test loss = 1.6365
...model saved to 15_exp/models/FloydWarshallDataset_tropical_0.0001_20000_20260319_221441_relu_best.pth...20260319_222153
At epoch 519, test loss = 1.6358
...model saved to 15_exp/models/FloydWarshallDataset_tropical_0.0001_20000_20260319_221441_relu_best.pth...20260319_222154
At epoch 520, test loss = 1.6120
...model saved to 15_exp/models/FloydWarshallDataset_tropical_0.0001_20000_20260319_221441_relu_best.pth...20260319_222155
At epoch 521, test loss = 1.6058
...model saved to 15_exp/models/FloydWarshallDataset_tropical_0.0001_20000_20260319_221441_relu_best.pth...20260319_222156
At epoch 522, test loss = 1.6032
...model saved to 15_exp/models/FloydWarshallDataset_tropical_0.0001_20000_20260319_221441_relu_best.pth...20260319_222156
At epoch 524, test loss = 1.5920
...model saved to 15_exp/models/FloydWarshallDataset_tropical_0.0001_20000_20260319_221441_relu_best.pth...20260319_222158
At epoch 526, test loss = 1.5866
...model saved to 15_exp/models/FloydWarshallDataset_tropical_0.0001_20000_20260319_221441_relu_best.pth...20260319_222159
At epoch 527, test loss = 1.5683
...model saved to 15_exp/models/FloydWarshallDataset_tropical_0.0001_20000_20260319_221441_relu_best.pth...20260319_222200
At epoch 528, test loss = 1.5665
...model saved to 15_exp/models/FloydWarshallDataset_tropical_0.0001_20000_20260319_221441_relu_best.pth...20260319_222201
At epoch 530, test loss = 1.5654
...model saved to 15_exp/models/FloydWarshallDataset_tropical_0.0001_20000_20260319_221441_relu_best.pth...20260319_222202
At epoch 531, test loss = 1.5573
...model saved to 15_exp/models/FloydWarshallDataset_tropical_0.0001_20000_20260319_221441_relu_best.pth...20260319_222203
At epoch 532, test loss = 1.5539
...model saved to 15_exp/models/FloydWarshallDataset_tropical_0.0001_20000_20260319_221441_relu_best.pth...20260319_222204
At epoch 534, test loss = 1.5449
...model saved to 15_exp/models/FloydWarshallDataset_tropical_0.0001_20000_20260319_221441_relu_best.pth...20260319_222205
At epoch 535, test loss = 1.5319
...model saved to 15_exp/models/FloydWarshallDataset_tropical_0.0001_20000_20260319_221441_relu_best.pth...20260319_222206
At epoch 538, test loss = 1.5022
...model saved to 15_exp/models/FloydWarshallDataset_tropical_0.0001_20000_20260319_221441_relu_best.pth...20260319_222208
At epoch 540, test loss = 1.4980
...model saved to 15_exp/models/FloydWarshallDataset_tropical_0.0001_20000_20260319_221441_relu_best.pth...20260319_222210
At epoch 542, test loss = 1.4836
...model saved to 15_exp/models/FloydWarshallDataset_tropical_0.0001_20000_20260319_221441_relu_best.pth...20260319_222211
At epoch 544, test loss = 1.4828
...model saved to 15_exp/models/FloydWarshallDataset_tropical_0.0001_20000_20260319_221441_relu_best.pth...20260319_222213
At epoch 549, test loss = 1.4619
...model saved to 15_exp/models/FloydWarshallDataset_tropical_0.0001_20000_20260319_221441_relu_best.pth...20260319_222217
At epoch 552, test loss = 1.4390
...model saved to 15_exp/models/FloydWarshallDataset_tropical_0.0001_20000_20260319_221441_relu_best.pth...20260319_222219
At epoch 556, test loss = 1.4344
...model saved to 15_exp/models/FloydWarshallDataset_tropical_0.0001_20000_20260319_221441_relu_best.pth...20260319_222222
At epoch 557, test loss = 1.4246
...model saved to 15_exp/models/FloydWarshallDataset_tropical_0.0001_20000_20260319_221441_relu_best.pth...20260319_222222
At epoch 560, test loss = 1.4231
...model saved to 15_exp/models/FloydWarshallDataset_tropical_0.0001_20000_20260319_221441_relu_best.pth...20260319_222225
At epoch 561, test loss = 1.4179
...model saved to 15_exp/models/FloydWarshallDataset_tropical_0.0001_20000_20260319_221441_relu_best.pth...20260319_222225
At epoch 562, test loss = 1.3975
...model saved to 15_exp/models/FloydWarshallDataset_tropical_0.0001_20000_20260319_221441_relu_best.pth...20260319_222226
At epoch 563, test loss = 1.3825
...model saved to 15_exp/models/FloydWarshallDataset_tropical_0.0001_20000_20260319_221441_relu_best.pth...20260319_222227
At epoch 569, test loss = 1.3696
...model saved to 15_exp/models/FloydWarshallDataset_tropical_0.0001_20000_20260319_221441_relu_best.pth...20260319_222231
At epoch 571, test loss = 1.3505
...model saved to 15_exp/models/FloydWarshallDataset_tropical_0.0001_20000_20260319_221441_relu_best.pth...20260319_222233
At epoch 574, test loss = 1.3505
...model saved to 15_exp/models/FloydWarshallDataset_tropical_0.0001_20000_20260319_221441_relu_best.pth...20260319_222235
At epoch 577, test loss = 1.3447
...model saved to 15_exp/models/FloydWarshallDataset_tropical_0.0001_20000_20260319_221441_relu_best.pth...20260319_222237
At epoch 580, test loss = 1.3414
...model saved to 15_exp/models/FloydWarshallDataset_tropical_0.0001_20000_20260319_221441_relu_best.pth...20260319_222239
At epoch 581, test loss = 1.3302
...model saved to 15_exp/models/FloydWarshallDataset_tropical_0.0001_20000_20260319_221441_relu_best.pth...20260319_222240
At epoch 587, test loss = 1.3094
...model saved to 15_exp/models/FloydWarshallDataset_tropical_0.0001_20000_20260319_221441_relu_best.pth...20260319_222245
At epoch 588, test loss = 1.2941
...model saved to 15_exp/models/FloydWarshallDataset_tropical_0.0001_20000_20260319_221441_relu_best.pth...20260319_222245
At epoch 594, test loss = 1.2804
...model saved to 15_exp/models/FloydWarshallDataset_tropical_0.0001_20000_20260319_221441_relu_best.pth...20260319_222250
At epoch 596, test loss = 1.2751
...model saved to 15_exp/models/FloydWarshallDataset_tropical_0.0001_20000_20260319_221441_relu_best.pth...20260319_222251
At epoch 599, test loss = 1.2668
...model saved to 15_exp/models/FloydWarshallDataset_tropical_0.0001_20000_20260319_221441_relu_best.pth...20260319_222253
At epoch 602, test loss = 1.2628
...model saved to 15_exp/models/FloydWarshallDataset_tropical_0.0001_20000_20260319_221441_relu_best.pth...20260319_222256
At epoch 604, test loss = 1.2595
...model saved to 15_exp/models/FloydWarshallDataset_tropical_0.0001_20000_20260319_221441_relu_best.pth...20260319_222257
At epoch 608, test loss = 1.2343
...model saved to 15_exp/models/FloydWarshallDataset_tropical_0.0001_20000_20260319_221441_relu_best.pth...20260319_222300
At epoch 610, test loss = 1.2254
...model saved to 15_exp/models/FloydWarshallDataset_tropical_0.0001_20000_20260319_221441_relu_best.pth...20260319_222302
At epoch 611, test loss = 1.2238
...model saved to 15_exp/models/FloydWarshallDataset_tropical_0.0001_20000_20260319_221441_relu_best.pth...20260319_222302
At epoch 612, test loss = 1.2103
...model saved to 15_exp/models/FloydWarshallDataset_tropical_0.0001_20000_20260319_221441_relu_best.pth...20260319_222303
At epoch 620, test loss = 1.2041
...model saved to 15_exp/models/FloydWarshallDataset_tropical_0.0001_20000_20260319_221441_relu_best.pth...20260319_222309
At epoch 625, test loss = 1.1963
...model saved to 15_exp/models/FloydWarshallDataset_tropical_0.0001_20000_20260319_221441_relu_best.pth...20260319_222313
At epoch 626, test loss = 1.1891
...model saved to 15_exp/models/FloydWarshallDataset_tropical_0.0001_20000_20260319_221441_relu_best.pth...20260319_222313
At epoch 627, test loss = 1.1769
...model saved to 15_exp/models/FloydWarshallDataset_tropical_0.0001_20000_20260319_221441_relu_best.pth...20260319_222314
At epoch 632, test loss = 1.1703
...model saved to 15_exp/models/FloydWarshallDataset_tropical_0.0001_20000_20260319_221441_relu_best.pth...20260319_222318
At epoch 633, test loss = 1.1623
...model saved to 15_exp/models/FloydWarshallDataset_tropical_0.0001_20000_20260319_221441_relu_best.pth...20260319_222318
At epoch 634, test loss = 1.1541
...model saved to 15_exp/models/FloydWarshallDataset_tropical_0.0001_20000_20260319_221441_relu_best.pth...20260319_222319
At epoch 643, test loss = 1.1424
...model saved to 15_exp/models/FloydWarshallDataset_tropical_0.0001_20000_20260319_221441_relu_best.pth...20260319_222326
At epoch 646, test loss = 1.1364
...model saved to 15_exp/models/FloydWarshallDataset_tropical_0.0001_20000_20260319_221441_relu_best.pth...20260319_222328
At epoch 649, test loss = 1.1278
...model saved to 15_exp/models/FloydWarshallDataset_tropical_0.0001_20000_20260319_221441_relu_best.pth...20260319_222330
At epoch 651, test loss = 1.1163
...model saved to 15_exp/models/FloydWarshallDataset_tropical_0.0001_20000_20260319_221441_relu_best.pth...20260319_222332
At epoch 657, test loss = 1.1140
...model saved to 15_exp/models/FloydWarshallDataset_tropical_0.0001_20000_20260319_221441_relu_best.pth...20260319_222336
At epoch 659, test loss = 1.1111
...model saved to 15_exp/models/FloydWarshallDataset_tropical_0.0001_20000_20260319_221441_relu_best.pth...20260319_222337
At epoch 660, test loss = 1.1031
...model saved to 15_exp/models/FloydWarshallDataset_tropical_0.0001_20000_20260319_221441_relu_best.pth...20260319_222338
At epoch 661, test loss = 1.1017
...model saved to 15_exp/models/FloydWarshallDataset_tropical_0.0001_20000_20260319_221441_relu_best.pth...20260319_222339
At epoch 665, test loss = 1.1015
...model saved to 15_exp/models/FloydWarshallDataset_tropical_0.0001_20000_20260319_221441_relu_best.pth...20260319_222342
At epoch 667, test loss = 1.0985
...model saved to 15_exp/models/FloydWarshallDataset_tropical_0.0001_20000_20260319_221441_relu_best.pth...20260319_222343
At epoch 671, test loss = 1.0791
...model saved to 15_exp/models/FloydWarshallDataset_tropical_0.0001_20000_20260319_221441_relu_best.pth...20260319_222346
At epoch 676, test loss = 1.0690
...model saved to 15_exp/models/FloydWarshallDataset_tropical_0.0001_20000_20260319_221441_relu_best.pth...20260319_222350
At epoch 679, test loss = 1.0635
...model saved to 15_exp/models/FloydWarshallDataset_tropical_0.0001_20000_20260319_221441_relu_best.pth...20260319_222352
At epoch 685, test loss = 1.0483
...model saved to 15_exp/models/FloydWarshallDataset_tropical_0.0001_20000_20260319_221441_relu_best.pth...20260319_222357
At epoch 690, test loss = 1.0311
...model saved to 15_exp/models/FloydWarshallDataset_tropical_0.0001_20000_20260319_221441_relu_best.pth...20260319_222400
At epoch 698, test loss = 1.0214
...model saved to 15_exp/models/FloydWarshallDataset_tropical_0.0001_20000_20260319_221441_relu_best.pth...20260319_222406
At epoch 705, test loss = 1.0162
...model saved to 15_exp/models/FloydWarshallDataset_tropical_0.0001_20000_20260319_221441_relu_best.pth...20260319_222411
At epoch 706, test loss = 1.0129
...model saved to 15_exp/models/FloydWarshallDataset_tropical_0.0001_20000_20260319_221441_relu_best.pth...20260319_222412
At epoch 709, test loss = 1.0115
...model saved to 15_exp/models/FloydWarshallDataset_tropical_0.0001_20000_20260319_221441_relu_best.pth...20260319_222414
At epoch 719, test loss = 0.9991
...model saved to 15_exp/models/FloydWarshallDataset_tropical_0.0001_20000_20260319_221441_relu_best.pth...20260319_222422
At epoch 720, test loss = 0.9983
...model saved to 15_exp/models/FloydWarshallDataset_tropical_0.0001_20000_20260319_221441_relu_best.pth...20260319_222422
At epoch 721, test loss = 0.9948
...model saved to 15_exp/models/FloydWarshallDataset_tropical_0.0001_20000_20260319_221441_relu_best.pth...20260319_222423
At epoch 729, test loss = 0.9911
...model saved to 15_exp/models/FloydWarshallDataset_tropical_0.0001_20000_20260319_221441_relu_best.pth...20260319_222429
At epoch 730, test loss = 0.9788
...model saved to 15_exp/models/FloydWarshallDataset_tropical_0.0001_20000_20260319_221441_relu_best.pth...20260319_222430
At epoch 731, test loss = 0.9734
...model saved to 15_exp/models/FloydWarshallDataset_tropical_0.0001_20000_20260319_221441_relu_best.pth...20260319_222431
At epoch 741, test loss = 0.9609
...model saved to 15_exp/models/FloydWarshallDataset_tropical_0.0001_20000_20260319_221441_relu_best.pth...20260319_222438
At epoch 746, test loss = 0.9506
...model saved to 15_exp/models/FloydWarshallDataset_tropical_0.0001_20000_20260319_221441_relu_best.pth...20260319_222442
At epoch 751, test loss = 0.9477
...model saved to 15_exp/models/FloydWarshallDataset_tropical_0.0001_20000_20260319_221441_relu_best.pth...20260319_222445
At epoch 752, test loss = 0.9357
...model saved to 15_exp/models/FloydWarshallDataset_tropical_0.0001_20000_20260319_221441_relu_best.pth...20260319_222446
At epoch 760, test loss = 0.9355
...model saved to 15_exp/models/FloydWarshallDataset_tropical_0.0001_20000_20260319_221441_relu_best.pth...20260319_222452
At epoch 765, test loss = 0.9352
...model saved to 15_exp/models/FloydWarshallDataset_tropical_0.0001_20000_20260319_221441_relu_best.pth...20260319_222455
At epoch 767, test loss = 0.9188
...model saved to 15_exp/models/FloydWarshallDataset_tropical_0.0001_20000_20260319_221441_relu_best.pth...20260319_222457
At epoch 775, test loss = 0.9164
...model saved to 15_exp/models/FloydWarshallDataset_tropical_0.0001_20000_20260319_221441_relu_best.pth...20260319_222503
At epoch 779, test loss = 0.9033
...model saved to 15_exp/models/FloydWarshallDataset_tropical_0.0001_20000_20260319_221441_relu_best.pth...20260319_222506
At epoch 786, test loss = 0.8997
...model saved to 15_exp/models/FloydWarshallDataset_tropical_0.0001_20000_20260319_221441_relu_best.pth...20260319_222511
At epoch 788, test loss = 0.8968
...model saved to 15_exp/models/FloydWarshallDataset_tropical_0.0001_20000_20260319_221441_relu_best.pth...20260319_222512
At epoch 792, test loss = 0.8851
...model saved to 15_exp/models/FloydWarshallDataset_tropical_0.0001_20000_20260319_221441_relu_best.pth...20260319_222515
At epoch 798, test loss = 0.8797
...model saved to 15_exp/models/FloydWarshallDataset_tropical_0.0001_20000_20260319_221441_relu_best.pth...20260319_222520
At epoch 800, test loss = 0.8774
...model saved to 15_exp/models/FloydWarshallDataset_tropical_0.0001_20000_20260319_221441_relu_best.pth...20260319_222521
At epoch 807, test loss = 0.8683
...model saved to 15_exp/models/FloydWarshallDataset_tropical_0.0001_20000_20260319_221441_relu_best.pth...20260319_222526
At epoch 817, test loss = 0.8559
...model saved to 15_exp/models/FloydWarshallDataset_tropical_0.0001_20000_20260319_221441_relu_best.pth...20260319_222534
At epoch 820, test loss = 0.8542
...model saved to 15_exp/models/FloydWarshallDataset_tropical_0.0001_20000_20260319_221441_relu_best.pth...20260319_222536
At epoch 831, test loss = 0.8486
...model saved to 15_exp/models/FloydWarshallDataset_tropical_0.0001_20000_20260319_221441_relu_best.pth...20260319_222544
At epoch 837, test loss = 0.8450
...model saved to 15_exp/models/FloydWarshallDataset_tropical_0.0001_20000_20260319_221441_relu_best.pth...20260319_222548
At epoch 841, test loss = 0.8349
...model saved to 15_exp/models/FloydWarshallDataset_tropical_0.0001_20000_20260319_221441_relu_best.pth...20260319_222551
At epoch 843, test loss = 0.8332
...model saved to 15_exp/models/FloydWarshallDataset_tropical_0.0001_20000_20260319_221441_relu_best.pth...20260319_222553
At epoch 847, test loss = 0.8321
...model saved to 15_exp/models/FloydWarshallDataset_tropical_0.0001_20000_20260319_221441_relu_best.pth...20260319_222556
At epoch 849, test loss = 0.8309
...model saved to 15_exp/models/FloydWarshallDataset_tropical_0.0001_20000_20260319_221441_relu_best.pth...20260319_222557
At epoch 851, test loss = 0.8307
...model saved to 15_exp/models/FloydWarshallDataset_tropical_0.0001_20000_20260319_221441_relu_best.pth...20260319_222559
At epoch 854, test loss = 0.8192
...model saved to 15_exp/models/FloydWarshallDataset_tropical_0.0001_20000_20260319_221441_relu_best.pth...20260319_222601
At epoch 860, test loss = 0.8155
...model saved to 15_exp/models/FloydWarshallDataset_tropical_0.0001_20000_20260319_221441_relu_best.pth...20260319_222605
At epoch 866, test loss = 0.8093
...model saved to 15_exp/models/FloydWarshallDataset_tropical_0.0001_20000_20260319_221441_relu_best.pth...20260319_222610
At epoch 870, test loss = 0.7915
...model saved to 15_exp/models/FloydWarshallDataset_tropical_0.0001_20000_20260319_221441_relu_best.pth...20260319_222612
At epoch 886, test loss = 0.7913
...model saved to 15_exp/models/FloydWarshallDataset_tropical_0.0001_20000_20260319_221441_relu_best.pth...20260319_222624
At epoch 891, test loss = 0.7865
...model saved to 15_exp/models/FloydWarshallDataset_tropical_0.0001_20000_20260319_221441_relu_best.pth...20260319_222628
At epoch 896, test loss = 0.7851
...model saved to 15_exp/models/FloydWarshallDataset_tropical_0.0001_20000_20260319_221441_relu_best.pth...20260319_222631
At epoch 898, test loss = 0.7824
...model saved to 15_exp/models/FloydWarshallDataset_tropical_0.0001_20000_20260319_221441_relu_best.pth...20260319_222633
At epoch 903, test loss = 0.7765
...model saved to 15_exp/models/FloydWarshallDataset_tropical_0.0001_20000_20260319_221441_relu_best.pth...20260319_222636
At epoch 906, test loss = 0.7710
...model saved to 15_exp/models/FloydWarshallDataset_tropical_0.0001_20000_20260319_221441_relu_best.pth...20260319_222639
At epoch 915, test loss = 0.7570
...model saved to 15_exp/models/FloydWarshallDataset_tropical_0.0001_20000_20260319_221441_relu_best.pth...20260319_222645
At epoch 926, test loss = 0.7562
...model saved to 15_exp/models/FloydWarshallDataset_tropical_0.0001_20000_20260319_221441_relu_best.pth...20260319_222653
At epoch 937, test loss = 0.7486
...model saved to 15_exp/models/FloydWarshallDataset_tropical_0.0001_20000_20260319_221441_relu_best.pth...20260319_222701
At epoch 943, test loss = 0.7414
...model saved to 15_exp/models/FloydWarshallDataset_tropical_0.0001_20000_20260319_221441_relu_best.pth...20260319_222706
At epoch 949, test loss = 0.7363
...model saved to 15_exp/models/FloydWarshallDataset_tropical_0.0001_20000_20260319_221441_relu_best.pth...20260319_222710
At epoch 955, test loss = 0.7311
...model saved to 15_exp/models/FloydWarshallDataset_tropical_0.0001_20000_20260319_221441_relu_best.pth...20260319_222715
At epoch 974, test loss = 0.7309
...model saved to 15_exp/models/FloydWarshallDataset_tropical_0.0001_20000_20260319_221441_relu_best.pth...20260319_222728
At epoch 976, test loss = 0.7213
...model saved to 15_exp/models/FloydWarshallDataset_tropical_0.0001_20000_20260319_221441_relu_best.pth...20260319_222730
At epoch 982, test loss = 0.7211
...model saved to 15_exp/models/FloydWarshallDataset_tropical_0.0001_20000_20260319_221441_relu_best.pth...20260319_222734
At epoch 984, test loss = 0.7204
...model saved to 15_exp/models/FloydWarshallDataset_tropical_0.0001_20000_20260319_221441_relu_best.pth...20260319_222736
At epoch 986, test loss = 0.7174
...model saved to 15_exp/models/FloydWarshallDataset_tropical_0.0001_20000_20260319_221441_relu_best.pth...20260319_222737
At epoch 991, test loss = 0.7154
...model saved to 15_exp/models/FloydWarshallDataset_tropical_0.0001_20000_20260319_221441_relu_best.pth...20260319_222741
At epoch 992, test loss = 0.7119
...model saved to 15_exp/models/FloydWarshallDataset_tropical_0.0001_20000_20260319_221441_relu_best.pth...20260319_222742
At epoch 995, test loss = 0.7000
...model saved to 15_exp/models/FloydWarshallDataset_tropical_0.0001_20000_20260319_221441_relu_best.pth...20260319_222744
At epoch 1004, test loss = 0.6909
...model saved to 15_exp/models/FloydWarshallDataset_tropical_0.0001_20000_20260319_221441_relu_best.pth...20260319_222751
At epoch 1024, test loss = 0.6823
...model saved to 15_exp/models/FloydWarshallDataset_tropical_0.0001_20000_20260319_221441_relu_best.pth...20260319_222805
At epoch 1040, test loss = 0.6779
...model saved to 15_exp/models/FloydWarshallDataset_tropical_0.0001_20000_20260319_221441_relu_best.pth...20260319_222817
At epoch 1043, test loss = 0.6774
...model saved to 15_exp/models/FloydWarshallDataset_tropical_0.0001_20000_20260319_221441_relu_best.pth...20260319_222819
At epoch 1045, test loss = 0.6687
...model saved to 15_exp/models/FloydWarshallDataset_tropical_0.0001_20000_20260319_221441_relu_best.pth...20260319_222821
At epoch 1071, test loss = 0.6635
...model saved to 15_exp/models/FloydWarshallDataset_tropical_0.0001_20000_20260319_221441_relu_best.pth...20260319_222839
At epoch 1072, test loss = 0.6610
...model saved to 15_exp/models/FloydWarshallDataset_tropical_0.0001_20000_20260319_221441_relu_best.pth...20260319_222840
At epoch 1079, test loss = 0.6540
...model saved to 15_exp/models/FloydWarshallDataset_tropical_0.0001_20000_20260319_221441_relu_best.pth...20260319_222845
At epoch 1087, test loss = 0.6525
...model saved to 15_exp/models/FloydWarshallDataset_tropical_0.0001_20000_20260319_221441_relu_best.pth...20260319_222851
At epoch 1100, test loss = 0.6462
...model saved to 15_exp/models/FloydWarshallDataset_tropical_0.0001_20000_20260319_221441_relu_best.pth...20260319_222901
At epoch 1102, test loss = 0.6423
...model saved to 15_exp/models/FloydWarshallDataset_tropical_0.0001_20000_20260319_221441_relu_best.pth...20260319_222902
At epoch 1111, test loss = 0.6366
...model saved to 15_exp/models/FloydWarshallDataset_tropical_0.0001_20000_20260319_221441_relu_best.pth...20260319_222909
At epoch 1115, test loss = 0.6344
...model saved to 15_exp/models/FloydWarshallDataset_tropical_0.0001_20000_20260319_221441_relu_best.pth...20260319_222912
At epoch 1125, test loss = 0.6277
...model saved to 15_exp/models/FloydWarshallDataset_tropical_0.0001_20000_20260319_221441_relu_best.pth...20260319_222919
At epoch 1141, test loss = 0.6179
...model saved to 15_exp/models/FloydWarshallDataset_tropical_0.0001_20000_20260319_221441_relu_best.pth...20260319_222930
At epoch 1149, test loss = 0.6140
...model saved to 15_exp/models/FloydWarshallDataset_tropical_0.0001_20000_20260319_221441_relu_best.pth...20260319_222936
At epoch 1168, test loss = 0.6074
...model saved to 15_exp/models/FloydWarshallDataset_tropical_0.0001_20000_20260319_221441_relu_best.pth...20260319_222950
At epoch 1180, test loss = 0.6002
...model saved to 15_exp/models/FloydWarshallDataset_tropical_0.0001_20000_20260319_221441_relu_best.pth...20260319_222958
At epoch 1196, test loss = 0.5951
...model saved to 15_exp/models/FloydWarshallDataset_tropical_0.0001_20000_20260319_221441_relu_best.pth...20260319_223010
At epoch 1214, test loss = 0.5942
...model saved to 15_exp/models/FloydWarshallDataset_tropical_0.0001_20000_20260319_221441_relu_best.pth...20260319_223023
At epoch 1217, test loss = 0.5905
...model saved to 15_exp/models/FloydWarshallDataset_tropical_0.0001_20000_20260319_221441_relu_best.pth...20260319_223025
At epoch 1222, test loss = 0.5866
...model saved to 15_exp/models/FloydWarshallDataset_tropical_0.0001_20000_20260319_221441_relu_best.pth...20260319_223029
At epoch 1227, test loss = 0.5835
...model saved to 15_exp/models/FloydWarshallDataset_tropical_0.0001_20000_20260319_221441_relu_best.pth...20260319_223032
At epoch 1236, test loss = 0.5826
...model saved to 15_exp/models/FloydWarshallDataset_tropical_0.0001_20000_20260319_221441_relu_best.pth...20260319_223039
At epoch 1241, test loss = 0.5825
...model saved to 15_exp/models/FloydWarshallDataset_tropical_0.0001_20000_20260319_221441_relu_best.pth...20260319_223042
At epoch 1243, test loss = 0.5753
...model saved to 15_exp/models/FloydWarshallDataset_tropical_0.0001_20000_20260319_221441_relu_best.pth...20260319_223044
At epoch 1246, test loss = 0.5722
...model saved to 15_exp/models/FloydWarshallDataset_tropical_0.0001_20000_20260319_221441_relu_best.pth...20260319_223046
At epoch 1260, test loss = 0.5702
...model saved to 15_exp/models/FloydWarshallDataset_tropical_0.0001_20000_20260319_221441_relu_best.pth...20260319_223056
At epoch 1264, test loss = 0.5629
...model saved to 15_exp/models/FloydWarshallDataset_tropical_0.0001_20000_20260319_221441_relu_best.pth...20260319_223059
At epoch 1283, test loss = 0.5608
...model saved to 15_exp/models/FloydWarshallDataset_tropical_0.0001_20000_20260319_221441_relu_best.pth...20260319_223113
At epoch 1292, test loss = 0.5556
...model saved to 15_exp/models/FloydWarshallDataset_tropical_0.0001_20000_20260319_221441_relu_best.pth...20260319_223120
At epoch 1300, test loss = 0.5541
...model saved to 15_exp/models/FloydWarshallDataset_tropical_0.0001_20000_20260319_221441_relu_best.pth...20260319_223125
At epoch 1313, test loss = 0.5471
...model saved to 15_exp/models/FloydWarshallDataset_tropical_0.0001_20000_20260319_221441_relu_best.pth...20260319_223135
At epoch 1322, test loss = 0.5382
...model saved to 15_exp/models/FloydWarshallDataset_tropical_0.0001_20000_20260319_221441_relu_best.pth...20260319_223142
At epoch 1342, test loss = 0.5358
...model saved to 15_exp/models/FloydWarshallDataset_tropical_0.0001_20000_20260319_221441_relu_best.pth...20260319_223156
At epoch 1357, test loss = 0.5278
...model saved to 15_exp/models/FloydWarshallDataset_tropical_0.0001_20000_20260319_221441_relu_best.pth...20260319_223207
At epoch 1363, test loss = 0.5271
...model saved to 15_exp/models/FloydWarshallDataset_tropical_0.0001_20000_20260319_221441_relu_best.pth...20260319_223212
At epoch 1392, test loss = 0.5221
...model saved to 15_exp/models/FloydWarshallDataset_tropical_0.0001_20000_20260319_221441_relu_best.pth...20260319_223233
At epoch 1396, test loss = 0.5201
...model saved to 15_exp/models/FloydWarshallDataset_tropical_0.0001_20000_20260319_221441_relu_best.pth...20260319_223236
At epoch 1397, test loss = 0.5173
...model saved to 15_exp/models/FloydWarshallDataset_tropical_0.0001_20000_20260319_221441_relu_best.pth...20260319_223237
At epoch 1419, test loss = 0.5100
...model saved to 15_exp/models/FloydWarshallDataset_tropical_0.0001_20000_20260319_221441_relu_best.pth...20260319_223253
At epoch 1425, test loss = 0.5057
...model saved to 15_exp/models/FloydWarshallDataset_tropical_0.0001_20000_20260319_221441_relu_best.pth...20260319_223258
At epoch 1442, test loss = 0.5015
...model saved to 15_exp/models/FloydWarshallDataset_tropical_0.0001_20000_20260319_221441_relu_best.pth...20260319_223310
At epoch 1465, test loss = 0.5000
...model saved to 15_exp/models/FloydWarshallDataset_tropical_0.0001_20000_20260319_221441_relu_best.pth...20260319_223327
At epoch 1466, test loss = 0.4948
...model saved to 15_exp/models/FloydWarshallDataset_tropical_0.0001_20000_20260319_221441_relu_best.pth...20260319_223328
At epoch 1467, test loss = 0.4922
...model saved to 15_exp/models/FloydWarshallDataset_tropical_0.0001_20000_20260319_221441_relu_best.pth...20260319_223329
At epoch 1488, test loss = 0.4888
...model saved to 15_exp/models/FloydWarshallDataset_tropical_0.0001_20000_20260319_221441_relu_best.pth...20260319_223344
At epoch 1496, test loss = 0.4862
...model saved to 15_exp/models/FloydWarshallDataset_tropical_0.0001_20000_20260319_221441_relu_best.pth...20260319_223350
At epoch 1509, test loss = 0.4861
...model saved to 15_exp/models/FloydWarshallDataset_tropical_0.0001_20000_20260319_221441_relu_best.pth...20260319_223400
At epoch 1514, test loss = 0.4861
...model saved to 15_exp/models/FloydWarshallDataset_tropical_0.0001_20000_20260319_221441_relu_best.pth...20260319_223404
At epoch 1516, test loss = 0.4851
...model saved to 15_exp/models/FloydWarshallDataset_tropical_0.0001_20000_20260319_221441_relu_best.pth...20260319_223405
At epoch 1529, test loss = 0.4814
...model saved to 15_exp/models/FloydWarshallDataset_tropical_0.0001_20000_20260319_221441_relu_best.pth...20260319_223415
At epoch 1535, test loss = 0.4795
...model saved to 15_exp/models/FloydWarshallDataset_tropical_0.0001_20000_20260319_221441_relu_best.pth...20260319_223419
At epoch 1539, test loss = 0.4722
...model saved to 15_exp/models/FloydWarshallDataset_tropical_0.0001_20000_20260319_221441_relu_best.pth...20260319_223422
At epoch 1563, test loss = 0.4719
...model saved to 15_exp/models/FloydWarshallDataset_tropical_0.0001_20000_20260319_221441_relu_best.pth...20260319_223440
At epoch 1564, test loss = 0.4675
...model saved to 15_exp/models/FloydWarshallDataset_tropical_0.0001_20000_20260319_221441_relu_best.pth...20260319_223441
At epoch 1578, test loss = 0.4642
...model saved to 15_exp/models/FloydWarshallDataset_tropical_0.0001_20000_20260319_221441_relu_best.pth...20260319_223451
At epoch 1579, test loss = 0.4568
...model saved to 15_exp/models/FloydWarshallDataset_tropical_0.0001_20000_20260319_221441_relu_best.pth...20260319_223452
At epoch 1612, test loss = 0.4567
...model saved to 15_exp/models/FloydWarshallDataset_tropical_0.0001_20000_20260319_221441_relu_best.pth...20260319_223516
At epoch 1627, test loss = 0.4506
...model saved to 15_exp/models/FloydWarshallDataset_tropical_0.0001_20000_20260319_221441_relu_best.pth...20260319_223527
At epoch 1638, test loss = 0.4445
...model saved to 15_exp/models/FloydWarshallDataset_tropical_0.0001_20000_20260319_221441_relu_best.pth...20260319_223535
At epoch 1676, test loss = 0.4396
...model saved to 15_exp/models/FloydWarshallDataset_tropical_0.0001_20000_20260319_221441_relu_best.pth...20260319_223603
At epoch 1690, test loss = 0.4347
...model saved to 15_exp/models/FloydWarshallDataset_tropical_0.0001_20000_20260319_221441_relu_best.pth...20260319_223614
At epoch 1708, test loss = 0.4335
...model saved to 15_exp/models/FloydWarshallDataset_tropical_0.0001_20000_20260319_221441_relu_best.pth...20260319_223627
At epoch 1727, test loss = 0.4330
...model saved to 15_exp/models/FloydWarshallDataset_tropical_0.0001_20000_20260319_221441_relu_best.pth...20260319_223641
At epoch 1731, test loss = 0.4327
...model saved to 15_exp/models/FloydWarshallDataset_tropical_0.0001_20000_20260319_221441_relu_best.pth...20260319_223644
At epoch 1732, test loss = 0.4279
...model saved to 15_exp/models/FloydWarshallDataset_tropical_0.0001_20000_20260319_221441_relu_best.pth...20260319_223645
At epoch 1734, test loss = 0.4275
...model saved to 15_exp/models/FloydWarshallDataset_tropical_0.0001_20000_20260319_221441_relu_best.pth...20260319_223646
At epoch 1741, test loss = 0.4220
...model saved to 15_exp/models/FloydWarshallDataset_tropical_0.0001_20000_20260319_221441_relu_best.pth...20260319_223651
At epoch 1770, test loss = 0.4202
...model saved to 15_exp/models/FloydWarshallDataset_tropical_0.0001_20000_20260319_221441_relu_best.pth...20260319_223713
At epoch 1771, test loss = 0.4155
...model saved to 15_exp/models/FloydWarshallDataset_tropical_0.0001_20000_20260319_221441_relu_best.pth...20260319_223714
At epoch 1786, test loss = 0.4137
...model saved to 15_exp/models/FloydWarshallDataset_tropical_0.0001_20000_20260319_221441_relu_best.pth...20260319_223725
At epoch 1808, test loss = 0.4115
...model saved to 15_exp/models/FloydWarshallDataset_tropical_0.0001_20000_20260319_221441_relu_best.pth...20260319_223741
At epoch 1822, test loss = 0.4071
...model saved to 15_exp/models/FloydWarshallDataset_tropical_0.0001_20000_20260319_221441_relu_best.pth...20260319_223752
At epoch 1823, test loss = 0.4021
...model saved to 15_exp/models/FloydWarshallDataset_tropical_0.0001_20000_20260319_221441_relu_best.pth...20260319_223753
At epoch 1838, test loss = 0.3995
...model saved to 15_exp/models/FloydWarshallDataset_tropical_0.0001_20000_20260319_221441_relu_best.pth...20260319_223804
At epoch 1852, test loss = 0.3995
...model saved to 15_exp/models/FloydWarshallDataset_tropical_0.0001_20000_20260319_221441_relu_best.pth...20260319_223814
At epoch 1856, test loss = 0.3993
...model saved to 15_exp/models/FloydWarshallDataset_tropical_0.0001_20000_20260319_221441_relu_best.pth...20260319_223817
At epoch 1880, test loss = 0.3973
...model saved to 15_exp/models/FloydWarshallDataset_tropical_0.0001_20000_20260319_221441_relu_best.pth...20260319_223835
At epoch 1882, test loss = 0.3918
...model saved to 15_exp/models/FloydWarshallDataset_tropical_0.0001_20000_20260319_221441_relu_best.pth...20260319_223836
At epoch 1890, test loss = 0.3880
...model saved to 15_exp/models/FloydWarshallDataset_tropical_0.0001_20000_20260319_221441_relu_best.pth...20260319_223842
At epoch 1914, test loss = 0.3870
...model saved to 15_exp/models/FloydWarshallDataset_tropical_0.0001_20000_20260319_221441_relu_best.pth...20260319_223900
At epoch 1952, test loss = 0.3868
...model saved to 15_exp/models/FloydWarshallDataset_tropical_0.0001_20000_20260319_221441_relu_best.pth...20260319_223927
At epoch 1974, test loss = 0.3777
...model saved to 15_exp/models/FloydWarshallDataset_tropical_0.0001_20000_20260319_221441_relu_best.pth...20260319_223944
At epoch 1998, test loss = 0.3771
...model saved to 15_exp/models/FloydWarshallDataset_tropical_0.0001_20000_20260319_221441_relu_best.pth...20260319_224001
At epoch 2014, test loss = 0.3747
...model saved to 15_exp/models/FloydWarshallDataset_tropical_0.0001_20000_20260319_221441_relu_best.pth...20260319_224013
At epoch 2022, test loss = 0.3733
...model saved to 15_exp/models/FloydWarshallDataset_tropical_0.0001_20000_20260319_221441_relu_best.pth...20260319_224019
At epoch 2025, test loss = 0.3726
...model saved to 15_exp/models/FloydWarshallDataset_tropical_0.0001_20000_20260319_221441_relu_best.pth...20260319_224021
At epoch 2038, test loss = 0.3695
...model saved to 15_exp/models/FloydWarshallDataset_tropical_0.0001_20000_20260319_221441_relu_best.pth...20260319_224031
At epoch 2044, test loss = 0.3687
...model saved to 15_exp/models/FloydWarshallDataset_tropical_0.0001_20000_20260319_221441_relu_best.pth...20260319_224036
At epoch 2071, test loss = 0.3685
...model saved to 15_exp/models/FloydWarshallDataset_tropical_0.0001_20000_20260319_221441_relu_best.pth...20260319_224056
At epoch 2073, test loss = 0.3671
...model saved to 15_exp/models/FloydWarshallDataset_tropical_0.0001_20000_20260319_221441_relu_best.pth...20260319_224057
At epoch 2074, test loss = 0.3624
...model saved to 15_exp/models/FloydWarshallDataset_tropical_0.0001_20000_20260319_221441_relu_best.pth...20260319_224058
At epoch 2080, test loss = 0.3556
...model saved to 15_exp/models/FloydWarshallDataset_tropical_0.0001_20000_20260319_221441_relu_best.pth...20260319_224103
At epoch 2138, test loss = 0.3531
...model saved to 15_exp/models/FloydWarshallDataset_tropical_0.0001_20000_20260319_221441_relu_best.pth...20260319_224146
At epoch 2140, test loss = 0.3488
...model saved to 15_exp/models/FloydWarshallDataset_tropical_0.0001_20000_20260319_221441_relu_best.pth...20260319_224147
At epoch 2198, test loss = 0.3478
...model saved to 15_exp/models/FloydWarshallDataset_tropical_0.0001_20000_20260319_221441_relu_best.pth...20260319_224231
At epoch 2200, test loss = 0.3474
...model saved to 15_exp/models/FloydWarshallDataset_tropical_0.0001_20000_20260319_221441_relu_best.pth...20260319_224232
At epoch 2202, test loss = 0.3346
...model saved to 15_exp/models/FloydWarshallDataset_tropical_0.0001_20000_20260319_221441_relu_best.pth...20260319_224234
At epoch 2264, test loss = 0.3291
...model saved to 15_exp/models/FloydWarshallDataset_tropical_0.0001_20000_20260319_221441_relu_best.pth...20260319_224320
At epoch 2296, test loss = 0.3279
...model saved to 15_exp/models/FloydWarshallDataset_tropical_0.0001_20000_20260319_221441_relu_best.pth...20260319_224344
At epoch 2337, test loss = 0.3255
...model saved to 15_exp/models/FloydWarshallDataset_tropical_0.0001_20000_20260319_221441_relu_best.pth...20260319_224414
At epoch 2347, test loss = 0.3207
...model saved to 15_exp/models/FloydWarshallDataset_tropical_0.0001_20000_20260319_221441_relu_best.pth...20260319_224422
At epoch 2368, test loss = 0.3182
...model saved to 15_exp/models/FloydWarshallDataset_tropical_0.0001_20000_20260319_221441_relu_best.pth...20260319_224437
At epoch 2398, test loss = 0.3142
...model saved to 15_exp/models/FloydWarshallDataset_tropical_0.0001_20000_20260319_221441_relu_best.pth...20260319_224459
At epoch 2416, test loss = 0.3131
...model saved to 15_exp/models/FloydWarshallDataset_tropical_0.0001_20000_20260319_221441_relu_best.pth...20260319_224512
At epoch 2473, test loss = 0.3056
...model saved to 15_exp/models/FloydWarshallDataset_tropical_0.0001_20000_20260319_221441_relu_best.pth...20260319_224553
At epoch 2480, test loss = 0.3049
...model saved to 15_exp/models/FloydWarshallDataset_tropical_0.0001_20000_20260319_221441_relu_best.pth...20260319_224559
At epoch 2533, test loss = 0.2997
...model saved to 15_exp/models/FloydWarshallDataset_tropical_0.0001_20000_20260319_221441_relu_best.pth...20260319_224637
At epoch 2568, test loss = 0.2990
...model saved to 15_exp/models/FloydWarshallDataset_tropical_0.0001_20000_20260319_221441_relu_best.pth...20260319_224703
At epoch 2595, test loss = 0.2946
...model saved to 15_exp/models/FloydWarshallDataset_tropical_0.0001_20000_20260319_221441_relu_best.pth...20260319_224723
At epoch 2608, test loss = 0.2940
...model saved to 15_exp/models/FloydWarshallDataset_tropical_0.0001_20000_20260319_221441_relu_best.pth...20260319_224732
At epoch 2631, test loss = 0.2931
...model saved to 15_exp/models/FloydWarshallDataset_tropical_0.0001_20000_20260319_221441_relu_best.pth...20260319_224749
At epoch 2640, test loss = 0.2881
...model saved to 15_exp/models/FloydWarshallDataset_tropical_0.0001_20000_20260319_221441_relu_best.pth...20260319_224756
At epoch 2680, test loss = 0.2845
...model saved to 15_exp/models/FloydWarshallDataset_tropical_0.0001_20000_20260319_221441_relu_best.pth...20260319_224825
At epoch 2681, test loss = 0.2812
...model saved to 15_exp/models/FloydWarshallDataset_tropical_0.0001_20000_20260319_221441_relu_best.pth...20260319_224826
At epoch 2683, test loss = 0.2796
...model saved to 15_exp/models/FloydWarshallDataset_tropical_0.0001_20000_20260319_221441_relu_best.pth...20260319_224828
At epoch 2763, test loss = 0.2736
...model saved to 15_exp/models/FloydWarshallDataset_tropical_0.0001_20000_20260319_221441_relu_best.pth...20260319_224927
At epoch 2827, test loss = 0.2692
...model saved to 15_exp/models/FloydWarshallDataset_tropical_0.0001_20000_20260319_221441_relu_best.pth...20260319_225014
At epoch 2883, test loss = 0.2665
...model saved to 15_exp/models/FloydWarshallDataset_tropical_0.0001_20000_20260319_221441_relu_best.pth...20260319_225054
At epoch 2947, test loss = 0.2651
...model saved to 15_exp/models/FloydWarshallDataset_tropical_0.0001_20000_20260319_221441_relu_best.pth...20260319_225142
At epoch 2988, test loss = 0.2634
...model saved to 15_exp/models/FloydWarshallDataset_tropical_0.0001_20000_20260319_221441_relu_best.pth...20260319_225212
At epoch 3022, test loss = 0.2553
...model saved to 15_exp/models/FloydWarshallDataset_tropical_0.0001_20000_20260319_221441_relu_best.pth...20260319_225237
At epoch 3081, test loss = 0.2550
...model saved to 15_exp/models/FloydWarshallDataset_tropical_0.0001_20000_20260319_221441_relu_best.pth...20260319_225320
At epoch 3106, test loss = 0.2542
...model saved to 15_exp/models/FloydWarshallDataset_tropical_0.0001_20000_20260319_221441_relu_best.pth...20260319_225339
At epoch 3113, test loss = 0.2536
...model saved to 15_exp/models/FloydWarshallDataset_tropical_0.0001_20000_20260319_221441_relu_best.pth...20260319_225344
At epoch 3129, test loss = 0.2533
...model saved to 15_exp/models/FloydWarshallDataset_tropical_0.0001_20000_20260319_221441_relu_best.pth...20260319_225356
At epoch 3154, test loss = 0.2527
...model saved to 15_exp/models/FloydWarshallDataset_tropical_0.0001_20000_20260319_221441_relu_best.pth...20260319_225414
At epoch 3156, test loss = 0.2447
...model saved to 15_exp/models/FloydWarshallDataset_tropical_0.0001_20000_20260319_221441_relu_best.pth...20260319_225416
At epoch 3187, test loss = 0.2412
...model saved to 15_exp/models/FloydWarshallDataset_tropical_0.0001_20000_20260319_221441_relu_best.pth...20260319_225438
At epoch 3260, test loss = 0.2380
...model saved to 15_exp/models/FloydWarshallDataset_tropical_0.0001_20000_20260319_221441_relu_best.pth...20260319_225532
At epoch 3335, test loss = 0.2355
...model saved to 15_exp/models/FloydWarshallDataset_tropical_0.0001_20000_20260319_221441_relu_best.pth...20260319_225624
At epoch 3336, test loss = 0.2341
...model saved to 15_exp/models/FloydWarshallDataset_tropical_0.0001_20000_20260319_221441_relu_best.pth...20260319_225624
At epoch 3343, test loss = 0.2325
...model saved to 15_exp/models/FloydWarshallDataset_tropical_0.0001_20000_20260319_221441_relu_best.pth...20260319_225629
At epoch 3381, test loss = 0.2313
...model saved to 15_exp/models/FloydWarshallDataset_tropical_0.0001_20000_20260319_221441_relu_best.pth...20260319_225655
At epoch 3446, test loss = 0.2291
...model saved to 15_exp/models/FloydWarshallDataset_tropical_0.0001_20000_20260319_221441_relu_best.pth...20260319_225740
At epoch 3522, test loss = 0.2200
...model saved to 15_exp/models/FloydWarshallDataset_tropical_0.0001_20000_20260319_221441_relu_best.pth...20260319_225832
At epoch 3608, test loss = 0.2187
...model saved to 15_exp/models/FloydWarshallDataset_tropical_0.0001_20000_20260319_221441_relu_best.pth...20260319_225931
At epoch 3670, test loss = 0.2128
...model saved to 15_exp/models/FloydWarshallDataset_tropical_0.0001_20000_20260319_221441_relu_best.pth...20260319_230014
At epoch 3713, test loss = 0.2107
...model saved to 15_exp/models/FloydWarshallDataset_tropical_0.0001_20000_20260319_221441_relu_best.pth...20260319_230043
At epoch 3831, test loss = 0.2016
...model saved to 15_exp/models/FloydWarshallDataset_tropical_0.0001_20000_20260319_221441_relu_best.pth...20260319_230205
At epoch 3954, test loss = 0.2005
...model saved to 15_exp/models/FloydWarshallDataset_tropical_0.0001_20000_20260319_221441_relu_best.pth...20260319_230329
At epoch 3959, test loss = 0.1962
...model saved to 15_exp/models/FloydWarshallDataset_tropical_0.0001_20000_20260319_221441_relu_best.pth...20260319_230333
At epoch 3988, test loss = 0.1936
...model saved to 15_exp/models/FloydWarshallDataset_tropical_0.0001_20000_20260319_221441_relu_best.pth...20260319_230353
At epoch 4086, test loss = 0.1906
...model saved to 15_exp/models/FloydWarshallDataset_tropical_0.0001_20000_20260319_221441_relu_best.pth...20260319_230500
At epoch 4199, test loss = 0.1887
...model saved to 15_exp/models/FloydWarshallDataset_tropical_0.0001_20000_20260319_221441_relu_best.pth...20260319_230617
At epoch 4275, test loss = 0.1873
...model saved to 15_exp/models/FloydWarshallDataset_tropical_0.0001_20000_20260319_221441_relu_best.pth...20260319_230709
At epoch 4295, test loss = 0.1814
...model saved to 15_exp/models/FloydWarshallDataset_tropical_0.0001_20000_20260319_221441_relu_best.pth...20260319_230723
At epoch 4303, test loss = 0.1790
...model saved to 15_exp/models/FloydWarshallDataset_tropical_0.0001_20000_20260319_221441_relu_best.pth...20260319_230728
At epoch 4337, test loss = 0.1787
...model saved to 15_exp/models/FloydWarshallDataset_tropical_0.0001_20000_20260319_221441_relu_best.pth...20260319_230752
At epoch 4339, test loss = 0.1774
...model saved to 15_exp/models/FloydWarshallDataset_tropical_0.0001_20000_20260319_221441_relu_best.pth...20260319_230753
At epoch 4348, test loss = 0.1711
...model saved to 15_exp/models/FloydWarshallDataset_tropical_0.0001_20000_20260319_221441_relu_best.pth...20260319_230759
At epoch 4590, test loss = 0.1641
...model saved to 15_exp/models/FloydWarshallDataset_tropical_0.0001_20000_20260319_221441_relu_best.pth...20260319_231052
At epoch 4598, test loss = 0.1635
...model saved to 15_exp/models/FloydWarshallDataset_tropical_0.0001_20000_20260319_221441_relu_best.pth...20260319_231058
At epoch 4676, test loss = 0.1630
...model saved to 15_exp/models/FloydWarshallDataset_tropical_0.0001_20000_20260319_221441_relu_best.pth...20260319_231155
At epoch 4736, test loss = 0.1618
...model saved to 15_exp/models/FloydWarshallDataset_tropical_0.0001_20000_20260319_221441_relu_best.pth...20260319_231239
At epoch 4749, test loss = 0.1592
...model saved to 15_exp/models/FloydWarshallDataset_tropical_0.0001_20000_20260319_221441_relu_best.pth...20260319_231248
At epoch 4844, test loss = 0.1547
...model saved to 15_exp/models/FloydWarshallDataset_tropical_0.0001_20000_20260319_221441_relu_best.pth...20260319_231358
At epoch 5166, test loss = 0.1512
...model saved to 15_exp/models/FloydWarshallDataset_tropical_0.0001_20000_20260319_221441_relu_best.pth...20260319_231754
At epoch 5245, test loss = 0.1495
...model saved to 15_exp/models/FloydWarshallDataset_tropical_0.0001_20000_20260319_221441_relu_best.pth...20260319_231852
At epoch 5297, test loss = 0.1489
...model saved to 15_exp/models/FloydWarshallDataset_tropical_0.0001_20000_20260319_221441_relu_best.pth...20260319_231930
At epoch 5305, test loss = 0.1425
...model saved to 15_exp/models/FloydWarshallDataset_tropical_0.0001_20000_20260319_221441_relu_best.pth...20260319_231936
At epoch 5324, test loss = 0.1359
...model saved to 15_exp/models/FloydWarshallDataset_tropical_0.0001_20000_20260319_221441_relu_best.pth...20260319_231949
At epoch 5462, test loss = 0.1265
...model saved to 15_exp/models/FloydWarshallDataset_tropical_0.0001_20000_20260319_221441_relu_best.pth...20260319_232123
At epoch 5618, test loss = 0.1256
...model saved to 15_exp/models/FloydWarshallDataset_tropical_0.0001_20000_20260319_221441_relu_best.pth...20260319_232311
At epoch 5642, test loss = 0.1219
...model saved to 15_exp/models/FloydWarshallDataset_tropical_0.0001_20000_20260319_221441_relu_best.pth...20260319_232327
At epoch 5717, test loss = 0.1193
...model saved to 15_exp/models/FloydWarshallDataset_tropical_0.0001_20000_20260319_221441_relu_best.pth...20260319_232422
At epoch 5951, test loss = 0.1184
...model saved to 15_exp/models/FloydWarshallDataset_tropical_0.0001_20000_20260319_221441_relu_best.pth...20260319_232712
At epoch 6399, test loss = 0.1091
...model saved to 15_exp/models/FloydWarshallDataset_tropical_0.0001_20000_20260319_221441_relu_best.pth...20260319_233222
At epoch 6560, test loss = 0.1083
...model saved to 15_exp/models/FloydWarshallDataset_tropical_0.0001_20000_20260319_221441_relu_best.pth...20260319_233413
At epoch 6936, test loss = 0.1021
...model saved to 15_exp/models/FloydWarshallDataset_tropical_0.0001_20000_20260319_221441_relu_best.pth...20260319_233827
At epoch 7061, test loss = 0.0996
...model saved to 15_exp/models/FloydWarshallDataset_tropical_0.0001_20000_20260319_221441_relu_best.pth...20260319_233952
At epoch 7154, test loss = 0.0964
...model saved to 15_exp/models/FloydWarshallDataset_tropical_0.0001_20000_20260319_221441_relu_best.pth...20260319_234055
At epoch 7320, test loss = 0.0961
...model saved to 15_exp/models/FloydWarshallDataset_tropical_0.0001_20000_20260319_221441_relu_best.pth...20260319_234247
At epoch 7615, test loss = 0.0932
...model saved to 15_exp/models/FloydWarshallDataset_tropical_0.0001_20000_20260319_221441_relu_best.pth...20260319_234618
At epoch 7678, test loss = 0.0893
...model saved to 15_exp/models/FloydWarshallDataset_tropical_0.0001_20000_20260319_221441_relu_best.pth...20260319_234704
At epoch 8124, test loss = 0.0892
...model saved to 15_exp/models/FloydWarshallDataset_tropical_0.0001_20000_20260319_221441_relu_best.pth...20260319_235225
At epoch 8297, test loss = 0.0873
...model saved to 15_exp/models/FloydWarshallDataset_tropical_0.0001_20000_20260319_221441_relu_best.pth...20260319_235426
At epoch 8377, test loss = 0.0811
...model saved to 15_exp/models/FloydWarshallDataset_tropical_0.0001_20000_20260319_221441_relu_best.pth...20260319_235521
At epoch 9334, test loss = 0.0804
...model saved to 15_exp/models/FloydWarshallDataset_tropical_0.0001_20000_20260319_221441_relu_best.pth...20260320_000610
At epoch 9454, test loss = 0.0789
...model saved to 15_exp/models/FloydWarshallDataset_tropical_0.0001_20000_20260319_221441_relu_best.pth...20260320_000732
At epoch 9595, test loss = 0.0772
...model saved to 15_exp/models/FloydWarshallDataset_tropical_0.0001_20000_20260319_221441_relu_best.pth...20260320_000907
At epoch 9633, test loss = 0.0748
...model saved to 15_exp/models/FloydWarshallDataset_tropical_0.0001_20000_20260319_221441_relu_best.pth...20260320_000933
At epoch 9735, test loss = 0.0741
...model saved to 15_exp/models/FloydWarshallDataset_tropical_0.0001_20000_20260319_221441_relu_best.pth...20260320_001041
At epoch 9873, test loss = 0.0724
...model saved to 15_exp/models/FloydWarshallDataset_tropical_0.0001_20000_20260319_221441_relu_best.pth...20260320_001213
At epoch 10320, test loss = 0.0721
...model saved to 15_exp/models/FloydWarshallDataset_tropical_0.0001_20000_20260319_221441_relu_best.pth...20260320_001730
At epoch 10344, test loss = 0.0705
...model saved to 15_exp/models/FloydWarshallDataset_tropical_0.0001_20000_20260319_221441_relu_best.pth...20260320_001746
At epoch 10542, test loss = 0.0703
...model saved to 15_exp/models/FloydWarshallDataset_tropical_0.0001_20000_20260319_221441_relu_best.pth...20260320_001958
At epoch 10624, test loss = 0.0689
...model saved to 15_exp/models/FloydWarshallDataset_tropical_0.0001_20000_20260319_221441_relu_best.pth...20260320_002053
At epoch 10900, test loss = 0.0664
...model saved to 15_exp/models/FloydWarshallDataset_tropical_0.0001_20000_20260319_221441_relu_best.pth...20260320_002357
At epoch 11274, test loss = 0.0657
...model saved to 15_exp/models/FloydWarshallDataset_tropical_0.0001_20000_20260319_221441_relu_best.pth...20260320_002807
At epoch 11338, test loss = 0.0643
...model saved to 15_exp/models/FloydWarshallDataset_tropical_0.0001_20000_20260319_221441_relu_best.pth...20260320_002850
At epoch 11468, test loss = 0.0641
...model saved to 15_exp/models/FloydWarshallDataset_tropical_0.0001_20000_20260319_221441_relu_best.pth...20260320_003018
At epoch 11846, test loss = 0.0641
...model saved to 15_exp/models/FloydWarshallDataset_tropical_0.0001_20000_20260319_221441_relu_best.pth...20260320_003432
At epoch 11912, test loss = 0.0621
...model saved to 15_exp/models/FloydWarshallDataset_tropical_0.0001_20000_20260319_221441_relu_best.pth...20260320_003517
At epoch 11931, test loss = 0.0617
...model saved to 15_exp/models/FloydWarshallDataset_tropical_0.0001_20000_20260319_221441_relu_best.pth...20260320_003530
At epoch 11975, test loss = 0.0615
...model saved to 15_exp/models/FloydWarshallDataset_tropical_0.0001_20000_20260319_221441_relu_best.pth...20260320_003559
At epoch 11997, test loss = 0.0597
...model saved to 15_exp/models/FloydWarshallDataset_tropical_0.0001_20000_20260319_221441_relu_best.pth...20260320_003614
At epoch 12199, test loss = 0.0593
...model saved to 15_exp/models/FloydWarshallDataset_tropical_0.0001_20000_20260319_221441_relu_best.pth...20260320_003831
At epoch 12415, test loss = 0.0581
...model saved to 15_exp/models/FloydWarshallDataset_tropical_0.0001_20000_20260319_221441_relu_best.pth...20260320_004057
At epoch 12494, test loss = 0.0568
...model saved to 15_exp/models/FloydWarshallDataset_tropical_0.0001_20000_20260319_221441_relu_best.pth...20260320_004150
At epoch 12503, test loss = 0.0567
...model saved to 15_exp/models/FloydWarshallDataset_tropical_0.0001_20000_20260319_221441_relu_best.pth...20260320_004156
At epoch 12774, test loss = 0.0537
...model saved to 15_exp/models/FloydWarshallDataset_tropical_0.0001_20000_20260319_221441_relu_best.pth...20260320_004500
At epoch 13114, test loss = 0.0534
...model saved to 15_exp/models/FloydWarshallDataset_tropical_0.0001_20000_20260319_221441_relu_best.pth...20260320_004850
At epoch 13184, test loss = 0.0518
...model saved to 15_exp/models/FloydWarshallDataset_tropical_0.0001_20000_20260319_221441_relu_best.pth...20260320_004937
At epoch 13205, test loss = 0.0509
...model saved to 15_exp/models/FloydWarshallDataset_tropical_0.0001_20000_20260319_221441_relu_best.pth...20260320_004952
At epoch 13687, test loss = 0.0506
...model saved to 15_exp/models/FloydWarshallDataset_tropical_0.0001_20000_20260319_221441_relu_best.pth...20260320_005530
At epoch 13742, test loss = 0.0502
...model saved to 15_exp/models/FloydWarshallDataset_tropical_0.0001_20000_20260319_221441_relu_best.pth...20260320_005609
At epoch 13814, test loss = 0.0490
...model saved to 15_exp/models/FloydWarshallDataset_tropical_0.0001_20000_20260319_221441_relu_best.pth...20260320_005700
At epoch 14045, test loss = 0.0486
...model saved to 15_exp/models/FloydWarshallDataset_tropical_0.0001_20000_20260319_221441_relu_best.pth...20260320_005939
At epoch 14229, test loss = 0.0472
...model saved to 15_exp/models/FloydWarshallDataset_tropical_0.0001_20000_20260319_221441_relu_best.pth...20260320_010142
At epoch 14477, test loss = 0.0471
...model saved to 15_exp/models/FloydWarshallDataset_tropical_0.0001_20000_20260319_221441_relu_best.pth...20260320_010432
At epoch 14540, test loss = 0.0460
...model saved to 15_exp/models/FloydWarshallDataset_tropical_0.0001_20000_20260319_221441_relu_best.pth...20260320_010514
At epoch 14553, test loss = 0.0453
...model saved to 15_exp/models/FloydWarshallDataset_tropical_0.0001_20000_20260319_221441_relu_best.pth...20260320_010523
At epoch 14932, test loss = 0.0451
...model saved to 15_exp/models/FloydWarshallDataset_tropical_0.0001_20000_20260319_221441_relu_best.pth...20260320_010937
At epoch 14992, test loss = 0.0445
...model saved to 15_exp/models/FloydWarshallDataset_tropical_0.0001_20000_20260319_221441_relu_best.pth...20260320_011018
At epoch 15279, test loss = 0.0426
...model saved to 15_exp/models/FloydWarshallDataset_tropical_0.0001_20000_20260319_221441_relu_best.pth...20260320_011332
At epoch 15350, test loss = 0.0412
...model saved to 15_exp/models/FloydWarshallDataset_tropical_0.0001_20000_20260319_221441_relu_best.pth...20260320_011419
At epoch 15982, test loss = 0.0410
...model saved to 15_exp/models/FloydWarshallDataset_tropical_0.0001_20000_20260319_221441_relu_best.pth...20260320_012127
At epoch 16034, test loss = 0.0404
...model saved to 15_exp/models/FloydWarshallDataset_tropical_0.0001_20000_20260319_221441_relu_best.pth...20260320_012202
At epoch 16298, test loss = 0.0385
...model saved to 15_exp/models/FloydWarshallDataset_tropical_0.0001_20000_20260319_221441_relu_best.pth...20260320_012501
At epoch 16636, test loss = 0.0384
...model saved to 15_exp/models/FloydWarshallDataset_tropical_0.0001_20000_20260319_221441_relu_best.pth...20260320_012849
At epoch 16804, test loss = 0.0382
...model saved to 15_exp/models/FloydWarshallDataset_tropical_0.0001_20000_20260319_221441_relu_best.pth...20260320_013042
At epoch 16985, test loss = 0.0380
...model saved to 15_exp/models/FloydWarshallDataset_tropical_0.0001_20000_20260319_221441_relu_best.pth...20260320_013244
At epoch 17029, test loss = 0.0377
...model saved to 15_exp/models/FloydWarshallDataset_tropical_0.0001_20000_20260319_221441_relu_best.pth...20260320_013314
At epoch 17192, test loss = 0.0371
...model saved to 15_exp/models/FloydWarshallDataset_tropical_0.0001_20000_20260319_221441_relu_best.pth...20260320_013504
At epoch 17486, test loss = 0.0365
...model saved to 15_exp/models/FloydWarshallDataset_tropical_0.0001_20000_20260319_221441_relu_best.pth...20260320_013822
At epoch 17561, test loss = 0.0360
...model saved to 15_exp/models/FloydWarshallDataset_tropical_0.0001_20000_20260319_221441_relu_best.pth...20260320_013913
At epoch 17580, test loss = 0.0357
...model saved to 15_exp/models/FloydWarshallDataset_tropical_0.0001_20000_20260319_221441_relu_best.pth...20260320_013926
At epoch 17835, test loss = 0.0348
...model saved to 15_exp/models/FloydWarshallDataset_tropical_0.0001_20000_20260319_221441_relu_best.pth...20260320_014219
At epoch 18231, test loss = 0.0346
...model saved to 15_exp/models/FloydWarshallDataset_tropical_0.0001_20000_20260319_221441_relu_best.pth...20260320_014647
...plot saved to 15_exp/plots/plots_FloydWarshallDataset_tropical_0.0001_20000_20260319_221441_relu.png...
