CUDA available? True
GPU device: NVIDIA A100-SXM4-80GB
CUDA_VISIBLE_DEVICES=0,1,2,3
SLURM_JOB_GPUS=0,1,2,3

 Running config: {'task': 'train', 'model_type': 'vanilla', 'dataset_name': 'FloydWarshallDataset', 'input_dim': 3, 'd_model': 32, 'n_heads': 4, 'num_layers': 4, 'num_epochs': 20000, 'dropout': 0.05, 'lr': 0.0001, 'seed': 999, 'n_samples': 50000, 'batch_size': 1000, 'target_range': 'na', 'weight_range': 'na', 'adversarial_range': '(10,20)', 'length_range': '(8,8)', 'noise_prob': 0, 'value_range': '(1,15)'}
FloydWarshallDataset_vanilla_0.0001_20000_20260213_100606_relu
...setting dataloader...20260213_100606
...setting model object...20260213_100621
...training model...20260213_100621
At epoch 0, test loss = 417.0257
...model saved to 15_exp/models/FloydWarshallDataset_vanilla_0.0001_20000_20260213_100606_relu_best.pth...20260213_100919
At epoch 1, test loss = 413.2171
...model saved to 15_exp/models/FloydWarshallDataset_vanilla_0.0001_20000_20260213_100606_relu_best.pth...20260213_100920
At epoch 2, test loss = 408.0415
...model saved to 15_exp/models/FloydWarshallDataset_vanilla_0.0001_20000_20260213_100606_relu_best.pth...20260213_100920
At epoch 3, test loss = 401.9001
...model saved to 15_exp/models/FloydWarshallDataset_vanilla_0.0001_20000_20260213_100606_relu_best.pth...20260213_100921
At epoch 4, test loss = 394.7299
...model saved to 15_exp/models/FloydWarshallDataset_vanilla_0.0001_20000_20260213_100606_relu_best.pth...20260213_100922
At epoch 5, test loss = 386.0791
...model saved to 15_exp/models/FloydWarshallDataset_vanilla_0.0001_20000_20260213_100606_relu_best.pth...20260213_100922
At epoch 6, test loss = 375.7269
...model saved to 15_exp/models/FloydWarshallDataset_vanilla_0.0001_20000_20260213_100606_relu_best.pth...20260213_100923
At epoch 7, test loss = 363.8015
...model saved to 15_exp/models/FloydWarshallDataset_vanilla_0.0001_20000_20260213_100606_relu_best.pth...20260213_100924
At epoch 8, test loss = 350.4621
...model saved to 15_exp/models/FloydWarshallDataset_vanilla_0.0001_20000_20260213_100606_relu_best.pth...20260213_100924
At epoch 9, test loss = 335.8643
...model saved to 15_exp/models/FloydWarshallDataset_vanilla_0.0001_20000_20260213_100606_relu_best.pth...20260213_100925
At epoch 10, test loss = 320.1779
...model saved to 15_exp/models/FloydWarshallDataset_vanilla_0.0001_20000_20260213_100606_relu_best.pth...20260213_100926
At epoch 11, test loss = 303.6516
...model saved to 15_exp/models/FloydWarshallDataset_vanilla_0.0001_20000_20260213_100606_relu_best.pth...20260213_100927
At epoch 12, test loss = 286.5453
...model saved to 15_exp/models/FloydWarshallDataset_vanilla_0.0001_20000_20260213_100606_relu_best.pth...20260213_100927
At epoch 13, test loss = 269.1355
...model saved to 15_exp/models/FloydWarshallDataset_vanilla_0.0001_20000_20260213_100606_relu_best.pth...20260213_100928
At epoch 14, test loss = 251.7114
...model saved to 15_exp/models/FloydWarshallDataset_vanilla_0.0001_20000_20260213_100606_relu_best.pth...20260213_100929
At epoch 15, test loss = 234.5914
...model saved to 15_exp/models/FloydWarshallDataset_vanilla_0.0001_20000_20260213_100606_relu_best.pth...20260213_100930
At epoch 16, test loss = 218.0150
...model saved to 15_exp/models/FloydWarshallDataset_vanilla_0.0001_20000_20260213_100606_relu_best.pth...20260213_100931
At epoch 17, test loss = 202.2585
...model saved to 15_exp/models/FloydWarshallDataset_vanilla_0.0001_20000_20260213_100606_relu_best.pth...20260213_100931
At epoch 18, test loss = 187.5313
...model saved to 15_exp/models/FloydWarshallDataset_vanilla_0.0001_20000_20260213_100606_relu_best.pth...20260213_100932
At epoch 19, test loss = 174.0221
...model saved to 15_exp/models/FloydWarshallDataset_vanilla_0.0001_20000_20260213_100606_relu_best.pth...20260213_100933
At epoch 20, test loss = 161.8719
...model saved to 15_exp/models/FloydWarshallDataset_vanilla_0.0001_20000_20260213_100606_relu_best.pth...20260213_100934
At epoch 21, test loss = 151.1500
...model saved to 15_exp/models/FloydWarshallDataset_vanilla_0.0001_20000_20260213_100606_relu_best.pth...20260213_100934
At epoch 22, test loss = 141.8772
...model saved to 15_exp/models/FloydWarshallDataset_vanilla_0.0001_20000_20260213_100606_relu_best.pth...20260213_100935
At epoch 23, test loss = 134.0169
...model saved to 15_exp/models/FloydWarshallDataset_vanilla_0.0001_20000_20260213_100606_relu_best.pth...20260213_100936
At epoch 24, test loss = 127.5076
...model saved to 15_exp/models/FloydWarshallDataset_vanilla_0.0001_20000_20260213_100606_relu_best.pth...20260213_100937
At epoch 25, test loss = 122.2059
...model saved to 15_exp/models/FloydWarshallDataset_vanilla_0.0001_20000_20260213_100606_relu_best.pth...20260213_100937
At epoch 26, test loss = 117.9875
...model saved to 15_exp/models/FloydWarshallDataset_vanilla_0.0001_20000_20260213_100606_relu_best.pth...20260213_100938
At epoch 27, test loss = 114.6568
...model saved to 15_exp/models/FloydWarshallDataset_vanilla_0.0001_20000_20260213_100606_relu_best.pth...20260213_100939
At epoch 28, test loss = 112.1132
...model saved to 15_exp/models/FloydWarshallDataset_vanilla_0.0001_20000_20260213_100606_relu_best.pth...20260213_100940
At epoch 29, test loss = 110.1669
...model saved to 15_exp/models/FloydWarshallDataset_vanilla_0.0001_20000_20260213_100606_relu_best.pth...20260213_100941
At epoch 30, test loss = 108.6851
...model saved to 15_exp/models/FloydWarshallDataset_vanilla_0.0001_20000_20260213_100606_relu_best.pth...20260213_100942
At epoch 31, test loss = 107.5767
...model saved to 15_exp/models/FloydWarshallDataset_vanilla_0.0001_20000_20260213_100606_relu_best.pth...20260213_100943
At epoch 32, test loss = 106.7367
...model saved to 15_exp/models/FloydWarshallDataset_vanilla_0.0001_20000_20260213_100606_relu_best.pth...20260213_100944
At epoch 33, test loss = 106.0972
...model saved to 15_exp/models/FloydWarshallDataset_vanilla_0.0001_20000_20260213_100606_relu_best.pth...20260213_100945
At epoch 34, test loss = 105.6114
...model saved to 15_exp/models/FloydWarshallDataset_vanilla_0.0001_20000_20260213_100606_relu_best.pth...20260213_100945
At epoch 35, test loss = 105.2362
...model saved to 15_exp/models/FloydWarshallDataset_vanilla_0.0001_20000_20260213_100606_relu_best.pth...20260213_100946
At epoch 36, test loss = 104.9411
...model saved to 15_exp/models/FloydWarshallDataset_vanilla_0.0001_20000_20260213_100606_relu_best.pth...20260213_100947
At epoch 37, test loss = 104.7110
...model saved to 15_exp/models/FloydWarshallDataset_vanilla_0.0001_20000_20260213_100606_relu_best.pth...20260213_100948
At epoch 38, test loss = 104.5244
...model saved to 15_exp/models/FloydWarshallDataset_vanilla_0.0001_20000_20260213_100606_relu_best.pth...20260213_100948
At epoch 39, test loss = 104.3476
...model saved to 15_exp/models/FloydWarshallDataset_vanilla_0.0001_20000_20260213_100606_relu_best.pth...20260213_100949
At epoch 40, test loss = 102.3015
...model saved to 15_exp/models/FloydWarshallDataset_vanilla_0.0001_20000_20260213_100606_relu_best.pth...20260213_100950
At epoch 41, test loss = 100.3485
...model saved to 15_exp/models/FloydWarshallDataset_vanilla_0.0001_20000_20260213_100606_relu_best.pth...20260213_100951
At epoch 42, test loss = 99.4580
...model saved to 15_exp/models/FloydWarshallDataset_vanilla_0.0001_20000_20260213_100606_relu_best.pth...20260213_100951
At epoch 43, test loss = 98.7081
...model saved to 15_exp/models/FloydWarshallDataset_vanilla_0.0001_20000_20260213_100606_relu_best.pth...20260213_100952
At epoch 44, test loss = 98.1309
...model saved to 15_exp/models/FloydWarshallDataset_vanilla_0.0001_20000_20260213_100606_relu_best.pth...20260213_100953
At epoch 45, test loss = 97.6474
...model saved to 15_exp/models/FloydWarshallDataset_vanilla_0.0001_20000_20260213_100606_relu_best.pth...20260213_100954
At epoch 46, test loss = 97.2266
...model saved to 15_exp/models/FloydWarshallDataset_vanilla_0.0001_20000_20260213_100606_relu_best.pth...20260213_100955
At epoch 47, test loss = 96.8756
...model saved to 15_exp/models/FloydWarshallDataset_vanilla_0.0001_20000_20260213_100606_relu_best.pth...20260213_100955
At epoch 48, test loss = 96.5404
...model saved to 15_exp/models/FloydWarshallDataset_vanilla_0.0001_20000_20260213_100606_relu_best.pth...20260213_100956
At epoch 49, test loss = 96.2524
...model saved to 15_exp/models/FloydWarshallDataset_vanilla_0.0001_20000_20260213_100606_relu_best.pth...20260213_100957
At epoch 50, test loss = 96.0015
...model saved to 15_exp/models/FloydWarshallDataset_vanilla_0.0001_20000_20260213_100606_relu_best.pth...20260213_100958
At epoch 51, test loss = 95.7655
...model saved to 15_exp/models/FloydWarshallDataset_vanilla_0.0001_20000_20260213_100606_relu_best.pth...20260213_100958
At epoch 52, test loss = 95.5412
...model saved to 15_exp/models/FloydWarshallDataset_vanilla_0.0001_20000_20260213_100606_relu_best.pth...20260213_100959
At epoch 53, test loss = 95.3210
...model saved to 15_exp/models/FloydWarshallDataset_vanilla_0.0001_20000_20260213_100606_relu_best.pth...20260213_101000
At epoch 54, test loss = 95.1265
...model saved to 15_exp/models/FloydWarshallDataset_vanilla_0.0001_20000_20260213_100606_relu_best.pth...20260213_101001
At epoch 55, test loss = 94.9329
...model saved to 15_exp/models/FloydWarshallDataset_vanilla_0.0001_20000_20260213_100606_relu_best.pth...20260213_101001
At epoch 56, test loss = 94.7736
...model saved to 15_exp/models/FloydWarshallDataset_vanilla_0.0001_20000_20260213_100606_relu_best.pth...20260213_101002
At epoch 57, test loss = 94.5328
...model saved to 15_exp/models/FloydWarshallDataset_vanilla_0.0001_20000_20260213_100606_relu_best.pth...20260213_101003
At epoch 58, test loss = 94.3304
...model saved to 15_exp/models/FloydWarshallDataset_vanilla_0.0001_20000_20260213_100606_relu_best.pth...20260213_101004
At epoch 59, test loss = 94.1340
...model saved to 15_exp/models/FloydWarshallDataset_vanilla_0.0001_20000_20260213_100606_relu_best.pth...20260213_101004
At epoch 60, test loss = 93.9396
...model saved to 15_exp/models/FloydWarshallDataset_vanilla_0.0001_20000_20260213_100606_relu_best.pth...20260213_101005
At epoch 61, test loss = 93.7005
...model saved to 15_exp/models/FloydWarshallDataset_vanilla_0.0001_20000_20260213_100606_relu_best.pth...20260213_101006
At epoch 62, test loss = 93.4920
...model saved to 15_exp/models/FloydWarshallDataset_vanilla_0.0001_20000_20260213_100606_relu_best.pth...20260213_101007
At epoch 63, test loss = 93.3007
...model saved to 15_exp/models/FloydWarshallDataset_vanilla_0.0001_20000_20260213_100606_relu_best.pth...20260213_101008
At epoch 64, test loss = 93.1185
...model saved to 15_exp/models/FloydWarshallDataset_vanilla_0.0001_20000_20260213_100606_relu_best.pth...20260213_101008
At epoch 65, test loss = 92.8383
...model saved to 15_exp/models/FloydWarshallDataset_vanilla_0.0001_20000_20260213_100606_relu_best.pth...20260213_101009
At epoch 66, test loss = 92.6017
...model saved to 15_exp/models/FloydWarshallDataset_vanilla_0.0001_20000_20260213_100606_relu_best.pth...20260213_101010
At epoch 67, test loss = 92.3477
...model saved to 15_exp/models/FloydWarshallDataset_vanilla_0.0001_20000_20260213_100606_relu_best.pth...20260213_101010
At epoch 68, test loss = 92.1080
...model saved to 15_exp/models/FloydWarshallDataset_vanilla_0.0001_20000_20260213_100606_relu_best.pth...20260213_101011
At epoch 69, test loss = 91.8637
...model saved to 15_exp/models/FloydWarshallDataset_vanilla_0.0001_20000_20260213_100606_relu_best.pth...20260213_101012
At epoch 70, test loss = 91.5972
...model saved to 15_exp/models/FloydWarshallDataset_vanilla_0.0001_20000_20260213_100606_relu_best.pth...20260213_101013
At epoch 71, test loss = 91.3343
...model saved to 15_exp/models/FloydWarshallDataset_vanilla_0.0001_20000_20260213_100606_relu_best.pth...20260213_101013
At epoch 72, test loss = 91.0594
...model saved to 15_exp/models/FloydWarshallDataset_vanilla_0.0001_20000_20260213_100606_relu_best.pth...20260213_101014
At epoch 73, test loss = 90.7601
...model saved to 15_exp/models/FloydWarshallDataset_vanilla_0.0001_20000_20260213_100606_relu_best.pth...20260213_101015
At epoch 74, test loss = 90.4561
...model saved to 15_exp/models/FloydWarshallDataset_vanilla_0.0001_20000_20260213_100606_relu_best.pth...20260213_101015
At epoch 75, test loss = 90.1297
...model saved to 15_exp/models/FloydWarshallDataset_vanilla_0.0001_20000_20260213_100606_relu_best.pth...20260213_101016
At epoch 76, test loss = 89.8125
...model saved to 15_exp/models/FloydWarshallDataset_vanilla_0.0001_20000_20260213_100606_relu_best.pth...20260213_101017
At epoch 77, test loss = 89.4667
...model saved to 15_exp/models/FloydWarshallDataset_vanilla_0.0001_20000_20260213_100606_relu_best.pth...20260213_101018
At epoch 78, test loss = 89.0375
...model saved to 15_exp/models/FloydWarshallDataset_vanilla_0.0001_20000_20260213_100606_relu_best.pth...20260213_101019
At epoch 79, test loss = 88.6899
...model saved to 15_exp/models/FloydWarshallDataset_vanilla_0.0001_20000_20260213_100606_relu_best.pth...20260213_101019
At epoch 80, test loss = 88.2572
...model saved to 15_exp/models/FloydWarshallDataset_vanilla_0.0001_20000_20260213_100606_relu_best.pth...20260213_101020
At epoch 81, test loss = 87.9403
...model saved to 15_exp/models/FloydWarshallDataset_vanilla_0.0001_20000_20260213_100606_relu_best.pth...20260213_101021
At epoch 82, test loss = 87.5284
...model saved to 15_exp/models/FloydWarshallDataset_vanilla_0.0001_20000_20260213_100606_relu_best.pth...20260213_101022
At epoch 83, test loss = 87.1570
...model saved to 15_exp/models/FloydWarshallDataset_vanilla_0.0001_20000_20260213_100606_relu_best.pth...20260213_101023
At epoch 84, test loss = 86.8896
...model saved to 15_exp/models/FloydWarshallDataset_vanilla_0.0001_20000_20260213_100606_relu_best.pth...20260213_101023
At epoch 85, test loss = 86.5423
...model saved to 15_exp/models/FloydWarshallDataset_vanilla_0.0001_20000_20260213_100606_relu_best.pth...20260213_101024
At epoch 86, test loss = 86.2292
...model saved to 15_exp/models/FloydWarshallDataset_vanilla_0.0001_20000_20260213_100606_relu_best.pth...20260213_101025
At epoch 87, test loss = 85.8882
...model saved to 15_exp/models/FloydWarshallDataset_vanilla_0.0001_20000_20260213_100606_relu_best.pth...20260213_101026
At epoch 88, test loss = 85.7006
...model saved to 15_exp/models/FloydWarshallDataset_vanilla_0.0001_20000_20260213_100606_relu_best.pth...20260213_101027
At epoch 89, test loss = 85.3925
...model saved to 15_exp/models/FloydWarshallDataset_vanilla_0.0001_20000_20260213_100606_relu_best.pth...20260213_101028
At epoch 90, test loss = 85.1009
...model saved to 15_exp/models/FloydWarshallDataset_vanilla_0.0001_20000_20260213_100606_relu_best.pth...20260213_101029
At epoch 91, test loss = 84.8972
...model saved to 15_exp/models/FloydWarshallDataset_vanilla_0.0001_20000_20260213_100606_relu_best.pth...20260213_101030
At epoch 92, test loss = 84.6268
...model saved to 15_exp/models/FloydWarshallDataset_vanilla_0.0001_20000_20260213_100606_relu_best.pth...20260213_101031
At epoch 93, test loss = 84.4209
...model saved to 15_exp/models/FloydWarshallDataset_vanilla_0.0001_20000_20260213_100606_relu_best.pth...20260213_101032
At epoch 94, test loss = 84.1640
...model saved to 15_exp/models/FloydWarshallDataset_vanilla_0.0001_20000_20260213_100606_relu_best.pth...20260213_101033
At epoch 95, test loss = 83.9236
...model saved to 15_exp/models/FloydWarshallDataset_vanilla_0.0001_20000_20260213_100606_relu_best.pth...20260213_101033
At epoch 96, test loss = 83.6839
...model saved to 15_exp/models/FloydWarshallDataset_vanilla_0.0001_20000_20260213_100606_relu_best.pth...20260213_101034
At epoch 97, test loss = 83.4512
...model saved to 15_exp/models/FloydWarshallDataset_vanilla_0.0001_20000_20260213_100606_relu_best.pth...20260213_101035
At epoch 98, test loss = 83.1872
...model saved to 15_exp/models/FloydWarshallDataset_vanilla_0.0001_20000_20260213_100606_relu_best.pth...20260213_101036
At epoch 99, test loss = 82.9395
...model saved to 15_exp/models/FloydWarshallDataset_vanilla_0.0001_20000_20260213_100606_relu_best.pth...20260213_101037
At epoch 100, test loss = 82.6724
...model saved to 15_exp/models/FloydWarshallDataset_vanilla_0.0001_20000_20260213_100606_relu_best.pth...20260213_101038
At epoch 101, test loss = 82.4193
...model saved to 15_exp/models/FloydWarshallDataset_vanilla_0.0001_20000_20260213_100606_relu_best.pth...20260213_101039
At epoch 102, test loss = 82.1154
...model saved to 15_exp/models/FloydWarshallDataset_vanilla_0.0001_20000_20260213_100606_relu_best.pth...20260213_101040
At epoch 103, test loss = 81.8170
...model saved to 15_exp/models/FloydWarshallDataset_vanilla_0.0001_20000_20260213_100606_relu_best.pth...20260213_101041
At epoch 104, test loss = 81.4950
...model saved to 15_exp/models/FloydWarshallDataset_vanilla_0.0001_20000_20260213_100606_relu_best.pth...20260213_101042
At epoch 105, test loss = 81.1798
...model saved to 15_exp/models/FloydWarshallDataset_vanilla_0.0001_20000_20260213_100606_relu_best.pth...20260213_101043
At epoch 106, test loss = 80.8560
...model saved to 15_exp/models/FloydWarshallDataset_vanilla_0.0001_20000_20260213_100606_relu_best.pth...20260213_101044
At epoch 107, test loss = 80.4585
...model saved to 15_exp/models/FloydWarshallDataset_vanilla_0.0001_20000_20260213_100606_relu_best.pth...20260213_101045
At epoch 108, test loss = 80.1475
...model saved to 15_exp/models/FloydWarshallDataset_vanilla_0.0001_20000_20260213_100606_relu_best.pth...20260213_101046
At epoch 109, test loss = 79.7640
...model saved to 15_exp/models/FloydWarshallDataset_vanilla_0.0001_20000_20260213_100606_relu_best.pth...20260213_101047
At epoch 110, test loss = 79.3488
...model saved to 15_exp/models/FloydWarshallDataset_vanilla_0.0001_20000_20260213_100606_relu_best.pth...20260213_101048
At epoch 111, test loss = 79.0311
...model saved to 15_exp/models/FloydWarshallDataset_vanilla_0.0001_20000_20260213_100606_relu_best.pth...20260213_101049
At epoch 112, test loss = 78.6163
...model saved to 15_exp/models/FloydWarshallDataset_vanilla_0.0001_20000_20260213_100606_relu_best.pth...20260213_101050
At epoch 113, test loss = 78.2718
...model saved to 15_exp/models/FloydWarshallDataset_vanilla_0.0001_20000_20260213_100606_relu_best.pth...20260213_101050
At epoch 114, test loss = 77.8520
...model saved to 15_exp/models/FloydWarshallDataset_vanilla_0.0001_20000_20260213_100606_relu_best.pth...20260213_101051
At epoch 115, test loss = 77.4760
...model saved to 15_exp/models/FloydWarshallDataset_vanilla_0.0001_20000_20260213_100606_relu_best.pth...20260213_101052
At epoch 116, test loss = 77.1131
...model saved to 15_exp/models/FloydWarshallDataset_vanilla_0.0001_20000_20260213_100606_relu_best.pth...20260213_101053
At epoch 117, test loss = 76.6946
...model saved to 15_exp/models/FloydWarshallDataset_vanilla_0.0001_20000_20260213_100606_relu_best.pth...20260213_101054
At epoch 118, test loss = 76.3249
...model saved to 15_exp/models/FloydWarshallDataset_vanilla_0.0001_20000_20260213_100606_relu_best.pth...20260213_101055
At epoch 119, test loss = 75.9481
...model saved to 15_exp/models/FloydWarshallDataset_vanilla_0.0001_20000_20260213_100606_relu_best.pth...20260213_101056
At epoch 120, test loss = 75.5654
...model saved to 15_exp/models/FloydWarshallDataset_vanilla_0.0001_20000_20260213_100606_relu_best.pth...20260213_101057
At epoch 121, test loss = 75.2070
...model saved to 15_exp/models/FloydWarshallDataset_vanilla_0.0001_20000_20260213_100606_relu_best.pth...20260213_101058
At epoch 122, test loss = 74.9027
...model saved to 15_exp/models/FloydWarshallDataset_vanilla_0.0001_20000_20260213_100606_relu_best.pth...20260213_101059
At epoch 123, test loss = 74.5253
...model saved to 15_exp/models/FloydWarshallDataset_vanilla_0.0001_20000_20260213_100606_relu_best.pth...20260213_101100
At epoch 124, test loss = 74.2099
...model saved to 15_exp/models/FloydWarshallDataset_vanilla_0.0001_20000_20260213_100606_relu_best.pth...20260213_101101
At epoch 125, test loss = 73.8648
...model saved to 15_exp/models/FloydWarshallDataset_vanilla_0.0001_20000_20260213_100606_relu_best.pth...20260213_101102
At epoch 126, test loss = 73.5455
...model saved to 15_exp/models/FloydWarshallDataset_vanilla_0.0001_20000_20260213_100606_relu_best.pth...20260213_101102
At epoch 127, test loss = 73.2351
...model saved to 15_exp/models/FloydWarshallDataset_vanilla_0.0001_20000_20260213_100606_relu_best.pth...20260213_101103
At epoch 128, test loss = 72.8989
...model saved to 15_exp/models/FloydWarshallDataset_vanilla_0.0001_20000_20260213_100606_relu_best.pth...20260213_101104
At epoch 129, test loss = 72.6144
...model saved to 15_exp/models/FloydWarshallDataset_vanilla_0.0001_20000_20260213_100606_relu_best.pth...20260213_101105
At epoch 130, test loss = 72.3013
...model saved to 15_exp/models/FloydWarshallDataset_vanilla_0.0001_20000_20260213_100606_relu_best.pth...20260213_101105
At epoch 131, test loss = 72.0371
...model saved to 15_exp/models/FloydWarshallDataset_vanilla_0.0001_20000_20260213_100606_relu_best.pth...20260213_101106
At epoch 132, test loss = 71.6834
...model saved to 15_exp/models/FloydWarshallDataset_vanilla_0.0001_20000_20260213_100606_relu_best.pth...20260213_101107
At epoch 133, test loss = 71.4490
...model saved to 15_exp/models/FloydWarshallDataset_vanilla_0.0001_20000_20260213_100606_relu_best.pth...20260213_101107
At epoch 134, test loss = 71.1785
...model saved to 15_exp/models/FloydWarshallDataset_vanilla_0.0001_20000_20260213_100606_relu_best.pth...20260213_101108
At epoch 135, test loss = 70.9036
...model saved to 15_exp/models/FloydWarshallDataset_vanilla_0.0001_20000_20260213_100606_relu_best.pth...20260213_101109
At epoch 136, test loss = 70.6898
...model saved to 15_exp/models/FloydWarshallDataset_vanilla_0.0001_20000_20260213_100606_relu_best.pth...20260213_101109
At epoch 137, test loss = 70.4582
...model saved to 15_exp/models/FloydWarshallDataset_vanilla_0.0001_20000_20260213_100606_relu_best.pth...20260213_101110
At epoch 138, test loss = 70.2808
...model saved to 15_exp/models/FloydWarshallDataset_vanilla_0.0001_20000_20260213_100606_relu_best.pth...20260213_101111
At epoch 139, test loss = 70.0762
...model saved to 15_exp/models/FloydWarshallDataset_vanilla_0.0001_20000_20260213_100606_relu_best.pth...20260213_101112
At epoch 140, test loss = 69.8931
...model saved to 15_exp/models/FloydWarshallDataset_vanilla_0.0001_20000_20260213_100606_relu_best.pth...20260213_101113
At epoch 141, test loss = 69.6619
...model saved to 15_exp/models/FloydWarshallDataset_vanilla_0.0001_20000_20260213_100606_relu_best.pth...20260213_101113
At epoch 142, test loss = 69.5025
...model saved to 15_exp/models/FloydWarshallDataset_vanilla_0.0001_20000_20260213_100606_relu_best.pth...20260213_101114
At epoch 143, test loss = 69.3349
...model saved to 15_exp/models/FloydWarshallDataset_vanilla_0.0001_20000_20260213_100606_relu_best.pth...20260213_101115
At epoch 144, test loss = 69.2424
...model saved to 15_exp/models/FloydWarshallDataset_vanilla_0.0001_20000_20260213_100606_relu_best.pth...20260213_101116
At epoch 145, test loss = 69.0778
...model saved to 15_exp/models/FloydWarshallDataset_vanilla_0.0001_20000_20260213_100606_relu_best.pth...20260213_101117
At epoch 146, test loss = 68.9932
...model saved to 15_exp/models/FloydWarshallDataset_vanilla_0.0001_20000_20260213_100606_relu_best.pth...20260213_101117
At epoch 147, test loss = 68.8018
...model saved to 15_exp/models/FloydWarshallDataset_vanilla_0.0001_20000_20260213_100606_relu_best.pth...20260213_101118
At epoch 148, test loss = 68.6851
...model saved to 15_exp/models/FloydWarshallDataset_vanilla_0.0001_20000_20260213_100606_relu_best.pth...20260213_101119
At epoch 149, test loss = 68.5741
...model saved to 15_exp/models/FloydWarshallDataset_vanilla_0.0001_20000_20260213_100606_relu_best.pth...20260213_101120
At epoch 150, test loss = 68.4167
...model saved to 15_exp/models/FloydWarshallDataset_vanilla_0.0001_20000_20260213_100606_relu_best.pth...20260213_101120
At epoch 151, test loss = 68.3015
...model saved to 15_exp/models/FloydWarshallDataset_vanilla_0.0001_20000_20260213_100606_relu_best.pth...20260213_101121
At epoch 152, test loss = 68.2212
...model saved to 15_exp/models/FloydWarshallDataset_vanilla_0.0001_20000_20260213_100606_relu_best.pth...20260213_101122
At epoch 153, test loss = 68.0912
...model saved to 15_exp/models/FloydWarshallDataset_vanilla_0.0001_20000_20260213_100606_relu_best.pth...20260213_101123
At epoch 154, test loss = 67.9799
...model saved to 15_exp/models/FloydWarshallDataset_vanilla_0.0001_20000_20260213_100606_relu_best.pth...20260213_101124
At epoch 155, test loss = 67.8696
...model saved to 15_exp/models/FloydWarshallDataset_vanilla_0.0001_20000_20260213_100606_relu_best.pth...20260213_101124
At epoch 156, test loss = 67.7991
...model saved to 15_exp/models/FloydWarshallDataset_vanilla_0.0001_20000_20260213_100606_relu_best.pth...20260213_101125
At epoch 157, test loss = 67.7000
...model saved to 15_exp/models/FloydWarshallDataset_vanilla_0.0001_20000_20260213_100606_relu_best.pth...20260213_101126
At epoch 158, test loss = 67.5728
...model saved to 15_exp/models/FloydWarshallDataset_vanilla_0.0001_20000_20260213_100606_relu_best.pth...20260213_101127
At epoch 159, test loss = 67.5641
...model saved to 15_exp/models/FloydWarshallDataset_vanilla_0.0001_20000_20260213_100606_relu_best.pth...20260213_101127
At epoch 160, test loss = 67.4504
...model saved to 15_exp/models/FloydWarshallDataset_vanilla_0.0001_20000_20260213_100606_relu_best.pth...20260213_101128
At epoch 161, test loss = 67.2781
...model saved to 15_exp/models/FloydWarshallDataset_vanilla_0.0001_20000_20260213_100606_relu_best.pth...20260213_101129
At epoch 162, test loss = 67.2151
...model saved to 15_exp/models/FloydWarshallDataset_vanilla_0.0001_20000_20260213_100606_relu_best.pth...20260213_101130
At epoch 163, test loss = 67.1007
...model saved to 15_exp/models/FloydWarshallDataset_vanilla_0.0001_20000_20260213_100606_relu_best.pth...20260213_101131
At epoch 164, test loss = 67.0127
...model saved to 15_exp/models/FloydWarshallDataset_vanilla_0.0001_20000_20260213_100606_relu_best.pth...20260213_101131
At epoch 165, test loss = 66.9080
...model saved to 15_exp/models/FloydWarshallDataset_vanilla_0.0001_20000_20260213_100606_relu_best.pth...20260213_101132
At epoch 166, test loss = 66.8359
...model saved to 15_exp/models/FloydWarshallDataset_vanilla_0.0001_20000_20260213_100606_relu_best.pth...20260213_101133
At epoch 167, test loss = 66.7294
...model saved to 15_exp/models/FloydWarshallDataset_vanilla_0.0001_20000_20260213_100606_relu_best.pth...20260213_101134
At epoch 168, test loss = 66.6255
...model saved to 15_exp/models/FloydWarshallDataset_vanilla_0.0001_20000_20260213_100606_relu_best.pth...20260213_101134
At epoch 169, test loss = 66.4983
...model saved to 15_exp/models/FloydWarshallDataset_vanilla_0.0001_20000_20260213_100606_relu_best.pth...20260213_101135
At epoch 170, test loss = 66.3739
...model saved to 15_exp/models/FloydWarshallDataset_vanilla_0.0001_20000_20260213_100606_relu_best.pth...20260213_101136
At epoch 171, test loss = 66.3355
...model saved to 15_exp/models/FloydWarshallDataset_vanilla_0.0001_20000_20260213_100606_relu_best.pth...20260213_101137
At epoch 172, test loss = 66.1190
...model saved to 15_exp/models/FloydWarshallDataset_vanilla_0.0001_20000_20260213_100606_relu_best.pth...20260213_101138
At epoch 173, test loss = 66.0403
...model saved to 15_exp/models/FloydWarshallDataset_vanilla_0.0001_20000_20260213_100606_relu_best.pth...20260213_101138
At epoch 174, test loss = 65.8521
...model saved to 15_exp/models/FloydWarshallDataset_vanilla_0.0001_20000_20260213_100606_relu_best.pth...20260213_101139
At epoch 175, test loss = 65.7129
...model saved to 15_exp/models/FloydWarshallDataset_vanilla_0.0001_20000_20260213_100606_relu_best.pth...20260213_101140
At epoch 176, test loss = 65.5285
...model saved to 15_exp/models/FloydWarshallDataset_vanilla_0.0001_20000_20260213_100606_relu_best.pth...20260213_101141
At epoch 177, test loss = 65.4021
...model saved to 15_exp/models/FloydWarshallDataset_vanilla_0.0001_20000_20260213_100606_relu_best.pth...20260213_101142
At epoch 178, test loss = 65.2328
...model saved to 15_exp/models/FloydWarshallDataset_vanilla_0.0001_20000_20260213_100606_relu_best.pth...20260213_101142
At epoch 179, test loss = 65.0431
...model saved to 15_exp/models/FloydWarshallDataset_vanilla_0.0001_20000_20260213_100606_relu_best.pth...20260213_101143
At epoch 180, test loss = 64.8718
...model saved to 15_exp/models/FloydWarshallDataset_vanilla_0.0001_20000_20260213_100606_relu_best.pth...20260213_101144
At epoch 181, test loss = 64.6694
...model saved to 15_exp/models/FloydWarshallDataset_vanilla_0.0001_20000_20260213_100606_relu_best.pth...20260213_101145
At epoch 182, test loss = 64.4964
...model saved to 15_exp/models/FloydWarshallDataset_vanilla_0.0001_20000_20260213_100606_relu_best.pth...20260213_101145
At epoch 183, test loss = 64.2772
...model saved to 15_exp/models/FloydWarshallDataset_vanilla_0.0001_20000_20260213_100606_relu_best.pth...20260213_101146
At epoch 184, test loss = 64.1028
...model saved to 15_exp/models/FloydWarshallDataset_vanilla_0.0001_20000_20260213_100606_relu_best.pth...20260213_101147
At epoch 185, test loss = 63.9645
...model saved to 15_exp/models/FloydWarshallDataset_vanilla_0.0001_20000_20260213_100606_relu_best.pth...20260213_101148
At epoch 186, test loss = 63.7179
...model saved to 15_exp/models/FloydWarshallDataset_vanilla_0.0001_20000_20260213_100606_relu_best.pth...20260213_101149
At epoch 187, test loss = 63.5909
...model saved to 15_exp/models/FloydWarshallDataset_vanilla_0.0001_20000_20260213_100606_relu_best.pth...20260213_101149
At epoch 188, test loss = 63.4053
...model saved to 15_exp/models/FloydWarshallDataset_vanilla_0.0001_20000_20260213_100606_relu_best.pth...20260213_101150
At epoch 189, test loss = 63.2087
...model saved to 15_exp/models/FloydWarshallDataset_vanilla_0.0001_20000_20260213_100606_relu_best.pth...20260213_101151
At epoch 190, test loss = 63.0398
...model saved to 15_exp/models/FloydWarshallDataset_vanilla_0.0001_20000_20260213_100606_relu_best.pth...20260213_101152
At epoch 191, test loss = 62.8758
...model saved to 15_exp/models/FloydWarshallDataset_vanilla_0.0001_20000_20260213_100606_relu_best.pth...20260213_101152
At epoch 192, test loss = 62.6935
...model saved to 15_exp/models/FloydWarshallDataset_vanilla_0.0001_20000_20260213_100606_relu_best.pth...20260213_101153
At epoch 193, test loss = 62.5719
...model saved to 15_exp/models/FloydWarshallDataset_vanilla_0.0001_20000_20260213_100606_relu_best.pth...20260213_101154
At epoch 194, test loss = 62.4159
...model saved to 15_exp/models/FloydWarshallDataset_vanilla_0.0001_20000_20260213_100606_relu_best.pth...20260213_101155
At epoch 195, test loss = 62.2823
...model saved to 15_exp/models/FloydWarshallDataset_vanilla_0.0001_20000_20260213_100606_relu_best.pth...20260213_101155
At epoch 196, test loss = 62.1855
...model saved to 15_exp/models/FloydWarshallDataset_vanilla_0.0001_20000_20260213_100606_relu_best.pth...20260213_101156
At epoch 197, test loss = 62.0350
...model saved to 15_exp/models/FloydWarshallDataset_vanilla_0.0001_20000_20260213_100606_relu_best.pth...20260213_101157
At epoch 198, test loss = 61.9327
...model saved to 15_exp/models/FloydWarshallDataset_vanilla_0.0001_20000_20260213_100606_relu_best.pth...20260213_101157
At epoch 199, test loss = 61.8345
...model saved to 15_exp/models/FloydWarshallDataset_vanilla_0.0001_20000_20260213_100606_relu_best.pth...20260213_101158
At epoch 200, test loss = 61.7257
...model saved to 15_exp/models/FloydWarshallDataset_vanilla_0.0001_20000_20260213_100606_relu_best.pth...20260213_101159
At epoch 201, test loss = 61.5256
...model saved to 15_exp/models/FloydWarshallDataset_vanilla_0.0001_20000_20260213_100606_relu_best.pth...20260213_101200
At epoch 202, test loss = 61.4021
...model saved to 15_exp/models/FloydWarshallDataset_vanilla_0.0001_20000_20260213_100606_relu_best.pth...20260213_101201
At epoch 203, test loss = 61.2842
...model saved to 15_exp/models/FloydWarshallDataset_vanilla_0.0001_20000_20260213_100606_relu_best.pth...20260213_101201
At epoch 204, test loss = 61.1620
...model saved to 15_exp/models/FloydWarshallDataset_vanilla_0.0001_20000_20260213_100606_relu_best.pth...20260213_101202
At epoch 205, test loss = 61.0341
...model saved to 15_exp/models/FloydWarshallDataset_vanilla_0.0001_20000_20260213_100606_relu_best.pth...20260213_101203
At epoch 206, test loss = 60.8717
...model saved to 15_exp/models/FloydWarshallDataset_vanilla_0.0001_20000_20260213_100606_relu_best.pth...20260213_101204
At epoch 207, test loss = 60.7175
...model saved to 15_exp/models/FloydWarshallDataset_vanilla_0.0001_20000_20260213_100606_relu_best.pth...20260213_101204
At epoch 208, test loss = 60.5779
...model saved to 15_exp/models/FloydWarshallDataset_vanilla_0.0001_20000_20260213_100606_relu_best.pth...20260213_101205
At epoch 209, test loss = 60.4261
...model saved to 15_exp/models/FloydWarshallDataset_vanilla_0.0001_20000_20260213_100606_relu_best.pth...20260213_101206
At epoch 210, test loss = 60.2452
...model saved to 15_exp/models/FloydWarshallDataset_vanilla_0.0001_20000_20260213_100606_relu_best.pth...20260213_101206
At epoch 211, test loss = 60.1242
...model saved to 15_exp/models/FloydWarshallDataset_vanilla_0.0001_20000_20260213_100606_relu_best.pth...20260213_101207
At epoch 212, test loss = 59.9509
...model saved to 15_exp/models/FloydWarshallDataset_vanilla_0.0001_20000_20260213_100606_relu_best.pth...20260213_101208
At epoch 213, test loss = 59.7132
...model saved to 15_exp/models/FloydWarshallDataset_vanilla_0.0001_20000_20260213_100606_relu_best.pth...20260213_101209
At epoch 214, test loss = 59.5303
...model saved to 15_exp/models/FloydWarshallDataset_vanilla_0.0001_20000_20260213_100606_relu_best.pth...20260213_101209
At epoch 215, test loss = 59.3547
...model saved to 15_exp/models/FloydWarshallDataset_vanilla_0.0001_20000_20260213_100606_relu_best.pth...20260213_101210
At epoch 216, test loss = 59.1495
...model saved to 15_exp/models/FloydWarshallDataset_vanilla_0.0001_20000_20260213_100606_relu_best.pth...20260213_101211
At epoch 217, test loss = 58.9212
...model saved to 15_exp/models/FloydWarshallDataset_vanilla_0.0001_20000_20260213_100606_relu_best.pth...20260213_101212
At epoch 218, test loss = 58.7003
...model saved to 15_exp/models/FloydWarshallDataset_vanilla_0.0001_20000_20260213_100606_relu_best.pth...20260213_101212
At epoch 219, test loss = 58.4981
...model saved to 15_exp/models/FloydWarshallDataset_vanilla_0.0001_20000_20260213_100606_relu_best.pth...20260213_101213
At epoch 220, test loss = 58.3147
...model saved to 15_exp/models/FloydWarshallDataset_vanilla_0.0001_20000_20260213_100606_relu_best.pth...20260213_101214
At epoch 221, test loss = 58.0573
...model saved to 15_exp/models/FloydWarshallDataset_vanilla_0.0001_20000_20260213_100606_relu_best.pth...20260213_101215
At epoch 222, test loss = 57.7672
...model saved to 15_exp/models/FloydWarshallDataset_vanilla_0.0001_20000_20260213_100606_relu_best.pth...20260213_101215
At epoch 223, test loss = 57.4900
...model saved to 15_exp/models/FloydWarshallDataset_vanilla_0.0001_20000_20260213_100606_relu_best.pth...20260213_101216
At epoch 224, test loss = 57.2616
...model saved to 15_exp/models/FloydWarshallDataset_vanilla_0.0001_20000_20260213_100606_relu_best.pth...20260213_101217
At epoch 225, test loss = 57.0653
...model saved to 15_exp/models/FloydWarshallDataset_vanilla_0.0001_20000_20260213_100606_relu_best.pth...20260213_101218
At epoch 226, test loss = 56.7759
...model saved to 15_exp/models/FloydWarshallDataset_vanilla_0.0001_20000_20260213_100606_relu_best.pth...20260213_101218
At epoch 227, test loss = 56.6500
...model saved to 15_exp/models/FloydWarshallDataset_vanilla_0.0001_20000_20260213_100606_relu_best.pth...20260213_101219
At epoch 228, test loss = 56.4088
...model saved to 15_exp/models/FloydWarshallDataset_vanilla_0.0001_20000_20260213_100606_relu_best.pth...20260213_101220
At epoch 229, test loss = 56.3137
...model saved to 15_exp/models/FloydWarshallDataset_vanilla_0.0001_20000_20260213_100606_relu_best.pth...20260213_101221
At epoch 230, test loss = 56.1793
...model saved to 15_exp/models/FloydWarshallDataset_vanilla_0.0001_20000_20260213_100606_relu_best.pth...20260213_101221
At epoch 231, test loss = 56.0039
...model saved to 15_exp/models/FloydWarshallDataset_vanilla_0.0001_20000_20260213_100606_relu_best.pth...20260213_101222
At epoch 232, test loss = 55.9394
...model saved to 15_exp/models/FloydWarshallDataset_vanilla_0.0001_20000_20260213_100606_relu_best.pth...20260213_101223
At epoch 233, test loss = 55.8061
...model saved to 15_exp/models/FloydWarshallDataset_vanilla_0.0001_20000_20260213_100606_relu_best.pth...20260213_101224
At epoch 234, test loss = 55.6650
...model saved to 15_exp/models/FloydWarshallDataset_vanilla_0.0001_20000_20260213_100606_relu_best.pth...20260213_101224
At epoch 235, test loss = 55.6442
...model saved to 15_exp/models/FloydWarshallDataset_vanilla_0.0001_20000_20260213_100606_relu_best.pth...20260213_101225
At epoch 236, test loss = 55.5180
...model saved to 15_exp/models/FloydWarshallDataset_vanilla_0.0001_20000_20260213_100606_relu_best.pth...20260213_101226
At epoch 237, test loss = 55.4251
...model saved to 15_exp/models/FloydWarshallDataset_vanilla_0.0001_20000_20260213_100606_relu_best.pth...20260213_101227
At epoch 238, test loss = 55.3815
...model saved to 15_exp/models/FloydWarshallDataset_vanilla_0.0001_20000_20260213_100606_relu_best.pth...20260213_101227
At epoch 239, test loss = 55.3223
...model saved to 15_exp/models/FloydWarshallDataset_vanilla_0.0001_20000_20260213_100606_relu_best.pth...20260213_101228
At epoch 240, test loss = 55.2224
...model saved to 15_exp/models/FloydWarshallDataset_vanilla_0.0001_20000_20260213_100606_relu_best.pth...20260213_101229
At epoch 241, test loss = 55.2127
...model saved to 15_exp/models/FloydWarshallDataset_vanilla_0.0001_20000_20260213_100606_relu_best.pth...20260213_101229
At epoch 242, test loss = 55.1189
...model saved to 15_exp/models/FloydWarshallDataset_vanilla_0.0001_20000_20260213_100606_relu_best.pth...20260213_101230
At epoch 243, test loss = 55.0834
...model saved to 15_exp/models/FloydWarshallDataset_vanilla_0.0001_20000_20260213_100606_relu_best.pth...20260213_101231
At epoch 244, test loss = 55.0328
...model saved to 15_exp/models/FloydWarshallDataset_vanilla_0.0001_20000_20260213_100606_relu_best.pth...20260213_101232
At epoch 245, test loss = 54.9868
...model saved to 15_exp/models/FloydWarshallDataset_vanilla_0.0001_20000_20260213_100606_relu_best.pth...20260213_101232
At epoch 246, test loss = 54.9451
...model saved to 15_exp/models/FloydWarshallDataset_vanilla_0.0001_20000_20260213_100606_relu_best.pth...20260213_101233
At epoch 247, test loss = 54.8743
...model saved to 15_exp/models/FloydWarshallDataset_vanilla_0.0001_20000_20260213_100606_relu_best.pth...20260213_101234
At epoch 249, test loss = 54.8239
...model saved to 15_exp/models/FloydWarshallDataset_vanilla_0.0001_20000_20260213_100606_relu_best.pth...20260213_101235
At epoch 251, test loss = 54.7852
...model saved to 15_exp/models/FloydWarshallDataset_vanilla_0.0001_20000_20260213_100606_relu_best.pth...20260213_101237
At epoch 252, test loss = 54.7676
...model saved to 15_exp/models/FloydWarshallDataset_vanilla_0.0001_20000_20260213_100606_relu_best.pth...20260213_101238
At epoch 254, test loss = 54.6608
...model saved to 15_exp/models/FloydWarshallDataset_vanilla_0.0001_20000_20260213_100606_relu_best.pth...20260213_101239
At epoch 255, test loss = 54.5807
...model saved to 15_exp/models/FloydWarshallDataset_vanilla_0.0001_20000_20260213_100606_relu_best.pth...20260213_101240
At epoch 257, test loss = 54.5407
...model saved to 15_exp/models/FloydWarshallDataset_vanilla_0.0001_20000_20260213_100606_relu_best.pth...20260213_101242
At epoch 258, test loss = 54.5217
...model saved to 15_exp/models/FloydWarshallDataset_vanilla_0.0001_20000_20260213_100606_relu_best.pth...20260213_101242
At epoch 259, test loss = 54.5205
...model saved to 15_exp/models/FloydWarshallDataset_vanilla_0.0001_20000_20260213_100606_relu_best.pth...20260213_101243
At epoch 260, test loss = 54.4980
...model saved to 15_exp/models/FloydWarshallDataset_vanilla_0.0001_20000_20260213_100606_relu_best.pth...20260213_101244
At epoch 261, test loss = 54.4263
...model saved to 15_exp/models/FloydWarshallDataset_vanilla_0.0001_20000_20260213_100606_relu_best.pth...20260213_101245
At epoch 262, test loss = 54.4086
...model saved to 15_exp/models/FloydWarshallDataset_vanilla_0.0001_20000_20260213_100606_relu_best.pth...20260213_101246
At epoch 263, test loss = 54.3905
...model saved to 15_exp/models/FloydWarshallDataset_vanilla_0.0001_20000_20260213_100606_relu_best.pth...20260213_101247
At epoch 264, test loss = 54.3715
...model saved to 15_exp/models/FloydWarshallDataset_vanilla_0.0001_20000_20260213_100606_relu_best.pth...20260213_101248
At epoch 265, test loss = 54.3344
...model saved to 15_exp/models/FloydWarshallDataset_vanilla_0.0001_20000_20260213_100606_relu_best.pth...20260213_101248
At epoch 267, test loss = 54.2715
...model saved to 15_exp/models/FloydWarshallDataset_vanilla_0.0001_20000_20260213_100606_relu_best.pth...20260213_101250
At epoch 268, test loss = 54.2335
...model saved to 15_exp/models/FloydWarshallDataset_vanilla_0.0001_20000_20260213_100606_relu_best.pth...20260213_101251
At epoch 269, test loss = 54.2087
...model saved to 15_exp/models/FloydWarshallDataset_vanilla_0.0001_20000_20260213_100606_relu_best.pth...20260213_101251
At epoch 271, test loss = 54.1864
...model saved to 15_exp/models/FloydWarshallDataset_vanilla_0.0001_20000_20260213_100606_relu_best.pth...20260213_101253
At epoch 272, test loss = 54.1633
...model saved to 15_exp/models/FloydWarshallDataset_vanilla_0.0001_20000_20260213_100606_relu_best.pth...20260213_101253
At epoch 274, test loss = 54.1109
...model saved to 15_exp/models/FloydWarshallDataset_vanilla_0.0001_20000_20260213_100606_relu_best.pth...20260213_101255
At epoch 275, test loss = 54.0948
...model saved to 15_exp/models/FloydWarshallDataset_vanilla_0.0001_20000_20260213_100606_relu_best.pth...20260213_101255
At epoch 276, test loss = 54.0687
...model saved to 15_exp/models/FloydWarshallDataset_vanilla_0.0001_20000_20260213_100606_relu_best.pth...20260213_101256
At epoch 277, test loss = 54.0406
...model saved to 15_exp/models/FloydWarshallDataset_vanilla_0.0001_20000_20260213_100606_relu_best.pth...20260213_101257
At epoch 278, test loss = 54.0250
...model saved to 15_exp/models/FloydWarshallDataset_vanilla_0.0001_20000_20260213_100606_relu_best.pth...20260213_101258
At epoch 281, test loss = 53.9842
...model saved to 15_exp/models/FloydWarshallDataset_vanilla_0.0001_20000_20260213_100606_relu_best.pth...20260213_101300
At epoch 283, test loss = 53.9501
...model saved to 15_exp/models/FloydWarshallDataset_vanilla_0.0001_20000_20260213_100606_relu_best.pth...20260213_101301
At epoch 284, test loss = 53.9153
...model saved to 15_exp/models/FloydWarshallDataset_vanilla_0.0001_20000_20260213_100606_relu_best.pth...20260213_101301
At epoch 285, test loss = 53.9004
...model saved to 15_exp/models/FloydWarshallDataset_vanilla_0.0001_20000_20260213_100606_relu_best.pth...20260213_101302
At epoch 286, test loss = 53.8987
...model saved to 15_exp/models/FloydWarshallDataset_vanilla_0.0001_20000_20260213_100606_relu_best.pth...20260213_101303
At epoch 288, test loss = 53.8691
...model saved to 15_exp/models/FloydWarshallDataset_vanilla_0.0001_20000_20260213_100606_relu_best.pth...20260213_101304
At epoch 289, test loss = 53.8376
...model saved to 15_exp/models/FloydWarshallDataset_vanilla_0.0001_20000_20260213_100606_relu_best.pth...20260213_101305
At epoch 290, test loss = 53.8325
...model saved to 15_exp/models/FloydWarshallDataset_vanilla_0.0001_20000_20260213_100606_relu_best.pth...20260213_101306
At epoch 291, test loss = 53.8142
...model saved to 15_exp/models/FloydWarshallDataset_vanilla_0.0001_20000_20260213_100606_relu_best.pth...20260213_101307
At epoch 292, test loss = 53.7971
...model saved to 15_exp/models/FloydWarshallDataset_vanilla_0.0001_20000_20260213_100606_relu_best.pth...20260213_101307
At epoch 293, test loss = 53.7718
...model saved to 15_exp/models/FloydWarshallDataset_vanilla_0.0001_20000_20260213_100606_relu_best.pth...20260213_101308
At epoch 294, test loss = 53.7557
...model saved to 15_exp/models/FloydWarshallDataset_vanilla_0.0001_20000_20260213_100606_relu_best.pth...20260213_101309
At epoch 295, test loss = 53.7502
...model saved to 15_exp/models/FloydWarshallDataset_vanilla_0.0001_20000_20260213_100606_relu_best.pth...20260213_101310
At epoch 296, test loss = 53.7372
...model saved to 15_exp/models/FloydWarshallDataset_vanilla_0.0001_20000_20260213_100606_relu_best.pth...20260213_101311
At epoch 297, test loss = 53.7104
...model saved to 15_exp/models/FloydWarshallDataset_vanilla_0.0001_20000_20260213_100606_relu_best.pth...20260213_101311
At epoch 298, test loss = 53.6862
...model saved to 15_exp/models/FloydWarshallDataset_vanilla_0.0001_20000_20260213_100606_relu_best.pth...20260213_101312
At epoch 301, test loss = 53.6507
...model saved to 15_exp/models/FloydWarshallDataset_vanilla_0.0001_20000_20260213_100606_relu_best.pth...20260213_101314
At epoch 303, test loss = 53.6294
...model saved to 15_exp/models/FloydWarshallDataset_vanilla_0.0001_20000_20260213_100606_relu_best.pth...20260213_101316
At epoch 305, test loss = 53.5974
...model saved to 15_exp/models/FloydWarshallDataset_vanilla_0.0001_20000_20260213_100606_relu_best.pth...20260213_101317
At epoch 309, test loss = 53.5519
...model saved to 15_exp/models/FloydWarshallDataset_vanilla_0.0001_20000_20260213_100606_relu_best.pth...20260213_101320
At epoch 310, test loss = 53.5487
...model saved to 15_exp/models/FloydWarshallDataset_vanilla_0.0001_20000_20260213_100606_relu_best.pth...20260213_101320
At epoch 312, test loss = 53.5140
...model saved to 15_exp/models/FloydWarshallDataset_vanilla_0.0001_20000_20260213_100606_relu_best.pth...20260213_101322
At epoch 314, test loss = 53.4929
...model saved to 15_exp/models/FloydWarshallDataset_vanilla_0.0001_20000_20260213_100606_relu_best.pth...20260213_101323
At epoch 315, test loss = 53.4659
...model saved to 15_exp/models/FloydWarshallDataset_vanilla_0.0001_20000_20260213_100606_relu_best.pth...20260213_101324
At epoch 317, test loss = 53.4549
...model saved to 15_exp/models/FloydWarshallDataset_vanilla_0.0001_20000_20260213_100606_relu_best.pth...20260213_101325
At epoch 319, test loss = 53.4256
...model saved to 15_exp/models/FloydWarshallDataset_vanilla_0.0001_20000_20260213_100606_relu_best.pth...20260213_101327
At epoch 321, test loss = 53.3998
...model saved to 15_exp/models/FloydWarshallDataset_vanilla_0.0001_20000_20260213_100606_relu_best.pth...20260213_101328
At epoch 323, test loss = 53.3932
...model saved to 15_exp/models/FloydWarshallDataset_vanilla_0.0001_20000_20260213_100606_relu_best.pth...20260213_101329
At epoch 325, test loss = 53.3839
...model saved to 15_exp/models/FloydWarshallDataset_vanilla_0.0001_20000_20260213_100606_relu_best.pth...20260213_101331
At epoch 326, test loss = 53.3599
...model saved to 15_exp/models/FloydWarshallDataset_vanilla_0.0001_20000_20260213_100606_relu_best.pth...20260213_101332
At epoch 327, test loss = 53.3467
...model saved to 15_exp/models/FloydWarshallDataset_vanilla_0.0001_20000_20260213_100606_relu_best.pth...20260213_101333
At epoch 328, test loss = 53.3352
...model saved to 15_exp/models/FloydWarshallDataset_vanilla_0.0001_20000_20260213_100606_relu_best.pth...20260213_101334
At epoch 330, test loss = 53.3063
...model saved to 15_exp/models/FloydWarshallDataset_vanilla_0.0001_20000_20260213_100606_relu_best.pth...20260213_101335
At epoch 335, test loss = 53.2717
...model saved to 15_exp/models/FloydWarshallDataset_vanilla_0.0001_20000_20260213_100606_relu_best.pth...20260213_101338
At epoch 336, test loss = 53.2591
...model saved to 15_exp/models/FloydWarshallDataset_vanilla_0.0001_20000_20260213_100606_relu_best.pth...20260213_101339
At epoch 337, test loss = 53.2426
...model saved to 15_exp/models/FloydWarshallDataset_vanilla_0.0001_20000_20260213_100606_relu_best.pth...20260213_101340
At epoch 339, test loss = 53.2297
...model saved to 15_exp/models/FloydWarshallDataset_vanilla_0.0001_20000_20260213_100606_relu_best.pth...20260213_101341
At epoch 342, test loss = 53.2265
...model saved to 15_exp/models/FloydWarshallDataset_vanilla_0.0001_20000_20260213_100606_relu_best.pth...20260213_101343
At epoch 344, test loss = 53.1650
...model saved to 15_exp/models/FloydWarshallDataset_vanilla_0.0001_20000_20260213_100606_relu_best.pth...20260213_101344
At epoch 347, test loss = 53.1514
...model saved to 15_exp/models/FloydWarshallDataset_vanilla_0.0001_20000_20260213_100606_relu_best.pth...20260213_101346
At epoch 349, test loss = 53.1391
...model saved to 15_exp/models/FloydWarshallDataset_vanilla_0.0001_20000_20260213_100606_relu_best.pth...20260213_101348
At epoch 351, test loss = 53.1285
...model saved to 15_exp/models/FloydWarshallDataset_vanilla_0.0001_20000_20260213_100606_relu_best.pth...20260213_101349
At epoch 352, test loss = 53.1267
...model saved to 15_exp/models/FloydWarshallDataset_vanilla_0.0001_20000_20260213_100606_relu_best.pth...20260213_101350
At epoch 353, test loss = 53.1208
...model saved to 15_exp/models/FloydWarshallDataset_vanilla_0.0001_20000_20260213_100606_relu_best.pth...20260213_101351
At epoch 354, test loss = 53.0959
...model saved to 15_exp/models/FloydWarshallDataset_vanilla_0.0001_20000_20260213_100606_relu_best.pth...20260213_101352
At epoch 357, test loss = 53.0902
...model saved to 15_exp/models/FloydWarshallDataset_vanilla_0.0001_20000_20260213_100606_relu_best.pth...20260213_101355
At epoch 358, test loss = 53.0804
...model saved to 15_exp/models/FloydWarshallDataset_vanilla_0.0001_20000_20260213_100606_relu_best.pth...20260213_101356
At epoch 359, test loss = 53.0800
...model saved to 15_exp/models/FloydWarshallDataset_vanilla_0.0001_20000_20260213_100606_relu_best.pth...20260213_101357
At epoch 360, test loss = 53.0448
...model saved to 15_exp/models/FloydWarshallDataset_vanilla_0.0001_20000_20260213_100606_relu_best.pth...20260213_101358
At epoch 362, test loss = 53.0257
...model saved to 15_exp/models/FloydWarshallDataset_vanilla_0.0001_20000_20260213_100606_relu_best.pth...20260213_101359
At epoch 364, test loss = 53.0182
...model saved to 15_exp/models/FloydWarshallDataset_vanilla_0.0001_20000_20260213_100606_relu_best.pth...20260213_101401
At epoch 365, test loss = 53.0145
...model saved to 15_exp/models/FloydWarshallDataset_vanilla_0.0001_20000_20260213_100606_relu_best.pth...20260213_101401
At epoch 367, test loss = 52.9881
...model saved to 15_exp/models/FloydWarshallDataset_vanilla_0.0001_20000_20260213_100606_relu_best.pth...20260213_101403
At epoch 369, test loss = 52.9699
...model saved to 15_exp/models/FloydWarshallDataset_vanilla_0.0001_20000_20260213_100606_relu_best.pth...20260213_101404
At epoch 370, test loss = 52.9682
...model saved to 15_exp/models/FloydWarshallDataset_vanilla_0.0001_20000_20260213_100606_relu_best.pth...20260213_101405
At epoch 371, test loss = 52.9666
...model saved to 15_exp/models/FloydWarshallDataset_vanilla_0.0001_20000_20260213_100606_relu_best.pth...20260213_101406
At epoch 372, test loss = 52.9608
...model saved to 15_exp/models/FloydWarshallDataset_vanilla_0.0001_20000_20260213_100606_relu_best.pth...20260213_101407
At epoch 375, test loss = 52.9517
...model saved to 15_exp/models/FloydWarshallDataset_vanilla_0.0001_20000_20260213_100606_relu_best.pth...20260213_101409
At epoch 378, test loss = 52.9300
...model saved to 15_exp/models/FloydWarshallDataset_vanilla_0.0001_20000_20260213_100606_relu_best.pth...20260213_101411
At epoch 381, test loss = 52.9098
...model saved to 15_exp/models/FloydWarshallDataset_vanilla_0.0001_20000_20260213_100606_relu_best.pth...20260213_101413
At epoch 383, test loss = 52.8993
...model saved to 15_exp/models/FloydWarshallDataset_vanilla_0.0001_20000_20260213_100606_relu_best.pth...20260213_101414
At epoch 384, test loss = 52.8870
...model saved to 15_exp/models/FloydWarshallDataset_vanilla_0.0001_20000_20260213_100606_relu_best.pth...20260213_101415
At epoch 385, test loss = 52.8805
...model saved to 15_exp/models/FloydWarshallDataset_vanilla_0.0001_20000_20260213_100606_relu_best.pth...20260213_101416
At epoch 387, test loss = 52.8736
...model saved to 15_exp/models/FloydWarshallDataset_vanilla_0.0001_20000_20260213_100606_relu_best.pth...20260213_101417
At epoch 388, test loss = 52.8406
...model saved to 15_exp/models/FloydWarshallDataset_vanilla_0.0001_20000_20260213_100606_relu_best.pth...20260213_101418
At epoch 389, test loss = 52.8344
...model saved to 15_exp/models/FloydWarshallDataset_vanilla_0.0001_20000_20260213_100606_relu_best.pth...20260213_101419
At epoch 392, test loss = 52.8322
...model saved to 15_exp/models/FloydWarshallDataset_vanilla_0.0001_20000_20260213_100606_relu_best.pth...20260213_101421
At epoch 394, test loss = 52.8271
...model saved to 15_exp/models/FloydWarshallDataset_vanilla_0.0001_20000_20260213_100606_relu_best.pth...20260213_101422
At epoch 395, test loss = 52.8189
...model saved to 15_exp/models/FloydWarshallDataset_vanilla_0.0001_20000_20260213_100606_relu_best.pth...20260213_101423
At epoch 396, test loss = 52.8040
...model saved to 15_exp/models/FloydWarshallDataset_vanilla_0.0001_20000_20260213_100606_relu_best.pth...20260213_101424
At epoch 398, test loss = 52.8009
...model saved to 15_exp/models/FloydWarshallDataset_vanilla_0.0001_20000_20260213_100606_relu_best.pth...20260213_101426
At epoch 399, test loss = 52.7721
...model saved to 15_exp/models/FloydWarshallDataset_vanilla_0.0001_20000_20260213_100606_relu_best.pth...20260213_101427
At epoch 402, test loss = 52.7693
...model saved to 15_exp/models/FloydWarshallDataset_vanilla_0.0001_20000_20260213_100606_relu_best.pth...20260213_101429
At epoch 403, test loss = 52.7589
...model saved to 15_exp/models/FloydWarshallDataset_vanilla_0.0001_20000_20260213_100606_relu_best.pth...20260213_101430
At epoch 406, test loss = 52.7585
...model saved to 15_exp/models/FloydWarshallDataset_vanilla_0.0001_20000_20260213_100606_relu_best.pth...20260213_101432
At epoch 407, test loss = 52.7507
...model saved to 15_exp/models/FloydWarshallDataset_vanilla_0.0001_20000_20260213_100606_relu_best.pth...20260213_101433
At epoch 408, test loss = 52.7344
...model saved to 15_exp/models/FloydWarshallDataset_vanilla_0.0001_20000_20260213_100606_relu_best.pth...20260213_101434
At epoch 409, test loss = 52.7319
...model saved to 15_exp/models/FloydWarshallDataset_vanilla_0.0001_20000_20260213_100606_relu_best.pth...20260213_101435
At epoch 410, test loss = 52.7319
...model saved to 15_exp/models/FloydWarshallDataset_vanilla_0.0001_20000_20260213_100606_relu_best.pth...20260213_101436
At epoch 412, test loss = 52.6903
...model saved to 15_exp/models/FloydWarshallDataset_vanilla_0.0001_20000_20260213_100606_relu_best.pth...20260213_101438
At epoch 414, test loss = 52.6836
...model saved to 15_exp/models/FloydWarshallDataset_vanilla_0.0001_20000_20260213_100606_relu_best.pth...20260213_101440
At epoch 418, test loss = 52.6790
...model saved to 15_exp/models/FloydWarshallDataset_vanilla_0.0001_20000_20260213_100606_relu_best.pth...20260213_101443
At epoch 419, test loss = 52.6502
...model saved to 15_exp/models/FloydWarshallDataset_vanilla_0.0001_20000_20260213_100606_relu_best.pth...20260213_101444
At epoch 420, test loss = 52.6433
...model saved to 15_exp/models/FloydWarshallDataset_vanilla_0.0001_20000_20260213_100606_relu_best.pth...20260213_101445
At epoch 422, test loss = 52.6406
...model saved to 15_exp/models/FloydWarshallDataset_vanilla_0.0001_20000_20260213_100606_relu_best.pth...20260213_101446
At epoch 423, test loss = 52.6271
...model saved to 15_exp/models/FloydWarshallDataset_vanilla_0.0001_20000_20260213_100606_relu_best.pth...20260213_101447
At epoch 427, test loss = 52.6130
...model saved to 15_exp/models/FloydWarshallDataset_vanilla_0.0001_20000_20260213_100606_relu_best.pth...20260213_101451
At epoch 428, test loss = 52.5927
...model saved to 15_exp/models/FloydWarshallDataset_vanilla_0.0001_20000_20260213_100606_relu_best.pth...20260213_101451
At epoch 429, test loss = 52.5823
...model saved to 15_exp/models/FloydWarshallDataset_vanilla_0.0001_20000_20260213_100606_relu_best.pth...20260213_101452
At epoch 430, test loss = 52.5818
...model saved to 15_exp/models/FloydWarshallDataset_vanilla_0.0001_20000_20260213_100606_relu_best.pth...20260213_101453
At epoch 432, test loss = 52.5732
...model saved to 15_exp/models/FloydWarshallDataset_vanilla_0.0001_20000_20260213_100606_relu_best.pth...20260213_101455
At epoch 434, test loss = 52.5652
...model saved to 15_exp/models/FloydWarshallDataset_vanilla_0.0001_20000_20260213_100606_relu_best.pth...20260213_101457
At epoch 435, test loss = 52.5391
...model saved to 15_exp/models/FloydWarshallDataset_vanilla_0.0001_20000_20260213_100606_relu_best.pth...20260213_101458
At epoch 438, test loss = 52.5186
...model saved to 15_exp/models/FloydWarshallDataset_vanilla_0.0001_20000_20260213_100606_relu_best.pth...20260213_101500
At epoch 440, test loss = 52.5183
...model saved to 15_exp/models/FloydWarshallDataset_vanilla_0.0001_20000_20260213_100606_relu_best.pth...20260213_101502
At epoch 441, test loss = 52.4990
...model saved to 15_exp/models/FloydWarshallDataset_vanilla_0.0001_20000_20260213_100606_relu_best.pth...20260213_101503
At epoch 445, test loss = 52.4674
...model saved to 15_exp/models/FloydWarshallDataset_vanilla_0.0001_20000_20260213_100606_relu_best.pth...20260213_101506
At epoch 446, test loss = 52.4524
...model saved to 15_exp/models/FloydWarshallDataset_vanilla_0.0001_20000_20260213_100606_relu_best.pth...20260213_101508
At epoch 448, test loss = 52.4453
...model saved to 15_exp/models/FloydWarshallDataset_vanilla_0.0001_20000_20260213_100606_relu_best.pth...20260213_101510
At epoch 451, test loss = 52.4291
...model saved to 15_exp/models/FloydWarshallDataset_vanilla_0.0001_20000_20260213_100606_relu_best.pth...20260213_101512
At epoch 452, test loss = 52.4183
...model saved to 15_exp/models/FloydWarshallDataset_vanilla_0.0001_20000_20260213_100606_relu_best.pth...20260213_101513
At epoch 453, test loss = 52.3950
...model saved to 15_exp/models/FloydWarshallDataset_vanilla_0.0001_20000_20260213_100606_relu_best.pth...20260213_101514
At epoch 454, test loss = 52.3825
...model saved to 15_exp/models/FloydWarshallDataset_vanilla_0.0001_20000_20260213_100606_relu_best.pth...20260213_101515
At epoch 455, test loss = 52.3628
...model saved to 15_exp/models/FloydWarshallDataset_vanilla_0.0001_20000_20260213_100606_relu_best.pth...20260213_101516
At epoch 456, test loss = 52.3349
...model saved to 15_exp/models/FloydWarshallDataset_vanilla_0.0001_20000_20260213_100606_relu_best.pth...20260213_101517
At epoch 458, test loss = 52.3151
...model saved to 15_exp/models/FloydWarshallDataset_vanilla_0.0001_20000_20260213_100606_relu_best.pth...20260213_101519
At epoch 459, test loss = 52.3063
...model saved to 15_exp/models/FloydWarshallDataset_vanilla_0.0001_20000_20260213_100606_relu_best.pth...20260213_101520
At epoch 460, test loss = 52.2697
...model saved to 15_exp/models/FloydWarshallDataset_vanilla_0.0001_20000_20260213_100606_relu_best.pth...20260213_101520
At epoch 461, test loss = 52.2290
...model saved to 15_exp/models/FloydWarshallDataset_vanilla_0.0001_20000_20260213_100606_relu_best.pth...20260213_101521
At epoch 462, test loss = 52.1998
...model saved to 15_exp/models/FloydWarshallDataset_vanilla_0.0001_20000_20260213_100606_relu_best.pth...20260213_101522
At epoch 463, test loss = 52.1609
...model saved to 15_exp/models/FloydWarshallDataset_vanilla_0.0001_20000_20260213_100606_relu_best.pth...20260213_101522
At epoch 465, test loss = 52.0925
...model saved to 15_exp/models/FloydWarshallDataset_vanilla_0.0001_20000_20260213_100606_relu_best.pth...20260213_101524
At epoch 466, test loss = 52.0190
...model saved to 15_exp/models/FloydWarshallDataset_vanilla_0.0001_20000_20260213_100606_relu_best.pth...20260213_101525
At epoch 467, test loss = 51.9618
...model saved to 15_exp/models/FloydWarshallDataset_vanilla_0.0001_20000_20260213_100606_relu_best.pth...20260213_101526
At epoch 468, test loss = 51.9010
...model saved to 15_exp/models/FloydWarshallDataset_vanilla_0.0001_20000_20260213_100606_relu_best.pth...20260213_101526
At epoch 469, test loss = 51.8161
...model saved to 15_exp/models/FloydWarshallDataset_vanilla_0.0001_20000_20260213_100606_relu_best.pth...20260213_101527
At epoch 470, test loss = 51.7351
...model saved to 15_exp/models/FloydWarshallDataset_vanilla_0.0001_20000_20260213_100606_relu_best.pth...20260213_101528
At epoch 471, test loss = 51.6394
...model saved to 15_exp/models/FloydWarshallDataset_vanilla_0.0001_20000_20260213_100606_relu_best.pth...20260213_101528
At epoch 472, test loss = 51.5235
...model saved to 15_exp/models/FloydWarshallDataset_vanilla_0.0001_20000_20260213_100606_relu_best.pth...20260213_101529
At epoch 473, test loss = 51.4426
...model saved to 15_exp/models/FloydWarshallDataset_vanilla_0.0001_20000_20260213_100606_relu_best.pth...20260213_101530
At epoch 474, test loss = 51.3609
...model saved to 15_exp/models/FloydWarshallDataset_vanilla_0.0001_20000_20260213_100606_relu_best.pth...20260213_101530
At epoch 475, test loss = 51.2996
...model saved to 15_exp/models/FloydWarshallDataset_vanilla_0.0001_20000_20260213_100606_relu_best.pth...20260213_101531
At epoch 476, test loss = 51.1763
...model saved to 15_exp/models/FloydWarshallDataset_vanilla_0.0001_20000_20260213_100606_relu_best.pth...20260213_101532
At epoch 477, test loss = 51.1036
...model saved to 15_exp/models/FloydWarshallDataset_vanilla_0.0001_20000_20260213_100606_relu_best.pth...20260213_101533
At epoch 478, test loss = 51.0289
...model saved to 15_exp/models/FloydWarshallDataset_vanilla_0.0001_20000_20260213_100606_relu_best.pth...20260213_101533
At epoch 479, test loss = 50.9656
...model saved to 15_exp/models/FloydWarshallDataset_vanilla_0.0001_20000_20260213_100606_relu_best.pth...20260213_101534
At epoch 480, test loss = 50.8805
...model saved to 15_exp/models/FloydWarshallDataset_vanilla_0.0001_20000_20260213_100606_relu_best.pth...20260213_101535
At epoch 481, test loss = 50.8186
...model saved to 15_exp/models/FloydWarshallDataset_vanilla_0.0001_20000_20260213_100606_relu_best.pth...20260213_101536
At epoch 482, test loss = 50.7522
...model saved to 15_exp/models/FloydWarshallDataset_vanilla_0.0001_20000_20260213_100606_relu_best.pth...20260213_101536
At epoch 483, test loss = 50.6852
...model saved to 15_exp/models/FloydWarshallDataset_vanilla_0.0001_20000_20260213_100606_relu_best.pth...20260213_101537
At epoch 484, test loss = 50.6385
...model saved to 15_exp/models/FloydWarshallDataset_vanilla_0.0001_20000_20260213_100606_relu_best.pth...20260213_101538
At epoch 485, test loss = 50.6036
...model saved to 15_exp/models/FloydWarshallDataset_vanilla_0.0001_20000_20260213_100606_relu_best.pth...20260213_101538
At epoch 486, test loss = 50.5563
...model saved to 15_exp/models/FloydWarshallDataset_vanilla_0.0001_20000_20260213_100606_relu_best.pth...20260213_101539
At epoch 487, test loss = 50.4723
...model saved to 15_exp/models/FloydWarshallDataset_vanilla_0.0001_20000_20260213_100606_relu_best.pth...20260213_101540
At epoch 488, test loss = 50.4372
...model saved to 15_exp/models/FloydWarshallDataset_vanilla_0.0001_20000_20260213_100606_relu_best.pth...20260213_101541
At epoch 489, test loss = 50.3837
...model saved to 15_exp/models/FloydWarshallDataset_vanilla_0.0001_20000_20260213_100606_relu_best.pth...20260213_101541
At epoch 490, test loss = 50.3361
...model saved to 15_exp/models/FloydWarshallDataset_vanilla_0.0001_20000_20260213_100606_relu_best.pth...20260213_101542
At epoch 491, test loss = 50.3190
...model saved to 15_exp/models/FloydWarshallDataset_vanilla_0.0001_20000_20260213_100606_relu_best.pth...20260213_101543
At epoch 492, test loss = 50.2400
...model saved to 15_exp/models/FloydWarshallDataset_vanilla_0.0001_20000_20260213_100606_relu_best.pth...20260213_101543
At epoch 493, test loss = 50.2055
...model saved to 15_exp/models/FloydWarshallDataset_vanilla_0.0001_20000_20260213_100606_relu_best.pth...20260213_101544
At epoch 494, test loss = 50.0887
...model saved to 15_exp/models/FloydWarshallDataset_vanilla_0.0001_20000_20260213_100606_relu_best.pth...20260213_101545
At epoch 495, test loss = 50.0242
...model saved to 15_exp/models/FloydWarshallDataset_vanilla_0.0001_20000_20260213_100606_relu_best.pth...20260213_101546
At epoch 496, test loss = 49.9768
...model saved to 15_exp/models/FloydWarshallDataset_vanilla_0.0001_20000_20260213_100606_relu_best.pth...20260213_101546
At epoch 497, test loss = 49.9402
...model saved to 15_exp/models/FloydWarshallDataset_vanilla_0.0001_20000_20260213_100606_relu_best.pth...20260213_101547
At epoch 498, test loss = 49.8829
...model saved to 15_exp/models/FloydWarshallDataset_vanilla_0.0001_20000_20260213_100606_relu_best.pth...20260213_101548
At epoch 499, test loss = 49.7804
...model saved to 15_exp/models/FloydWarshallDataset_vanilla_0.0001_20000_20260213_100606_relu_best.pth...20260213_101548
At epoch 500, test loss = 49.7022
...model saved to 15_exp/models/FloydWarshallDataset_vanilla_0.0001_20000_20260213_100606_relu_best.pth...20260213_101549
At epoch 501, test loss = 49.6085
...model saved to 15_exp/models/FloydWarshallDataset_vanilla_0.0001_20000_20260213_100606_relu_best.pth...20260213_101550
At epoch 502, test loss = 49.5254
...model saved to 15_exp/models/FloydWarshallDataset_vanilla_0.0001_20000_20260213_100606_relu_best.pth...20260213_101550
At epoch 503, test loss = 49.4219
...model saved to 15_exp/models/FloydWarshallDataset_vanilla_0.0001_20000_20260213_100606_relu_best.pth...20260213_101551
At epoch 504, test loss = 49.3427
...model saved to 15_exp/models/FloydWarshallDataset_vanilla_0.0001_20000_20260213_100606_relu_best.pth...20260213_101552
At epoch 505, test loss = 49.2019
...model saved to 15_exp/models/FloydWarshallDataset_vanilla_0.0001_20000_20260213_100606_relu_best.pth...20260213_101553
At epoch 506, test loss = 49.1101
...model saved to 15_exp/models/FloydWarshallDataset_vanilla_0.0001_20000_20260213_100606_relu_best.pth...20260213_101553
At epoch 507, test loss = 48.9974
...model saved to 15_exp/models/FloydWarshallDataset_vanilla_0.0001_20000_20260213_100606_relu_best.pth...20260213_101554
At epoch 508, test loss = 48.8575
...model saved to 15_exp/models/FloydWarshallDataset_vanilla_0.0001_20000_20260213_100606_relu_best.pth...20260213_101555
At epoch 509, test loss = 48.7273
...model saved to 15_exp/models/FloydWarshallDataset_vanilla_0.0001_20000_20260213_100606_relu_best.pth...20260213_101556
At epoch 510, test loss = 48.5871
...model saved to 15_exp/models/FloydWarshallDataset_vanilla_0.0001_20000_20260213_100606_relu_best.pth...20260213_101556
At epoch 511, test loss = 48.4982
...model saved to 15_exp/models/FloydWarshallDataset_vanilla_0.0001_20000_20260213_100606_relu_best.pth...20260213_101557
At epoch 512, test loss = 48.3662
...model saved to 15_exp/models/FloydWarshallDataset_vanilla_0.0001_20000_20260213_100606_relu_best.pth...20260213_101558
At epoch 513, test loss = 48.2569
...model saved to 15_exp/models/FloydWarshallDataset_vanilla_0.0001_20000_20260213_100606_relu_best.pth...20260213_101559
At epoch 514, test loss = 48.1539
...model saved to 15_exp/models/FloydWarshallDataset_vanilla_0.0001_20000_20260213_100606_relu_best.pth...20260213_101559
At epoch 515, test loss = 48.0325
...model saved to 15_exp/models/FloydWarshallDataset_vanilla_0.0001_20000_20260213_100606_relu_best.pth...20260213_101600
At epoch 516, test loss = 47.9320
...model saved to 15_exp/models/FloydWarshallDataset_vanilla_0.0001_20000_20260213_100606_relu_best.pth...20260213_101601
At epoch 517, test loss = 47.8249
...model saved to 15_exp/models/FloydWarshallDataset_vanilla_0.0001_20000_20260213_100606_relu_best.pth...20260213_101602
At epoch 518, test loss = 47.6950
...model saved to 15_exp/models/FloydWarshallDataset_vanilla_0.0001_20000_20260213_100606_relu_best.pth...20260213_101602
At epoch 519, test loss = 47.6570
...model saved to 15_exp/models/FloydWarshallDataset_vanilla_0.0001_20000_20260213_100606_relu_best.pth...20260213_101603
At epoch 520, test loss = 47.4800
...model saved to 15_exp/models/FloydWarshallDataset_vanilla_0.0001_20000_20260213_100606_relu_best.pth...20260213_101604
At epoch 521, test loss = 47.4396
...model saved to 15_exp/models/FloydWarshallDataset_vanilla_0.0001_20000_20260213_100606_relu_best.pth...20260213_101605
At epoch 522, test loss = 47.2319
...model saved to 15_exp/models/FloydWarshallDataset_vanilla_0.0001_20000_20260213_100606_relu_best.pth...20260213_101605
At epoch 523, test loss = 47.1218
...model saved to 15_exp/models/FloydWarshallDataset_vanilla_0.0001_20000_20260213_100606_relu_best.pth...20260213_101606
At epoch 524, test loss = 46.9592
...model saved to 15_exp/models/FloydWarshallDataset_vanilla_0.0001_20000_20260213_100606_relu_best.pth...20260213_101607
At epoch 525, test loss = 46.8901
...model saved to 15_exp/models/FloydWarshallDataset_vanilla_0.0001_20000_20260213_100606_relu_best.pth...20260213_101608
At epoch 526, test loss = 46.7811
...model saved to 15_exp/models/FloydWarshallDataset_vanilla_0.0001_20000_20260213_100606_relu_best.pth...20260213_101608
At epoch 527, test loss = 46.6253
...model saved to 15_exp/models/FloydWarshallDataset_vanilla_0.0001_20000_20260213_100606_relu_best.pth...20260213_101609
At epoch 528, test loss = 46.5120
...model saved to 15_exp/models/FloydWarshallDataset_vanilla_0.0001_20000_20260213_100606_relu_best.pth...20260213_101610
At epoch 529, test loss = 46.4190
...model saved to 15_exp/models/FloydWarshallDataset_vanilla_0.0001_20000_20260213_100606_relu_best.pth...20260213_101611
At epoch 530, test loss = 46.3300
...model saved to 15_exp/models/FloydWarshallDataset_vanilla_0.0001_20000_20260213_100606_relu_best.pth...20260213_101611
At epoch 531, test loss = 46.2284
...model saved to 15_exp/models/FloydWarshallDataset_vanilla_0.0001_20000_20260213_100606_relu_best.pth...20260213_101612
At epoch 532, test loss = 46.1380
...model saved to 15_exp/models/FloydWarshallDataset_vanilla_0.0001_20000_20260213_100606_relu_best.pth...20260213_101613
At epoch 533, test loss = 46.0808
...model saved to 15_exp/models/FloydWarshallDataset_vanilla_0.0001_20000_20260213_100606_relu_best.pth...20260213_101614
At epoch 534, test loss = 46.0139
...model saved to 15_exp/models/FloydWarshallDataset_vanilla_0.0001_20000_20260213_100606_relu_best.pth...20260213_101615
At epoch 535, test loss = 45.9224
...model saved to 15_exp/models/FloydWarshallDataset_vanilla_0.0001_20000_20260213_100606_relu_best.pth...20260213_101615
At epoch 536, test loss = 45.8556
...model saved to 15_exp/models/FloydWarshallDataset_vanilla_0.0001_20000_20260213_100606_relu_best.pth...20260213_101616
At epoch 537, test loss = 45.8148
...model saved to 15_exp/models/FloydWarshallDataset_vanilla_0.0001_20000_20260213_100606_relu_best.pth...20260213_101617
At epoch 538, test loss = 45.7971
...model saved to 15_exp/models/FloydWarshallDataset_vanilla_0.0001_20000_20260213_100606_relu_best.pth...20260213_101618
At epoch 539, test loss = 45.6876
...model saved to 15_exp/models/FloydWarshallDataset_vanilla_0.0001_20000_20260213_100606_relu_best.pth...20260213_101619
At epoch 540, test loss = 45.6196
...model saved to 15_exp/models/FloydWarshallDataset_vanilla_0.0001_20000_20260213_100606_relu_best.pth...20260213_101620
At epoch 541, test loss = 45.5701
...model saved to 15_exp/models/FloydWarshallDataset_vanilla_0.0001_20000_20260213_100606_relu_best.pth...20260213_101621
At epoch 542, test loss = 45.5187
...model saved to 15_exp/models/FloydWarshallDataset_vanilla_0.0001_20000_20260213_100606_relu_best.pth...20260213_101621
At epoch 543, test loss = 45.4400
...model saved to 15_exp/models/FloydWarshallDataset_vanilla_0.0001_20000_20260213_100606_relu_best.pth...20260213_101622
At epoch 544, test loss = 45.3988
...model saved to 15_exp/models/FloydWarshallDataset_vanilla_0.0001_20000_20260213_100606_relu_best.pth...20260213_101623
At epoch 545, test loss = 45.3374
...model saved to 15_exp/models/FloydWarshallDataset_vanilla_0.0001_20000_20260213_100606_relu_best.pth...20260213_101624
At epoch 546, test loss = 45.3193
...model saved to 15_exp/models/FloydWarshallDataset_vanilla_0.0001_20000_20260213_100606_relu_best.pth...20260213_101625
At epoch 547, test loss = 45.2554
...model saved to 15_exp/models/FloydWarshallDataset_vanilla_0.0001_20000_20260213_100606_relu_best.pth...20260213_101626
At epoch 548, test loss = 45.1866
...model saved to 15_exp/models/FloydWarshallDataset_vanilla_0.0001_20000_20260213_100606_relu_best.pth...20260213_101627
At epoch 549, test loss = 45.1346
...model saved to 15_exp/models/FloydWarshallDataset_vanilla_0.0001_20000_20260213_100606_relu_best.pth...20260213_101628
At epoch 550, test loss = 45.0525
...model saved to 15_exp/models/FloydWarshallDataset_vanilla_0.0001_20000_20260213_100606_relu_best.pth...20260213_101629
At epoch 551, test loss = 44.9627
...model saved to 15_exp/models/FloydWarshallDataset_vanilla_0.0001_20000_20260213_100606_relu_best.pth...20260213_101629
At epoch 552, test loss = 44.9053
...model saved to 15_exp/models/FloydWarshallDataset_vanilla_0.0001_20000_20260213_100606_relu_best.pth...20260213_101630
At epoch 553, test loss = 44.8600
...model saved to 15_exp/models/FloydWarshallDataset_vanilla_0.0001_20000_20260213_100606_relu_best.pth...20260213_101631
At epoch 554, test loss = 44.7732
...model saved to 15_exp/models/FloydWarshallDataset_vanilla_0.0001_20000_20260213_100606_relu_best.pth...20260213_101632
At epoch 555, test loss = 44.7302
...model saved to 15_exp/models/FloydWarshallDataset_vanilla_0.0001_20000_20260213_100606_relu_best.pth...20260213_101633
At epoch 556, test loss = 44.6148
...model saved to 15_exp/models/FloydWarshallDataset_vanilla_0.0001_20000_20260213_100606_relu_best.pth...20260213_101634
At epoch 557, test loss = 44.4932
...model saved to 15_exp/models/FloydWarshallDataset_vanilla_0.0001_20000_20260213_100606_relu_best.pth...20260213_101635
At epoch 558, test loss = 44.3853
...model saved to 15_exp/models/FloydWarshallDataset_vanilla_0.0001_20000_20260213_100606_relu_best.pth...20260213_101635
At epoch 559, test loss = 44.3153
...model saved to 15_exp/models/FloydWarshallDataset_vanilla_0.0001_20000_20260213_100606_relu_best.pth...20260213_101636
At epoch 560, test loss = 44.1902
...model saved to 15_exp/models/FloydWarshallDataset_vanilla_0.0001_20000_20260213_100606_relu_best.pth...20260213_101637
At epoch 561, test loss = 44.0340
...model saved to 15_exp/models/FloydWarshallDataset_vanilla_0.0001_20000_20260213_100606_relu_best.pth...20260213_101638
At epoch 562, test loss = 43.9893
...model saved to 15_exp/models/FloydWarshallDataset_vanilla_0.0001_20000_20260213_100606_relu_best.pth...20260213_101639
At epoch 563, test loss = 43.8126
...model saved to 15_exp/models/FloydWarshallDataset_vanilla_0.0001_20000_20260213_100606_relu_best.pth...20260213_101640
At epoch 564, test loss = 43.6150
...model saved to 15_exp/models/FloydWarshallDataset_vanilla_0.0001_20000_20260213_100606_relu_best.pth...20260213_101641
At epoch 565, test loss = 43.5247
...model saved to 15_exp/models/FloydWarshallDataset_vanilla_0.0001_20000_20260213_100606_relu_best.pth...20260213_101643
At epoch 566, test loss = 43.3685
...model saved to 15_exp/models/FloydWarshallDataset_vanilla_0.0001_20000_20260213_100606_relu_best.pth...20260213_101644
At epoch 567, test loss = 43.1728
...model saved to 15_exp/models/FloydWarshallDataset_vanilla_0.0001_20000_20260213_100606_relu_best.pth...20260213_101645
At epoch 568, test loss = 42.9799
...model saved to 15_exp/models/FloydWarshallDataset_vanilla_0.0001_20000_20260213_100606_relu_best.pth...20260213_101646
At epoch 569, test loss = 42.8035
...model saved to 15_exp/models/FloydWarshallDataset_vanilla_0.0001_20000_20260213_100606_relu_best.pth...20260213_101647
At epoch 570, test loss = 42.6177
...model saved to 15_exp/models/FloydWarshallDataset_vanilla_0.0001_20000_20260213_100606_relu_best.pth...20260213_101648
At epoch 571, test loss = 42.5055
...model saved to 15_exp/models/FloydWarshallDataset_vanilla_0.0001_20000_20260213_100606_relu_best.pth...20260213_101649
At epoch 572, test loss = 42.3101
...model saved to 15_exp/models/FloydWarshallDataset_vanilla_0.0001_20000_20260213_100606_relu_best.pth...20260213_101650
At epoch 573, test loss = 42.1263
...model saved to 15_exp/models/FloydWarshallDataset_vanilla_0.0001_20000_20260213_100606_relu_best.pth...20260213_101651
At epoch 574, test loss = 42.0031
...model saved to 15_exp/models/FloydWarshallDataset_vanilla_0.0001_20000_20260213_100606_relu_best.pth...20260213_101652
At epoch 575, test loss = 41.8582
...model saved to 15_exp/models/FloydWarshallDataset_vanilla_0.0001_20000_20260213_100606_relu_best.pth...20260213_101653
At epoch 576, test loss = 41.6937
...model saved to 15_exp/models/FloydWarshallDataset_vanilla_0.0001_20000_20260213_100606_relu_best.pth...20260213_101654
At epoch 578, test loss = 41.5006
...model saved to 15_exp/models/FloydWarshallDataset_vanilla_0.0001_20000_20260213_100606_relu_best.pth...20260213_101656
At epoch 579, test loss = 41.3448
...model saved to 15_exp/models/FloydWarshallDataset_vanilla_0.0001_20000_20260213_100606_relu_best.pth...20260213_101657
At epoch 580, test loss = 41.1670
...model saved to 15_exp/models/FloydWarshallDataset_vanilla_0.0001_20000_20260213_100606_relu_best.pth...20260213_101658
At epoch 581, test loss = 41.0449
...model saved to 15_exp/models/FloydWarshallDataset_vanilla_0.0001_20000_20260213_100606_relu_best.pth...20260213_101659
At epoch 582, test loss = 40.9295
...model saved to 15_exp/models/FloydWarshallDataset_vanilla_0.0001_20000_20260213_100606_relu_best.pth...20260213_101700
At epoch 583, test loss = 40.8776
...model saved to 15_exp/models/FloydWarshallDataset_vanilla_0.0001_20000_20260213_100606_relu_best.pth...20260213_101701
At epoch 584, test loss = 40.7428
...model saved to 15_exp/models/FloydWarshallDataset_vanilla_0.0001_20000_20260213_100606_relu_best.pth...20260213_101702
At epoch 585, test loss = 40.6185
...model saved to 15_exp/models/FloydWarshallDataset_vanilla_0.0001_20000_20260213_100606_relu_best.pth...20260213_101703
At epoch 586, test loss = 40.5327
...model saved to 15_exp/models/FloydWarshallDataset_vanilla_0.0001_20000_20260213_100606_relu_best.pth...20260213_101705
At epoch 587, test loss = 40.4411
...model saved to 15_exp/models/FloydWarshallDataset_vanilla_0.0001_20000_20260213_100606_relu_best.pth...20260213_101706
At epoch 588, test loss = 40.3634
...model saved to 15_exp/models/FloydWarshallDataset_vanilla_0.0001_20000_20260213_100606_relu_best.pth...20260213_101707
At epoch 589, test loss = 40.2552
...model saved to 15_exp/models/FloydWarshallDataset_vanilla_0.0001_20000_20260213_100606_relu_best.pth...20260213_101708
At epoch 590, test loss = 40.1394
...model saved to 15_exp/models/FloydWarshallDataset_vanilla_0.0001_20000_20260213_100606_relu_best.pth...20260213_101709
At epoch 591, test loss = 40.0441
...model saved to 15_exp/models/FloydWarshallDataset_vanilla_0.0001_20000_20260213_100606_relu_best.pth...20260213_101710
At epoch 592, test loss = 39.9316
...model saved to 15_exp/models/FloydWarshallDataset_vanilla_0.0001_20000_20260213_100606_relu_best.pth...20260213_101711
At epoch 593, test loss = 39.8503
...model saved to 15_exp/models/FloydWarshallDataset_vanilla_0.0001_20000_20260213_100606_relu_best.pth...20260213_101712
At epoch 594, test loss = 39.7319
...model saved to 15_exp/models/FloydWarshallDataset_vanilla_0.0001_20000_20260213_100606_relu_best.pth...20260213_101713
At epoch 595, test loss = 39.6800
...model saved to 15_exp/models/FloydWarshallDataset_vanilla_0.0001_20000_20260213_100606_relu_best.pth...20260213_101714
At epoch 596, test loss = 39.5300
...model saved to 15_exp/models/FloydWarshallDataset_vanilla_0.0001_20000_20260213_100606_relu_best.pth...20260213_101715
At epoch 597, test loss = 39.4290
...model saved to 15_exp/models/FloydWarshallDataset_vanilla_0.0001_20000_20260213_100606_relu_best.pth...20260213_101716
At epoch 598, test loss = 39.2954
...model saved to 15_exp/models/FloydWarshallDataset_vanilla_0.0001_20000_20260213_100606_relu_best.pth...20260213_101717
At epoch 599, test loss = 39.1445
...model saved to 15_exp/models/FloydWarshallDataset_vanilla_0.0001_20000_20260213_100606_relu_best.pth...20260213_101718
At epoch 600, test loss = 39.0161
...model saved to 15_exp/models/FloydWarshallDataset_vanilla_0.0001_20000_20260213_100606_relu_best.pth...20260213_101719
At epoch 601, test loss = 38.9001
...model saved to 15_exp/models/FloydWarshallDataset_vanilla_0.0001_20000_20260213_100606_relu_best.pth...20260213_101720
At epoch 602, test loss = 38.7685
...model saved to 15_exp/models/FloydWarshallDataset_vanilla_0.0001_20000_20260213_100606_relu_best.pth...20260213_101721
At epoch 603, test loss = 38.6551
...model saved to 15_exp/models/FloydWarshallDataset_vanilla_0.0001_20000_20260213_100606_relu_best.pth...20260213_101722
At epoch 604, test loss = 38.4295
...model saved to 15_exp/models/FloydWarshallDataset_vanilla_0.0001_20000_20260213_100606_relu_best.pth...20260213_101723
At epoch 605, test loss = 38.2641
...model saved to 15_exp/models/FloydWarshallDataset_vanilla_0.0001_20000_20260213_100606_relu_best.pth...20260213_101724
At epoch 606, test loss = 38.1377
...model saved to 15_exp/models/FloydWarshallDataset_vanilla_0.0001_20000_20260213_100606_relu_best.pth...20260213_101725
At epoch 607, test loss = 37.9668
...model saved to 15_exp/models/FloydWarshallDataset_vanilla_0.0001_20000_20260213_100606_relu_best.pth...20260213_101726
At epoch 608, test loss = 37.8041
...model saved to 15_exp/models/FloydWarshallDataset_vanilla_0.0001_20000_20260213_100606_relu_best.pth...20260213_101727
At epoch 609, test loss = 37.6633
...model saved to 15_exp/models/FloydWarshallDataset_vanilla_0.0001_20000_20260213_100606_relu_best.pth...20260213_101727
At epoch 610, test loss = 37.4561
...model saved to 15_exp/models/FloydWarshallDataset_vanilla_0.0001_20000_20260213_100606_relu_best.pth...20260213_101728
At epoch 611, test loss = 37.3030
...model saved to 15_exp/models/FloydWarshallDataset_vanilla_0.0001_20000_20260213_100606_relu_best.pth...20260213_101729
At epoch 612, test loss = 37.1443
...model saved to 15_exp/models/FloydWarshallDataset_vanilla_0.0001_20000_20260213_100606_relu_best.pth...20260213_101730
At epoch 613, test loss = 36.9291
...model saved to 15_exp/models/FloydWarshallDataset_vanilla_0.0001_20000_20260213_100606_relu_best.pth...20260213_101731
At epoch 614, test loss = 36.7404
...model saved to 15_exp/models/FloydWarshallDataset_vanilla_0.0001_20000_20260213_100606_relu_best.pth...20260213_101732
At epoch 615, test loss = 36.5628
...model saved to 15_exp/models/FloydWarshallDataset_vanilla_0.0001_20000_20260213_100606_relu_best.pth...20260213_101733
At epoch 616, test loss = 36.3691
...model saved to 15_exp/models/FloydWarshallDataset_vanilla_0.0001_20000_20260213_100606_relu_best.pth...20260213_101734
At epoch 617, test loss = 36.1436
...model saved to 15_exp/models/FloydWarshallDataset_vanilla_0.0001_20000_20260213_100606_relu_best.pth...20260213_101735
At epoch 618, test loss = 35.9428
...model saved to 15_exp/models/FloydWarshallDataset_vanilla_0.0001_20000_20260213_100606_relu_best.pth...20260213_101736
At epoch 619, test loss = 35.7408
...model saved to 15_exp/models/FloydWarshallDataset_vanilla_0.0001_20000_20260213_100606_relu_best.pth...20260213_101737
At epoch 620, test loss = 35.5484
...model saved to 15_exp/models/FloydWarshallDataset_vanilla_0.0001_20000_20260213_100606_relu_best.pth...20260213_101738
At epoch 621, test loss = 35.4072
...model saved to 15_exp/models/FloydWarshallDataset_vanilla_0.0001_20000_20260213_100606_relu_best.pth...20260213_101739
At epoch 622, test loss = 35.1918
...model saved to 15_exp/models/FloydWarshallDataset_vanilla_0.0001_20000_20260213_100606_relu_best.pth...20260213_101740
At epoch 623, test loss = 35.0379
...model saved to 15_exp/models/FloydWarshallDataset_vanilla_0.0001_20000_20260213_100606_relu_best.pth...20260213_101741
At epoch 624, test loss = 34.8590
...model saved to 15_exp/models/FloydWarshallDataset_vanilla_0.0001_20000_20260213_100606_relu_best.pth...20260213_101742
At epoch 625, test loss = 34.7361
...model saved to 15_exp/models/FloydWarshallDataset_vanilla_0.0001_20000_20260213_100606_relu_best.pth...20260213_101743
At epoch 626, test loss = 34.5350
...model saved to 15_exp/models/FloydWarshallDataset_vanilla_0.0001_20000_20260213_100606_relu_best.pth...20260213_101744
At epoch 627, test loss = 34.3813
...model saved to 15_exp/models/FloydWarshallDataset_vanilla_0.0001_20000_20260213_100606_relu_best.pth...20260213_101745
At epoch 628, test loss = 34.1955
...model saved to 15_exp/models/FloydWarshallDataset_vanilla_0.0001_20000_20260213_100606_relu_best.pth...20260213_101746
At epoch 629, test loss = 34.0676
...model saved to 15_exp/models/FloydWarshallDataset_vanilla_0.0001_20000_20260213_100606_relu_best.pth...20260213_101747
At epoch 630, test loss = 33.8106
...model saved to 15_exp/models/FloydWarshallDataset_vanilla_0.0001_20000_20260213_100606_relu_best.pth...20260213_101748
At epoch 631, test loss = 33.6440
...model saved to 15_exp/models/FloydWarshallDataset_vanilla_0.0001_20000_20260213_100606_relu_best.pth...20260213_101749
At epoch 632, test loss = 33.5310
...model saved to 15_exp/models/FloydWarshallDataset_vanilla_0.0001_20000_20260213_100606_relu_best.pth...20260213_101750
At epoch 633, test loss = 33.3068
...model saved to 15_exp/models/FloydWarshallDataset_vanilla_0.0001_20000_20260213_100606_relu_best.pth...20260213_101751
At epoch 634, test loss = 33.1233
...model saved to 15_exp/models/FloydWarshallDataset_vanilla_0.0001_20000_20260213_100606_relu_best.pth...20260213_101752
At epoch 635, test loss = 33.0077
...model saved to 15_exp/models/FloydWarshallDataset_vanilla_0.0001_20000_20260213_100606_relu_best.pth...20260213_101753
At epoch 636, test loss = 32.8333
...model saved to 15_exp/models/FloydWarshallDataset_vanilla_0.0001_20000_20260213_100606_relu_best.pth...20260213_101754
At epoch 637, test loss = 32.6268
...model saved to 15_exp/models/FloydWarshallDataset_vanilla_0.0001_20000_20260213_100606_relu_best.pth...20260213_101755
At epoch 638, test loss = 32.4916
...model saved to 15_exp/models/FloydWarshallDataset_vanilla_0.0001_20000_20260213_100606_relu_best.pth...20260213_101756
At epoch 639, test loss = 32.3738
...model saved to 15_exp/models/FloydWarshallDataset_vanilla_0.0001_20000_20260213_100606_relu_best.pth...20260213_101757
At epoch 640, test loss = 32.2683
...model saved to 15_exp/models/FloydWarshallDataset_vanilla_0.0001_20000_20260213_100606_relu_best.pth...20260213_101757
At epoch 641, test loss = 32.1070
...model saved to 15_exp/models/FloydWarshallDataset_vanilla_0.0001_20000_20260213_100606_relu_best.pth...20260213_101758
At epoch 642, test loss = 32.0247
...model saved to 15_exp/models/FloydWarshallDataset_vanilla_0.0001_20000_20260213_100606_relu_best.pth...20260213_101759
At epoch 643, test loss = 31.8829
...model saved to 15_exp/models/FloydWarshallDataset_vanilla_0.0001_20000_20260213_100606_relu_best.pth...20260213_101800
At epoch 644, test loss = 31.8097
...model saved to 15_exp/models/FloydWarshallDataset_vanilla_0.0001_20000_20260213_100606_relu_best.pth...20260213_101801
At epoch 645, test loss = 31.7173
...model saved to 15_exp/models/FloydWarshallDataset_vanilla_0.0001_20000_20260213_100606_relu_best.pth...20260213_101802
At epoch 646, test loss = 31.5935
...model saved to 15_exp/models/FloydWarshallDataset_vanilla_0.0001_20000_20260213_100606_relu_best.pth...20260213_101803
At epoch 647, test loss = 31.5228
...model saved to 15_exp/models/FloydWarshallDataset_vanilla_0.0001_20000_20260213_100606_relu_best.pth...20260213_101803
At epoch 648, test loss = 31.4176
...model saved to 15_exp/models/FloydWarshallDataset_vanilla_0.0001_20000_20260213_100606_relu_best.pth...20260213_101804
At epoch 649, test loss = 31.3877
...model saved to 15_exp/models/FloydWarshallDataset_vanilla_0.0001_20000_20260213_100606_relu_best.pth...20260213_101805
At epoch 650, test loss = 31.2893
...model saved to 15_exp/models/FloydWarshallDataset_vanilla_0.0001_20000_20260213_100606_relu_best.pth...20260213_101806
At epoch 651, test loss = 31.2125
...model saved to 15_exp/models/FloydWarshallDataset_vanilla_0.0001_20000_20260213_100606_relu_best.pth...20260213_101807
At epoch 652, test loss = 31.1405
...model saved to 15_exp/models/FloydWarshallDataset_vanilla_0.0001_20000_20260213_100606_relu_best.pth...20260213_101808
At epoch 653, test loss = 31.1006
...model saved to 15_exp/models/FloydWarshallDataset_vanilla_0.0001_20000_20260213_100606_relu_best.pth...20260213_101809
At epoch 654, test loss = 30.9957
...model saved to 15_exp/models/FloydWarshallDataset_vanilla_0.0001_20000_20260213_100606_relu_best.pth...20260213_101809
At epoch 655, test loss = 30.9096
...model saved to 15_exp/models/FloydWarshallDataset_vanilla_0.0001_20000_20260213_100606_relu_best.pth...20260213_101810
At epoch 656, test loss = 30.8431
...model saved to 15_exp/models/FloydWarshallDataset_vanilla_0.0001_20000_20260213_100606_relu_best.pth...20260213_101811
At epoch 657, test loss = 30.8221
...model saved to 15_exp/models/FloydWarshallDataset_vanilla_0.0001_20000_20260213_100606_relu_best.pth...20260213_101812
At epoch 658, test loss = 30.7129
...model saved to 15_exp/models/FloydWarshallDataset_vanilla_0.0001_20000_20260213_100606_relu_best.pth...20260213_101813
At epoch 660, test loss = 30.5375
...model saved to 15_exp/models/FloydWarshallDataset_vanilla_0.0001_20000_20260213_100606_relu_best.pth...20260213_101814
At epoch 661, test loss = 30.5089
...model saved to 15_exp/models/FloydWarshallDataset_vanilla_0.0001_20000_20260213_100606_relu_best.pth...20260213_101815
At epoch 662, test loss = 30.3991
...model saved to 15_exp/models/FloydWarshallDataset_vanilla_0.0001_20000_20260213_100606_relu_best.pth...20260213_101815
At epoch 663, test loss = 30.2755
...model saved to 15_exp/models/FloydWarshallDataset_vanilla_0.0001_20000_20260213_100606_relu_best.pth...20260213_101816
At epoch 664, test loss = 30.2160
...model saved to 15_exp/models/FloydWarshallDataset_vanilla_0.0001_20000_20260213_100606_relu_best.pth...20260213_101817
At epoch 665, test loss = 30.0827
...model saved to 15_exp/models/FloydWarshallDataset_vanilla_0.0001_20000_20260213_100606_relu_best.pth...20260213_101818
At epoch 666, test loss = 29.9936
...model saved to 15_exp/models/FloydWarshallDataset_vanilla_0.0001_20000_20260213_100606_relu_best.pth...20260213_101818
At epoch 667, test loss = 29.8593
...model saved to 15_exp/models/FloydWarshallDataset_vanilla_0.0001_20000_20260213_100606_relu_best.pth...20260213_101819
At epoch 668, test loss = 29.7452
...model saved to 15_exp/models/FloydWarshallDataset_vanilla_0.0001_20000_20260213_100606_relu_best.pth...20260213_101820
At epoch 669, test loss = 29.5888
...model saved to 15_exp/models/FloydWarshallDataset_vanilla_0.0001_20000_20260213_100606_relu_best.pth...20260213_101820
At epoch 670, test loss = 29.4799
...model saved to 15_exp/models/FloydWarshallDataset_vanilla_0.0001_20000_20260213_100606_relu_best.pth...20260213_101821
At epoch 671, test loss = 29.3704
...model saved to 15_exp/models/FloydWarshallDataset_vanilla_0.0001_20000_20260213_100606_relu_best.pth...20260213_101822
At epoch 672, test loss = 29.2414
...model saved to 15_exp/models/FloydWarshallDataset_vanilla_0.0001_20000_20260213_100606_relu_best.pth...20260213_101822
At epoch 673, test loss = 29.1083
...model saved to 15_exp/models/FloydWarshallDataset_vanilla_0.0001_20000_20260213_100606_relu_best.pth...20260213_101823
At epoch 674, test loss = 29.0085
...model saved to 15_exp/models/FloydWarshallDataset_vanilla_0.0001_20000_20260213_100606_relu_best.pth...20260213_101824
At epoch 675, test loss = 28.8838
...model saved to 15_exp/models/FloydWarshallDataset_vanilla_0.0001_20000_20260213_100606_relu_best.pth...20260213_101824
At epoch 676, test loss = 28.8015
...model saved to 15_exp/models/FloydWarshallDataset_vanilla_0.0001_20000_20260213_100606_relu_best.pth...20260213_101825
At epoch 677, test loss = 28.7070
...model saved to 15_exp/models/FloydWarshallDataset_vanilla_0.0001_20000_20260213_100606_relu_best.pth...20260213_101826
At epoch 678, test loss = 28.6078
...model saved to 15_exp/models/FloydWarshallDataset_vanilla_0.0001_20000_20260213_100606_relu_best.pth...20260213_101827
At epoch 679, test loss = 28.5658
...model saved to 15_exp/models/FloydWarshallDataset_vanilla_0.0001_20000_20260213_100606_relu_best.pth...20260213_101828
At epoch 680, test loss = 28.4701
...model saved to 15_exp/models/FloydWarshallDataset_vanilla_0.0001_20000_20260213_100606_relu_best.pth...20260213_101829
At epoch 681, test loss = 28.3893
...model saved to 15_exp/models/FloydWarshallDataset_vanilla_0.0001_20000_20260213_100606_relu_best.pth...20260213_101830
At epoch 682, test loss = 28.3085
...model saved to 15_exp/models/FloydWarshallDataset_vanilla_0.0001_20000_20260213_100606_relu_best.pth...20260213_101830
At epoch 683, test loss = 28.3033
...model saved to 15_exp/models/FloydWarshallDataset_vanilla_0.0001_20000_20260213_100606_relu_best.pth...20260213_101831
At epoch 684, test loss = 28.2586
...model saved to 15_exp/models/FloydWarshallDataset_vanilla_0.0001_20000_20260213_100606_relu_best.pth...20260213_101832
At epoch 685, test loss = 28.1236
...model saved to 15_exp/models/FloydWarshallDataset_vanilla_0.0001_20000_20260213_100606_relu_best.pth...20260213_101833
At epoch 686, test loss = 28.0843
...model saved to 15_exp/models/FloydWarshallDataset_vanilla_0.0001_20000_20260213_100606_relu_best.pth...20260213_101834
At epoch 687, test loss = 28.0167
...model saved to 15_exp/models/FloydWarshallDataset_vanilla_0.0001_20000_20260213_100606_relu_best.pth...20260213_101834
At epoch 688, test loss = 27.9993
...model saved to 15_exp/models/FloydWarshallDataset_vanilla_0.0001_20000_20260213_100606_relu_best.pth...20260213_101835
At epoch 689, test loss = 27.9195
...model saved to 15_exp/models/FloydWarshallDataset_vanilla_0.0001_20000_20260213_100606_relu_best.pth...20260213_101836
At epoch 690, test loss = 27.8261
...model saved to 15_exp/models/FloydWarshallDataset_vanilla_0.0001_20000_20260213_100606_relu_best.pth...20260213_101837
At epoch 691, test loss = 27.7546
...model saved to 15_exp/models/FloydWarshallDataset_vanilla_0.0001_20000_20260213_100606_relu_best.pth...20260213_101838
At epoch 693, test loss = 27.6731
...model saved to 15_exp/models/FloydWarshallDataset_vanilla_0.0001_20000_20260213_100606_relu_best.pth...20260213_101839
At epoch 694, test loss = 27.5472
...model saved to 15_exp/models/FloydWarshallDataset_vanilla_0.0001_20000_20260213_100606_relu_best.pth...20260213_101840
At epoch 695, test loss = 27.4818
...model saved to 15_exp/models/FloydWarshallDataset_vanilla_0.0001_20000_20260213_100606_relu_best.pth...20260213_101841
At epoch 696, test loss = 27.4205
...model saved to 15_exp/models/FloydWarshallDataset_vanilla_0.0001_20000_20260213_100606_relu_best.pth...20260213_101841
At epoch 697, test loss = 27.3270
...model saved to 15_exp/models/FloydWarshallDataset_vanilla_0.0001_20000_20260213_100606_relu_best.pth...20260213_101842
At epoch 698, test loss = 27.2254
...model saved to 15_exp/models/FloydWarshallDataset_vanilla_0.0001_20000_20260213_100606_relu_best.pth...20260213_101843
At epoch 699, test loss = 27.1668
...model saved to 15_exp/models/FloydWarshallDataset_vanilla_0.0001_20000_20260213_100606_relu_best.pth...20260213_101844
At epoch 700, test loss = 27.0376
...model saved to 15_exp/models/FloydWarshallDataset_vanilla_0.0001_20000_20260213_100606_relu_best.pth...20260213_101844
At epoch 701, test loss = 26.9347
...model saved to 15_exp/models/FloydWarshallDataset_vanilla_0.0001_20000_20260213_100606_relu_best.pth...20260213_101845
At epoch 702, test loss = 26.8152
...model saved to 15_exp/models/FloydWarshallDataset_vanilla_0.0001_20000_20260213_100606_relu_best.pth...20260213_101846
At epoch 703, test loss = 26.6981
...model saved to 15_exp/models/FloydWarshallDataset_vanilla_0.0001_20000_20260213_100606_relu_best.pth...20260213_101847
At epoch 704, test loss = 26.5625
...model saved to 15_exp/models/FloydWarshallDataset_vanilla_0.0001_20000_20260213_100606_relu_best.pth...20260213_101847
At epoch 705, test loss = 26.4586
...model saved to 15_exp/models/FloydWarshallDataset_vanilla_0.0001_20000_20260213_100606_relu_best.pth...20260213_101848
At epoch 706, test loss = 26.3015
...model saved to 15_exp/models/FloydWarshallDataset_vanilla_0.0001_20000_20260213_100606_relu_best.pth...20260213_101849
At epoch 707, test loss = 26.1811
...model saved to 15_exp/models/FloydWarshallDataset_vanilla_0.0001_20000_20260213_100606_relu_best.pth...20260213_101850
At epoch 708, test loss = 26.0407
...model saved to 15_exp/models/FloydWarshallDataset_vanilla_0.0001_20000_20260213_100606_relu_best.pth...20260213_101850
At epoch 709, test loss = 25.8893
...model saved to 15_exp/models/FloydWarshallDataset_vanilla_0.0001_20000_20260213_100606_relu_best.pth...20260213_101851
At epoch 710, test loss = 25.7918
...model saved to 15_exp/models/FloydWarshallDataset_vanilla_0.0001_20000_20260213_100606_relu_best.pth...20260213_101852
At epoch 711, test loss = 25.6288
...model saved to 15_exp/models/FloydWarshallDataset_vanilla_0.0001_20000_20260213_100606_relu_best.pth...20260213_101853
At epoch 712, test loss = 25.5041
...model saved to 15_exp/models/FloydWarshallDataset_vanilla_0.0001_20000_20260213_100606_relu_best.pth...20260213_101853
At epoch 713, test loss = 25.3716
...model saved to 15_exp/models/FloydWarshallDataset_vanilla_0.0001_20000_20260213_100606_relu_best.pth...20260213_101854
At epoch 714, test loss = 25.2331
...model saved to 15_exp/models/FloydWarshallDataset_vanilla_0.0001_20000_20260213_100606_relu_best.pth...20260213_101855
At epoch 715, test loss = 25.1195
...model saved to 15_exp/models/FloydWarshallDataset_vanilla_0.0001_20000_20260213_100606_relu_best.pth...20260213_101856
At epoch 716, test loss = 24.9884
...model saved to 15_exp/models/FloydWarshallDataset_vanilla_0.0001_20000_20260213_100606_relu_best.pth...20260213_101857
At epoch 717, test loss = 24.8419
...model saved to 15_exp/models/FloydWarshallDataset_vanilla_0.0001_20000_20260213_100606_relu_best.pth...20260213_101857
At epoch 718, test loss = 24.6870
...model saved to 15_exp/models/FloydWarshallDataset_vanilla_0.0001_20000_20260213_100606_relu_best.pth...20260213_101858
At epoch 719, test loss = 24.5427
...model saved to 15_exp/models/FloydWarshallDataset_vanilla_0.0001_20000_20260213_100606_relu_best.pth...20260213_101859
At epoch 720, test loss = 24.3924
...model saved to 15_exp/models/FloydWarshallDataset_vanilla_0.0001_20000_20260213_100606_relu_best.pth...20260213_101900
At epoch 721, test loss = 24.2517
...model saved to 15_exp/models/FloydWarshallDataset_vanilla_0.0001_20000_20260213_100606_relu_best.pth...20260213_101901
At epoch 722, test loss = 24.1234
...model saved to 15_exp/models/FloydWarshallDataset_vanilla_0.0001_20000_20260213_100606_relu_best.pth...20260213_101902
At epoch 723, test loss = 23.9889
...model saved to 15_exp/models/FloydWarshallDataset_vanilla_0.0001_20000_20260213_100606_relu_best.pth...20260213_101902
At epoch 724, test loss = 23.8918
...model saved to 15_exp/models/FloydWarshallDataset_vanilla_0.0001_20000_20260213_100606_relu_best.pth...20260213_101903
At epoch 725, test loss = 23.7827
...model saved to 15_exp/models/FloydWarshallDataset_vanilla_0.0001_20000_20260213_100606_relu_best.pth...20260213_101904
At epoch 726, test loss = 23.6142
...model saved to 15_exp/models/FloydWarshallDataset_vanilla_0.0001_20000_20260213_100606_relu_best.pth...20260213_101905
At epoch 727, test loss = 23.4930
...model saved to 15_exp/models/FloydWarshallDataset_vanilla_0.0001_20000_20260213_100606_relu_best.pth...20260213_101906
At epoch 728, test loss = 23.3711
...model saved to 15_exp/models/FloydWarshallDataset_vanilla_0.0001_20000_20260213_100606_relu_best.pth...20260213_101907
At epoch 729, test loss = 23.2572
...model saved to 15_exp/models/FloydWarshallDataset_vanilla_0.0001_20000_20260213_100606_relu_best.pth...20260213_101908
At epoch 730, test loss = 23.1790
...model saved to 15_exp/models/FloydWarshallDataset_vanilla_0.0001_20000_20260213_100606_relu_best.pth...20260213_101909
At epoch 731, test loss = 23.0804
...model saved to 15_exp/models/FloydWarshallDataset_vanilla_0.0001_20000_20260213_100606_relu_best.pth...20260213_101910
At epoch 732, test loss = 22.9571
...model saved to 15_exp/models/FloydWarshallDataset_vanilla_0.0001_20000_20260213_100606_relu_best.pth...20260213_101911
At epoch 733, test loss = 22.8356
...model saved to 15_exp/models/FloydWarshallDataset_vanilla_0.0001_20000_20260213_100606_relu_best.pth...20260213_101912
At epoch 734, test loss = 22.7711
...model saved to 15_exp/models/FloydWarshallDataset_vanilla_0.0001_20000_20260213_100606_relu_best.pth...20260213_101912
At epoch 735, test loss = 22.6888
...model saved to 15_exp/models/FloydWarshallDataset_vanilla_0.0001_20000_20260213_100606_relu_best.pth...20260213_101913
At epoch 736, test loss = 22.5480
...model saved to 15_exp/models/FloydWarshallDataset_vanilla_0.0001_20000_20260213_100606_relu_best.pth...20260213_101914
At epoch 737, test loss = 22.4239
...model saved to 15_exp/models/FloydWarshallDataset_vanilla_0.0001_20000_20260213_100606_relu_best.pth...20260213_101915
At epoch 738, test loss = 22.3224
...model saved to 15_exp/models/FloydWarshallDataset_vanilla_0.0001_20000_20260213_100606_relu_best.pth...20260213_101916
At epoch 739, test loss = 22.1864
...model saved to 15_exp/models/FloydWarshallDataset_vanilla_0.0001_20000_20260213_100606_relu_best.pth...20260213_101916
At epoch 740, test loss = 22.0843
...model saved to 15_exp/models/FloydWarshallDataset_vanilla_0.0001_20000_20260213_100606_relu_best.pth...20260213_101917
At epoch 741, test loss = 21.9340
...model saved to 15_exp/models/FloydWarshallDataset_vanilla_0.0001_20000_20260213_100606_relu_best.pth...20260213_101918
At epoch 742, test loss = 21.8178
...model saved to 15_exp/models/FloydWarshallDataset_vanilla_0.0001_20000_20260213_100606_relu_best.pth...20260213_101919
At epoch 743, test loss = 21.7137
...model saved to 15_exp/models/FloydWarshallDataset_vanilla_0.0001_20000_20260213_100606_relu_best.pth...20260213_101919
At epoch 744, test loss = 21.5629
...model saved to 15_exp/models/FloydWarshallDataset_vanilla_0.0001_20000_20260213_100606_relu_best.pth...20260213_101920
At epoch 745, test loss = 21.4536
...model saved to 15_exp/models/FloydWarshallDataset_vanilla_0.0001_20000_20260213_100606_relu_best.pth...20260213_101921
At epoch 746, test loss = 21.3050
...model saved to 15_exp/models/FloydWarshallDataset_vanilla_0.0001_20000_20260213_100606_relu_best.pth...20260213_101922
At epoch 747, test loss = 21.2185
...model saved to 15_exp/models/FloydWarshallDataset_vanilla_0.0001_20000_20260213_100606_relu_best.pth...20260213_101922
At epoch 748, test loss = 21.1347
...model saved to 15_exp/models/FloydWarshallDataset_vanilla_0.0001_20000_20260213_100606_relu_best.pth...20260213_101923
At epoch 749, test loss = 21.0536
...model saved to 15_exp/models/FloydWarshallDataset_vanilla_0.0001_20000_20260213_100606_relu_best.pth...20260213_101924
At epoch 750, test loss = 20.9708
...model saved to 15_exp/models/FloydWarshallDataset_vanilla_0.0001_20000_20260213_100606_relu_best.pth...20260213_101925
At epoch 751, test loss = 20.9022
...model saved to 15_exp/models/FloydWarshallDataset_vanilla_0.0001_20000_20260213_100606_relu_best.pth...20260213_101926
At epoch 752, test loss = 20.8377
...model saved to 15_exp/models/FloydWarshallDataset_vanilla_0.0001_20000_20260213_100606_relu_best.pth...20260213_101926
At epoch 753, test loss = 20.7671
...model saved to 15_exp/models/FloydWarshallDataset_vanilla_0.0001_20000_20260213_100606_relu_best.pth...20260213_101927
At epoch 754, test loss = 20.7323
...model saved to 15_exp/models/FloydWarshallDataset_vanilla_0.0001_20000_20260213_100606_relu_best.pth...20260213_101928
At epoch 755, test loss = 20.6712
...model saved to 15_exp/models/FloydWarshallDataset_vanilla_0.0001_20000_20260213_100606_relu_best.pth...20260213_101929
At epoch 756, test loss = 20.6195
...model saved to 15_exp/models/FloydWarshallDataset_vanilla_0.0001_20000_20260213_100606_relu_best.pth...20260213_101929
At epoch 757, test loss = 20.5690
...model saved to 15_exp/models/FloydWarshallDataset_vanilla_0.0001_20000_20260213_100606_relu_best.pth...20260213_101930
At epoch 758, test loss = 20.5642
...model saved to 15_exp/models/FloydWarshallDataset_vanilla_0.0001_20000_20260213_100606_relu_best.pth...20260213_101931
At epoch 759, test loss = 20.5011
...model saved to 15_exp/models/FloydWarshallDataset_vanilla_0.0001_20000_20260213_100606_relu_best.pth...20260213_101933
At epoch 760, test loss = 20.4653
...model saved to 15_exp/models/FloydWarshallDataset_vanilla_0.0001_20000_20260213_100606_relu_best.pth...20260213_101934
At epoch 761, test loss = 20.4200
...model saved to 15_exp/models/FloydWarshallDataset_vanilla_0.0001_20000_20260213_100606_relu_best.pth...20260213_101935
At epoch 762, test loss = 20.4114
...model saved to 15_exp/models/FloydWarshallDataset_vanilla_0.0001_20000_20260213_100606_relu_best.pth...20260213_101937
At epoch 763, test loss = 20.3485
...model saved to 15_exp/models/FloydWarshallDataset_vanilla_0.0001_20000_20260213_100606_relu_best.pth...20260213_101937
At epoch 764, test loss = 20.3248
...model saved to 15_exp/models/FloydWarshallDataset_vanilla_0.0001_20000_20260213_100606_relu_best.pth...20260213_101938
At epoch 765, test loss = 20.2977
...model saved to 15_exp/models/FloydWarshallDataset_vanilla_0.0001_20000_20260213_100606_relu_best.pth...20260213_101939
At epoch 766, test loss = 20.2636
...model saved to 15_exp/models/FloydWarshallDataset_vanilla_0.0001_20000_20260213_100606_relu_best.pth...20260213_101940
At epoch 767, test loss = 20.2361
...model saved to 15_exp/models/FloydWarshallDataset_vanilla_0.0001_20000_20260213_100606_relu_best.pth...20260213_101941
At epoch 768, test loss = 20.2168
...model saved to 15_exp/models/FloydWarshallDataset_vanilla_0.0001_20000_20260213_100606_relu_best.pth...20260213_101942
At epoch 769, test loss = 20.2014
...model saved to 15_exp/models/FloydWarshallDataset_vanilla_0.0001_20000_20260213_100606_relu_best.pth...20260213_101943
At epoch 770, test loss = 20.1592
...model saved to 15_exp/models/FloydWarshallDataset_vanilla_0.0001_20000_20260213_100606_relu_best.pth...20260213_101944
At epoch 771, test loss = 20.1483
...model saved to 15_exp/models/FloydWarshallDataset_vanilla_0.0001_20000_20260213_100606_relu_best.pth...20260213_101945
At epoch 772, test loss = 20.1088
...model saved to 15_exp/models/FloydWarshallDataset_vanilla_0.0001_20000_20260213_100606_relu_best.pth...20260213_101946
At epoch 773, test loss = 20.0808
...model saved to 15_exp/models/FloydWarshallDataset_vanilla_0.0001_20000_20260213_100606_relu_best.pth...20260213_101947
At epoch 774, test loss = 20.0652
...model saved to 15_exp/models/FloydWarshallDataset_vanilla_0.0001_20000_20260213_100606_relu_best.pth...20260213_101948
At epoch 776, test loss = 19.9826
...model saved to 15_exp/models/FloydWarshallDataset_vanilla_0.0001_20000_20260213_100606_relu_best.pth...20260213_101950
At epoch 777, test loss = 19.9528
...model saved to 15_exp/models/FloydWarshallDataset_vanilla_0.0001_20000_20260213_100606_relu_best.pth...20260213_101951
At epoch 778, test loss = 19.9158
...model saved to 15_exp/models/FloydWarshallDataset_vanilla_0.0001_20000_20260213_100606_relu_best.pth...20260213_101952
At epoch 779, test loss = 19.8955
...model saved to 15_exp/models/FloydWarshallDataset_vanilla_0.0001_20000_20260213_100606_relu_best.pth...20260213_101953
At epoch 780, test loss = 19.8630
...model saved to 15_exp/models/FloydWarshallDataset_vanilla_0.0001_20000_20260213_100606_relu_best.pth...20260213_101954
At epoch 781, test loss = 19.8367
...model saved to 15_exp/models/FloydWarshallDataset_vanilla_0.0001_20000_20260213_100606_relu_best.pth...20260213_101955
At epoch 782, test loss = 19.8025
...model saved to 15_exp/models/FloydWarshallDataset_vanilla_0.0001_20000_20260213_100606_relu_best.pth...20260213_101955
At epoch 784, test loss = 19.7303
...model saved to 15_exp/models/FloydWarshallDataset_vanilla_0.0001_20000_20260213_100606_relu_best.pth...20260213_101957
At epoch 785, test loss = 19.6780
...model saved to 15_exp/models/FloydWarshallDataset_vanilla_0.0001_20000_20260213_100606_relu_best.pth...20260213_101958
At epoch 786, test loss = 19.6626
...model saved to 15_exp/models/FloydWarshallDataset_vanilla_0.0001_20000_20260213_100606_relu_best.pth...20260213_101959
At epoch 787, test loss = 19.5871
...model saved to 15_exp/models/FloydWarshallDataset_vanilla_0.0001_20000_20260213_100606_relu_best.pth...20260213_102000
At epoch 788, test loss = 19.5405
...model saved to 15_exp/models/FloydWarshallDataset_vanilla_0.0001_20000_20260213_100606_relu_best.pth...20260213_102001
At epoch 789, test loss = 19.4999
...model saved to 15_exp/models/FloydWarshallDataset_vanilla_0.0001_20000_20260213_100606_relu_best.pth...20260213_102002
At epoch 790, test loss = 19.4403
...model saved to 15_exp/models/FloydWarshallDataset_vanilla_0.0001_20000_20260213_100606_relu_best.pth...20260213_102003
At epoch 791, test loss = 19.3693
...model saved to 15_exp/models/FloydWarshallDataset_vanilla_0.0001_20000_20260213_100606_relu_best.pth...20260213_102004
At epoch 792, test loss = 19.3012
...model saved to 15_exp/models/FloydWarshallDataset_vanilla_0.0001_20000_20260213_100606_relu_best.pth...20260213_102005
At epoch 793, test loss = 19.2573
...model saved to 15_exp/models/FloydWarshallDataset_vanilla_0.0001_20000_20260213_100606_relu_best.pth...20260213_102005
At epoch 794, test loss = 19.1156
...model saved to 15_exp/models/FloydWarshallDataset_vanilla_0.0001_20000_20260213_100606_relu_best.pth...20260213_102006
At epoch 795, test loss = 19.0257
...model saved to 15_exp/models/FloydWarshallDataset_vanilla_0.0001_20000_20260213_100606_relu_best.pth...20260213_102007
At epoch 796, test loss = 18.9099
...model saved to 15_exp/models/FloydWarshallDataset_vanilla_0.0001_20000_20260213_100606_relu_best.pth...20260213_102008
At epoch 797, test loss = 18.8563
...model saved to 15_exp/models/FloydWarshallDataset_vanilla_0.0001_20000_20260213_100606_relu_best.pth...20260213_102009
At epoch 798, test loss = 18.6547
...model saved to 15_exp/models/FloydWarshallDataset_vanilla_0.0001_20000_20260213_100606_relu_best.pth...20260213_102010
At epoch 799, test loss = 18.5311
...model saved to 15_exp/models/FloydWarshallDataset_vanilla_0.0001_20000_20260213_100606_relu_best.pth...20260213_102011
At epoch 800, test loss = 18.3877
...model saved to 15_exp/models/FloydWarshallDataset_vanilla_0.0001_20000_20260213_100606_relu_best.pth...20260213_102012
At epoch 801, test loss = 18.2432
...model saved to 15_exp/models/FloydWarshallDataset_vanilla_0.0001_20000_20260213_100606_relu_best.pth...20260213_102012
At epoch 802, test loss = 18.0672
...model saved to 15_exp/models/FloydWarshallDataset_vanilla_0.0001_20000_20260213_100606_relu_best.pth...20260213_102013
At epoch 803, test loss = 17.9637
...model saved to 15_exp/models/FloydWarshallDataset_vanilla_0.0001_20000_20260213_100606_relu_best.pth...20260213_102014
At epoch 804, test loss = 17.7472
...model saved to 15_exp/models/FloydWarshallDataset_vanilla_0.0001_20000_20260213_100606_relu_best.pth...20260213_102015
At epoch 805, test loss = 17.6073
...model saved to 15_exp/models/FloydWarshallDataset_vanilla_0.0001_20000_20260213_100606_relu_best.pth...20260213_102016
At epoch 806, test loss = 17.4418
...model saved to 15_exp/models/FloydWarshallDataset_vanilla_0.0001_20000_20260213_100606_relu_best.pth...20260213_102017
At epoch 807, test loss = 17.3339
...model saved to 15_exp/models/FloydWarshallDataset_vanilla_0.0001_20000_20260213_100606_relu_best.pth...20260213_102018
At epoch 808, test loss = 17.2133
...model saved to 15_exp/models/FloydWarshallDataset_vanilla_0.0001_20000_20260213_100606_relu_best.pth...20260213_102019
At epoch 809, test loss = 17.0233
...model saved to 15_exp/models/FloydWarshallDataset_vanilla_0.0001_20000_20260213_100606_relu_best.pth...20260213_102019
At epoch 810, test loss = 16.8931
...model saved to 15_exp/models/FloydWarshallDataset_vanilla_0.0001_20000_20260213_100606_relu_best.pth...20260213_102020
At epoch 811, test loss = 16.6997
...model saved to 15_exp/models/FloydWarshallDataset_vanilla_0.0001_20000_20260213_100606_relu_best.pth...20260213_102021
At epoch 812, test loss = 16.5632
...model saved to 15_exp/models/FloydWarshallDataset_vanilla_0.0001_20000_20260213_100606_relu_best.pth...20260213_102022
At epoch 813, test loss = 16.4014
...model saved to 15_exp/models/FloydWarshallDataset_vanilla_0.0001_20000_20260213_100606_relu_best.pth...20260213_102023
At epoch 814, test loss = 16.2637
...model saved to 15_exp/models/FloydWarshallDataset_vanilla_0.0001_20000_20260213_100606_relu_best.pth...20260213_102024
At epoch 815, test loss = 16.1104
...model saved to 15_exp/models/FloydWarshallDataset_vanilla_0.0001_20000_20260213_100606_relu_best.pth...20260213_102025
At epoch 816, test loss = 15.9842
...model saved to 15_exp/models/FloydWarshallDataset_vanilla_0.0001_20000_20260213_100606_relu_best.pth...20260213_102025
At epoch 817, test loss = 15.8701
...model saved to 15_exp/models/FloydWarshallDataset_vanilla_0.0001_20000_20260213_100606_relu_best.pth...20260213_102026
At epoch 818, test loss = 15.7362
...model saved to 15_exp/models/FloydWarshallDataset_vanilla_0.0001_20000_20260213_100606_relu_best.pth...20260213_102027
At epoch 819, test loss = 15.6275
...model saved to 15_exp/models/FloydWarshallDataset_vanilla_0.0001_20000_20260213_100606_relu_best.pth...20260213_102028
At epoch 820, test loss = 15.5519
...model saved to 15_exp/models/FloydWarshallDataset_vanilla_0.0001_20000_20260213_100606_relu_best.pth...20260213_102028
At epoch 821, test loss = 15.4608
...model saved to 15_exp/models/FloydWarshallDataset_vanilla_0.0001_20000_20260213_100606_relu_best.pth...20260213_102029
At epoch 822, test loss = 15.3873
...model saved to 15_exp/models/FloydWarshallDataset_vanilla_0.0001_20000_20260213_100606_relu_best.pth...20260213_102030
At epoch 823, test loss = 15.3204
...model saved to 15_exp/models/FloydWarshallDataset_vanilla_0.0001_20000_20260213_100606_relu_best.pth...20260213_102031
At epoch 824, test loss = 15.2667
...model saved to 15_exp/models/FloydWarshallDataset_vanilla_0.0001_20000_20260213_100606_relu_best.pth...20260213_102032
At epoch 825, test loss = 15.2201
...model saved to 15_exp/models/FloydWarshallDataset_vanilla_0.0001_20000_20260213_100606_relu_best.pth...20260213_102032
At epoch 826, test loss = 15.1618
...model saved to 15_exp/models/FloydWarshallDataset_vanilla_0.0001_20000_20260213_100606_relu_best.pth...20260213_102033
At epoch 827, test loss = 15.0999
...model saved to 15_exp/models/FloydWarshallDataset_vanilla_0.0001_20000_20260213_100606_relu_best.pth...20260213_102034
At epoch 828, test loss = 15.0499
...model saved to 15_exp/models/FloydWarshallDataset_vanilla_0.0001_20000_20260213_100606_relu_best.pth...20260213_102034
At epoch 829, test loss = 14.9901
...model saved to 15_exp/models/FloydWarshallDataset_vanilla_0.0001_20000_20260213_100606_relu_best.pth...20260213_102035
At epoch 830, test loss = 14.9444
...model saved to 15_exp/models/FloydWarshallDataset_vanilla_0.0001_20000_20260213_100606_relu_best.pth...20260213_102036
At epoch 832, test loss = 14.8775
...model saved to 15_exp/models/FloydWarshallDataset_vanilla_0.0001_20000_20260213_100606_relu_best.pth...20260213_102037
At epoch 833, test loss = 14.8536
...model saved to 15_exp/models/FloydWarshallDataset_vanilla_0.0001_20000_20260213_100606_relu_best.pth...20260213_102038
At epoch 834, test loss = 14.7876
...model saved to 15_exp/models/FloydWarshallDataset_vanilla_0.0001_20000_20260213_100606_relu_best.pth...20260213_102039
At epoch 835, test loss = 14.7373
...model saved to 15_exp/models/FloydWarshallDataset_vanilla_0.0001_20000_20260213_100606_relu_best.pth...20260213_102040
At epoch 836, test loss = 14.7259
...model saved to 15_exp/models/FloydWarshallDataset_vanilla_0.0001_20000_20260213_100606_relu_best.pth...20260213_102041
At epoch 837, test loss = 14.6452
...model saved to 15_exp/models/FloydWarshallDataset_vanilla_0.0001_20000_20260213_100606_relu_best.pth...20260213_102042
At epoch 838, test loss = 14.6096
...model saved to 15_exp/models/FloydWarshallDataset_vanilla_0.0001_20000_20260213_100606_relu_best.pth...20260213_102043
At epoch 839, test loss = 14.5369
...model saved to 15_exp/models/FloydWarshallDataset_vanilla_0.0001_20000_20260213_100606_relu_best.pth...20260213_102043
At epoch 840, test loss = 14.4848
...model saved to 15_exp/models/FloydWarshallDataset_vanilla_0.0001_20000_20260213_100606_relu_best.pth...20260213_102044
At epoch 841, test loss = 14.4136
...model saved to 15_exp/models/FloydWarshallDataset_vanilla_0.0001_20000_20260213_100606_relu_best.pth...20260213_102045
At epoch 842, test loss = 14.3951
...model saved to 15_exp/models/FloydWarshallDataset_vanilla_0.0001_20000_20260213_100606_relu_best.pth...20260213_102046
At epoch 843, test loss = 14.2973
...model saved to 15_exp/models/FloydWarshallDataset_vanilla_0.0001_20000_20260213_100606_relu_best.pth...20260213_102047
At epoch 844, test loss = 14.2298
...model saved to 15_exp/models/FloydWarshallDataset_vanilla_0.0001_20000_20260213_100606_relu_best.pth...20260213_102048
At epoch 845, test loss = 14.1419
...model saved to 15_exp/models/FloydWarshallDataset_vanilla_0.0001_20000_20260213_100606_relu_best.pth...20260213_102049
At epoch 846, test loss = 14.0104
...model saved to 15_exp/models/FloydWarshallDataset_vanilla_0.0001_20000_20260213_100606_relu_best.pth...20260213_102050
At epoch 847, test loss = 13.9772
...model saved to 15_exp/models/FloydWarshallDataset_vanilla_0.0001_20000_20260213_100606_relu_best.pth...20260213_102051
At epoch 848, test loss = 13.8169
...model saved to 15_exp/models/FloydWarshallDataset_vanilla_0.0001_20000_20260213_100606_relu_best.pth...20260213_102052
At epoch 849, test loss = 13.7265
...model saved to 15_exp/models/FloydWarshallDataset_vanilla_0.0001_20000_20260213_100606_relu_best.pth...20260213_102052
At epoch 850, test loss = 13.5897
...model saved to 15_exp/models/FloydWarshallDataset_vanilla_0.0001_20000_20260213_100606_relu_best.pth...20260213_102053
At epoch 851, test loss = 13.4811
...model saved to 15_exp/models/FloydWarshallDataset_vanilla_0.0001_20000_20260213_100606_relu_best.pth...20260213_102054
At epoch 852, test loss = 13.3463
...model saved to 15_exp/models/FloydWarshallDataset_vanilla_0.0001_20000_20260213_100606_relu_best.pth...20260213_102055
At epoch 853, test loss = 13.2800
...model saved to 15_exp/models/FloydWarshallDataset_vanilla_0.0001_20000_20260213_100606_relu_best.pth...20260213_102056
At epoch 854, test loss = 13.1387
...model saved to 15_exp/models/FloydWarshallDataset_vanilla_0.0001_20000_20260213_100606_relu_best.pth...20260213_102056
At epoch 855, test loss = 13.0564
...model saved to 15_exp/models/FloydWarshallDataset_vanilla_0.0001_20000_20260213_100606_relu_best.pth...20260213_102057
At epoch 856, test loss = 12.9537
...model saved to 15_exp/models/FloydWarshallDataset_vanilla_0.0001_20000_20260213_100606_relu_best.pth...20260213_102058
At epoch 857, test loss = 12.9111
...model saved to 15_exp/models/FloydWarshallDataset_vanilla_0.0001_20000_20260213_100606_relu_best.pth...20260213_102058
At epoch 858, test loss = 12.8178
...model saved to 15_exp/models/FloydWarshallDataset_vanilla_0.0001_20000_20260213_100606_relu_best.pth...20260213_102059
At epoch 859, test loss = 12.7626
...model saved to 15_exp/models/FloydWarshallDataset_vanilla_0.0001_20000_20260213_100606_relu_best.pth...20260213_102100
At epoch 860, test loss = 12.6907
...model saved to 15_exp/models/FloydWarshallDataset_vanilla_0.0001_20000_20260213_100606_relu_best.pth...20260213_102101
At epoch 861, test loss = 12.6729
...model saved to 15_exp/models/FloydWarshallDataset_vanilla_0.0001_20000_20260213_100606_relu_best.pth...20260213_102101
At epoch 862, test loss = 12.5923
...model saved to 15_exp/models/FloydWarshallDataset_vanilla_0.0001_20000_20260213_100606_relu_best.pth...20260213_102102
At epoch 863, test loss = 12.5673
...model saved to 15_exp/models/FloydWarshallDataset_vanilla_0.0001_20000_20260213_100606_relu_best.pth...20260213_102103
At epoch 864, test loss = 12.5304
...model saved to 15_exp/models/FloydWarshallDataset_vanilla_0.0001_20000_20260213_100606_relu_best.pth...20260213_102104
At epoch 865, test loss = 12.4944
...model saved to 15_exp/models/FloydWarshallDataset_vanilla_0.0001_20000_20260213_100606_relu_best.pth...20260213_102105
At epoch 866, test loss = 12.4842
...model saved to 15_exp/models/FloydWarshallDataset_vanilla_0.0001_20000_20260213_100606_relu_best.pth...20260213_102106
At epoch 867, test loss = 12.4355
...model saved to 15_exp/models/FloydWarshallDataset_vanilla_0.0001_20000_20260213_100606_relu_best.pth...20260213_102107
At epoch 868, test loss = 12.4082
...model saved to 15_exp/models/FloydWarshallDataset_vanilla_0.0001_20000_20260213_100606_relu_best.pth...20260213_102108
At epoch 869, test loss = 12.3743
...model saved to 15_exp/models/FloydWarshallDataset_vanilla_0.0001_20000_20260213_100606_relu_best.pth...20260213_102109
At epoch 870, test loss = 12.3686
...model saved to 15_exp/models/FloydWarshallDataset_vanilla_0.0001_20000_20260213_100606_relu_best.pth...20260213_102109
At epoch 871, test loss = 12.3563
...model saved to 15_exp/models/FloydWarshallDataset_vanilla_0.0001_20000_20260213_100606_relu_best.pth...20260213_102110
At epoch 872, test loss = 12.3196
...model saved to 15_exp/models/FloydWarshallDataset_vanilla_0.0001_20000_20260213_100606_relu_best.pth...20260213_102111
At epoch 873, test loss = 12.3020
...model saved to 15_exp/models/FloydWarshallDataset_vanilla_0.0001_20000_20260213_100606_relu_best.pth...20260213_102112
At epoch 874, test loss = 12.2955
...model saved to 15_exp/models/FloydWarshallDataset_vanilla_0.0001_20000_20260213_100606_relu_best.pth...20260213_102113
At epoch 875, test loss = 12.2744
...model saved to 15_exp/models/FloydWarshallDataset_vanilla_0.0001_20000_20260213_100606_relu_best.pth...20260213_102114
At epoch 876, test loss = 12.2492
...model saved to 15_exp/models/FloydWarshallDataset_vanilla_0.0001_20000_20260213_100606_relu_best.pth...20260213_102115
At epoch 877, test loss = 12.2221
...model saved to 15_exp/models/FloydWarshallDataset_vanilla_0.0001_20000_20260213_100606_relu_best.pth...20260213_102116
At epoch 878, test loss = 12.2021
...model saved to 15_exp/models/FloydWarshallDataset_vanilla_0.0001_20000_20260213_100606_relu_best.pth...20260213_102116
At epoch 879, test loss = 12.2001
...model saved to 15_exp/models/FloydWarshallDataset_vanilla_0.0001_20000_20260213_100606_relu_best.pth...20260213_102117
At epoch 880, test loss = 12.1724
...model saved to 15_exp/models/FloydWarshallDataset_vanilla_0.0001_20000_20260213_100606_relu_best.pth...20260213_102118
At epoch 881, test loss = 12.1376
...model saved to 15_exp/models/FloydWarshallDataset_vanilla_0.0001_20000_20260213_100606_relu_best.pth...20260213_102119
At epoch 882, test loss = 12.1289
...model saved to 15_exp/models/FloydWarshallDataset_vanilla_0.0001_20000_20260213_100606_relu_best.pth...20260213_102120
At epoch 883, test loss = 12.1128
...model saved to 15_exp/models/FloydWarshallDataset_vanilla_0.0001_20000_20260213_100606_relu_best.pth...20260213_102121
At epoch 884, test loss = 12.1058
...model saved to 15_exp/models/FloydWarshallDataset_vanilla_0.0001_20000_20260213_100606_relu_best.pth...20260213_102122
At epoch 885, test loss = 12.0886
...model saved to 15_exp/models/FloydWarshallDataset_vanilla_0.0001_20000_20260213_100606_relu_best.pth...20260213_102123
At epoch 886, test loss = 12.0625
...model saved to 15_exp/models/FloydWarshallDataset_vanilla_0.0001_20000_20260213_100606_relu_best.pth...20260213_102124
At epoch 887, test loss = 12.0409
...model saved to 15_exp/models/FloydWarshallDataset_vanilla_0.0001_20000_20260213_100606_relu_best.pth...20260213_102125
At epoch 889, test loss = 12.0195
...model saved to 15_exp/models/FloydWarshallDataset_vanilla_0.0001_20000_20260213_100606_relu_best.pth...20260213_102127
At epoch 890, test loss = 12.0031
...model saved to 15_exp/models/FloydWarshallDataset_vanilla_0.0001_20000_20260213_100606_relu_best.pth...20260213_102128
At epoch 891, test loss = 11.9677
...model saved to 15_exp/models/FloydWarshallDataset_vanilla_0.0001_20000_20260213_100606_relu_best.pth...20260213_102128
At epoch 892, test loss = 11.9508
...model saved to 15_exp/models/FloydWarshallDataset_vanilla_0.0001_20000_20260213_100606_relu_best.pth...20260213_102129
At epoch 893, test loss = 11.9245
...model saved to 15_exp/models/FloydWarshallDataset_vanilla_0.0001_20000_20260213_100606_relu_best.pth...20260213_102130
At epoch 894, test loss = 11.9228
...model saved to 15_exp/models/FloydWarshallDataset_vanilla_0.0001_20000_20260213_100606_relu_best.pth...20260213_102131
At epoch 895, test loss = 11.9037
...model saved to 15_exp/models/FloydWarshallDataset_vanilla_0.0001_20000_20260213_100606_relu_best.pth...20260213_102132
At epoch 896, test loss = 11.8766
...model saved to 15_exp/models/FloydWarshallDataset_vanilla_0.0001_20000_20260213_100606_relu_best.pth...20260213_102133
At epoch 897, test loss = 11.8362
...model saved to 15_exp/models/FloydWarshallDataset_vanilla_0.0001_20000_20260213_100606_relu_best.pth...20260213_102133
At epoch 899, test loss = 11.7810
...model saved to 15_exp/models/FloydWarshallDataset_vanilla_0.0001_20000_20260213_100606_relu_best.pth...20260213_102135
At epoch 900, test loss = 11.7419
...model saved to 15_exp/models/FloydWarshallDataset_vanilla_0.0001_20000_20260213_100606_relu_best.pth...20260213_102136
At epoch 901, test loss = 11.7101
...model saved to 15_exp/models/FloydWarshallDataset_vanilla_0.0001_20000_20260213_100606_relu_best.pth...20260213_102137
At epoch 902, test loss = 11.6661
...model saved to 15_exp/models/FloydWarshallDataset_vanilla_0.0001_20000_20260213_100606_relu_best.pth...20260213_102137
At epoch 903, test loss = 11.6488
...model saved to 15_exp/models/FloydWarshallDataset_vanilla_0.0001_20000_20260213_100606_relu_best.pth...20260213_102138
At epoch 904, test loss = 11.5876
...model saved to 15_exp/models/FloydWarshallDataset_vanilla_0.0001_20000_20260213_100606_relu_best.pth...20260213_102139
At epoch 905, test loss = 11.5368
...model saved to 15_exp/models/FloydWarshallDataset_vanilla_0.0001_20000_20260213_100606_relu_best.pth...20260213_102140
At epoch 906, test loss = 11.5000
...model saved to 15_exp/models/FloydWarshallDataset_vanilla_0.0001_20000_20260213_100606_relu_best.pth...20260213_102141
At epoch 907, test loss = 11.4063
...model saved to 15_exp/models/FloydWarshallDataset_vanilla_0.0001_20000_20260213_100606_relu_best.pth...20260213_102142
At epoch 908, test loss = 11.3356
...model saved to 15_exp/models/FloydWarshallDataset_vanilla_0.0001_20000_20260213_100606_relu_best.pth...20260213_102143
At epoch 909, test loss = 11.2568
...model saved to 15_exp/models/FloydWarshallDataset_vanilla_0.0001_20000_20260213_100606_relu_best.pth...20260213_102144
At epoch 910, test loss = 11.1598
...model saved to 15_exp/models/FloydWarshallDataset_vanilla_0.0001_20000_20260213_100606_relu_best.pth...20260213_102145
At epoch 911, test loss = 11.0599
...model saved to 15_exp/models/FloydWarshallDataset_vanilla_0.0001_20000_20260213_100606_relu_best.pth...20260213_102146
At epoch 912, test loss = 10.9967
...model saved to 15_exp/models/FloydWarshallDataset_vanilla_0.0001_20000_20260213_100606_relu_best.pth...20260213_102147
At epoch 913, test loss = 10.8374
...model saved to 15_exp/models/FloydWarshallDataset_vanilla_0.0001_20000_20260213_100606_relu_best.pth...20260213_102148
At epoch 914, test loss = 10.7085
...model saved to 15_exp/models/FloydWarshallDataset_vanilla_0.0001_20000_20260213_100606_relu_best.pth...20260213_102149
At epoch 915, test loss = 10.5997
...model saved to 15_exp/models/FloydWarshallDataset_vanilla_0.0001_20000_20260213_100606_relu_best.pth...20260213_102150
At epoch 916, test loss = 10.4659
...model saved to 15_exp/models/FloydWarshallDataset_vanilla_0.0001_20000_20260213_100606_relu_best.pth...20260213_102150
At epoch 917, test loss = 10.3621
...model saved to 15_exp/models/FloydWarshallDataset_vanilla_0.0001_20000_20260213_100606_relu_best.pth...20260213_102151
At epoch 918, test loss = 10.2792
...model saved to 15_exp/models/FloydWarshallDataset_vanilla_0.0001_20000_20260213_100606_relu_best.pth...20260213_102152
At epoch 919, test loss = 10.1540
...model saved to 15_exp/models/FloydWarshallDataset_vanilla_0.0001_20000_20260213_100606_relu_best.pth...20260213_102153
At epoch 920, test loss = 10.0804
...model saved to 15_exp/models/FloydWarshallDataset_vanilla_0.0001_20000_20260213_100606_relu_best.pth...20260213_102154
At epoch 921, test loss = 10.0041
...model saved to 15_exp/models/FloydWarshallDataset_vanilla_0.0001_20000_20260213_100606_relu_best.pth...20260213_102155
At epoch 922, test loss = 9.9317
...model saved to 15_exp/models/FloydWarshallDataset_vanilla_0.0001_20000_20260213_100606_relu_best.pth...20260213_102155
At epoch 923, test loss = 9.8826
...model saved to 15_exp/models/FloydWarshallDataset_vanilla_0.0001_20000_20260213_100606_relu_best.pth...20260213_102156
At epoch 924, test loss = 9.8394
...model saved to 15_exp/models/FloydWarshallDataset_vanilla_0.0001_20000_20260213_100606_relu_best.pth...20260213_102157
At epoch 925, test loss = 9.7856
...model saved to 15_exp/models/FloydWarshallDataset_vanilla_0.0001_20000_20260213_100606_relu_best.pth...20260213_102158
At epoch 926, test loss = 9.7714
...model saved to 15_exp/models/FloydWarshallDataset_vanilla_0.0001_20000_20260213_100606_relu_best.pth...20260213_102159
At epoch 927, test loss = 9.7324
...model saved to 15_exp/models/FloydWarshallDataset_vanilla_0.0001_20000_20260213_100606_relu_best.pth...20260213_102159
At epoch 928, test loss = 9.6927
...model saved to 15_exp/models/FloydWarshallDataset_vanilla_0.0001_20000_20260213_100606_relu_best.pth...20260213_102200
At epoch 929, test loss = 9.6894
...model saved to 15_exp/models/FloydWarshallDataset_vanilla_0.0001_20000_20260213_100606_relu_best.pth...20260213_102201
At epoch 930, test loss = 9.6372
...model saved to 15_exp/models/FloydWarshallDataset_vanilla_0.0001_20000_20260213_100606_relu_best.pth...20260213_102202
At epoch 931, test loss = 9.5947
...model saved to 15_exp/models/FloydWarshallDataset_vanilla_0.0001_20000_20260213_100606_relu_best.pth...20260213_102202
At epoch 933, test loss = 9.5639
...model saved to 15_exp/models/FloydWarshallDataset_vanilla_0.0001_20000_20260213_100606_relu_best.pth...20260213_102204
At epoch 934, test loss = 9.5406
...model saved to 15_exp/models/FloydWarshallDataset_vanilla_0.0001_20000_20260213_100606_relu_best.pth...20260213_102205
At epoch 936, test loss = 9.4966
...model saved to 15_exp/models/FloydWarshallDataset_vanilla_0.0001_20000_20260213_100606_relu_best.pth...20260213_102206
At epoch 937, test loss = 9.4764
...model saved to 15_exp/models/FloydWarshallDataset_vanilla_0.0001_20000_20260213_100606_relu_best.pth...20260213_102207
At epoch 939, test loss = 9.4388
...model saved to 15_exp/models/FloydWarshallDataset_vanilla_0.0001_20000_20260213_100606_relu_best.pth...20260213_102208
At epoch 940, test loss = 9.4242
...model saved to 15_exp/models/FloydWarshallDataset_vanilla_0.0001_20000_20260213_100606_relu_best.pth...20260213_102209
At epoch 941, test loss = 9.4102
...model saved to 15_exp/models/FloydWarshallDataset_vanilla_0.0001_20000_20260213_100606_relu_best.pth...20260213_102210
At epoch 942, test loss = 9.3904
...model saved to 15_exp/models/FloydWarshallDataset_vanilla_0.0001_20000_20260213_100606_relu_best.pth...20260213_102211
At epoch 944, test loss = 9.3835
...model saved to 15_exp/models/FloydWarshallDataset_vanilla_0.0001_20000_20260213_100606_relu_best.pth...20260213_102212
At epoch 945, test loss = 9.3491
...model saved to 15_exp/models/FloydWarshallDataset_vanilla_0.0001_20000_20260213_100606_relu_best.pth...20260213_102213
At epoch 947, test loss = 9.3253
...model saved to 15_exp/models/FloydWarshallDataset_vanilla_0.0001_20000_20260213_100606_relu_best.pth...20260213_102214
At epoch 948, test loss = 9.2920
...model saved to 15_exp/models/FloydWarshallDataset_vanilla_0.0001_20000_20260213_100606_relu_best.pth...20260213_102215
At epoch 949, test loss = 9.2781
...model saved to 15_exp/models/FloydWarshallDataset_vanilla_0.0001_20000_20260213_100606_relu_best.pth...20260213_102216
At epoch 951, test loss = 9.2294
...model saved to 15_exp/models/FloydWarshallDataset_vanilla_0.0001_20000_20260213_100606_relu_best.pth...20260213_102218
At epoch 952, test loss = 9.2137
...model saved to 15_exp/models/FloydWarshallDataset_vanilla_0.0001_20000_20260213_100606_relu_best.pth...20260213_102218
At epoch 954, test loss = 9.1703
...model saved to 15_exp/models/FloydWarshallDataset_vanilla_0.0001_20000_20260213_100606_relu_best.pth...20260213_102220
At epoch 955, test loss = 9.1431
...model saved to 15_exp/models/FloydWarshallDataset_vanilla_0.0001_20000_20260213_100606_relu_best.pth...20260213_102221
At epoch 956, test loss = 9.1119
...model saved to 15_exp/models/FloydWarshallDataset_vanilla_0.0001_20000_20260213_100606_relu_best.pth...20260213_102222
At epoch 957, test loss = 9.0757
...model saved to 15_exp/models/FloydWarshallDataset_vanilla_0.0001_20000_20260213_100606_relu_best.pth...20260213_102223
At epoch 958, test loss = 9.0447
...model saved to 15_exp/models/FloydWarshallDataset_vanilla_0.0001_20000_20260213_100606_relu_best.pth...20260213_102223
At epoch 959, test loss = 8.9918
...model saved to 15_exp/models/FloydWarshallDataset_vanilla_0.0001_20000_20260213_100606_relu_best.pth...20260213_102224
At epoch 960, test loss = 8.9587
...model saved to 15_exp/models/FloydWarshallDataset_vanilla_0.0001_20000_20260213_100606_relu_best.pth...20260213_102225
At epoch 961, test loss = 8.9225
...model saved to 15_exp/models/FloydWarshallDataset_vanilla_0.0001_20000_20260213_100606_relu_best.pth...20260213_102226
At epoch 962, test loss = 8.8458
...model saved to 15_exp/models/FloydWarshallDataset_vanilla_0.0001_20000_20260213_100606_relu_best.pth...20260213_102226
At epoch 963, test loss = 8.7933
...model saved to 15_exp/models/FloydWarshallDataset_vanilla_0.0001_20000_20260213_100606_relu_best.pth...20260213_102227
At epoch 964, test loss = 8.7083
...model saved to 15_exp/models/FloydWarshallDataset_vanilla_0.0001_20000_20260213_100606_relu_best.pth...20260213_102228
At epoch 965, test loss = 8.6610
...model saved to 15_exp/models/FloydWarshallDataset_vanilla_0.0001_20000_20260213_100606_relu_best.pth...20260213_102229
At epoch 966, test loss = 8.5307
...model saved to 15_exp/models/FloydWarshallDataset_vanilla_0.0001_20000_20260213_100606_relu_best.pth...20260213_102230
At epoch 967, test loss = 8.4390
...model saved to 15_exp/models/FloydWarshallDataset_vanilla_0.0001_20000_20260213_100606_relu_best.pth...20260213_102231
At epoch 968, test loss = 8.3508
...model saved to 15_exp/models/FloydWarshallDataset_vanilla_0.0001_20000_20260213_100606_relu_best.pth...20260213_102232
At epoch 969, test loss = 8.2054
...model saved to 15_exp/models/FloydWarshallDataset_vanilla_0.0001_20000_20260213_100606_relu_best.pth...20260213_102232
At epoch 970, test loss = 8.0814
...model saved to 15_exp/models/FloydWarshallDataset_vanilla_0.0001_20000_20260213_100606_relu_best.pth...20260213_102233
At epoch 971, test loss = 7.9891
...model saved to 15_exp/models/FloydWarshallDataset_vanilla_0.0001_20000_20260213_100606_relu_best.pth...20260213_102234
At epoch 972, test loss = 7.8450
...model saved to 15_exp/models/FloydWarshallDataset_vanilla_0.0001_20000_20260213_100606_relu_best.pth...20260213_102235
At epoch 973, test loss = 7.7412
...model saved to 15_exp/models/FloydWarshallDataset_vanilla_0.0001_20000_20260213_100606_relu_best.pth...20260213_102236
At epoch 974, test loss = 7.6462
...model saved to 15_exp/models/FloydWarshallDataset_vanilla_0.0001_20000_20260213_100606_relu_best.pth...20260213_102236
At epoch 975, test loss = 7.5410
...model saved to 15_exp/models/FloydWarshallDataset_vanilla_0.0001_20000_20260213_100606_relu_best.pth...20260213_102237
At epoch 976, test loss = 7.4608
...model saved to 15_exp/models/FloydWarshallDataset_vanilla_0.0001_20000_20260213_100606_relu_best.pth...20260213_102238
At epoch 977, test loss = 7.4020
...model saved to 15_exp/models/FloydWarshallDataset_vanilla_0.0001_20000_20260213_100606_relu_best.pth...20260213_102239
At epoch 978, test loss = 7.3204
...model saved to 15_exp/models/FloydWarshallDataset_vanilla_0.0001_20000_20260213_100606_relu_best.pth...20260213_102240
At epoch 979, test loss = 7.2646
...model saved to 15_exp/models/FloydWarshallDataset_vanilla_0.0001_20000_20260213_100606_relu_best.pth...20260213_102241
At epoch 980, test loss = 7.2111
...model saved to 15_exp/models/FloydWarshallDataset_vanilla_0.0001_20000_20260213_100606_relu_best.pth...20260213_102241
At epoch 981, test loss = 7.1755
...model saved to 15_exp/models/FloydWarshallDataset_vanilla_0.0001_20000_20260213_100606_relu_best.pth...20260213_102242
At epoch 982, test loss = 7.1330
...model saved to 15_exp/models/FloydWarshallDataset_vanilla_0.0001_20000_20260213_100606_relu_best.pth...20260213_102243
At epoch 983, test loss = 7.1193
...model saved to 15_exp/models/FloydWarshallDataset_vanilla_0.0001_20000_20260213_100606_relu_best.pth...20260213_102244
At epoch 984, test loss = 7.0660
...model saved to 15_exp/models/FloydWarshallDataset_vanilla_0.0001_20000_20260213_100606_relu_best.pth...20260213_102244
At epoch 985, test loss = 7.0466
...model saved to 15_exp/models/FloydWarshallDataset_vanilla_0.0001_20000_20260213_100606_relu_best.pth...20260213_102245
At epoch 986, test loss = 7.0410
...model saved to 15_exp/models/FloydWarshallDataset_vanilla_0.0001_20000_20260213_100606_relu_best.pth...20260213_102246
At epoch 987, test loss = 7.0293
...model saved to 15_exp/models/FloydWarshallDataset_vanilla_0.0001_20000_20260213_100606_relu_best.pth...20260213_102246
At epoch 988, test loss = 6.9694
...model saved to 15_exp/models/FloydWarshallDataset_vanilla_0.0001_20000_20260213_100606_relu_best.pth...20260213_102247
At epoch 989, test loss = 6.9364
...model saved to 15_exp/models/FloydWarshallDataset_vanilla_0.0001_20000_20260213_100606_relu_best.pth...20260213_102247
At epoch 990, test loss = 6.9244
...model saved to 15_exp/models/FloydWarshallDataset_vanilla_0.0001_20000_20260213_100606_relu_best.pth...20260213_102248
At epoch 991, test loss = 6.9184
...model saved to 15_exp/models/FloydWarshallDataset_vanilla_0.0001_20000_20260213_100606_relu_best.pth...20260213_102249
At epoch 992, test loss = 6.8678
...model saved to 15_exp/models/FloydWarshallDataset_vanilla_0.0001_20000_20260213_100606_relu_best.pth...20260213_102249
At epoch 993, test loss = 6.8569
...model saved to 15_exp/models/FloydWarshallDataset_vanilla_0.0001_20000_20260213_100606_relu_best.pth...20260213_102250
At epoch 994, test loss = 6.8464
...model saved to 15_exp/models/FloydWarshallDataset_vanilla_0.0001_20000_20260213_100606_relu_best.pth...20260213_102251
At epoch 995, test loss = 6.8374
...model saved to 15_exp/models/FloydWarshallDataset_vanilla_0.0001_20000_20260213_100606_relu_best.pth...20260213_102251
At epoch 996, test loss = 6.8068
...model saved to 15_exp/models/FloydWarshallDataset_vanilla_0.0001_20000_20260213_100606_relu_best.pth...20260213_102252
At epoch 997, test loss = 6.7892
...model saved to 15_exp/models/FloydWarshallDataset_vanilla_0.0001_20000_20260213_100606_relu_best.pth...20260213_102253
At epoch 998, test loss = 6.7805
...model saved to 15_exp/models/FloydWarshallDataset_vanilla_0.0001_20000_20260213_100606_relu_best.pth...20260213_102254
At epoch 999, test loss = 6.7429
...model saved to 15_exp/models/FloydWarshallDataset_vanilla_0.0001_20000_20260213_100606_relu_best.pth...20260213_102254
At epoch 1000, test loss = 6.7261
...model saved to 15_exp/models/FloydWarshallDataset_vanilla_0.0001_20000_20260213_100606_relu_best.pth...20260213_102255
At epoch 1002, test loss = 6.6937
...model saved to 15_exp/models/FloydWarshallDataset_vanilla_0.0001_20000_20260213_100606_relu_best.pth...20260213_102256
At epoch 1003, test loss = 6.6662
...model saved to 15_exp/models/FloydWarshallDataset_vanilla_0.0001_20000_20260213_100606_relu_best.pth...20260213_102257
At epoch 1004, test loss = 6.6306
...model saved to 15_exp/models/FloydWarshallDataset_vanilla_0.0001_20000_20260213_100606_relu_best.pth...20260213_102258
At epoch 1005, test loss = 6.6298
...model saved to 15_exp/models/FloydWarshallDataset_vanilla_0.0001_20000_20260213_100606_relu_best.pth...20260213_102259
At epoch 1006, test loss = 6.5954
...model saved to 15_exp/models/FloydWarshallDataset_vanilla_0.0001_20000_20260213_100606_relu_best.pth...20260213_102300
At epoch 1007, test loss = 6.5491
...model saved to 15_exp/models/FloydWarshallDataset_vanilla_0.0001_20000_20260213_100606_relu_best.pth...20260213_102301
At epoch 1008, test loss = 6.5402
...model saved to 15_exp/models/FloydWarshallDataset_vanilla_0.0001_20000_20260213_100606_relu_best.pth...20260213_102302
At epoch 1009, test loss = 6.5110
...model saved to 15_exp/models/FloydWarshallDataset_vanilla_0.0001_20000_20260213_100606_relu_best.pth...20260213_102303
At epoch 1010, test loss = 6.4397
...model saved to 15_exp/models/FloydWarshallDataset_vanilla_0.0001_20000_20260213_100606_relu_best.pth...20260213_102304
At epoch 1011, test loss = 6.3982
...model saved to 15_exp/models/FloydWarshallDataset_vanilla_0.0001_20000_20260213_100606_relu_best.pth...20260213_102305
At epoch 1012, test loss = 6.3575
...model saved to 15_exp/models/FloydWarshallDataset_vanilla_0.0001_20000_20260213_100606_relu_best.pth...20260213_102305
At epoch 1013, test loss = 6.2759
...model saved to 15_exp/models/FloydWarshallDataset_vanilla_0.0001_20000_20260213_100606_relu_best.pth...20260213_102306
At epoch 1014, test loss = 6.2043
...model saved to 15_exp/models/FloydWarshallDataset_vanilla_0.0001_20000_20260213_100606_relu_best.pth...20260213_102307
At epoch 1015, test loss = 6.1177
...model saved to 15_exp/models/FloydWarshallDataset_vanilla_0.0001_20000_20260213_100606_relu_best.pth...20260213_102308
At epoch 1016, test loss = 6.0285
...model saved to 15_exp/models/FloydWarshallDataset_vanilla_0.0001_20000_20260213_100606_relu_best.pth...20260213_102309
At epoch 1017, test loss = 5.9017
...model saved to 15_exp/models/FloydWarshallDataset_vanilla_0.0001_20000_20260213_100606_relu_best.pth...20260213_102310
At epoch 1018, test loss = 5.7623
...model saved to 15_exp/models/FloydWarshallDataset_vanilla_0.0001_20000_20260213_100606_relu_best.pth...20260213_102310
At epoch 1019, test loss = 5.6300
...model saved to 15_exp/models/FloydWarshallDataset_vanilla_0.0001_20000_20260213_100606_relu_best.pth...20260213_102311
At epoch 1020, test loss = 5.5252
...model saved to 15_exp/models/FloydWarshallDataset_vanilla_0.0001_20000_20260213_100606_relu_best.pth...20260213_102312
At epoch 1021, test loss = 5.3752
...model saved to 15_exp/models/FloydWarshallDataset_vanilla_0.0001_20000_20260213_100606_relu_best.pth...20260213_102313
At epoch 1022, test loss = 5.2155
...model saved to 15_exp/models/FloydWarshallDataset_vanilla_0.0001_20000_20260213_100606_relu_best.pth...20260213_102314
At epoch 1023, test loss = 5.1173
...model saved to 15_exp/models/FloydWarshallDataset_vanilla_0.0001_20000_20260213_100606_relu_best.pth...20260213_102314
At epoch 1024, test loss = 4.9908
...model saved to 15_exp/models/FloydWarshallDataset_vanilla_0.0001_20000_20260213_100606_relu_best.pth...20260213_102315
At epoch 1025, test loss = 4.9003
...model saved to 15_exp/models/FloydWarshallDataset_vanilla_0.0001_20000_20260213_100606_relu_best.pth...20260213_102316
At epoch 1026, test loss = 4.8162
...model saved to 15_exp/models/FloydWarshallDataset_vanilla_0.0001_20000_20260213_100606_relu_best.pth...20260213_102317
At epoch 1027, test loss = 4.7424
...model saved to 15_exp/models/FloydWarshallDataset_vanilla_0.0001_20000_20260213_100606_relu_best.pth...20260213_102318
At epoch 1028, test loss = 4.7166
...model saved to 15_exp/models/FloydWarshallDataset_vanilla_0.0001_20000_20260213_100606_relu_best.pth...20260213_102318
At epoch 1029, test loss = 4.6333
...model saved to 15_exp/models/FloydWarshallDataset_vanilla_0.0001_20000_20260213_100606_relu_best.pth...20260213_102319
At epoch 1030, test loss = 4.5928
...model saved to 15_exp/models/FloydWarshallDataset_vanilla_0.0001_20000_20260213_100606_relu_best.pth...20260213_102320
At epoch 1031, test loss = 4.5825
...model saved to 15_exp/models/FloydWarshallDataset_vanilla_0.0001_20000_20260213_100606_relu_best.pth...20260213_102321
At epoch 1032, test loss = 4.5076
...model saved to 15_exp/models/FloydWarshallDataset_vanilla_0.0001_20000_20260213_100606_relu_best.pth...20260213_102321
At epoch 1033, test loss = 4.4869
...model saved to 15_exp/models/FloydWarshallDataset_vanilla_0.0001_20000_20260213_100606_relu_best.pth...20260213_102322
At epoch 1034, test loss = 4.4506
...model saved to 15_exp/models/FloydWarshallDataset_vanilla_0.0001_20000_20260213_100606_relu_best.pth...20260213_102323
At epoch 1035, test loss = 4.4121
...model saved to 15_exp/models/FloydWarshallDataset_vanilla_0.0001_20000_20260213_100606_relu_best.pth...20260213_102323
At epoch 1036, test loss = 4.4036
...model saved to 15_exp/models/FloydWarshallDataset_vanilla_0.0001_20000_20260213_100606_relu_best.pth...20260213_102324
At epoch 1037, test loss = 4.3846
...model saved to 15_exp/models/FloydWarshallDataset_vanilla_0.0001_20000_20260213_100606_relu_best.pth...20260213_102325
At epoch 1038, test loss = 4.3694
...model saved to 15_exp/models/FloydWarshallDataset_vanilla_0.0001_20000_20260213_100606_relu_best.pth...20260213_102326
At epoch 1039, test loss = 4.3309
...model saved to 15_exp/models/FloydWarshallDataset_vanilla_0.0001_20000_20260213_100606_relu_best.pth...20260213_102326
At epoch 1040, test loss = 4.3267
...model saved to 15_exp/models/FloydWarshallDataset_vanilla_0.0001_20000_20260213_100606_relu_best.pth...20260213_102327
At epoch 1041, test loss = 4.3073
...model saved to 15_exp/models/FloydWarshallDataset_vanilla_0.0001_20000_20260213_100606_relu_best.pth...20260213_102328
At epoch 1043, test loss = 4.2732
...model saved to 15_exp/models/FloydWarshallDataset_vanilla_0.0001_20000_20260213_100606_relu_best.pth...20260213_102329
At epoch 1045, test loss = 4.2573
...model saved to 15_exp/models/FloydWarshallDataset_vanilla_0.0001_20000_20260213_100606_relu_best.pth...20260213_102330
At epoch 1046, test loss = 4.2463
...model saved to 15_exp/models/FloydWarshallDataset_vanilla_0.0001_20000_20260213_100606_relu_best.pth...20260213_102331
At epoch 1048, test loss = 4.2433
...model saved to 15_exp/models/FloydWarshallDataset_vanilla_0.0001_20000_20260213_100606_relu_best.pth...20260213_102332
At epoch 1049, test loss = 4.2250
...model saved to 15_exp/models/FloydWarshallDataset_vanilla_0.0001_20000_20260213_100606_relu_best.pth...20260213_102333
At epoch 1050, test loss = 4.2179
...model saved to 15_exp/models/FloydWarshallDataset_vanilla_0.0001_20000_20260213_100606_relu_best.pth...20260213_102334
At epoch 1051, test loss = 4.2133
...model saved to 15_exp/models/FloydWarshallDataset_vanilla_0.0001_20000_20260213_100606_relu_best.pth...20260213_102334
At epoch 1053, test loss = 4.1784
...model saved to 15_exp/models/FloydWarshallDataset_vanilla_0.0001_20000_20260213_100606_relu_best.pth...20260213_102336
At epoch 1056, test loss = 4.1633
...model saved to 15_exp/models/FloydWarshallDataset_vanilla_0.0001_20000_20260213_100606_relu_best.pth...20260213_102338
At epoch 1058, test loss = 4.1494
...model saved to 15_exp/models/FloydWarshallDataset_vanilla_0.0001_20000_20260213_100606_relu_best.pth...20260213_102339
At epoch 1059, test loss = 4.1454
...model saved to 15_exp/models/FloydWarshallDataset_vanilla_0.0001_20000_20260213_100606_relu_best.pth...20260213_102340
At epoch 1060, test loss = 4.1250
...model saved to 15_exp/models/FloydWarshallDataset_vanilla_0.0001_20000_20260213_100606_relu_best.pth...20260213_102340
At epoch 1062, test loss = 4.1230
...model saved to 15_exp/models/FloydWarshallDataset_vanilla_0.0001_20000_20260213_100606_relu_best.pth...20260213_102341
At epoch 1063, test loss = 4.1098
...model saved to 15_exp/models/FloydWarshallDataset_vanilla_0.0001_20000_20260213_100606_relu_best.pth...20260213_102342
At epoch 1064, test loss = 4.1096
...model saved to 15_exp/models/FloydWarshallDataset_vanilla_0.0001_20000_20260213_100606_relu_best.pth...20260213_102343
At epoch 1065, test loss = 4.1027
...model saved to 15_exp/models/FloydWarshallDataset_vanilla_0.0001_20000_20260213_100606_relu_best.pth...20260213_102344
At epoch 1066, test loss = 4.1021
...model saved to 15_exp/models/FloydWarshallDataset_vanilla_0.0001_20000_20260213_100606_relu_best.pth...20260213_102344
At epoch 1067, test loss = 4.0980
...model saved to 15_exp/models/FloydWarshallDataset_vanilla_0.0001_20000_20260213_100606_relu_best.pth...20260213_102345
At epoch 1068, test loss = 4.0752
...model saved to 15_exp/models/FloydWarshallDataset_vanilla_0.0001_20000_20260213_100606_relu_best.pth...20260213_102346
At epoch 1071, test loss = 4.0622
...model saved to 15_exp/models/FloydWarshallDataset_vanilla_0.0001_20000_20260213_100606_relu_best.pth...20260213_102348
At epoch 1073, test loss = 4.0453
...model saved to 15_exp/models/FloydWarshallDataset_vanilla_0.0001_20000_20260213_100606_relu_best.pth...20260213_102350
At epoch 1074, test loss = 4.0362
...model saved to 15_exp/models/FloydWarshallDataset_vanilla_0.0001_20000_20260213_100606_relu_best.pth...20260213_102350
At epoch 1075, test loss = 4.0316
...model saved to 15_exp/models/FloydWarshallDataset_vanilla_0.0001_20000_20260213_100606_relu_best.pth...20260213_102351
At epoch 1077, test loss = 4.0279
...model saved to 15_exp/models/FloydWarshallDataset_vanilla_0.0001_20000_20260213_100606_relu_best.pth...20260213_102353
At epoch 1079, test loss = 4.0029
...model saved to 15_exp/models/FloydWarshallDataset_vanilla_0.0001_20000_20260213_100606_relu_best.pth...20260213_102354
At epoch 1080, test loss = 3.9934
...model saved to 15_exp/models/FloydWarshallDataset_vanilla_0.0001_20000_20260213_100606_relu_best.pth...20260213_102355
At epoch 1081, test loss = 3.9900
...model saved to 15_exp/models/FloydWarshallDataset_vanilla_0.0001_20000_20260213_100606_relu_best.pth...20260213_102356
At epoch 1082, test loss = 3.9699
...model saved to 15_exp/models/FloydWarshallDataset_vanilla_0.0001_20000_20260213_100606_relu_best.pth...20260213_102357
At epoch 1085, test loss = 3.9416
...model saved to 15_exp/models/FloydWarshallDataset_vanilla_0.0001_20000_20260213_100606_relu_best.pth...20260213_102359
At epoch 1086, test loss = 3.9380
...model saved to 15_exp/models/FloydWarshallDataset_vanilla_0.0001_20000_20260213_100606_relu_best.pth...20260213_102400
At epoch 1087, test loss = 3.9282
...model saved to 15_exp/models/FloydWarshallDataset_vanilla_0.0001_20000_20260213_100606_relu_best.pth...20260213_102401
At epoch 1088, test loss = 3.9091
...model saved to 15_exp/models/FloydWarshallDataset_vanilla_0.0001_20000_20260213_100606_relu_best.pth...20260213_102401
At epoch 1089, test loss = 3.8886
...model saved to 15_exp/models/FloydWarshallDataset_vanilla_0.0001_20000_20260213_100606_relu_best.pth...20260213_102402
At epoch 1090, test loss = 3.8725
...model saved to 15_exp/models/FloydWarshallDataset_vanilla_0.0001_20000_20260213_100606_relu_best.pth...20260213_102403
At epoch 1091, test loss = 3.8619
...model saved to 15_exp/models/FloydWarshallDataset_vanilla_0.0001_20000_20260213_100606_relu_best.pth...20260213_102404
At epoch 1092, test loss = 3.8504
...model saved to 15_exp/models/FloydWarshallDataset_vanilla_0.0001_20000_20260213_100606_relu_best.pth...20260213_102405
At epoch 1093, test loss = 3.8130
...model saved to 15_exp/models/FloydWarshallDataset_vanilla_0.0001_20000_20260213_100606_relu_best.pth...20260213_102405
At epoch 1094, test loss = 3.7919
...model saved to 15_exp/models/FloydWarshallDataset_vanilla_0.0001_20000_20260213_100606_relu_best.pth...20260213_102406
At epoch 1096, test loss = 3.7314
...model saved to 15_exp/models/FloydWarshallDataset_vanilla_0.0001_20000_20260213_100606_relu_best.pth...20260213_102408
At epoch 1098, test loss = 3.6477
...model saved to 15_exp/models/FloydWarshallDataset_vanilla_0.0001_20000_20260213_100606_relu_best.pth...20260213_102409
At epoch 1099, test loss = 3.5961
...model saved to 15_exp/models/FloydWarshallDataset_vanilla_0.0001_20000_20260213_100606_relu_best.pth...20260213_102410
At epoch 1100, test loss = 3.5447
...model saved to 15_exp/models/FloydWarshallDataset_vanilla_0.0001_20000_20260213_100606_relu_best.pth...20260213_102411
At epoch 1101, test loss = 3.4610
...model saved to 15_exp/models/FloydWarshallDataset_vanilla_0.0001_20000_20260213_100606_relu_best.pth...20260213_102412
At epoch 1102, test loss = 3.3831
...model saved to 15_exp/models/FloydWarshallDataset_vanilla_0.0001_20000_20260213_100606_relu_best.pth...20260213_102413
At epoch 1103, test loss = 3.2987
...model saved to 15_exp/models/FloydWarshallDataset_vanilla_0.0001_20000_20260213_100606_relu_best.pth...20260213_102414
At epoch 1104, test loss = 3.1582
...model saved to 15_exp/models/FloydWarshallDataset_vanilla_0.0001_20000_20260213_100606_relu_best.pth...20260213_102414
At epoch 1105, test loss = 3.0244
...model saved to 15_exp/models/FloydWarshallDataset_vanilla_0.0001_20000_20260213_100606_relu_best.pth...20260213_102415
At epoch 1106, test loss = 2.8798
...model saved to 15_exp/models/FloydWarshallDataset_vanilla_0.0001_20000_20260213_100606_relu_best.pth...20260213_102416
At epoch 1107, test loss = 2.7249
...model saved to 15_exp/models/FloydWarshallDataset_vanilla_0.0001_20000_20260213_100606_relu_best.pth...20260213_102417
At epoch 1108, test loss = 2.6030
...model saved to 15_exp/models/FloydWarshallDataset_vanilla_0.0001_20000_20260213_100606_relu_best.pth...20260213_102418
At epoch 1109, test loss = 2.4255
...model saved to 15_exp/models/FloydWarshallDataset_vanilla_0.0001_20000_20260213_100606_relu_best.pth...20260213_102418
At epoch 1110, test loss = 2.3284
...model saved to 15_exp/models/FloydWarshallDataset_vanilla_0.0001_20000_20260213_100606_relu_best.pth...20260213_102419
At epoch 1111, test loss = 2.1918
...model saved to 15_exp/models/FloydWarshallDataset_vanilla_0.0001_20000_20260213_100606_relu_best.pth...20260213_102420
At epoch 1112, test loss = 2.1183
...model saved to 15_exp/models/FloydWarshallDataset_vanilla_0.0001_20000_20260213_100606_relu_best.pth...20260213_102421
At epoch 1113, test loss = 2.0239
...model saved to 15_exp/models/FloydWarshallDataset_vanilla_0.0001_20000_20260213_100606_relu_best.pth...20260213_102422
At epoch 1114, test loss = 1.9890
...model saved to 15_exp/models/FloydWarshallDataset_vanilla_0.0001_20000_20260213_100606_relu_best.pth...20260213_102422
At epoch 1115, test loss = 1.8804
...model saved to 15_exp/models/FloydWarshallDataset_vanilla_0.0001_20000_20260213_100606_relu_best.pth...20260213_102423
At epoch 1116, test loss = 1.8539
...model saved to 15_exp/models/FloydWarshallDataset_vanilla_0.0001_20000_20260213_100606_relu_best.pth...20260213_102424
At epoch 1117, test loss = 1.7802
...model saved to 15_exp/models/FloydWarshallDataset_vanilla_0.0001_20000_20260213_100606_relu_best.pth...20260213_102425
At epoch 1118, test loss = 1.7494
...model saved to 15_exp/models/FloydWarshallDataset_vanilla_0.0001_20000_20260213_100606_relu_best.pth...20260213_102425
At epoch 1119, test loss = 1.6985
...model saved to 15_exp/models/FloydWarshallDataset_vanilla_0.0001_20000_20260213_100606_relu_best.pth...20260213_102426
At epoch 1120, test loss = 1.6777
...model saved to 15_exp/models/FloydWarshallDataset_vanilla_0.0001_20000_20260213_100606_relu_best.pth...20260213_102427
At epoch 1121, test loss = 1.6487
...model saved to 15_exp/models/FloydWarshallDataset_vanilla_0.0001_20000_20260213_100606_relu_best.pth...20260213_102428
At epoch 1122, test loss = 1.6265
...model saved to 15_exp/models/FloydWarshallDataset_vanilla_0.0001_20000_20260213_100606_relu_best.pth...20260213_102428
At epoch 1123, test loss = 1.5959
...model saved to 15_exp/models/FloydWarshallDataset_vanilla_0.0001_20000_20260213_100606_relu_best.pth...20260213_102429
At epoch 1124, test loss = 1.5880
...model saved to 15_exp/models/FloydWarshallDataset_vanilla_0.0001_20000_20260213_100606_relu_best.pth...20260213_102430
At epoch 1125, test loss = 1.5656
...model saved to 15_exp/models/FloydWarshallDataset_vanilla_0.0001_20000_20260213_100606_relu_best.pth...20260213_102431
At epoch 1126, test loss = 1.5499
...model saved to 15_exp/models/FloydWarshallDataset_vanilla_0.0001_20000_20260213_100606_relu_best.pth...20260213_102432
At epoch 1127, test loss = 1.5397
...model saved to 15_exp/models/FloydWarshallDataset_vanilla_0.0001_20000_20260213_100606_relu_best.pth...20260213_102433
At epoch 1129, test loss = 1.5343
...model saved to 15_exp/models/FloydWarshallDataset_vanilla_0.0001_20000_20260213_100606_relu_best.pth...20260213_102434
At epoch 1130, test loss = 1.5168
...model saved to 15_exp/models/FloydWarshallDataset_vanilla_0.0001_20000_20260213_100606_relu_best.pth...20260213_102435
At epoch 1131, test loss = 1.4868
...model saved to 15_exp/models/FloydWarshallDataset_vanilla_0.0001_20000_20260213_100606_relu_best.pth...20260213_102436
At epoch 1132, test loss = 1.4708
...model saved to 15_exp/models/FloydWarshallDataset_vanilla_0.0001_20000_20260213_100606_relu_best.pth...20260213_102437
At epoch 1134, test loss = 1.4631
...model saved to 15_exp/models/FloydWarshallDataset_vanilla_0.0001_20000_20260213_100606_relu_best.pth...20260213_102439
At epoch 1135, test loss = 1.4513
...model saved to 15_exp/models/FloydWarshallDataset_vanilla_0.0001_20000_20260213_100606_relu_best.pth...20260213_102440
At epoch 1136, test loss = 1.4487
...model saved to 15_exp/models/FloydWarshallDataset_vanilla_0.0001_20000_20260213_100606_relu_best.pth...20260213_102441
At epoch 1137, test loss = 1.4390
...model saved to 15_exp/models/FloydWarshallDataset_vanilla_0.0001_20000_20260213_100606_relu_best.pth...20260213_102441
At epoch 1139, test loss = 1.4289
...model saved to 15_exp/models/FloydWarshallDataset_vanilla_0.0001_20000_20260213_100606_relu_best.pth...20260213_102443
At epoch 1140, test loss = 1.4278
...model saved to 15_exp/models/FloydWarshallDataset_vanilla_0.0001_20000_20260213_100606_relu_best.pth...20260213_102444
At epoch 1141, test loss = 1.4176
...model saved to 15_exp/models/FloydWarshallDataset_vanilla_0.0001_20000_20260213_100606_relu_best.pth...20260213_102444
At epoch 1142, test loss = 1.4023
...model saved to 15_exp/models/FloydWarshallDataset_vanilla_0.0001_20000_20260213_100606_relu_best.pth...20260213_102445
At epoch 1144, test loss = 1.3903
...model saved to 15_exp/models/FloydWarshallDataset_vanilla_0.0001_20000_20260213_100606_relu_best.pth...20260213_102447
At epoch 1146, test loss = 1.3788
...model saved to 15_exp/models/FloydWarshallDataset_vanilla_0.0001_20000_20260213_100606_relu_best.pth...20260213_102448
At epoch 1147, test loss = 1.3736
...model saved to 15_exp/models/FloydWarshallDataset_vanilla_0.0001_20000_20260213_100606_relu_best.pth...20260213_102448
At epoch 1151, test loss = 1.3620
...model saved to 15_exp/models/FloydWarshallDataset_vanilla_0.0001_20000_20260213_100606_relu_best.pth...20260213_102451
At epoch 1152, test loss = 1.3534
...model saved to 15_exp/models/FloydWarshallDataset_vanilla_0.0001_20000_20260213_100606_relu_best.pth...20260213_102452
At epoch 1154, test loss = 1.3530
...model saved to 15_exp/models/FloydWarshallDataset_vanilla_0.0001_20000_20260213_100606_relu_best.pth...20260213_102453
At epoch 1155, test loss = 1.3441
...model saved to 15_exp/models/FloydWarshallDataset_vanilla_0.0001_20000_20260213_100606_relu_best.pth...20260213_102454
At epoch 1158, test loss = 1.3362
...model saved to 15_exp/models/FloydWarshallDataset_vanilla_0.0001_20000_20260213_100606_relu_best.pth...20260213_102456
At epoch 1161, test loss = 1.3269
...model saved to 15_exp/models/FloydWarshallDataset_vanilla_0.0001_20000_20260213_100606_relu_best.pth...20260213_102458
At epoch 1162, test loss = 1.3102
...model saved to 15_exp/models/FloydWarshallDataset_vanilla_0.0001_20000_20260213_100606_relu_best.pth...20260213_102459
At epoch 1164, test loss = 1.3044
...model saved to 15_exp/models/FloydWarshallDataset_vanilla_0.0001_20000_20260213_100606_relu_best.pth...20260213_102500
At epoch 1169, test loss = 1.3012
...model saved to 15_exp/models/FloydWarshallDataset_vanilla_0.0001_20000_20260213_100606_relu_best.pth...20260213_102503
At epoch 1171, test loss = 1.2880
...model saved to 15_exp/models/FloydWarshallDataset_vanilla_0.0001_20000_20260213_100606_relu_best.pth...20260213_102504
At epoch 1173, test loss = 1.2783
...model saved to 15_exp/models/FloydWarshallDataset_vanilla_0.0001_20000_20260213_100606_relu_best.pth...20260213_102506
At epoch 1178, test loss = 1.2752
...model saved to 15_exp/models/FloydWarshallDataset_vanilla_0.0001_20000_20260213_100606_relu_best.pth...20260213_102509
At epoch 1179, test loss = 1.2682
...model saved to 15_exp/models/FloydWarshallDataset_vanilla_0.0001_20000_20260213_100606_relu_best.pth...20260213_102509
At epoch 1181, test loss = 1.2544
...model saved to 15_exp/models/FloydWarshallDataset_vanilla_0.0001_20000_20260213_100606_relu_best.pth...20260213_102511
At epoch 1185, test loss = 1.2461
...model saved to 15_exp/models/FloydWarshallDataset_vanilla_0.0001_20000_20260213_100606_relu_best.pth...20260213_102513
At epoch 1187, test loss = 1.2424
...model saved to 15_exp/models/FloydWarshallDataset_vanilla_0.0001_20000_20260213_100606_relu_best.pth...20260213_102515
At epoch 1189, test loss = 1.2405
...model saved to 15_exp/models/FloydWarshallDataset_vanilla_0.0001_20000_20260213_100606_relu_best.pth...20260213_102516
At epoch 1190, test loss = 1.2300
...model saved to 15_exp/models/FloydWarshallDataset_vanilla_0.0001_20000_20260213_100606_relu_best.pth...20260213_102517
At epoch 1191, test loss = 1.2290
...model saved to 15_exp/models/FloydWarshallDataset_vanilla_0.0001_20000_20260213_100606_relu_best.pth...20260213_102518
At epoch 1197, test loss = 1.2143
...model saved to 15_exp/models/FloydWarshallDataset_vanilla_0.0001_20000_20260213_100606_relu_best.pth...20260213_102522
At epoch 1202, test loss = 1.2067
...model saved to 15_exp/models/FloydWarshallDataset_vanilla_0.0001_20000_20260213_100606_relu_best.pth...20260213_102526
At epoch 1204, test loss = 1.2027
...model saved to 15_exp/models/FloydWarshallDataset_vanilla_0.0001_20000_20260213_100606_relu_best.pth...20260213_102527
At epoch 1205, test loss = 1.1964
...model saved to 15_exp/models/FloydWarshallDataset_vanilla_0.0001_20000_20260213_100606_relu_best.pth...20260213_102528
At epoch 1206, test loss = 1.1962
...model saved to 15_exp/models/FloydWarshallDataset_vanilla_0.0001_20000_20260213_100606_relu_best.pth...20260213_102529
At epoch 1212, test loss = 1.1941
...model saved to 15_exp/models/FloydWarshallDataset_vanilla_0.0001_20000_20260213_100606_relu_best.pth...20260213_102533
At epoch 1213, test loss = 1.1893
...model saved to 15_exp/models/FloydWarshallDataset_vanilla_0.0001_20000_20260213_100606_relu_best.pth...20260213_102534
At epoch 1214, test loss = 1.1842
...model saved to 15_exp/models/FloydWarshallDataset_vanilla_0.0001_20000_20260213_100606_relu_best.pth...20260213_102534
At epoch 1216, test loss = 1.1806
...model saved to 15_exp/models/FloydWarshallDataset_vanilla_0.0001_20000_20260213_100606_relu_best.pth...20260213_102536
At epoch 1218, test loss = 1.1712
...model saved to 15_exp/models/FloydWarshallDataset_vanilla_0.0001_20000_20260213_100606_relu_best.pth...20260213_102537
At epoch 1223, test loss = 1.1630
...model saved to 15_exp/models/FloydWarshallDataset_vanilla_0.0001_20000_20260213_100606_relu_best.pth...20260213_102540
At epoch 1227, test loss = 1.1558
...model saved to 15_exp/models/FloydWarshallDataset_vanilla_0.0001_20000_20260213_100606_relu_best.pth...20260213_102543
At epoch 1228, test loss = 1.1550
...model saved to 15_exp/models/FloydWarshallDataset_vanilla_0.0001_20000_20260213_100606_relu_best.pth...20260213_102543
At epoch 1229, test loss = 1.1489
...model saved to 15_exp/models/FloydWarshallDataset_vanilla_0.0001_20000_20260213_100606_relu_best.pth...20260213_102544
At epoch 1234, test loss = 1.1487
...model saved to 15_exp/models/FloydWarshallDataset_vanilla_0.0001_20000_20260213_100606_relu_best.pth...20260213_102547
At epoch 1236, test loss = 1.1467
...model saved to 15_exp/models/FloydWarshallDataset_vanilla_0.0001_20000_20260213_100606_relu_best.pth...20260213_102549
At epoch 1239, test loss = 1.1384
...model saved to 15_exp/models/FloydWarshallDataset_vanilla_0.0001_20000_20260213_100606_relu_best.pth...20260213_102550
At epoch 1242, test loss = 1.1300
...model saved to 15_exp/models/FloydWarshallDataset_vanilla_0.0001_20000_20260213_100606_relu_best.pth...20260213_102552
At epoch 1244, test loss = 1.1245
...model saved to 15_exp/models/FloydWarshallDataset_vanilla_0.0001_20000_20260213_100606_relu_best.pth...20260213_102554
At epoch 1253, test loss = 1.1222
...model saved to 15_exp/models/FloydWarshallDataset_vanilla_0.0001_20000_20260213_100606_relu_best.pth...20260213_102559
At epoch 1255, test loss = 1.1200
...model saved to 15_exp/models/FloydWarshallDataset_vanilla_0.0001_20000_20260213_100606_relu_best.pth...20260213_102600
At epoch 1256, test loss = 1.1135
...model saved to 15_exp/models/FloydWarshallDataset_vanilla_0.0001_20000_20260213_100606_relu_best.pth...20260213_102601
At epoch 1258, test loss = 1.1043
...model saved to 15_exp/models/FloydWarshallDataset_vanilla_0.0001_20000_20260213_100606_relu_best.pth...20260213_102602
At epoch 1259, test loss = 1.1011
...model saved to 15_exp/models/FloydWarshallDataset_vanilla_0.0001_20000_20260213_100606_relu_best.pth...20260213_102603
At epoch 1262, test loss = 1.0969
...model saved to 15_exp/models/FloydWarshallDataset_vanilla_0.0001_20000_20260213_100606_relu_best.pth...20260213_102604
At epoch 1263, test loss = 1.0940
...model saved to 15_exp/models/FloydWarshallDataset_vanilla_0.0001_20000_20260213_100606_relu_best.pth...20260213_102605
At epoch 1265, test loss = 1.0878
...model saved to 15_exp/models/FloydWarshallDataset_vanilla_0.0001_20000_20260213_100606_relu_best.pth...20260213_102606
At epoch 1273, test loss = 1.0734
...model saved to 15_exp/models/FloydWarshallDataset_vanilla_0.0001_20000_20260213_100606_relu_best.pth...20260213_102611
At epoch 1280, test loss = 1.0649
...model saved to 15_exp/models/FloydWarshallDataset_vanilla_0.0001_20000_20260213_100606_relu_best.pth...20260213_102616
At epoch 1289, test loss = 1.0585
...model saved to 15_exp/models/FloydWarshallDataset_vanilla_0.0001_20000_20260213_100606_relu_best.pth...20260213_102621
At epoch 1290, test loss = 1.0557
...model saved to 15_exp/models/FloydWarshallDataset_vanilla_0.0001_20000_20260213_100606_relu_best.pth...20260213_102622
At epoch 1297, test loss = 1.0466
...model saved to 15_exp/models/FloydWarshallDataset_vanilla_0.0001_20000_20260213_100606_relu_best.pth...20260213_102626
At epoch 1299, test loss = 1.0418
...model saved to 15_exp/models/FloydWarshallDataset_vanilla_0.0001_20000_20260213_100606_relu_best.pth...20260213_102627
At epoch 1306, test loss = 1.0394
...model saved to 15_exp/models/FloydWarshallDataset_vanilla_0.0001_20000_20260213_100606_relu_best.pth...20260213_102632
At epoch 1309, test loss = 1.0349
...model saved to 15_exp/models/FloydWarshallDataset_vanilla_0.0001_20000_20260213_100606_relu_best.pth...20260213_102634
At epoch 1310, test loss = 1.0302
...model saved to 15_exp/models/FloydWarshallDataset_vanilla_0.0001_20000_20260213_100606_relu_best.pth...20260213_102634
At epoch 1313, test loss = 1.0263
...model saved to 15_exp/models/FloydWarshallDataset_vanilla_0.0001_20000_20260213_100606_relu_best.pth...20260213_102636
At epoch 1317, test loss = 1.0231
...model saved to 15_exp/models/FloydWarshallDataset_vanilla_0.0001_20000_20260213_100606_relu_best.pth...20260213_102639
At epoch 1318, test loss = 1.0216
...model saved to 15_exp/models/FloydWarshallDataset_vanilla_0.0001_20000_20260213_100606_relu_best.pth...20260213_102639
At epoch 1323, test loss = 1.0175
...model saved to 15_exp/models/FloydWarshallDataset_vanilla_0.0001_20000_20260213_100606_relu_best.pth...20260213_102642
At epoch 1326, test loss = 1.0172
...model saved to 15_exp/models/FloydWarshallDataset_vanilla_0.0001_20000_20260213_100606_relu_best.pth...20260213_102644
At epoch 1327, test loss = 1.0112
...model saved to 15_exp/models/FloydWarshallDataset_vanilla_0.0001_20000_20260213_100606_relu_best.pth...20260213_102645
At epoch 1332, test loss = 1.0006
...model saved to 15_exp/models/FloydWarshallDataset_vanilla_0.0001_20000_20260213_100606_relu_best.pth...20260213_102648
At epoch 1340, test loss = 0.9925
...model saved to 15_exp/models/FloydWarshallDataset_vanilla_0.0001_20000_20260213_100606_relu_best.pth...20260213_102653
At epoch 1342, test loss = 0.9900
...model saved to 15_exp/models/FloydWarshallDataset_vanilla_0.0001_20000_20260213_100606_relu_best.pth...20260213_102654
At epoch 1347, test loss = 0.9801
...model saved to 15_exp/models/FloydWarshallDataset_vanilla_0.0001_20000_20260213_100606_relu_best.pth...20260213_102657
At epoch 1354, test loss = 0.9767
...model saved to 15_exp/models/FloydWarshallDataset_vanilla_0.0001_20000_20260213_100606_relu_best.pth...20260213_102701
At epoch 1359, test loss = 0.9689
...model saved to 15_exp/models/FloydWarshallDataset_vanilla_0.0001_20000_20260213_100606_relu_best.pth...20260213_102704
At epoch 1367, test loss = 0.9650
...model saved to 15_exp/models/FloydWarshallDataset_vanilla_0.0001_20000_20260213_100606_relu_best.pth...20260213_102709
At epoch 1369, test loss = 0.9643
...model saved to 15_exp/models/FloydWarshallDataset_vanilla_0.0001_20000_20260213_100606_relu_best.pth...20260213_102711
At epoch 1372, test loss = 0.9606
...model saved to 15_exp/models/FloydWarshallDataset_vanilla_0.0001_20000_20260213_100606_relu_best.pth...20260213_102712
At epoch 1374, test loss = 0.9588
...model saved to 15_exp/models/FloydWarshallDataset_vanilla_0.0001_20000_20260213_100606_relu_best.pth...20260213_102714
At epoch 1376, test loss = 0.9574
...model saved to 15_exp/models/FloydWarshallDataset_vanilla_0.0001_20000_20260213_100606_relu_best.pth...20260213_102715
At epoch 1377, test loss = 0.9553
...model saved to 15_exp/models/FloydWarshallDataset_vanilla_0.0001_20000_20260213_100606_relu_best.pth...20260213_102715
At epoch 1379, test loss = 0.9498
...model saved to 15_exp/models/FloydWarshallDataset_vanilla_0.0001_20000_20260213_100606_relu_best.pth...20260213_102717
At epoch 1381, test loss = 0.9479
...model saved to 15_exp/models/FloydWarshallDataset_vanilla_0.0001_20000_20260213_100606_relu_best.pth...20260213_102718
At epoch 1382, test loss = 0.9454
...model saved to 15_exp/models/FloydWarshallDataset_vanilla_0.0001_20000_20260213_100606_relu_best.pth...20260213_102718
At epoch 1387, test loss = 0.9393
...model saved to 15_exp/models/FloydWarshallDataset_vanilla_0.0001_20000_20260213_100606_relu_best.pth...20260213_102722
At epoch 1394, test loss = 0.9388
...model saved to 15_exp/models/FloydWarshallDataset_vanilla_0.0001_20000_20260213_100606_relu_best.pth...20260213_102726
At epoch 1395, test loss = 0.9357
...model saved to 15_exp/models/FloydWarshallDataset_vanilla_0.0001_20000_20260213_100606_relu_best.pth...20260213_102727
At epoch 1396, test loss = 0.9309
...model saved to 15_exp/models/FloydWarshallDataset_vanilla_0.0001_20000_20260213_100606_relu_best.pth...20260213_102727
At epoch 1398, test loss = 0.9234
...model saved to 15_exp/models/FloydWarshallDataset_vanilla_0.0001_20000_20260213_100606_relu_best.pth...20260213_102728
At epoch 1407, test loss = 0.9225
...model saved to 15_exp/models/FloydWarshallDataset_vanilla_0.0001_20000_20260213_100606_relu_best.pth...20260213_102734
At epoch 1412, test loss = 0.9196
...model saved to 15_exp/models/FloydWarshallDataset_vanilla_0.0001_20000_20260213_100606_relu_best.pth...20260213_102737
At epoch 1415, test loss = 0.9193
...model saved to 15_exp/models/FloydWarshallDataset_vanilla_0.0001_20000_20260213_100606_relu_best.pth...20260213_102739
At epoch 1420, test loss = 0.9065
...model saved to 15_exp/models/FloydWarshallDataset_vanilla_0.0001_20000_20260213_100606_relu_best.pth...20260213_102742
At epoch 1424, test loss = 0.9039
...model saved to 15_exp/models/FloydWarshallDataset_vanilla_0.0001_20000_20260213_100606_relu_best.pth...20260213_102744
At epoch 1425, test loss = 0.9034
...model saved to 15_exp/models/FloydWarshallDataset_vanilla_0.0001_20000_20260213_100606_relu_best.pth...20260213_102745
At epoch 1426, test loss = 0.9015
...model saved to 15_exp/models/FloydWarshallDataset_vanilla_0.0001_20000_20260213_100606_relu_best.pth...20260213_102746
At epoch 1431, test loss = 0.8996
...model saved to 15_exp/models/FloydWarshallDataset_vanilla_0.0001_20000_20260213_100606_relu_best.pth...20260213_102749
At epoch 1434, test loss = 0.8987
...model saved to 15_exp/models/FloydWarshallDataset_vanilla_0.0001_20000_20260213_100606_relu_best.pth...20260213_102750
At epoch 1435, test loss = 0.8934
...model saved to 15_exp/models/FloydWarshallDataset_vanilla_0.0001_20000_20260213_100606_relu_best.pth...20260213_102751
At epoch 1436, test loss = 0.8910
...model saved to 15_exp/models/FloydWarshallDataset_vanilla_0.0001_20000_20260213_100606_relu_best.pth...20260213_102752
At epoch 1439, test loss = 0.8860
...model saved to 15_exp/models/FloydWarshallDataset_vanilla_0.0001_20000_20260213_100606_relu_best.pth...20260213_102753
At epoch 1450, test loss = 0.8846
...model saved to 15_exp/models/FloydWarshallDataset_vanilla_0.0001_20000_20260213_100606_relu_best.pth...20260213_102800
At epoch 1452, test loss = 0.8841
...model saved to 15_exp/models/FloydWarshallDataset_vanilla_0.0001_20000_20260213_100606_relu_best.pth...20260213_102801
At epoch 1453, test loss = 0.8771
...model saved to 15_exp/models/FloydWarshallDataset_vanilla_0.0001_20000_20260213_100606_relu_best.pth...20260213_102802
At epoch 1454, test loss = 0.8764
...model saved to 15_exp/models/FloydWarshallDataset_vanilla_0.0001_20000_20260213_100606_relu_best.pth...20260213_102803
At epoch 1461, test loss = 0.8757
...model saved to 15_exp/models/FloydWarshallDataset_vanilla_0.0001_20000_20260213_100606_relu_best.pth...20260213_102807
At epoch 1462, test loss = 0.8711
...model saved to 15_exp/models/FloydWarshallDataset_vanilla_0.0001_20000_20260213_100606_relu_best.pth...20260213_102808
At epoch 1468, test loss = 0.8647
...model saved to 15_exp/models/FloydWarshallDataset_vanilla_0.0001_20000_20260213_100606_relu_best.pth...20260213_102811
At epoch 1471, test loss = 0.8614
...model saved to 15_exp/models/FloydWarshallDataset_vanilla_0.0001_20000_20260213_100606_relu_best.pth...20260213_102813
At epoch 1478, test loss = 0.8592
...model saved to 15_exp/models/FloydWarshallDataset_vanilla_0.0001_20000_20260213_100606_relu_best.pth...20260213_102817
At epoch 1479, test loss = 0.8559
...model saved to 15_exp/models/FloydWarshallDataset_vanilla_0.0001_20000_20260213_100606_relu_best.pth...20260213_102818
At epoch 1485, test loss = 0.8554
...model saved to 15_exp/models/FloydWarshallDataset_vanilla_0.0001_20000_20260213_100606_relu_best.pth...20260213_102822
At epoch 1487, test loss = 0.8493
...model saved to 15_exp/models/FloydWarshallDataset_vanilla_0.0001_20000_20260213_100606_relu_best.pth...20260213_102823
At epoch 1494, test loss = 0.8442
...model saved to 15_exp/models/FloydWarshallDataset_vanilla_0.0001_20000_20260213_100606_relu_best.pth...20260213_102827
At epoch 1498, test loss = 0.8415
...model saved to 15_exp/models/FloydWarshallDataset_vanilla_0.0001_20000_20260213_100606_relu_best.pth...20260213_102830
At epoch 1501, test loss = 0.8356
...model saved to 15_exp/models/FloydWarshallDataset_vanilla_0.0001_20000_20260213_100606_relu_best.pth...20260213_102832
At epoch 1507, test loss = 0.8350
...model saved to 15_exp/models/FloydWarshallDataset_vanilla_0.0001_20000_20260213_100606_relu_best.pth...20260213_102836
At epoch 1512, test loss = 0.8329
...model saved to 15_exp/models/FloydWarshallDataset_vanilla_0.0001_20000_20260213_100606_relu_best.pth...20260213_102839
At epoch 1517, test loss = 0.8218
...model saved to 15_exp/models/FloydWarshallDataset_vanilla_0.0001_20000_20260213_100606_relu_best.pth...20260213_102842
At epoch 1526, test loss = 0.8174
...model saved to 15_exp/models/FloydWarshallDataset_vanilla_0.0001_20000_20260213_100606_relu_best.pth...20260213_102847
At epoch 1533, test loss = 0.8174
...model saved to 15_exp/models/FloydWarshallDataset_vanilla_0.0001_20000_20260213_100606_relu_best.pth...20260213_102852
At epoch 1535, test loss = 0.8131
...model saved to 15_exp/models/FloydWarshallDataset_vanilla_0.0001_20000_20260213_100606_relu_best.pth...20260213_102853
At epoch 1539, test loss = 0.8114
...model saved to 15_exp/models/FloydWarshallDataset_vanilla_0.0001_20000_20260213_100606_relu_best.pth...20260213_102856
At epoch 1542, test loss = 0.8075
...model saved to 15_exp/models/FloydWarshallDataset_vanilla_0.0001_20000_20260213_100606_relu_best.pth...20260213_102857
At epoch 1546, test loss = 0.8026
...model saved to 15_exp/models/FloydWarshallDataset_vanilla_0.0001_20000_20260213_100606_relu_best.pth...20260213_102900
At epoch 1549, test loss = 0.8025
...model saved to 15_exp/models/FloydWarshallDataset_vanilla_0.0001_20000_20260213_100606_relu_best.pth...20260213_102902
At epoch 1555, test loss = 0.8009
...model saved to 15_exp/models/FloydWarshallDataset_vanilla_0.0001_20000_20260213_100606_relu_best.pth...20260213_102905
At epoch 1556, test loss = 0.7983
...model saved to 15_exp/models/FloydWarshallDataset_vanilla_0.0001_20000_20260213_100606_relu_best.pth...20260213_102906
At epoch 1565, test loss = 0.7913
...model saved to 15_exp/models/FloydWarshallDataset_vanilla_0.0001_20000_20260213_100606_relu_best.pth...20260213_102912
At epoch 1566, test loss = 0.7902
...model saved to 15_exp/models/FloydWarshallDataset_vanilla_0.0001_20000_20260213_100606_relu_best.pth...20260213_102912
At epoch 1572, test loss = 0.7864
...model saved to 15_exp/models/FloydWarshallDataset_vanilla_0.0001_20000_20260213_100606_relu_best.pth...20260213_102916
At epoch 1575, test loss = 0.7845
...model saved to 15_exp/models/FloydWarshallDataset_vanilla_0.0001_20000_20260213_100606_relu_best.pth...20260213_102918
At epoch 1580, test loss = 0.7763
...model saved to 15_exp/models/FloydWarshallDataset_vanilla_0.0001_20000_20260213_100606_relu_best.pth...20260213_102921
At epoch 1591, test loss = 0.7746
...model saved to 15_exp/models/FloydWarshallDataset_vanilla_0.0001_20000_20260213_100606_relu_best.pth...20260213_102928
At epoch 1599, test loss = 0.7733
...model saved to 15_exp/models/FloydWarshallDataset_vanilla_0.0001_20000_20260213_100606_relu_best.pth...20260213_102933
At epoch 1600, test loss = 0.7705
...model saved to 15_exp/models/FloydWarshallDataset_vanilla_0.0001_20000_20260213_100606_relu_best.pth...20260213_102933
At epoch 1603, test loss = 0.7657
...model saved to 15_exp/models/FloydWarshallDataset_vanilla_0.0001_20000_20260213_100606_relu_best.pth...20260213_102935
At epoch 1609, test loss = 0.7638
...model saved to 15_exp/models/FloydWarshallDataset_vanilla_0.0001_20000_20260213_100606_relu_best.pth...20260213_102939
At epoch 1612, test loss = 0.7629
...model saved to 15_exp/models/FloydWarshallDataset_vanilla_0.0001_20000_20260213_100606_relu_best.pth...20260213_102941
At epoch 1617, test loss = 0.7616
...model saved to 15_exp/models/FloydWarshallDataset_vanilla_0.0001_20000_20260213_100606_relu_best.pth...20260213_102944
At epoch 1619, test loss = 0.7596
...model saved to 15_exp/models/FloydWarshallDataset_vanilla_0.0001_20000_20260213_100606_relu_best.pth...20260213_102946
At epoch 1622, test loss = 0.7589
...model saved to 15_exp/models/FloydWarshallDataset_vanilla_0.0001_20000_20260213_100606_relu_best.pth...20260213_102947
At epoch 1624, test loss = 0.7573
...model saved to 15_exp/models/FloydWarshallDataset_vanilla_0.0001_20000_20260213_100606_relu_best.pth...20260213_102949
At epoch 1627, test loss = 0.7548
...model saved to 15_exp/models/FloydWarshallDataset_vanilla_0.0001_20000_20260213_100606_relu_best.pth...20260213_102951
At epoch 1628, test loss = 0.7517
...model saved to 15_exp/models/FloydWarshallDataset_vanilla_0.0001_20000_20260213_100606_relu_best.pth...20260213_102951
At epoch 1635, test loss = 0.7487
...model saved to 15_exp/models/FloydWarshallDataset_vanilla_0.0001_20000_20260213_100606_relu_best.pth...20260213_102955
At epoch 1639, test loss = 0.7476
...model saved to 15_exp/models/FloydWarshallDataset_vanilla_0.0001_20000_20260213_100606_relu_best.pth...20260213_102958
At epoch 1641, test loss = 0.7413
...model saved to 15_exp/models/FloydWarshallDataset_vanilla_0.0001_20000_20260213_100606_relu_best.pth...20260213_102959
At epoch 1648, test loss = 0.7412
...model saved to 15_exp/models/FloydWarshallDataset_vanilla_0.0001_20000_20260213_100606_relu_best.pth...20260213_103004
At epoch 1650, test loss = 0.7383
...model saved to 15_exp/models/FloydWarshallDataset_vanilla_0.0001_20000_20260213_100606_relu_best.pth...20260213_103005
At epoch 1652, test loss = 0.7356
...model saved to 15_exp/models/FloydWarshallDataset_vanilla_0.0001_20000_20260213_100606_relu_best.pth...20260213_103006
At epoch 1658, test loss = 0.7354
...model saved to 15_exp/models/FloydWarshallDataset_vanilla_0.0001_20000_20260213_100606_relu_best.pth...20260213_103010
At epoch 1660, test loss = 0.7296
...model saved to 15_exp/models/FloydWarshallDataset_vanilla_0.0001_20000_20260213_100606_relu_best.pth...20260213_103011
At epoch 1662, test loss = 0.7292
...model saved to 15_exp/models/FloydWarshallDataset_vanilla_0.0001_20000_20260213_100606_relu_best.pth...20260213_103012
At epoch 1671, test loss = 0.7267
...model saved to 15_exp/models/FloydWarshallDataset_vanilla_0.0001_20000_20260213_100606_relu_best.pth...20260213_103018
At epoch 1673, test loss = 0.7256
...model saved to 15_exp/models/FloydWarshallDataset_vanilla_0.0001_20000_20260213_100606_relu_best.pth...20260213_103019
At epoch 1674, test loss = 0.7236
...model saved to 15_exp/models/FloydWarshallDataset_vanilla_0.0001_20000_20260213_100606_relu_best.pth...20260213_103020
At epoch 1677, test loss = 0.7204
...model saved to 15_exp/models/FloydWarshallDataset_vanilla_0.0001_20000_20260213_100606_relu_best.pth...20260213_103022
At epoch 1680, test loss = 0.7177
...model saved to 15_exp/models/FloydWarshallDataset_vanilla_0.0001_20000_20260213_100606_relu_best.pth...20260213_103024
At epoch 1693, test loss = 0.7162
...model saved to 15_exp/models/FloydWarshallDataset_vanilla_0.0001_20000_20260213_100606_relu_best.pth...20260213_103031
At epoch 1695, test loss = 0.7125
...model saved to 15_exp/models/FloydWarshallDataset_vanilla_0.0001_20000_20260213_100606_relu_best.pth...20260213_103033
At epoch 1702, test loss = 0.7117
...model saved to 15_exp/models/FloydWarshallDataset_vanilla_0.0001_20000_20260213_100606_relu_best.pth...20260213_103037
At epoch 1704, test loss = 0.7090
...model saved to 15_exp/models/FloydWarshallDataset_vanilla_0.0001_20000_20260213_100606_relu_best.pth...20260213_103038
At epoch 1706, test loss = 0.7055
...model saved to 15_exp/models/FloydWarshallDataset_vanilla_0.0001_20000_20260213_100606_relu_best.pth...20260213_103040
At epoch 1709, test loss = 0.7008
...model saved to 15_exp/models/FloydWarshallDataset_vanilla_0.0001_20000_20260213_100606_relu_best.pth...20260213_103041
At epoch 1724, test loss = 0.6962
...model saved to 15_exp/models/FloydWarshallDataset_vanilla_0.0001_20000_20260213_100606_relu_best.pth...20260213_103051
At epoch 1725, test loss = 0.6922
...model saved to 15_exp/models/FloydWarshallDataset_vanilla_0.0001_20000_20260213_100606_relu_best.pth...20260213_103051
At epoch 1736, test loss = 0.6894
...model saved to 15_exp/models/FloydWarshallDataset_vanilla_0.0001_20000_20260213_100606_relu_best.pth...20260213_103058
At epoch 1737, test loss = 0.6869
...model saved to 15_exp/models/FloydWarshallDataset_vanilla_0.0001_20000_20260213_100606_relu_best.pth...20260213_103059
At epoch 1745, test loss = 0.6856
...model saved to 15_exp/models/FloydWarshallDataset_vanilla_0.0001_20000_20260213_100606_relu_best.pth...20260213_103104
At epoch 1749, test loss = 0.6842
...model saved to 15_exp/models/FloydWarshallDataset_vanilla_0.0001_20000_20260213_100606_relu_best.pth...20260213_103106
At epoch 1754, test loss = 0.6794
...model saved to 15_exp/models/FloydWarshallDataset_vanilla_0.0001_20000_20260213_100606_relu_best.pth...20260213_103109
At epoch 1760, test loss = 0.6793
...model saved to 15_exp/models/FloydWarshallDataset_vanilla_0.0001_20000_20260213_100606_relu_best.pth...20260213_103113
At epoch 1762, test loss = 0.6760
...model saved to 15_exp/models/FloydWarshallDataset_vanilla_0.0001_20000_20260213_100606_relu_best.pth...20260213_103114
At epoch 1765, test loss = 0.6754
...model saved to 15_exp/models/FloydWarshallDataset_vanilla_0.0001_20000_20260213_100606_relu_best.pth...20260213_103116
At epoch 1769, test loss = 0.6724
...model saved to 15_exp/models/FloydWarshallDataset_vanilla_0.0001_20000_20260213_100606_relu_best.pth...20260213_103119
At epoch 1779, test loss = 0.6697
...model saved to 15_exp/models/FloydWarshallDataset_vanilla_0.0001_20000_20260213_100606_relu_best.pth...20260213_103125
At epoch 1785, test loss = 0.6659
...model saved to 15_exp/models/FloydWarshallDataset_vanilla_0.0001_20000_20260213_100606_relu_best.pth...20260213_103129
At epoch 1786, test loss = 0.6639
...model saved to 15_exp/models/FloydWarshallDataset_vanilla_0.0001_20000_20260213_100606_relu_best.pth...20260213_103129
At epoch 1790, test loss = 0.6638
...model saved to 15_exp/models/FloydWarshallDataset_vanilla_0.0001_20000_20260213_100606_relu_best.pth...20260213_103132
At epoch 1799, test loss = 0.6610
...model saved to 15_exp/models/FloydWarshallDataset_vanilla_0.0001_20000_20260213_100606_relu_best.pth...20260213_103137
At epoch 1806, test loss = 0.6602
...model saved to 15_exp/models/FloydWarshallDataset_vanilla_0.0001_20000_20260213_100606_relu_best.pth...20260213_103142
At epoch 1812, test loss = 0.6547
...model saved to 15_exp/models/FloydWarshallDataset_vanilla_0.0001_20000_20260213_100606_relu_best.pth...20260213_103145
At epoch 1813, test loss = 0.6539
...model saved to 15_exp/models/FloydWarshallDataset_vanilla_0.0001_20000_20260213_100606_relu_best.pth...20260213_103146
At epoch 1814, test loss = 0.6534
...model saved to 15_exp/models/FloydWarshallDataset_vanilla_0.0001_20000_20260213_100606_relu_best.pth...20260213_103147
At epoch 1819, test loss = 0.6532
...model saved to 15_exp/models/FloydWarshallDataset_vanilla_0.0001_20000_20260213_100606_relu_best.pth...20260213_103150
At epoch 1827, test loss = 0.6472
...model saved to 15_exp/models/FloydWarshallDataset_vanilla_0.0001_20000_20260213_100606_relu_best.pth...20260213_103155
At epoch 1842, test loss = 0.6469
...model saved to 15_exp/models/FloydWarshallDataset_vanilla_0.0001_20000_20260213_100606_relu_best.pth...20260213_103204
At epoch 1844, test loss = 0.6402
...model saved to 15_exp/models/FloydWarshallDataset_vanilla_0.0001_20000_20260213_100606_relu_best.pth...20260213_103205
At epoch 1847, test loss = 0.6393
...model saved to 15_exp/models/FloydWarshallDataset_vanilla_0.0001_20000_20260213_100606_relu_best.pth...20260213_103207
At epoch 1852, test loss = 0.6391
...model saved to 15_exp/models/FloydWarshallDataset_vanilla_0.0001_20000_20260213_100606_relu_best.pth...20260213_103210
At epoch 1855, test loss = 0.6374
...model saved to 15_exp/models/FloydWarshallDataset_vanilla_0.0001_20000_20260213_100606_relu_best.pth...20260213_103212
At epoch 1859, test loss = 0.6320
...model saved to 15_exp/models/FloydWarshallDataset_vanilla_0.0001_20000_20260213_100606_relu_best.pth...20260213_103215
At epoch 1866, test loss = 0.6311
...model saved to 15_exp/models/FloydWarshallDataset_vanilla_0.0001_20000_20260213_100606_relu_best.pth...20260213_103219
At epoch 1874, test loss = 0.6291
...model saved to 15_exp/models/FloydWarshallDataset_vanilla_0.0001_20000_20260213_100606_relu_best.pth...20260213_103224
At epoch 1875, test loss = 0.6249
...model saved to 15_exp/models/FloydWarshallDataset_vanilla_0.0001_20000_20260213_100606_relu_best.pth...20260213_103225
At epoch 1888, test loss = 0.6217
...model saved to 15_exp/models/FloydWarshallDataset_vanilla_0.0001_20000_20260213_100606_relu_best.pth...20260213_103232
At epoch 1894, test loss = 0.6213
...model saved to 15_exp/models/FloydWarshallDataset_vanilla_0.0001_20000_20260213_100606_relu_best.pth...20260213_103236
At epoch 1902, test loss = 0.6160
...model saved to 15_exp/models/FloydWarshallDataset_vanilla_0.0001_20000_20260213_100606_relu_best.pth...20260213_103241
At epoch 1903, test loss = 0.6155
...model saved to 15_exp/models/FloydWarshallDataset_vanilla_0.0001_20000_20260213_100606_relu_best.pth...20260213_103242
At epoch 1905, test loss = 0.6150
...model saved to 15_exp/models/FloydWarshallDataset_vanilla_0.0001_20000_20260213_100606_relu_best.pth...20260213_103243
At epoch 1913, test loss = 0.6150
...model saved to 15_exp/models/FloydWarshallDataset_vanilla_0.0001_20000_20260213_100606_relu_best.pth...20260213_103248
At epoch 1917, test loss = 0.6120
...model saved to 15_exp/models/FloydWarshallDataset_vanilla_0.0001_20000_20260213_100606_relu_best.pth...20260213_103251
At epoch 1918, test loss = 0.6102
...model saved to 15_exp/models/FloydWarshallDataset_vanilla_0.0001_20000_20260213_100606_relu_best.pth...20260213_103251
At epoch 1927, test loss = 0.6091
...model saved to 15_exp/models/FloydWarshallDataset_vanilla_0.0001_20000_20260213_100606_relu_best.pth...20260213_103257
At epoch 1929, test loss = 0.6074
...model saved to 15_exp/models/FloydWarshallDataset_vanilla_0.0001_20000_20260213_100606_relu_best.pth...20260213_103258
At epoch 1930, test loss = 0.6071
...model saved to 15_exp/models/FloydWarshallDataset_vanilla_0.0001_20000_20260213_100606_relu_best.pth...20260213_103259
At epoch 1932, test loss = 0.6010
...model saved to 15_exp/models/FloydWarshallDataset_vanilla_0.0001_20000_20260213_100606_relu_best.pth...20260213_103300
At epoch 1950, test loss = 0.6002
...model saved to 15_exp/models/FloydWarshallDataset_vanilla_0.0001_20000_20260213_100606_relu_best.pth...20260213_103311
At epoch 1951, test loss = 0.6001
...model saved to 15_exp/models/FloydWarshallDataset_vanilla_0.0001_20000_20260213_100606_relu_best.pth...20260213_103312
At epoch 1954, test loss = 0.5989
...model saved to 15_exp/models/FloydWarshallDataset_vanilla_0.0001_20000_20260213_100606_relu_best.pth...20260213_103314
At epoch 1959, test loss = 0.5952
...model saved to 15_exp/models/FloydWarshallDataset_vanilla_0.0001_20000_20260213_100606_relu_best.pth...20260213_103317
At epoch 1966, test loss = 0.5951
...model saved to 15_exp/models/FloydWarshallDataset_vanilla_0.0001_20000_20260213_100606_relu_best.pth...20260213_103321
At epoch 1976, test loss = 0.5924
...model saved to 15_exp/models/FloydWarshallDataset_vanilla_0.0001_20000_20260213_100606_relu_best.pth...20260213_103327
At epoch 1980, test loss = 0.5902
...model saved to 15_exp/models/FloydWarshallDataset_vanilla_0.0001_20000_20260213_100606_relu_best.pth...20260213_103330
At epoch 1991, test loss = 0.5883
...model saved to 15_exp/models/FloydWarshallDataset_vanilla_0.0001_20000_20260213_100606_relu_best.pth...20260213_103337
At epoch 1994, test loss = 0.5865
...model saved to 15_exp/models/FloydWarshallDataset_vanilla_0.0001_20000_20260213_100606_relu_best.pth...20260213_103339
At epoch 1997, test loss = 0.5836
...model saved to 15_exp/models/FloydWarshallDataset_vanilla_0.0001_20000_20260213_100606_relu_best.pth...20260213_103340
At epoch 1998, test loss = 0.5823
...model saved to 15_exp/models/FloydWarshallDataset_vanilla_0.0001_20000_20260213_100606_relu_best.pth...20260213_103341
At epoch 2004, test loss = 0.5818
...model saved to 15_exp/models/FloydWarshallDataset_vanilla_0.0001_20000_20260213_100606_relu_best.pth...20260213_103345
At epoch 2009, test loss = 0.5794
...model saved to 15_exp/models/FloydWarshallDataset_vanilla_0.0001_20000_20260213_100606_relu_best.pth...20260213_103348
At epoch 2011, test loss = 0.5781
...model saved to 15_exp/models/FloydWarshallDataset_vanilla_0.0001_20000_20260213_100606_relu_best.pth...20260213_103349
At epoch 2015, test loss = 0.5774
...model saved to 15_exp/models/FloydWarshallDataset_vanilla_0.0001_20000_20260213_100606_relu_best.pth...20260213_103352
At epoch 2017, test loss = 0.5766
...model saved to 15_exp/models/FloydWarshallDataset_vanilla_0.0001_20000_20260213_100606_relu_best.pth...20260213_103353
At epoch 2025, test loss = 0.5743
...model saved to 15_exp/models/FloydWarshallDataset_vanilla_0.0001_20000_20260213_100606_relu_best.pth...20260213_103358
At epoch 2035, test loss = 0.5728
...model saved to 15_exp/models/FloydWarshallDataset_vanilla_0.0001_20000_20260213_100606_relu_best.pth...20260213_103404
At epoch 2036, test loss = 0.5711
...model saved to 15_exp/models/FloydWarshallDataset_vanilla_0.0001_20000_20260213_100606_relu_best.pth...20260213_103405
At epoch 2042, test loss = 0.5699
...model saved to 15_exp/models/FloydWarshallDataset_vanilla_0.0001_20000_20260213_100606_relu_best.pth...20260213_103409
At epoch 2043, test loss = 0.5692
...model saved to 15_exp/models/FloydWarshallDataset_vanilla_0.0001_20000_20260213_100606_relu_best.pth...20260213_103409
At epoch 2045, test loss = 0.5683
...model saved to 15_exp/models/FloydWarshallDataset_vanilla_0.0001_20000_20260213_100606_relu_best.pth...20260213_103411
At epoch 2049, test loss = 0.5675
...model saved to 15_exp/models/FloydWarshallDataset_vanilla_0.0001_20000_20260213_100606_relu_best.pth...20260213_103413
At epoch 2061, test loss = 0.5624
...model saved to 15_exp/models/FloydWarshallDataset_vanilla_0.0001_20000_20260213_100606_relu_best.pth...20260213_103420
At epoch 2064, test loss = 0.5614
...model saved to 15_exp/models/FloydWarshallDataset_vanilla_0.0001_20000_20260213_100606_relu_best.pth...20260213_103422
At epoch 2073, test loss = 0.5583
...model saved to 15_exp/models/FloydWarshallDataset_vanilla_0.0001_20000_20260213_100606_relu_best.pth...20260213_103428
At epoch 2081, test loss = 0.5578
...model saved to 15_exp/models/FloydWarshallDataset_vanilla_0.0001_20000_20260213_100606_relu_best.pth...20260213_103433
At epoch 2084, test loss = 0.5554
...model saved to 15_exp/models/FloydWarshallDataset_vanilla_0.0001_20000_20260213_100606_relu_best.pth...20260213_103434
At epoch 2097, test loss = 0.5553
...model saved to 15_exp/models/FloydWarshallDataset_vanilla_0.0001_20000_20260213_100606_relu_best.pth...20260213_103442
At epoch 2101, test loss = 0.5532
...model saved to 15_exp/models/FloydWarshallDataset_vanilla_0.0001_20000_20260213_100606_relu_best.pth...20260213_103445
At epoch 2102, test loss = 0.5526
...model saved to 15_exp/models/FloydWarshallDataset_vanilla_0.0001_20000_20260213_100606_relu_best.pth...20260213_103446
At epoch 2104, test loss = 0.5515
...model saved to 15_exp/models/FloydWarshallDataset_vanilla_0.0001_20000_20260213_100606_relu_best.pth...20260213_103447
At epoch 2113, test loss = 0.5484
...model saved to 15_exp/models/FloydWarshallDataset_vanilla_0.0001_20000_20260213_100606_relu_best.pth...20260213_103452
At epoch 2124, test loss = 0.5467
...model saved to 15_exp/models/FloydWarshallDataset_vanilla_0.0001_20000_20260213_100606_relu_best.pth...20260213_103459
At epoch 2130, test loss = 0.5418
...model saved to 15_exp/models/FloydWarshallDataset_vanilla_0.0001_20000_20260213_100606_relu_best.pth...20260213_103503
At epoch 2131, test loss = 0.5411
...model saved to 15_exp/models/FloydWarshallDataset_vanilla_0.0001_20000_20260213_100606_relu_best.pth...20260213_103503
At epoch 2141, test loss = 0.5406
...model saved to 15_exp/models/FloydWarshallDataset_vanilla_0.0001_20000_20260213_100606_relu_best.pth...20260213_103509
At epoch 2143, test loss = 0.5404
...model saved to 15_exp/models/FloydWarshallDataset_vanilla_0.0001_20000_20260213_100606_relu_best.pth...20260213_103511
At epoch 2150, test loss = 0.5393
...model saved to 15_exp/models/FloydWarshallDataset_vanilla_0.0001_20000_20260213_100606_relu_best.pth...20260213_103515
At epoch 2154, test loss = 0.5391
...model saved to 15_exp/models/FloydWarshallDataset_vanilla_0.0001_20000_20260213_100606_relu_best.pth...20260213_103517
At epoch 2155, test loss = 0.5354
...model saved to 15_exp/models/FloydWarshallDataset_vanilla_0.0001_20000_20260213_100606_relu_best.pth...20260213_103518
At epoch 2159, test loss = 0.5329
...model saved to 15_exp/models/FloydWarshallDataset_vanilla_0.0001_20000_20260213_100606_relu_best.pth...20260213_103521
At epoch 2176, test loss = 0.5299
...model saved to 15_exp/models/FloydWarshallDataset_vanilla_0.0001_20000_20260213_100606_relu_best.pth...20260213_103531
At epoch 2187, test loss = 0.5298
...model saved to 15_exp/models/FloydWarshallDataset_vanilla_0.0001_20000_20260213_100606_relu_best.pth...20260213_103538
At epoch 2198, test loss = 0.5274
...model saved to 15_exp/models/FloydWarshallDataset_vanilla_0.0001_20000_20260213_100606_relu_best.pth...20260213_103545
At epoch 2201, test loss = 0.5241
...model saved to 15_exp/models/FloydWarshallDataset_vanilla_0.0001_20000_20260213_100606_relu_best.pth...20260213_103546
At epoch 2213, test loss = 0.5237
...model saved to 15_exp/models/FloydWarshallDataset_vanilla_0.0001_20000_20260213_100606_relu_best.pth...20260213_103554
At epoch 2214, test loss = 0.5230
...model saved to 15_exp/models/FloydWarshallDataset_vanilla_0.0001_20000_20260213_100606_relu_best.pth...20260213_103554
At epoch 2218, test loss = 0.5217
...model saved to 15_exp/models/FloydWarshallDataset_vanilla_0.0001_20000_20260213_100606_relu_best.pth...20260213_103557
At epoch 2222, test loss = 0.5181
...model saved to 15_exp/models/FloydWarshallDataset_vanilla_0.0001_20000_20260213_100606_relu_best.pth...20260213_103559
At epoch 2238, test loss = 0.5176
...model saved to 15_exp/models/FloydWarshallDataset_vanilla_0.0001_20000_20260213_100606_relu_best.pth...20260213_103609
At epoch 2242, test loss = 0.5176
...model saved to 15_exp/models/FloydWarshallDataset_vanilla_0.0001_20000_20260213_100606_relu_best.pth...20260213_103612
At epoch 2248, test loss = 0.5166
...model saved to 15_exp/models/FloydWarshallDataset_vanilla_0.0001_20000_20260213_100606_relu_best.pth...20260213_103616
At epoch 2250, test loss = 0.5131
...model saved to 15_exp/models/FloydWarshallDataset_vanilla_0.0001_20000_20260213_100606_relu_best.pth...20260213_103617
At epoch 2254, test loss = 0.5130
...model saved to 15_exp/models/FloydWarshallDataset_vanilla_0.0001_20000_20260213_100606_relu_best.pth...20260213_103619
At epoch 2257, test loss = 0.5086
...model saved to 15_exp/models/FloydWarshallDataset_vanilla_0.0001_20000_20260213_100606_relu_best.pth...20260213_103621
At epoch 2281, test loss = 0.5046
...model saved to 15_exp/models/FloydWarshallDataset_vanilla_0.0001_20000_20260213_100606_relu_best.pth...20260213_103636
At epoch 2296, test loss = 0.5009
...model saved to 15_exp/models/FloydWarshallDataset_vanilla_0.0001_20000_20260213_100606_relu_best.pth...20260213_103645
At epoch 2307, test loss = 0.5008
...model saved to 15_exp/models/FloydWarshallDataset_vanilla_0.0001_20000_20260213_100606_relu_best.pth...20260213_103652
At epoch 2314, test loss = 0.4979
...model saved to 15_exp/models/FloydWarshallDataset_vanilla_0.0001_20000_20260213_100606_relu_best.pth...20260213_103657
At epoch 2316, test loss = 0.4962
...model saved to 15_exp/models/FloydWarshallDataset_vanilla_0.0001_20000_20260213_100606_relu_best.pth...20260213_103658
At epoch 2336, test loss = 0.4953
...model saved to 15_exp/models/FloydWarshallDataset_vanilla_0.0001_20000_20260213_100606_relu_best.pth...20260213_103710
At epoch 2340, test loss = 0.4911
...model saved to 15_exp/models/FloydWarshallDataset_vanilla_0.0001_20000_20260213_100606_relu_best.pth...20260213_103713
At epoch 2344, test loss = 0.4909
...model saved to 15_exp/models/FloydWarshallDataset_vanilla_0.0001_20000_20260213_100606_relu_best.pth...20260213_103715
At epoch 2367, test loss = 0.4885
...model saved to 15_exp/models/FloydWarshallDataset_vanilla_0.0001_20000_20260213_100606_relu_best.pth...20260213_103729
At epoch 2369, test loss = 0.4871
...model saved to 15_exp/models/FloydWarshallDataset_vanilla_0.0001_20000_20260213_100606_relu_best.pth...20260213_103731
At epoch 2370, test loss = 0.4843
...model saved to 15_exp/models/FloydWarshallDataset_vanilla_0.0001_20000_20260213_100606_relu_best.pth...20260213_103731
At epoch 2376, test loss = 0.4836
...model saved to 15_exp/models/FloydWarshallDataset_vanilla_0.0001_20000_20260213_100606_relu_best.pth...20260213_103735
At epoch 2395, test loss = 0.4804
...model saved to 15_exp/models/FloydWarshallDataset_vanilla_0.0001_20000_20260213_100606_relu_best.pth...20260213_103747
At epoch 2400, test loss = 0.4775
...model saved to 15_exp/models/FloydWarshallDataset_vanilla_0.0001_20000_20260213_100606_relu_best.pth...20260213_103750
At epoch 2423, test loss = 0.4773
...model saved to 15_exp/models/FloydWarshallDataset_vanilla_0.0001_20000_20260213_100606_relu_best.pth...20260213_103804
At epoch 2426, test loss = 0.4739
...model saved to 15_exp/models/FloydWarshallDataset_vanilla_0.0001_20000_20260213_100606_relu_best.pth...20260213_103806
At epoch 2447, test loss = 0.4731
...model saved to 15_exp/models/FloydWarshallDataset_vanilla_0.0001_20000_20260213_100606_relu_best.pth...20260213_103818
At epoch 2448, test loss = 0.4728
...model saved to 15_exp/models/FloydWarshallDataset_vanilla_0.0001_20000_20260213_100606_relu_best.pth...20260213_103819
At epoch 2451, test loss = 0.4722
...model saved to 15_exp/models/FloydWarshallDataset_vanilla_0.0001_20000_20260213_100606_relu_best.pth...20260213_103821
At epoch 2458, test loss = 0.4716
...model saved to 15_exp/models/FloydWarshallDataset_vanilla_0.0001_20000_20260213_100606_relu_best.pth...20260213_103825
At epoch 2462, test loss = 0.4697
...model saved to 15_exp/models/FloydWarshallDataset_vanilla_0.0001_20000_20260213_100606_relu_best.pth...20260213_103828
At epoch 2476, test loss = 0.4661
...model saved to 15_exp/models/FloydWarshallDataset_vanilla_0.0001_20000_20260213_100606_relu_best.pth...20260213_103836
At epoch 2482, test loss = 0.4645
...model saved to 15_exp/models/FloydWarshallDataset_vanilla_0.0001_20000_20260213_100606_relu_best.pth...20260213_103840
At epoch 2483, test loss = 0.4637
...model saved to 15_exp/models/FloydWarshallDataset_vanilla_0.0001_20000_20260213_100606_relu_best.pth...20260213_103840
At epoch 2495, test loss = 0.4624
...model saved to 15_exp/models/FloydWarshallDataset_vanilla_0.0001_20000_20260213_100606_relu_best.pth...20260213_103848
At epoch 2501, test loss = 0.4611
...model saved to 15_exp/models/FloydWarshallDataset_vanilla_0.0001_20000_20260213_100606_relu_best.pth...20260213_103851
At epoch 2510, test loss = 0.4593
...model saved to 15_exp/models/FloydWarshallDataset_vanilla_0.0001_20000_20260213_100606_relu_best.pth...20260213_103857
At epoch 2514, test loss = 0.4589
...model saved to 15_exp/models/FloydWarshallDataset_vanilla_0.0001_20000_20260213_100606_relu_best.pth...20260213_103859
At epoch 2527, test loss = 0.4560
...model saved to 15_exp/models/FloydWarshallDataset_vanilla_0.0001_20000_20260213_100606_relu_best.pth...20260213_103907
At epoch 2550, test loss = 0.4515
...model saved to 15_exp/models/FloydWarshallDataset_vanilla_0.0001_20000_20260213_100606_relu_best.pth...20260213_103921
At epoch 2566, test loss = 0.4514
...model saved to 15_exp/models/FloydWarshallDataset_vanilla_0.0001_20000_20260213_100606_relu_best.pth...20260213_103931
At epoch 2568, test loss = 0.4502
...model saved to 15_exp/models/FloydWarshallDataset_vanilla_0.0001_20000_20260213_100606_relu_best.pth...20260213_103932
At epoch 2591, test loss = 0.4493
...model saved to 15_exp/models/FloydWarshallDataset_vanilla_0.0001_20000_20260213_100606_relu_best.pth...20260213_103946
At epoch 2595, test loss = 0.4480
...model saved to 15_exp/models/FloydWarshallDataset_vanilla_0.0001_20000_20260213_100606_relu_best.pth...20260213_103948
At epoch 2596, test loss = 0.4472
...model saved to 15_exp/models/FloydWarshallDataset_vanilla_0.0001_20000_20260213_100606_relu_best.pth...20260213_103949
At epoch 2601, test loss = 0.4443
...model saved to 15_exp/models/FloydWarshallDataset_vanilla_0.0001_20000_20260213_100606_relu_best.pth...20260213_103952
At epoch 2619, test loss = 0.4432
...model saved to 15_exp/models/FloydWarshallDataset_vanilla_0.0001_20000_20260213_100606_relu_best.pth...20260213_104003
At epoch 2642, test loss = 0.4427
...model saved to 15_exp/models/FloydWarshallDataset_vanilla_0.0001_20000_20260213_100606_relu_best.pth...20260213_104017
At epoch 2644, test loss = 0.4420
...model saved to 15_exp/models/FloydWarshallDataset_vanilla_0.0001_20000_20260213_100606_relu_best.pth...20260213_104018
At epoch 2647, test loss = 0.4415
...model saved to 15_exp/models/FloydWarshallDataset_vanilla_0.0001_20000_20260213_100606_relu_best.pth...20260213_104020
At epoch 2649, test loss = 0.4409
...model saved to 15_exp/models/FloydWarshallDataset_vanilla_0.0001_20000_20260213_100606_relu_best.pth...20260213_104021
At epoch 2651, test loss = 0.4404
...model saved to 15_exp/models/FloydWarshallDataset_vanilla_0.0001_20000_20260213_100606_relu_best.pth...20260213_104022
At epoch 2659, test loss = 0.4396
...model saved to 15_exp/models/FloydWarshallDataset_vanilla_0.0001_20000_20260213_100606_relu_best.pth...20260213_104027
At epoch 2663, test loss = 0.4378
...model saved to 15_exp/models/FloydWarshallDataset_vanilla_0.0001_20000_20260213_100606_relu_best.pth...20260213_104029
At epoch 2666, test loss = 0.4363
...model saved to 15_exp/models/FloydWarshallDataset_vanilla_0.0001_20000_20260213_100606_relu_best.pth...20260213_104031
At epoch 2681, test loss = 0.4363
...model saved to 15_exp/models/FloydWarshallDataset_vanilla_0.0001_20000_20260213_100606_relu_best.pth...20260213_104040
At epoch 2687, test loss = 0.4320
...model saved to 15_exp/models/FloydWarshallDataset_vanilla_0.0001_20000_20260213_100606_relu_best.pth...20260213_104044
At epoch 2688, test loss = 0.4314
...model saved to 15_exp/models/FloydWarshallDataset_vanilla_0.0001_20000_20260213_100606_relu_best.pth...20260213_104044
At epoch 2690, test loss = 0.4292
...model saved to 15_exp/models/FloydWarshallDataset_vanilla_0.0001_20000_20260213_100606_relu_best.pth...20260213_104045
At epoch 2725, test loss = 0.4277
...model saved to 15_exp/models/FloydWarshallDataset_vanilla_0.0001_20000_20260213_100606_relu_best.pth...20260213_104106
At epoch 2728, test loss = 0.4239
...model saved to 15_exp/models/FloydWarshallDataset_vanilla_0.0001_20000_20260213_100606_relu_best.pth...20260213_104107
At epoch 2739, test loss = 0.4231
...model saved to 15_exp/models/FloydWarshallDataset_vanilla_0.0001_20000_20260213_100606_relu_best.pth...20260213_104114
At epoch 2773, test loss = 0.4229
...model saved to 15_exp/models/FloydWarshallDataset_vanilla_0.0001_20000_20260213_100606_relu_best.pth...20260213_104134
At epoch 2776, test loss = 0.4203
...model saved to 15_exp/models/FloydWarshallDataset_vanilla_0.0001_20000_20260213_100606_relu_best.pth...20260213_104136
At epoch 2795, test loss = 0.4198
...model saved to 15_exp/models/FloydWarshallDataset_vanilla_0.0001_20000_20260213_100606_relu_best.pth...20260213_104147
At epoch 2798, test loss = 0.4153
...model saved to 15_exp/models/FloydWarshallDataset_vanilla_0.0001_20000_20260213_100606_relu_best.pth...20260213_104149
At epoch 2826, test loss = 0.4145
...model saved to 15_exp/models/FloydWarshallDataset_vanilla_0.0001_20000_20260213_100606_relu_best.pth...20260213_104206
At epoch 2838, test loss = 0.4122
...model saved to 15_exp/models/FloydWarshallDataset_vanilla_0.0001_20000_20260213_100606_relu_best.pth...20260213_104212
At epoch 2840, test loss = 0.4101
...model saved to 15_exp/models/FloydWarshallDataset_vanilla_0.0001_20000_20260213_100606_relu_best.pth...20260213_104214
At epoch 2856, test loss = 0.4101
...model saved to 15_exp/models/FloydWarshallDataset_vanilla_0.0001_20000_20260213_100606_relu_best.pth...20260213_104223
At epoch 2866, test loss = 0.4100
...model saved to 15_exp/models/FloydWarshallDataset_vanilla_0.0001_20000_20260213_100606_relu_best.pth...20260213_104229
At epoch 2871, test loss = 0.4094
...model saved to 15_exp/models/FloydWarshallDataset_vanilla_0.0001_20000_20260213_100606_relu_best.pth...20260213_104232
At epoch 2880, test loss = 0.4059
...model saved to 15_exp/models/FloydWarshallDataset_vanilla_0.0001_20000_20260213_100606_relu_best.pth...20260213_104237
At epoch 2888, test loss = 0.4058
...model saved to 15_exp/models/FloydWarshallDataset_vanilla_0.0001_20000_20260213_100606_relu_best.pth...20260213_104242
At epoch 2909, test loss = 0.4041
...model saved to 15_exp/models/FloydWarshallDataset_vanilla_0.0001_20000_20260213_100606_relu_best.pth...20260213_104254
At epoch 2912, test loss = 0.4026
...model saved to 15_exp/models/FloydWarshallDataset_vanilla_0.0001_20000_20260213_100606_relu_best.pth...20260213_104256
At epoch 2913, test loss = 0.3996
...model saved to 15_exp/models/FloydWarshallDataset_vanilla_0.0001_20000_20260213_100606_relu_best.pth...20260213_104257
At epoch 2929, test loss = 0.3965
...model saved to 15_exp/models/FloydWarshallDataset_vanilla_0.0001_20000_20260213_100606_relu_best.pth...20260213_104306
At epoch 2970, test loss = 0.3947
...model saved to 15_exp/models/FloydWarshallDataset_vanilla_0.0001_20000_20260213_100606_relu_best.pth...20260213_104330
At epoch 2978, test loss = 0.3942
...model saved to 15_exp/models/FloydWarshallDataset_vanilla_0.0001_20000_20260213_100606_relu_best.pth...20260213_104335
At epoch 2992, test loss = 0.3916
...model saved to 15_exp/models/FloydWarshallDataset_vanilla_0.0001_20000_20260213_100606_relu_best.pth...20260213_104343
At epoch 3014, test loss = 0.3898
...model saved to 15_exp/models/FloydWarshallDataset_vanilla_0.0001_20000_20260213_100606_relu_best.pth...20260213_104356
At epoch 3024, test loss = 0.3887
...model saved to 15_exp/models/FloydWarshallDataset_vanilla_0.0001_20000_20260213_100606_relu_best.pth...20260213_104402
At epoch 3036, test loss = 0.3865
...model saved to 15_exp/models/FloydWarshallDataset_vanilla_0.0001_20000_20260213_100606_relu_best.pth...20260213_104409
At epoch 3051, test loss = 0.3860
...model saved to 15_exp/models/FloydWarshallDataset_vanilla_0.0001_20000_20260213_100606_relu_best.pth...20260213_104418
At epoch 3060, test loss = 0.3855
...model saved to 15_exp/models/FloydWarshallDataset_vanilla_0.0001_20000_20260213_100606_relu_best.pth...20260213_104423
At epoch 3076, test loss = 0.3854
...model saved to 15_exp/models/FloydWarshallDataset_vanilla_0.0001_20000_20260213_100606_relu_best.pth...20260213_104433
At epoch 3077, test loss = 0.3847
...model saved to 15_exp/models/FloydWarshallDataset_vanilla_0.0001_20000_20260213_100606_relu_best.pth...20260213_104433
At epoch 3080, test loss = 0.3835
...model saved to 15_exp/models/FloydWarshallDataset_vanilla_0.0001_20000_20260213_100606_relu_best.pth...20260213_104435
At epoch 3081, test loss = 0.3829
...model saved to 15_exp/models/FloydWarshallDataset_vanilla_0.0001_20000_20260213_100606_relu_best.pth...20260213_104435
At epoch 3093, test loss = 0.3811
...model saved to 15_exp/models/FloydWarshallDataset_vanilla_0.0001_20000_20260213_100606_relu_best.pth...20260213_104443
At epoch 3095, test loss = 0.3802
...model saved to 15_exp/models/FloydWarshallDataset_vanilla_0.0001_20000_20260213_100606_relu_best.pth...20260213_104444
At epoch 3118, test loss = 0.3779
...model saved to 15_exp/models/FloydWarshallDataset_vanilla_0.0001_20000_20260213_100606_relu_best.pth...20260213_104457
At epoch 3131, test loss = 0.3776
...model saved to 15_exp/models/FloydWarshallDataset_vanilla_0.0001_20000_20260213_100606_relu_best.pth...20260213_104504
At epoch 3132, test loss = 0.3776
...model saved to 15_exp/models/FloydWarshallDataset_vanilla_0.0001_20000_20260213_100606_relu_best.pth...20260213_104505
At epoch 3134, test loss = 0.3775
...model saved to 15_exp/models/FloydWarshallDataset_vanilla_0.0001_20000_20260213_100606_relu_best.pth...20260213_104506
At epoch 3147, test loss = 0.3768
...model saved to 15_exp/models/FloydWarshallDataset_vanilla_0.0001_20000_20260213_100606_relu_best.pth...20260213_104514
At epoch 3158, test loss = 0.3767
...model saved to 15_exp/models/FloydWarshallDataset_vanilla_0.0001_20000_20260213_100606_relu_best.pth...20260213_104520
At epoch 3161, test loss = 0.3738
...model saved to 15_exp/models/FloydWarshallDataset_vanilla_0.0001_20000_20260213_100606_relu_best.pth...20260213_104522
At epoch 3168, test loss = 0.3737
...model saved to 15_exp/models/FloydWarshallDataset_vanilla_0.0001_20000_20260213_100606_relu_best.pth...20260213_104526
At epoch 3172, test loss = 0.3724
...model saved to 15_exp/models/FloydWarshallDataset_vanilla_0.0001_20000_20260213_100606_relu_best.pth...20260213_104528
At epoch 3180, test loss = 0.3693
...model saved to 15_exp/models/FloydWarshallDataset_vanilla_0.0001_20000_20260213_100606_relu_best.pth...20260213_104533
At epoch 3200, test loss = 0.3674
...model saved to 15_exp/models/FloydWarshallDataset_vanilla_0.0001_20000_20260213_100606_relu_best.pth...20260213_104545
At epoch 3252, test loss = 0.3667
...model saved to 15_exp/models/FloydWarshallDataset_vanilla_0.0001_20000_20260213_100606_relu_best.pth...20260213_104616
At epoch 3259, test loss = 0.3641
...model saved to 15_exp/models/FloydWarshallDataset_vanilla_0.0001_20000_20260213_100606_relu_best.pth...20260213_104621
At epoch 3263, test loss = 0.3630
...model saved to 15_exp/models/FloydWarshallDataset_vanilla_0.0001_20000_20260213_100606_relu_best.pth...20260213_104623
At epoch 3298, test loss = 0.3619
...model saved to 15_exp/models/FloydWarshallDataset_vanilla_0.0001_20000_20260213_100606_relu_best.pth...20260213_104644
At epoch 3299, test loss = 0.3614
...model saved to 15_exp/models/FloydWarshallDataset_vanilla_0.0001_20000_20260213_100606_relu_best.pth...20260213_104645
At epoch 3302, test loss = 0.3613
...model saved to 15_exp/models/FloydWarshallDataset_vanilla_0.0001_20000_20260213_100606_relu_best.pth...20260213_104646
At epoch 3307, test loss = 0.3586
...model saved to 15_exp/models/FloydWarshallDataset_vanilla_0.0001_20000_20260213_100606_relu_best.pth...20260213_104650
At epoch 3332, test loss = 0.3580
...model saved to 15_exp/models/FloydWarshallDataset_vanilla_0.0001_20000_20260213_100606_relu_best.pth...20260213_104705
At epoch 3337, test loss = 0.3572
...model saved to 15_exp/models/FloydWarshallDataset_vanilla_0.0001_20000_20260213_100606_relu_best.pth...20260213_104708
At epoch 3346, test loss = 0.3549
...model saved to 15_exp/models/FloydWarshallDataset_vanilla_0.0001_20000_20260213_100606_relu_best.pth...20260213_104713
At epoch 3356, test loss = 0.3539
...model saved to 15_exp/models/FloydWarshallDataset_vanilla_0.0001_20000_20260213_100606_relu_best.pth...20260213_104719
At epoch 3361, test loss = 0.3525
...model saved to 15_exp/models/FloydWarshallDataset_vanilla_0.0001_20000_20260213_100606_relu_best.pth...20260213_104722
At epoch 3368, test loss = 0.3497
...model saved to 15_exp/models/FloydWarshallDataset_vanilla_0.0001_20000_20260213_100606_relu_best.pth...20260213_104726
At epoch 3421, test loss = 0.3486
...model saved to 15_exp/models/FloydWarshallDataset_vanilla_0.0001_20000_20260213_100606_relu_best.pth...20260213_104757
At epoch 3433, test loss = 0.3480
...model saved to 15_exp/models/FloydWarshallDataset_vanilla_0.0001_20000_20260213_100606_relu_best.pth...20260213_104804
At epoch 3447, test loss = 0.3480
...model saved to 15_exp/models/FloydWarshallDataset_vanilla_0.0001_20000_20260213_100606_relu_best.pth...20260213_104813
At epoch 3453, test loss = 0.3456
...model saved to 15_exp/models/FloydWarshallDataset_vanilla_0.0001_20000_20260213_100606_relu_best.pth...20260213_104816
At epoch 3463, test loss = 0.3450
...model saved to 15_exp/models/FloydWarshallDataset_vanilla_0.0001_20000_20260213_100606_relu_best.pth...20260213_104822
At epoch 3472, test loss = 0.3450
...model saved to 15_exp/models/FloydWarshallDataset_vanilla_0.0001_20000_20260213_100606_relu_best.pth...20260213_104827
At epoch 3484, test loss = 0.3424
...model saved to 15_exp/models/FloydWarshallDataset_vanilla_0.0001_20000_20260213_100606_relu_best.pth...20260213_104834
At epoch 3517, test loss = 0.3421
...model saved to 15_exp/models/FloydWarshallDataset_vanilla_0.0001_20000_20260213_100606_relu_best.pth...20260213_104852
At epoch 3526, test loss = 0.3409
...model saved to 15_exp/models/FloydWarshallDataset_vanilla_0.0001_20000_20260213_100606_relu_best.pth...20260213_104857
At epoch 3533, test loss = 0.3383
...model saved to 15_exp/models/FloydWarshallDataset_vanilla_0.0001_20000_20260213_100606_relu_best.pth...20260213_104901
At epoch 3550, test loss = 0.3367
...model saved to 15_exp/models/FloydWarshallDataset_vanilla_0.0001_20000_20260213_100606_relu_best.pth...20260213_104911
At epoch 3552, test loss = 0.3347
...model saved to 15_exp/models/FloydWarshallDataset_vanilla_0.0001_20000_20260213_100606_relu_best.pth...20260213_104912
At epoch 3598, test loss = 0.3333
...model saved to 15_exp/models/FloydWarshallDataset_vanilla_0.0001_20000_20260213_100606_relu_best.pth...20260213_104937
At epoch 3625, test loss = 0.3321
...model saved to 15_exp/models/FloydWarshallDataset_vanilla_0.0001_20000_20260213_100606_relu_best.pth...20260213_104952
At epoch 3632, test loss = 0.3314
...model saved to 15_exp/models/FloydWarshallDataset_vanilla_0.0001_20000_20260213_100606_relu_best.pth...20260213_104956
At epoch 3658, test loss = 0.3307
...model saved to 15_exp/models/FloydWarshallDataset_vanilla_0.0001_20000_20260213_100606_relu_best.pth...20260213_105010
At epoch 3664, test loss = 0.3304
...model saved to 15_exp/models/FloydWarshallDataset_vanilla_0.0001_20000_20260213_100606_relu_best.pth...20260213_105014
At epoch 3679, test loss = 0.3291
...model saved to 15_exp/models/FloydWarshallDataset_vanilla_0.0001_20000_20260213_100606_relu_best.pth...20260213_105022
At epoch 3684, test loss = 0.3269
...model saved to 15_exp/models/FloydWarshallDataset_vanilla_0.0001_20000_20260213_100606_relu_best.pth...20260213_105025
At epoch 3706, test loss = 0.3263
...model saved to 15_exp/models/FloydWarshallDataset_vanilla_0.0001_20000_20260213_100606_relu_best.pth...20260213_105037
At epoch 3711, test loss = 0.3256
...model saved to 15_exp/models/FloydWarshallDataset_vanilla_0.0001_20000_20260213_100606_relu_best.pth...20260213_105040
At epoch 3714, test loss = 0.3235
...model saved to 15_exp/models/FloydWarshallDataset_vanilla_0.0001_20000_20260213_100606_relu_best.pth...20260213_105042
At epoch 3745, test loss = 0.3230
...model saved to 15_exp/models/FloydWarshallDataset_vanilla_0.0001_20000_20260213_100606_relu_best.pth...20260213_105059
At epoch 3752, test loss = 0.3202
...model saved to 15_exp/models/FloydWarshallDataset_vanilla_0.0001_20000_20260213_100606_relu_best.pth...20260213_105103
At epoch 3793, test loss = 0.3198
...model saved to 15_exp/models/FloydWarshallDataset_vanilla_0.0001_20000_20260213_100606_relu_best.pth...20260213_105126
At epoch 3808, test loss = 0.3191
...model saved to 15_exp/models/FloydWarshallDataset_vanilla_0.0001_20000_20260213_100606_relu_best.pth...20260213_105134
At epoch 3820, test loss = 0.3185
...model saved to 15_exp/models/FloydWarshallDataset_vanilla_0.0001_20000_20260213_100606_relu_best.pth...20260213_105141
At epoch 3825, test loss = 0.3177
...model saved to 15_exp/models/FloydWarshallDataset_vanilla_0.0001_20000_20260213_100606_relu_best.pth...20260213_105143
At epoch 3830, test loss = 0.3177
...model saved to 15_exp/models/FloydWarshallDataset_vanilla_0.0001_20000_20260213_100606_relu_best.pth...20260213_105146
At epoch 3840, test loss = 0.3172
...model saved to 15_exp/models/FloydWarshallDataset_vanilla_0.0001_20000_20260213_100606_relu_best.pth...20260213_105152
At epoch 3845, test loss = 0.3169
...model saved to 15_exp/models/FloydWarshallDataset_vanilla_0.0001_20000_20260213_100606_relu_best.pth...20260213_105154
At epoch 3858, test loss = 0.3143
...model saved to 15_exp/models/FloydWarshallDataset_vanilla_0.0001_20000_20260213_100606_relu_best.pth...20260213_105202
At epoch 3875, test loss = 0.3139
...model saved to 15_exp/models/FloydWarshallDataset_vanilla_0.0001_20000_20260213_100606_relu_best.pth...20260213_105211
At epoch 3879, test loss = 0.3124
...model saved to 15_exp/models/FloydWarshallDataset_vanilla_0.0001_20000_20260213_100606_relu_best.pth...20260213_105213
At epoch 3885, test loss = 0.3124
...model saved to 15_exp/models/FloydWarshallDataset_vanilla_0.0001_20000_20260213_100606_relu_best.pth...20260213_105217
At epoch 3891, test loss = 0.3123
...model saved to 15_exp/models/FloydWarshallDataset_vanilla_0.0001_20000_20260213_100606_relu_best.pth...20260213_105220
At epoch 3903, test loss = 0.3109
...model saved to 15_exp/models/FloydWarshallDataset_vanilla_0.0001_20000_20260213_100606_relu_best.pth...20260213_105226
At epoch 3922, test loss = 0.3095
...model saved to 15_exp/models/FloydWarshallDataset_vanilla_0.0001_20000_20260213_100606_relu_best.pth...20260213_105237
At epoch 3926, test loss = 0.3086
...model saved to 15_exp/models/FloydWarshallDataset_vanilla_0.0001_20000_20260213_100606_relu_best.pth...20260213_105239
At epoch 3957, test loss = 0.3062
...model saved to 15_exp/models/FloydWarshallDataset_vanilla_0.0001_20000_20260213_100606_relu_best.pth...20260213_105258
At epoch 3989, test loss = 0.3061
...model saved to 15_exp/models/FloydWarshallDataset_vanilla_0.0001_20000_20260213_100606_relu_best.pth...20260213_105317
At epoch 4002, test loss = 0.3061
...model saved to 15_exp/models/FloydWarshallDataset_vanilla_0.0001_20000_20260213_100606_relu_best.pth...20260213_105324
At epoch 4003, test loss = 0.3058
...model saved to 15_exp/models/FloydWarshallDataset_vanilla_0.0001_20000_20260213_100606_relu_best.pth...20260213_105325
At epoch 4007, test loss = 0.3052
...model saved to 15_exp/models/FloydWarshallDataset_vanilla_0.0001_20000_20260213_100606_relu_best.pth...20260213_105327
At epoch 4019, test loss = 0.3037
...model saved to 15_exp/models/FloydWarshallDataset_vanilla_0.0001_20000_20260213_100606_relu_best.pth...20260213_105335
At epoch 4045, test loss = 0.3031
...model saved to 15_exp/models/FloydWarshallDataset_vanilla_0.0001_20000_20260213_100606_relu_best.pth...20260213_105350
At epoch 4051, test loss = 0.3000
...model saved to 15_exp/models/FloydWarshallDataset_vanilla_0.0001_20000_20260213_100606_relu_best.pth...20260213_105354
At epoch 4070, test loss = 0.2990
...model saved to 15_exp/models/FloydWarshallDataset_vanilla_0.0001_20000_20260213_100606_relu_best.pth...20260213_105405
At epoch 4087, test loss = 0.2986
...model saved to 15_exp/models/FloydWarshallDataset_vanilla_0.0001_20000_20260213_100606_relu_best.pth...20260213_105415
At epoch 4121, test loss = 0.2957
...model saved to 15_exp/models/FloydWarshallDataset_vanilla_0.0001_20000_20260213_100606_relu_best.pth...20260213_105435
At epoch 4166, test loss = 0.2951
...model saved to 15_exp/models/FloydWarshallDataset_vanilla_0.0001_20000_20260213_100606_relu_best.pth...20260213_105501
At epoch 4188, test loss = 0.2950
...model saved to 15_exp/models/FloydWarshallDataset_vanilla_0.0001_20000_20260213_100606_relu_best.pth...20260213_105515
At epoch 4189, test loss = 0.2946
...model saved to 15_exp/models/FloydWarshallDataset_vanilla_0.0001_20000_20260213_100606_relu_best.pth...20260213_105515
At epoch 4203, test loss = 0.2941
...model saved to 15_exp/models/FloydWarshallDataset_vanilla_0.0001_20000_20260213_100606_relu_best.pth...20260213_105524
At epoch 4209, test loss = 0.2929
...model saved to 15_exp/models/FloydWarshallDataset_vanilla_0.0001_20000_20260213_100606_relu_best.pth...20260213_105528
At epoch 4224, test loss = 0.2926
...model saved to 15_exp/models/FloydWarshallDataset_vanilla_0.0001_20000_20260213_100606_relu_best.pth...20260213_105537
At epoch 4232, test loss = 0.2910
...model saved to 15_exp/models/FloydWarshallDataset_vanilla_0.0001_20000_20260213_100606_relu_best.pth...20260213_105541
At epoch 4237, test loss = 0.2897
...model saved to 15_exp/models/FloydWarshallDataset_vanilla_0.0001_20000_20260213_100606_relu_best.pth...20260213_105544
At epoch 4261, test loss = 0.2896
...model saved to 15_exp/models/FloydWarshallDataset_vanilla_0.0001_20000_20260213_100606_relu_best.pth...20260213_105559
At epoch 4268, test loss = 0.2893
...model saved to 15_exp/models/FloydWarshallDataset_vanilla_0.0001_20000_20260213_100606_relu_best.pth...20260213_105603
At epoch 4289, test loss = 0.2885
...model saved to 15_exp/models/FloydWarshallDataset_vanilla_0.0001_20000_20260213_100606_relu_best.pth...20260213_105616
At epoch 4304, test loss = 0.2885
...model saved to 15_exp/models/FloydWarshallDataset_vanilla_0.0001_20000_20260213_100606_relu_best.pth...20260213_105625
At epoch 4309, test loss = 0.2869
...model saved to 15_exp/models/FloydWarshallDataset_vanilla_0.0001_20000_20260213_100606_relu_best.pth...20260213_105628
At epoch 4335, test loss = 0.2869
...model saved to 15_exp/models/FloydWarshallDataset_vanilla_0.0001_20000_20260213_100606_relu_best.pth...20260213_105643
At epoch 4338, test loss = 0.2864
...model saved to 15_exp/models/FloydWarshallDataset_vanilla_0.0001_20000_20260213_100606_relu_best.pth...20260213_105646
At epoch 4352, test loss = 0.2848
...model saved to 15_exp/models/FloydWarshallDataset_vanilla_0.0001_20000_20260213_100606_relu_best.pth...20260213_105654
At epoch 4384, test loss = 0.2829
...model saved to 15_exp/models/FloydWarshallDataset_vanilla_0.0001_20000_20260213_100606_relu_best.pth...20260213_105713
At epoch 4390, test loss = 0.2812
...model saved to 15_exp/models/FloydWarshallDataset_vanilla_0.0001_20000_20260213_100606_relu_best.pth...20260213_105717
At epoch 4420, test loss = 0.2810
...model saved to 15_exp/models/FloydWarshallDataset_vanilla_0.0001_20000_20260213_100606_relu_best.pth...20260213_105735
At epoch 4473, test loss = 0.2807
...model saved to 15_exp/models/FloydWarshallDataset_vanilla_0.0001_20000_20260213_100606_relu_best.pth...20260213_105806
At epoch 4478, test loss = 0.2799
...model saved to 15_exp/models/FloydWarshallDataset_vanilla_0.0001_20000_20260213_100606_relu_best.pth...20260213_105809
At epoch 4484, test loss = 0.2773
...model saved to 15_exp/models/FloydWarshallDataset_vanilla_0.0001_20000_20260213_100606_relu_best.pth...20260213_105813
At epoch 4507, test loss = 0.2762
...model saved to 15_exp/models/FloydWarshallDataset_vanilla_0.0001_20000_20260213_100606_relu_best.pth...20260213_105826
At epoch 4535, test loss = 0.2752
...model saved to 15_exp/models/FloydWarshallDataset_vanilla_0.0001_20000_20260213_100606_relu_best.pth...20260213_105843
At epoch 4554, test loss = 0.2735
...model saved to 15_exp/models/FloydWarshallDataset_vanilla_0.0001_20000_20260213_100606_relu_best.pth...20260213_105854
At epoch 4581, test loss = 0.2723
...model saved to 15_exp/models/FloydWarshallDataset_vanilla_0.0001_20000_20260213_100606_relu_best.pth...20260213_105911
At epoch 4608, test loss = 0.2718
...model saved to 15_exp/models/FloydWarshallDataset_vanilla_0.0001_20000_20260213_100606_relu_best.pth...20260213_105927
At epoch 4656, test loss = 0.2697
...model saved to 15_exp/models/FloydWarshallDataset_vanilla_0.0001_20000_20260213_100606_relu_best.pth...20260213_105956
At epoch 4685, test loss = 0.2689
...model saved to 15_exp/models/FloydWarshallDataset_vanilla_0.0001_20000_20260213_100606_relu_best.pth...20260213_110014
At epoch 4715, test loss = 0.2674
...model saved to 15_exp/models/FloydWarshallDataset_vanilla_0.0001_20000_20260213_100606_relu_best.pth...20260213_110032
At epoch 4738, test loss = 0.2655
...model saved to 15_exp/models/FloydWarshallDataset_vanilla_0.0001_20000_20260213_100606_relu_best.pth...20260213_110046
At epoch 4756, test loss = 0.2649
...model saved to 15_exp/models/FloydWarshallDataset_vanilla_0.0001_20000_20260213_100606_relu_best.pth...20260213_110056
At epoch 4758, test loss = 0.2635
...model saved to 15_exp/models/FloydWarshallDataset_vanilla_0.0001_20000_20260213_100606_relu_best.pth...20260213_110058
At epoch 4832, test loss = 0.2622
...model saved to 15_exp/models/FloydWarshallDataset_vanilla_0.0001_20000_20260213_100606_relu_best.pth...20260213_110142
At epoch 4860, test loss = 0.2603
...model saved to 15_exp/models/FloydWarshallDataset_vanilla_0.0001_20000_20260213_100606_relu_best.pth...20260213_110159
At epoch 4876, test loss = 0.2602
...model saved to 15_exp/models/FloydWarshallDataset_vanilla_0.0001_20000_20260213_100606_relu_best.pth...20260213_110208
At epoch 4890, test loss = 0.2591
...model saved to 15_exp/models/FloydWarshallDataset_vanilla_0.0001_20000_20260213_100606_relu_best.pth...20260213_110217
At epoch 4899, test loss = 0.2574
...model saved to 15_exp/models/FloydWarshallDataset_vanilla_0.0001_20000_20260213_100606_relu_best.pth...20260213_110222
At epoch 4926, test loss = 0.2572
...model saved to 15_exp/models/FloydWarshallDataset_vanilla_0.0001_20000_20260213_100606_relu_best.pth...20260213_110238
At epoch 4943, test loss = 0.2567
...model saved to 15_exp/models/FloydWarshallDataset_vanilla_0.0001_20000_20260213_100606_relu_best.pth...20260213_110247
At epoch 4949, test loss = 0.2561
...model saved to 15_exp/models/FloydWarshallDataset_vanilla_0.0001_20000_20260213_100606_relu_best.pth...20260213_110250
At epoch 4988, test loss = 0.2561
...model saved to 15_exp/models/FloydWarshallDataset_vanilla_0.0001_20000_20260213_100606_relu_best.pth...20260213_110312
At epoch 4991, test loss = 0.2553
...model saved to 15_exp/models/FloydWarshallDataset_vanilla_0.0001_20000_20260213_100606_relu_best.pth...20260213_110314
At epoch 5012, test loss = 0.2543
...model saved to 15_exp/models/FloydWarshallDataset_vanilla_0.0001_20000_20260213_100606_relu_best.pth...20260213_110325
At epoch 5073, test loss = 0.2529
...model saved to 15_exp/models/FloydWarshallDataset_vanilla_0.0001_20000_20260213_100606_relu_best.pth...20260213_110359
At epoch 5087, test loss = 0.2527
...model saved to 15_exp/models/FloydWarshallDataset_vanilla_0.0001_20000_20260213_100606_relu_best.pth...20260213_110407
At epoch 5100, test loss = 0.2508
...model saved to 15_exp/models/FloydWarshallDataset_vanilla_0.0001_20000_20260213_100606_relu_best.pth...20260213_110414
At epoch 5111, test loss = 0.2501
...model saved to 15_exp/models/FloydWarshallDataset_vanilla_0.0001_20000_20260213_100606_relu_best.pth...20260213_110420
At epoch 5132, test loss = 0.2494
...model saved to 15_exp/models/FloydWarshallDataset_vanilla_0.0001_20000_20260213_100606_relu_best.pth...20260213_110432
At epoch 5145, test loss = 0.2490
...model saved to 15_exp/models/FloydWarshallDataset_vanilla_0.0001_20000_20260213_100606_relu_best.pth...20260213_110439
At epoch 5183, test loss = 0.2465
...model saved to 15_exp/models/FloydWarshallDataset_vanilla_0.0001_20000_20260213_100606_relu_best.pth...20260213_110500
At epoch 5215, test loss = 0.2465
...model saved to 15_exp/models/FloydWarshallDataset_vanilla_0.0001_20000_20260213_100606_relu_best.pth...20260213_110517
At epoch 5228, test loss = 0.2465
...model saved to 15_exp/models/FloydWarshallDataset_vanilla_0.0001_20000_20260213_100606_relu_best.pth...20260213_110524
At epoch 5248, test loss = 0.2447
...model saved to 15_exp/models/FloydWarshallDataset_vanilla_0.0001_20000_20260213_100606_relu_best.pth...20260213_110535
At epoch 5301, test loss = 0.2446
...model saved to 15_exp/models/FloydWarshallDataset_vanilla_0.0001_20000_20260213_100606_relu_best.pth...20260213_110604
At epoch 5303, test loss = 0.2431
...model saved to 15_exp/models/FloydWarshallDataset_vanilla_0.0001_20000_20260213_100606_relu_best.pth...20260213_110605
At epoch 5305, test loss = 0.2417
...model saved to 15_exp/models/FloydWarshallDataset_vanilla_0.0001_20000_20260213_100606_relu_best.pth...20260213_110607
At epoch 5384, test loss = 0.2409
...model saved to 15_exp/models/FloydWarshallDataset_vanilla_0.0001_20000_20260213_100606_relu_best.pth...20260213_110649
At epoch 5441, test loss = 0.2399
...model saved to 15_exp/models/FloydWarshallDataset_vanilla_0.0001_20000_20260213_100606_relu_best.pth...20260213_110721
At epoch 5452, test loss = 0.2388
...model saved to 15_exp/models/FloydWarshallDataset_vanilla_0.0001_20000_20260213_100606_relu_best.pth...20260213_110727
At epoch 5472, test loss = 0.2377
...model saved to 15_exp/models/FloydWarshallDataset_vanilla_0.0001_20000_20260213_100606_relu_best.pth...20260213_110738
At epoch 5501, test loss = 0.2373
...model saved to 15_exp/models/FloydWarshallDataset_vanilla_0.0001_20000_20260213_100606_relu_best.pth...20260213_110754
At epoch 5502, test loss = 0.2368
...model saved to 15_exp/models/FloydWarshallDataset_vanilla_0.0001_20000_20260213_100606_relu_best.pth...20260213_110755
At epoch 5507, test loss = 0.2367
...model saved to 15_exp/models/FloydWarshallDataset_vanilla_0.0001_20000_20260213_100606_relu_best.pth...20260213_110758
At epoch 5522, test loss = 0.2367
...model saved to 15_exp/models/FloydWarshallDataset_vanilla_0.0001_20000_20260213_100606_relu_best.pth...20260213_110806
At epoch 5573, test loss = 0.2360
...model saved to 15_exp/models/FloydWarshallDataset_vanilla_0.0001_20000_20260213_100606_relu_best.pth...20260213_110834
At epoch 5586, test loss = 0.2352
...model saved to 15_exp/models/FloydWarshallDataset_vanilla_0.0001_20000_20260213_100606_relu_best.pth...20260213_110841
At epoch 5593, test loss = 0.2349
...model saved to 15_exp/models/FloydWarshallDataset_vanilla_0.0001_20000_20260213_100606_relu_best.pth...20260213_110845
At epoch 5601, test loss = 0.2345
...model saved to 15_exp/models/FloydWarshallDataset_vanilla_0.0001_20000_20260213_100606_relu_best.pth...20260213_110849
At epoch 5606, test loss = 0.2335
...model saved to 15_exp/models/FloydWarshallDataset_vanilla_0.0001_20000_20260213_100606_relu_best.pth...20260213_110852
At epoch 5609, test loss = 0.2332
...model saved to 15_exp/models/FloydWarshallDataset_vanilla_0.0001_20000_20260213_100606_relu_best.pth...20260213_110854
At epoch 5649, test loss = 0.2328
...model saved to 15_exp/models/FloydWarshallDataset_vanilla_0.0001_20000_20260213_100606_relu_best.pth...20260213_110916
At epoch 5668, test loss = 0.2310
...model saved to 15_exp/models/FloydWarshallDataset_vanilla_0.0001_20000_20260213_100606_relu_best.pth...20260213_110926
At epoch 5714, test loss = 0.2296
...model saved to 15_exp/models/FloydWarshallDataset_vanilla_0.0001_20000_20260213_100606_relu_best.pth...20260213_110952
At epoch 5724, test loss = 0.2289
...model saved to 15_exp/models/FloydWarshallDataset_vanilla_0.0001_20000_20260213_100606_relu_best.pth...20260213_110957
At epoch 5759, test loss = 0.2284
...model saved to 15_exp/models/FloydWarshallDataset_vanilla_0.0001_20000_20260213_100606_relu_best.pth...20260213_111017
At epoch 5818, test loss = 0.2278
...model saved to 15_exp/models/FloydWarshallDataset_vanilla_0.0001_20000_20260213_100606_relu_best.pth...20260213_111049
At epoch 5851, test loss = 0.2276
...model saved to 15_exp/models/FloydWarshallDataset_vanilla_0.0001_20000_20260213_100606_relu_best.pth...20260213_111107
At epoch 5882, test loss = 0.2253
...model saved to 15_exp/models/FloydWarshallDataset_vanilla_0.0001_20000_20260213_100606_relu_best.pth...20260213_111124
At epoch 5916, test loss = 0.2234
...model saved to 15_exp/models/FloydWarshallDataset_vanilla_0.0001_20000_20260213_100606_relu_best.pth...20260213_111143
At epoch 5951, test loss = 0.2231
...model saved to 15_exp/models/FloydWarshallDataset_vanilla_0.0001_20000_20260213_100606_relu_best.pth...20260213_111202
At epoch 6014, test loss = 0.2223
...model saved to 15_exp/models/FloydWarshallDataset_vanilla_0.0001_20000_20260213_100606_relu_best.pth...20260213_111237
At epoch 6053, test loss = 0.2221
...model saved to 15_exp/models/FloydWarshallDataset_vanilla_0.0001_20000_20260213_100606_relu_best.pth...20260213_111258
At epoch 6088, test loss = 0.2221
...model saved to 15_exp/models/FloydWarshallDataset_vanilla_0.0001_20000_20260213_100606_relu_best.pth...20260213_111317
At epoch 6096, test loss = 0.2217
...model saved to 15_exp/models/FloydWarshallDataset_vanilla_0.0001_20000_20260213_100606_relu_best.pth...20260213_111322
At epoch 6098, test loss = 0.2190
...model saved to 15_exp/models/FloydWarshallDataset_vanilla_0.0001_20000_20260213_100606_relu_best.pth...20260213_111323
At epoch 6132, test loss = 0.2159
...model saved to 15_exp/models/FloydWarshallDataset_vanilla_0.0001_20000_20260213_100606_relu_best.pth...20260213_111341
At epoch 6262, test loss = 0.2154
...model saved to 15_exp/models/FloydWarshallDataset_vanilla_0.0001_20000_20260213_100606_relu_best.pth...20260213_111453
At epoch 6310, test loss = 0.2153
...model saved to 15_exp/models/FloydWarshallDataset_vanilla_0.0001_20000_20260213_100606_relu_best.pth...20260213_111520
At epoch 6319, test loss = 0.2146
...model saved to 15_exp/models/FloydWarshallDataset_vanilla_0.0001_20000_20260213_100606_relu_best.pth...20260213_111525
At epoch 6358, test loss = 0.2127
...model saved to 15_exp/models/FloydWarshallDataset_vanilla_0.0001_20000_20260213_100606_relu_best.pth...20260213_111547
At epoch 6390, test loss = 0.2103
...model saved to 15_exp/models/FloydWarshallDataset_vanilla_0.0001_20000_20260213_100606_relu_best.pth...20260213_111604
At epoch 6453, test loss = 0.2098
...model saved to 15_exp/models/FloydWarshallDataset_vanilla_0.0001_20000_20260213_100606_relu_best.pth...20260213_111639
At epoch 6509, test loss = 0.2084
...model saved to 15_exp/models/FloydWarshallDataset_vanilla_0.0001_20000_20260213_100606_relu_best.pth...20260213_111710
At epoch 6606, test loss = 0.2071
...model saved to 15_exp/models/FloydWarshallDataset_vanilla_0.0001_20000_20260213_100606_relu_best.pth...20260213_111803
At epoch 6653, test loss = 0.2067
...model saved to 15_exp/models/FloydWarshallDataset_vanilla_0.0001_20000_20260213_100606_relu_best.pth...20260213_111829
At epoch 6676, test loss = 0.2066
...model saved to 15_exp/models/FloydWarshallDataset_vanilla_0.0001_20000_20260213_100606_relu_best.pth...20260213_111842
At epoch 6691, test loss = 0.2047
...model saved to 15_exp/models/FloydWarshallDataset_vanilla_0.0001_20000_20260213_100606_relu_best.pth...20260213_111850
At epoch 6714, test loss = 0.2042
...model saved to 15_exp/models/FloydWarshallDataset_vanilla_0.0001_20000_20260213_100606_relu_best.pth...20260213_111903
At epoch 6720, test loss = 0.2042
...model saved to 15_exp/models/FloydWarshallDataset_vanilla_0.0001_20000_20260213_100606_relu_best.pth...20260213_111906
At epoch 6775, test loss = 0.2034
...model saved to 15_exp/models/FloydWarshallDataset_vanilla_0.0001_20000_20260213_100606_relu_best.pth...20260213_111936
At epoch 6776, test loss = 0.2030
...model saved to 15_exp/models/FloydWarshallDataset_vanilla_0.0001_20000_20260213_100606_relu_best.pth...20260213_111937
At epoch 6815, test loss = 0.2019
...model saved to 15_exp/models/FloydWarshallDataset_vanilla_0.0001_20000_20260213_100606_relu_best.pth...20260213_111958
At epoch 6888, test loss = 0.2016
...model saved to 15_exp/models/FloydWarshallDataset_vanilla_0.0001_20000_20260213_100606_relu_best.pth...20260213_112039
At epoch 6906, test loss = 0.2008
...model saved to 15_exp/models/FloydWarshallDataset_vanilla_0.0001_20000_20260213_100606_relu_best.pth...20260213_112049
At epoch 6973, test loss = 0.1996
...model saved to 15_exp/models/FloydWarshallDataset_vanilla_0.0001_20000_20260213_100606_relu_best.pth...20260213_112126
At epoch 7031, test loss = 0.1986
...model saved to 15_exp/models/FloydWarshallDataset_vanilla_0.0001_20000_20260213_100606_relu_best.pth...20260213_112158
At epoch 7079, test loss = 0.1973
...model saved to 15_exp/models/FloydWarshallDataset_vanilla_0.0001_20000_20260213_100606_relu_best.pth...20260213_112225
At epoch 7105, test loss = 0.1966
...model saved to 15_exp/models/FloydWarshallDataset_vanilla_0.0001_20000_20260213_100606_relu_best.pth...20260213_112240
At epoch 7115, test loss = 0.1965
...model saved to 15_exp/models/FloydWarshallDataset_vanilla_0.0001_20000_20260213_100606_relu_best.pth...20260213_112245
At epoch 7146, test loss = 0.1965
...model saved to 15_exp/models/FloydWarshallDataset_vanilla_0.0001_20000_20260213_100606_relu_best.pth...20260213_112303
At epoch 7206, test loss = 0.1928
...model saved to 15_exp/models/FloydWarshallDataset_vanilla_0.0001_20000_20260213_100606_relu_best.pth...20260213_112336
At epoch 7392, test loss = 0.1925
...model saved to 15_exp/models/FloydWarshallDataset_vanilla_0.0001_20000_20260213_100606_relu_best.pth...20260213_112518
At epoch 7396, test loss = 0.1921
...model saved to 15_exp/models/FloydWarshallDataset_vanilla_0.0001_20000_20260213_100606_relu_best.pth...20260213_112520
At epoch 7419, test loss = 0.1919
...model saved to 15_exp/models/FloydWarshallDataset_vanilla_0.0001_20000_20260213_100606_relu_best.pth...20260213_112533
At epoch 7421, test loss = 0.1912
...model saved to 15_exp/models/FloydWarshallDataset_vanilla_0.0001_20000_20260213_100606_relu_best.pth...20260213_112534
At epoch 7427, test loss = 0.1911
...model saved to 15_exp/models/FloydWarshallDataset_vanilla_0.0001_20000_20260213_100606_relu_best.pth...20260213_112537
At epoch 7457, test loss = 0.1902
...model saved to 15_exp/models/FloydWarshallDataset_vanilla_0.0001_20000_20260213_100606_relu_best.pth...20260213_112554
At epoch 7464, test loss = 0.1901
...model saved to 15_exp/models/FloydWarshallDataset_vanilla_0.0001_20000_20260213_100606_relu_best.pth...20260213_112557
At epoch 7499, test loss = 0.1899
...model saved to 15_exp/models/FloydWarshallDataset_vanilla_0.0001_20000_20260213_100606_relu_best.pth...20260213_112617
At epoch 7536, test loss = 0.1896
...model saved to 15_exp/models/FloydWarshallDataset_vanilla_0.0001_20000_20260213_100606_relu_best.pth...20260213_112637
At epoch 7559, test loss = 0.1888
...model saved to 15_exp/models/FloydWarshallDataset_vanilla_0.0001_20000_20260213_100606_relu_best.pth...20260213_112650
At epoch 7644, test loss = 0.1881
...model saved to 15_exp/models/FloydWarshallDataset_vanilla_0.0001_20000_20260213_100606_relu_best.pth...20260213_112737
At epoch 7675, test loss = 0.1879
...model saved to 15_exp/models/FloydWarshallDataset_vanilla_0.0001_20000_20260213_100606_relu_best.pth...20260213_112754
At epoch 7686, test loss = 0.1878
...model saved to 15_exp/models/FloydWarshallDataset_vanilla_0.0001_20000_20260213_100606_relu_best.pth...20260213_112800
At epoch 7698, test loss = 0.1867
...model saved to 15_exp/models/FloydWarshallDataset_vanilla_0.0001_20000_20260213_100606_relu_best.pth...20260213_112806
At epoch 7728, test loss = 0.1844
...model saved to 15_exp/models/FloydWarshallDataset_vanilla_0.0001_20000_20260213_100606_relu_best.pth...20260213_112823
At epoch 7817, test loss = 0.1841
...model saved to 15_exp/models/FloydWarshallDataset_vanilla_0.0001_20000_20260213_100606_relu_best.pth...20260213_112912
At epoch 7860, test loss = 0.1837
...model saved to 15_exp/models/FloydWarshallDataset_vanilla_0.0001_20000_20260213_100606_relu_best.pth...20260213_112938
At epoch 7933, test loss = 0.1829
...model saved to 15_exp/models/FloydWarshallDataset_vanilla_0.0001_20000_20260213_100606_relu_best.pth...20260213_113019
At epoch 7953, test loss = 0.1818
...model saved to 15_exp/models/FloydWarshallDataset_vanilla_0.0001_20000_20260213_100606_relu_best.pth...20260213_113030
At epoch 8058, test loss = 0.1808
...model saved to 15_exp/models/FloydWarshallDataset_vanilla_0.0001_20000_20260213_100606_relu_best.pth...20260213_113129
At epoch 8111, test loss = 0.1805
...model saved to 15_exp/models/FloydWarshallDataset_vanilla_0.0001_20000_20260213_100606_relu_best.pth...20260213_113200
At epoch 8117, test loss = 0.1793
...model saved to 15_exp/models/FloydWarshallDataset_vanilla_0.0001_20000_20260213_100606_relu_best.pth...20260213_113204
At epoch 8141, test loss = 0.1773
...model saved to 15_exp/models/FloydWarshallDataset_vanilla_0.0001_20000_20260213_100606_relu_best.pth...20260213_113218
At epoch 8242, test loss = 0.1770
...model saved to 15_exp/models/FloydWarshallDataset_vanilla_0.0001_20000_20260213_100606_relu_best.pth...20260213_113318
At epoch 8310, test loss = 0.1768
...model saved to 15_exp/models/FloydWarshallDataset_vanilla_0.0001_20000_20260213_100606_relu_best.pth...20260213_113359
At epoch 8316, test loss = 0.1765
...model saved to 15_exp/models/FloydWarshallDataset_vanilla_0.0001_20000_20260213_100606_relu_best.pth...20260213_113402
At epoch 8380, test loss = 0.1764
...model saved to 15_exp/models/FloydWarshallDataset_vanilla_0.0001_20000_20260213_100606_relu_best.pth...20260213_113440
At epoch 8384, test loss = 0.1760
...model saved to 15_exp/models/FloydWarshallDataset_vanilla_0.0001_20000_20260213_100606_relu_best.pth...20260213_113443
At epoch 8410, test loss = 0.1755
...model saved to 15_exp/models/FloydWarshallDataset_vanilla_0.0001_20000_20260213_100606_relu_best.pth...20260213_113458
At epoch 8421, test loss = 0.1750
...model saved to 15_exp/models/FloydWarshallDataset_vanilla_0.0001_20000_20260213_100606_relu_best.pth...20260213_113505
At epoch 8471, test loss = 0.1744
...model saved to 15_exp/models/FloydWarshallDataset_vanilla_0.0001_20000_20260213_100606_relu_best.pth...20260213_113534
At epoch 8579, test loss = 0.1733
...model saved to 15_exp/models/FloydWarshallDataset_vanilla_0.0001_20000_20260213_100606_relu_best.pth...20260213_113636
At epoch 8616, test loss = 0.1729
...model saved to 15_exp/models/FloydWarshallDataset_vanilla_0.0001_20000_20260213_100606_relu_best.pth...20260213_113656
At epoch 8660, test loss = 0.1721
...model saved to 15_exp/models/FloydWarshallDataset_vanilla_0.0001_20000_20260213_100606_relu_best.pth...20260213_113721
At epoch 8691, test loss = 0.1721
...model saved to 15_exp/models/FloydWarshallDataset_vanilla_0.0001_20000_20260213_100606_relu_best.pth...20260213_113738
At epoch 8698, test loss = 0.1715
...model saved to 15_exp/models/FloydWarshallDataset_vanilla_0.0001_20000_20260213_100606_relu_best.pth...20260213_113742
At epoch 8755, test loss = 0.1712
...model saved to 15_exp/models/FloydWarshallDataset_vanilla_0.0001_20000_20260213_100606_relu_best.pth...20260213_113813
At epoch 8788, test loss = 0.1708
...model saved to 15_exp/models/FloydWarshallDataset_vanilla_0.0001_20000_20260213_100606_relu_best.pth...20260213_113831
At epoch 8802, test loss = 0.1708
...model saved to 15_exp/models/FloydWarshallDataset_vanilla_0.0001_20000_20260213_100606_relu_best.pth...20260213_113839
At epoch 8816, test loss = 0.1706
...model saved to 15_exp/models/FloydWarshallDataset_vanilla_0.0001_20000_20260213_100606_relu_best.pth...20260213_113847
At epoch 8829, test loss = 0.1703
...model saved to 15_exp/models/FloydWarshallDataset_vanilla_0.0001_20000_20260213_100606_relu_best.pth...20260213_113854
At epoch 8886, test loss = 0.1690
...model saved to 15_exp/models/FloydWarshallDataset_vanilla_0.0001_20000_20260213_100606_relu_best.pth...20260213_113925
At epoch 8962, test loss = 0.1675
...model saved to 15_exp/models/FloydWarshallDataset_vanilla_0.0001_20000_20260213_100606_relu_best.pth...20260213_114007
At epoch 9015, test loss = 0.1670
...model saved to 15_exp/models/FloydWarshallDataset_vanilla_0.0001_20000_20260213_100606_relu_best.pth...20260213_114039
At epoch 9125, test loss = 0.1659
...model saved to 15_exp/models/FloydWarshallDataset_vanilla_0.0001_20000_20260213_100606_relu_best.pth...20260213_114144
At epoch 9215, test loss = 0.1658
...model saved to 15_exp/models/FloydWarshallDataset_vanilla_0.0001_20000_20260213_100606_relu_best.pth...20260213_114237
At epoch 9245, test loss = 0.1656
...model saved to 15_exp/models/FloydWarshallDataset_vanilla_0.0001_20000_20260213_100606_relu_best.pth...20260213_114255
At epoch 9247, test loss = 0.1649
...model saved to 15_exp/models/FloydWarshallDataset_vanilla_0.0001_20000_20260213_100606_relu_best.pth...20260213_114256
At epoch 9286, test loss = 0.1647
...model saved to 15_exp/models/FloydWarshallDataset_vanilla_0.0001_20000_20260213_100606_relu_best.pth...20260213_114319
At epoch 9298, test loss = 0.1647
...model saved to 15_exp/models/FloydWarshallDataset_vanilla_0.0001_20000_20260213_100606_relu_best.pth...20260213_114326
At epoch 9361, test loss = 0.1637
...model saved to 15_exp/models/FloydWarshallDataset_vanilla_0.0001_20000_20260213_100606_relu_best.pth...20260213_114403
At epoch 9406, test loss = 0.1634
...model saved to 15_exp/models/FloydWarshallDataset_vanilla_0.0001_20000_20260213_100606_relu_best.pth...20260213_114430
At epoch 9501, test loss = 0.1634
...model saved to 15_exp/models/FloydWarshallDataset_vanilla_0.0001_20000_20260213_100606_relu_best.pth...20260213_114526
At epoch 9509, test loss = 0.1629
...model saved to 15_exp/models/FloydWarshallDataset_vanilla_0.0001_20000_20260213_100606_relu_best.pth...20260213_114531
At epoch 9514, test loss = 0.1629
...model saved to 15_exp/models/FloydWarshallDataset_vanilla_0.0001_20000_20260213_100606_relu_best.pth...20260213_114534
At epoch 9521, test loss = 0.1629
...model saved to 15_exp/models/FloydWarshallDataset_vanilla_0.0001_20000_20260213_100606_relu_best.pth...20260213_114538
At epoch 9525, test loss = 0.1627
...model saved to 15_exp/models/FloydWarshallDataset_vanilla_0.0001_20000_20260213_100606_relu_best.pth...20260213_114540
At epoch 9546, test loss = 0.1624
...model saved to 15_exp/models/FloydWarshallDataset_vanilla_0.0001_20000_20260213_100606_relu_best.pth...20260213_114552
At epoch 9556, test loss = 0.1622
...model saved to 15_exp/models/FloydWarshallDataset_vanilla_0.0001_20000_20260213_100606_relu_best.pth...20260213_114558
At epoch 9582, test loss = 0.1617
...model saved to 15_exp/models/FloydWarshallDataset_vanilla_0.0001_20000_20260213_100606_relu_best.pth...20260213_114614
At epoch 9593, test loss = 0.1612
...model saved to 15_exp/models/FloydWarshallDataset_vanilla_0.0001_20000_20260213_100606_relu_best.pth...20260213_114620
At epoch 9671, test loss = 0.1598
...model saved to 15_exp/models/FloydWarshallDataset_vanilla_0.0001_20000_20260213_100606_relu_best.pth...20260213_114706
At epoch 9725, test loss = 0.1592
...model saved to 15_exp/models/FloydWarshallDataset_vanilla_0.0001_20000_20260213_100606_relu_best.pth...20260213_114738
At epoch 9853, test loss = 0.1583
...model saved to 15_exp/models/FloydWarshallDataset_vanilla_0.0001_20000_20260213_100606_relu_best.pth...20260213_114853
At epoch 9963, test loss = 0.1577
...model saved to 15_exp/models/FloydWarshallDataset_vanilla_0.0001_20000_20260213_100606_relu_best.pth...20260213_114957
At epoch 9964, test loss = 0.1574
...model saved to 15_exp/models/FloydWarshallDataset_vanilla_0.0001_20000_20260213_100606_relu_best.pth...20260213_114957
At epoch 10093, test loss = 0.1571
...model saved to 15_exp/models/FloydWarshallDataset_vanilla_0.0001_20000_20260213_100606_relu_best.pth...20260213_115110
At epoch 10094, test loss = 0.1571
...model saved to 15_exp/models/FloydWarshallDataset_vanilla_0.0001_20000_20260213_100606_relu_best.pth...20260213_115111
At epoch 10138, test loss = 0.1565
...model saved to 15_exp/models/FloydWarshallDataset_vanilla_0.0001_20000_20260213_100606_relu_best.pth...20260213_115137
At epoch 10162, test loss = 0.1555
...model saved to 15_exp/models/FloydWarshallDataset_vanilla_0.0001_20000_20260213_100606_relu_best.pth...20260213_115152
At epoch 10226, test loss = 0.1554
...model saved to 15_exp/models/FloydWarshallDataset_vanilla_0.0001_20000_20260213_100606_relu_best.pth...20260213_115230
At epoch 10227, test loss = 0.1550
...model saved to 15_exp/models/FloydWarshallDataset_vanilla_0.0001_20000_20260213_100606_relu_best.pth...20260213_115230
At epoch 10289, test loss = 0.1549
...model saved to 15_exp/models/FloydWarshallDataset_vanilla_0.0001_20000_20260213_100606_relu_best.pth...20260213_115307
At epoch 10387, test loss = 0.1543
...model saved to 15_exp/models/FloydWarshallDataset_vanilla_0.0001_20000_20260213_100606_relu_best.pth...20260213_115405
At epoch 10403, test loss = 0.1541
...model saved to 15_exp/models/FloydWarshallDataset_vanilla_0.0001_20000_20260213_100606_relu_best.pth...20260213_115415
At epoch 10442, test loss = 0.1537
...model saved to 15_exp/models/FloydWarshallDataset_vanilla_0.0001_20000_20260213_100606_relu_best.pth...20260213_115438
At epoch 10463, test loss = 0.1530
...model saved to 15_exp/models/FloydWarshallDataset_vanilla_0.0001_20000_20260213_100606_relu_best.pth...20260213_115450
At epoch 10474, test loss = 0.1525
...model saved to 15_exp/models/FloydWarshallDataset_vanilla_0.0001_20000_20260213_100606_relu_best.pth...20260213_115457
At epoch 10606, test loss = 0.1519
...model saved to 15_exp/models/FloydWarshallDataset_vanilla_0.0001_20000_20260213_100606_relu_best.pth...20260213_115615
At epoch 10631, test loss = 0.1515
...model saved to 15_exp/models/FloydWarshallDataset_vanilla_0.0001_20000_20260213_100606_relu_best.pth...20260213_115631
At epoch 10695, test loss = 0.1512
...model saved to 15_exp/models/FloydWarshallDataset_vanilla_0.0001_20000_20260213_100606_relu_best.pth...20260213_115709
At epoch 10720, test loss = 0.1511
...model saved to 15_exp/models/FloydWarshallDataset_vanilla_0.0001_20000_20260213_100606_relu_best.pth...20260213_115724
At epoch 10853, test loss = 0.1511
...model saved to 15_exp/models/FloydWarshallDataset_vanilla_0.0001_20000_20260213_100606_relu_best.pth...20260213_115839
At epoch 10873, test loss = 0.1503
...model saved to 15_exp/models/FloydWarshallDataset_vanilla_0.0001_20000_20260213_100606_relu_best.pth...20260213_115850
At epoch 10906, test loss = 0.1497
...model saved to 15_exp/models/FloydWarshallDataset_vanilla_0.0001_20000_20260213_100606_relu_best.pth...20260213_115908
At epoch 10963, test loss = 0.1496
...model saved to 15_exp/models/FloydWarshallDataset_vanilla_0.0001_20000_20260213_100606_relu_best.pth...20260213_115940
At epoch 10969, test loss = 0.1492
...model saved to 15_exp/models/FloydWarshallDataset_vanilla_0.0001_20000_20260213_100606_relu_best.pth...20260213_115943
At epoch 11120, test loss = 0.1488
...model saved to 15_exp/models/FloydWarshallDataset_vanilla_0.0001_20000_20260213_100606_relu_best.pth...20260213_120106
At epoch 11153, test loss = 0.1475
...model saved to 15_exp/models/FloydWarshallDataset_vanilla_0.0001_20000_20260213_100606_relu_best.pth...20260213_120125
At epoch 11341, test loss = 0.1474
...model saved to 15_exp/models/FloydWarshallDataset_vanilla_0.0001_20000_20260213_100606_relu_best.pth...20260213_120308
At epoch 11357, test loss = 0.1468
...model saved to 15_exp/models/FloydWarshallDataset_vanilla_0.0001_20000_20260213_100606_relu_best.pth...20260213_120317
At epoch 11403, test loss = 0.1467
...model saved to 15_exp/models/FloydWarshallDataset_vanilla_0.0001_20000_20260213_100606_relu_best.pth...20260213_120342
At epoch 11426, test loss = 0.1462
...model saved to 15_exp/models/FloydWarshallDataset_vanilla_0.0001_20000_20260213_100606_relu_best.pth...20260213_120355
At epoch 11490, test loss = 0.1456
...model saved to 15_exp/models/FloydWarshallDataset_vanilla_0.0001_20000_20260213_100606_relu_best.pth...20260213_120430
At epoch 11500, test loss = 0.1454
...model saved to 15_exp/models/FloydWarshallDataset_vanilla_0.0001_20000_20260213_100606_relu_best.pth...20260213_120435
At epoch 11535, test loss = 0.1452
...model saved to 15_exp/models/FloydWarshallDataset_vanilla_0.0001_20000_20260213_100606_relu_best.pth...20260213_120455
At epoch 11621, test loss = 0.1448
...model saved to 15_exp/models/FloydWarshallDataset_vanilla_0.0001_20000_20260213_100606_relu_best.pth...20260213_120542
At epoch 11644, test loss = 0.1442
...model saved to 15_exp/models/FloydWarshallDataset_vanilla_0.0001_20000_20260213_100606_relu_best.pth...20260213_120555
At epoch 11689, test loss = 0.1441
...model saved to 15_exp/models/FloydWarshallDataset_vanilla_0.0001_20000_20260213_100606_relu_best.pth...20260213_120620
At epoch 11738, test loss = 0.1437
...model saved to 15_exp/models/FloydWarshallDataset_vanilla_0.0001_20000_20260213_100606_relu_best.pth...20260213_120647
At epoch 11766, test loss = 0.1431
...model saved to 15_exp/models/FloydWarshallDataset_vanilla_0.0001_20000_20260213_100606_relu_best.pth...20260213_120703
At epoch 11918, test loss = 0.1427
...model saved to 15_exp/models/FloydWarshallDataset_vanilla_0.0001_20000_20260213_100606_relu_best.pth...20260213_120826
At epoch 12015, test loss = 0.1425
...model saved to 15_exp/models/FloydWarshallDataset_vanilla_0.0001_20000_20260213_100606_relu_best.pth...20260213_120919
At epoch 12054, test loss = 0.1420
...model saved to 15_exp/models/FloydWarshallDataset_vanilla_0.0001_20000_20260213_100606_relu_best.pth...20260213_120942
At epoch 12112, test loss = 0.1416
...model saved to 15_exp/models/FloydWarshallDataset_vanilla_0.0001_20000_20260213_100606_relu_best.pth...20260213_121017
At epoch 12179, test loss = 0.1411
...model saved to 15_exp/models/FloydWarshallDataset_vanilla_0.0001_20000_20260213_100606_relu_best.pth...20260213_121057
At epoch 12261, test loss = 0.1408
...model saved to 15_exp/models/FloydWarshallDataset_vanilla_0.0001_20000_20260213_100606_relu_best.pth...20260213_121145
At epoch 12339, test loss = 0.1406
...model saved to 15_exp/models/FloydWarshallDataset_vanilla_0.0001_20000_20260213_100606_relu_best.pth...20260213_121231
At epoch 12442, test loss = 0.1406
...model saved to 15_exp/models/FloydWarshallDataset_vanilla_0.0001_20000_20260213_100606_relu_best.pth...20260213_121331
At epoch 12445, test loss = 0.1399
...model saved to 15_exp/models/FloydWarshallDataset_vanilla_0.0001_20000_20260213_100606_relu_best.pth...20260213_121333
At epoch 12450, test loss = 0.1394
...model saved to 15_exp/models/FloydWarshallDataset_vanilla_0.0001_20000_20260213_100606_relu_best.pth...20260213_121336
At epoch 12551, test loss = 0.1390
...model saved to 15_exp/models/FloydWarshallDataset_vanilla_0.0001_20000_20260213_100606_relu_best.pth...20260213_121431
At epoch 12578, test loss = 0.1381
...model saved to 15_exp/models/FloydWarshallDataset_vanilla_0.0001_20000_20260213_100606_relu_best.pth...20260213_121446
At epoch 12760, test loss = 0.1380
...model saved to 15_exp/models/FloydWarshallDataset_vanilla_0.0001_20000_20260213_100606_relu_best.pth...20260213_121626
At epoch 12802, test loss = 0.1368
...model saved to 15_exp/models/FloydWarshallDataset_vanilla_0.0001_20000_20260213_100606_relu_best.pth...20260213_121649
At epoch 12992, test loss = 0.1358
...model saved to 15_exp/models/FloydWarshallDataset_vanilla_0.0001_20000_20260213_100606_relu_best.pth...20260213_121833
At epoch 13178, test loss = 0.1357
...model saved to 15_exp/models/FloydWarshallDataset_vanilla_0.0001_20000_20260213_100606_relu_best.pth...20260213_122018
At epoch 13235, test loss = 0.1353
...model saved to 15_exp/models/FloydWarshallDataset_vanilla_0.0001_20000_20260213_100606_relu_best.pth...20260213_122049
At epoch 13243, test loss = 0.1349
...model saved to 15_exp/models/FloydWarshallDataset_vanilla_0.0001_20000_20260213_100606_relu_best.pth...20260213_122053
At epoch 13287, test loss = 0.1344
...model saved to 15_exp/models/FloydWarshallDataset_vanilla_0.0001_20000_20260213_100606_relu_best.pth...20260213_122118
At epoch 13365, test loss = 0.1333
...model saved to 15_exp/models/FloydWarshallDataset_vanilla_0.0001_20000_20260213_100606_relu_best.pth...20260213_122201
At epoch 13577, test loss = 0.1327
...model saved to 15_exp/models/FloydWarshallDataset_vanilla_0.0001_20000_20260213_100606_relu_best.pth...20260213_122358
At epoch 13602, test loss = 0.1326
...model saved to 15_exp/models/FloydWarshallDataset_vanilla_0.0001_20000_20260213_100606_relu_best.pth...20260213_122411
At epoch 13676, test loss = 0.1312
...model saved to 15_exp/models/FloydWarshallDataset_vanilla_0.0001_20000_20260213_100606_relu_best.pth...20260213_122452
At epoch 13818, test loss = 0.1310
...model saved to 15_exp/models/FloydWarshallDataset_vanilla_0.0001_20000_20260213_100606_relu_best.pth...20260213_122610
At epoch 13938, test loss = 0.1303
...model saved to 15_exp/models/FloydWarshallDataset_vanilla_0.0001_20000_20260213_100606_relu_best.pth...20260213_122716
At epoch 14055, test loss = 0.1297
...model saved to 15_exp/models/FloydWarshallDataset_vanilla_0.0001_20000_20260213_100606_relu_best.pth...20260213_122820
At epoch 14101, test loss = 0.1296
...model saved to 15_exp/models/FloydWarshallDataset_vanilla_0.0001_20000_20260213_100606_relu_best.pth...20260213_122845
At epoch 14295, test loss = 0.1293
...model saved to 15_exp/models/FloydWarshallDataset_vanilla_0.0001_20000_20260213_100606_relu_best.pth...20260213_123034
At epoch 14403, test loss = 0.1289
...model saved to 15_exp/models/FloydWarshallDataset_vanilla_0.0001_20000_20260213_100606_relu_best.pth...20260213_123137
At epoch 14445, test loss = 0.1278
...model saved to 15_exp/models/FloydWarshallDataset_vanilla_0.0001_20000_20260213_100606_relu_best.pth...20260213_123202
At epoch 14632, test loss = 0.1276
...model saved to 15_exp/models/FloydWarshallDataset_vanilla_0.0001_20000_20260213_100606_relu_best.pth...20260213_123354
At epoch 14685, test loss = 0.1266
...model saved to 15_exp/models/FloydWarshallDataset_vanilla_0.0001_20000_20260213_100606_relu_best.pth...20260213_123426
At epoch 14894, test loss = 0.1262
...model saved to 15_exp/models/FloydWarshallDataset_vanilla_0.0001_20000_20260213_100606_relu_best.pth...20260213_123629
At epoch 14957, test loss = 0.1262
...model saved to 15_exp/models/FloydWarshallDataset_vanilla_0.0001_20000_20260213_100606_relu_best.pth...20260213_123706
At epoch 15000, test loss = 0.1254
...model saved to 15_exp/models/FloydWarshallDataset_vanilla_0.0001_20000_20260213_100606_relu_best.pth...20260213_123732
At epoch 15076, test loss = 0.1252
...model saved to 15_exp/models/FloydWarshallDataset_vanilla_0.0001_20000_20260213_100606_relu_best.pth...20260213_123816
At epoch 15177, test loss = 0.1250
...model saved to 15_exp/models/FloydWarshallDataset_vanilla_0.0001_20000_20260213_100606_relu_best.pth...20260213_123914
At epoch 15187, test loss = 0.1239
...model saved to 15_exp/models/FloydWarshallDataset_vanilla_0.0001_20000_20260213_100606_relu_best.pth...20260213_123920
At epoch 15216, test loss = 0.1236
...model saved to 15_exp/models/FloydWarshallDataset_vanilla_0.0001_20000_20260213_100606_relu_best.pth...20260213_123937
At epoch 15388, test loss = 0.1236
...model saved to 15_exp/models/FloydWarshallDataset_vanilla_0.0001_20000_20260213_100606_relu_best.pth...20260213_124119
At epoch 15429, test loss = 0.1234
...model saved to 15_exp/models/FloydWarshallDataset_vanilla_0.0001_20000_20260213_100606_relu_best.pth...20260213_124144
At epoch 15595, test loss = 0.1230
...model saved to 15_exp/models/FloydWarshallDataset_vanilla_0.0001_20000_20260213_100606_relu_best.pth...20260213_124322
At epoch 15623, test loss = 0.1223
...model saved to 15_exp/models/FloydWarshallDataset_vanilla_0.0001_20000_20260213_100606_relu_best.pth...20260213_124339
At epoch 15690, test loss = 0.1221
...model saved to 15_exp/models/FloydWarshallDataset_vanilla_0.0001_20000_20260213_100606_relu_best.pth...20260213_124418
At epoch 15896, test loss = 0.1216
...model saved to 15_exp/models/FloydWarshallDataset_vanilla_0.0001_20000_20260213_100606_relu_best.pth...20260213_124613
At epoch 15900, test loss = 0.1216
...model saved to 15_exp/models/FloydWarshallDataset_vanilla_0.0001_20000_20260213_100606_relu_best.pth...20260213_124615
At epoch 15931, test loss = 0.1205
...model saved to 15_exp/models/FloydWarshallDataset_vanilla_0.0001_20000_20260213_100606_relu_best.pth...20260213_124632
At epoch 16138, test loss = 0.1191
...model saved to 15_exp/models/FloydWarshallDataset_vanilla_0.0001_20000_20260213_100606_relu_best.pth...20260213_124828
At epoch 16286, test loss = 0.1190
...model saved to 15_exp/models/FloydWarshallDataset_vanilla_0.0001_20000_20260213_100606_relu_best.pth...20260213_124950
At epoch 16511, test loss = 0.1188
...model saved to 15_exp/models/FloydWarshallDataset_vanilla_0.0001_20000_20260213_100606_relu_best.pth...20260213_125154
At epoch 16565, test loss = 0.1178
...model saved to 15_exp/models/FloydWarshallDataset_vanilla_0.0001_20000_20260213_100606_relu_best.pth...20260213_125223
At epoch 16780, test loss = 0.1172
...model saved to 15_exp/models/FloydWarshallDataset_vanilla_0.0001_20000_20260213_100606_relu_best.pth...20260213_125430
At epoch 17035, test loss = 0.1172
...model saved to 15_exp/models/FloydWarshallDataset_vanilla_0.0001_20000_20260213_100606_relu_best.pth...20260213_125659
At epoch 17064, test loss = 0.1171
...model saved to 15_exp/models/FloydWarshallDataset_vanilla_0.0001_20000_20260213_100606_relu_best.pth...20260213_125716
At epoch 17078, test loss = 0.1171
...model saved to 15_exp/models/FloydWarshallDataset_vanilla_0.0001_20000_20260213_100606_relu_best.pth...20260213_125724
At epoch 17094, test loss = 0.1162
...model saved to 15_exp/models/FloydWarshallDataset_vanilla_0.0001_20000_20260213_100606_relu_best.pth...20260213_125734
At epoch 17196, test loss = 0.1161
...model saved to 15_exp/models/FloydWarshallDataset_vanilla_0.0001_20000_20260213_100606_relu_best.pth...20260213_125835
At epoch 17243, test loss = 0.1154
...model saved to 15_exp/models/FloydWarshallDataset_vanilla_0.0001_20000_20260213_100606_relu_best.pth...20260213_125902
At epoch 17462, test loss = 0.1148
...model saved to 15_exp/models/FloydWarshallDataset_vanilla_0.0001_20000_20260213_100606_relu_best.pth...20260213_130108
At epoch 17641, test loss = 0.1148
...model saved to 15_exp/models/FloydWarshallDataset_vanilla_0.0001_20000_20260213_100606_relu_best.pth...20260213_130248
At epoch 17669, test loss = 0.1146
...model saved to 15_exp/models/FloydWarshallDataset_vanilla_0.0001_20000_20260213_100606_relu_best.pth...20260213_130303
At epoch 17673, test loss = 0.1144
...model saved to 15_exp/models/FloydWarshallDataset_vanilla_0.0001_20000_20260213_100606_relu_best.pth...20260213_130305
At epoch 17693, test loss = 0.1144
...model saved to 15_exp/models/FloydWarshallDataset_vanilla_0.0001_20000_20260213_100606_relu_best.pth...20260213_130317
At epoch 17812, test loss = 0.1137
...model saved to 15_exp/models/FloydWarshallDataset_vanilla_0.0001_20000_20260213_100606_relu_best.pth...20260213_130422
At epoch 17843, test loss = 0.1128
...model saved to 15_exp/models/FloydWarshallDataset_vanilla_0.0001_20000_20260213_100606_relu_best.pth...20260213_130440
At epoch 18094, test loss = 0.1124
...model saved to 15_exp/models/FloydWarshallDataset_vanilla_0.0001_20000_20260213_100606_relu_best.pth...20260213_130658
At epoch 18311, test loss = 0.1119
...model saved to 15_exp/models/FloydWarshallDataset_vanilla_0.0001_20000_20260213_100606_relu_best.pth...20260213_130859
At epoch 18438, test loss = 0.1119
...model saved to 15_exp/models/FloydWarshallDataset_vanilla_0.0001_20000_20260213_100606_relu_best.pth...20260213_131009
At epoch 18524, test loss = 0.1117
...model saved to 15_exp/models/FloydWarshallDataset_vanilla_0.0001_20000_20260213_100606_relu_best.pth...20260213_131056
At epoch 18534, test loss = 0.1111
...model saved to 15_exp/models/FloydWarshallDataset_vanilla_0.0001_20000_20260213_100606_relu_best.pth...20260213_131102
At epoch 18571, test loss = 0.1108
...model saved to 15_exp/models/FloydWarshallDataset_vanilla_0.0001_20000_20260213_100606_relu_best.pth...20260213_131122
At epoch 18747, test loss = 0.1101
...model saved to 15_exp/models/FloydWarshallDataset_vanilla_0.0001_20000_20260213_100606_relu_best.pth...20260213_131259
At epoch 18925, test loss = 0.1100
...model saved to 15_exp/models/FloydWarshallDataset_vanilla_0.0001_20000_20260213_100606_relu_best.pth...20260213_131438
At epoch 18964, test loss = 0.1089
...model saved to 15_exp/models/FloydWarshallDataset_vanilla_0.0001_20000_20260213_100606_relu_best.pth...20260213_131459
At epoch 19312, test loss = 0.1088
...model saved to 15_exp/models/FloydWarshallDataset_vanilla_0.0001_20000_20260213_100606_relu_best.pth...20260213_131811
At epoch 19343, test loss = 0.1081
...model saved to 15_exp/models/FloydWarshallDataset_vanilla_0.0001_20000_20260213_100606_relu_best.pth...20260213_131829
At epoch 19561, test loss = 0.1078
...model saved to 15_exp/models/FloydWarshallDataset_vanilla_0.0001_20000_20260213_100606_relu_best.pth...20260213_132036
At epoch 19562, test loss = 0.1074
...model saved to 15_exp/models/FloydWarshallDataset_vanilla_0.0001_20000_20260213_100606_relu_best.pth...20260213_132037
At epoch 19651, test loss = 0.1059
...model saved to 15_exp/models/FloydWarshallDataset_vanilla_0.0001_20000_20260213_100606_relu_best.pth...20260213_132126
...plot saved to 15_exp/plots/plots_FloydWarshallDataset_vanilla_0.0001_20000_20260213_100606_relu.png...
